{
"type": "FeatureCollection",
"name": "bhopal_osm_aligned",
"crs": { "type": "name", "properties": { "name": "urn:ogc:def:crs:EPSG::32643" } },
"features": [
{ "type": "Feature", "properties": { "osmid": "967840325", "name": "Neem road", "highway": "secondary", "oneway": "True" }, "geometry": { "type": "LineString", "coordinates": [ [ 745397.575742605258711, 2574223.500628042500466 ], [ 745398.339728036313318, 2574220.365187652874738 ], [ 745399.102015854907222, 2574217.460684475023299 ], [ 745399.924130241386592, 2574214.689634822774678 ], [ 745400.840976947802119, 2574211.94744921149686 ], [ 745401.879300108528696, 2574209.010105514433235 ], [ 745402.939276151009835, 2574206.079594584647566 ], [ 745403.97629798296839, 2574203.259957404341549 ], [ 745404.978129300638102, 2574200.7914500515908 ], [ 745406.030701469630003, 2574198.588445769622922 ], [ 745407.188002531300299, 2574196.552078377455473 ], [ 745408.424999999930151, 2574194.546999999787658 ] ] } },
{ "type": "Feature", "properties": { "osmid": "238505256", "name": "nan", "highway": "secondary", "oneway": "False" }, "geometry": { "type": "LineString", "coordinates": [ [ 746031.266591958352365, 2573783.178520190529525 ], [ 746028.133408613502979, 2573782.217855303082615 ], [ 746024.459963266854174, 2573781.741959320381284 ], [ 746020.781380268279463, 2573782.111285539809614 ], [ 746017.580343137611635, 2573782.956966503057629 ], [ 746015.112301736720838, 2573783.914880385156721 ], [ 746012.813530677580275, 2573784.465037740301341 ], [ 746010.038863228284754, 2573784.853531393688172 ], [ 746006.935663472046144, 2573785.276934572961181 ], [ 746003.546451586182229, 2573785.982579530682415 ], [ 746000.517026189598255, 2573786.788251086138189 ], [ 745997.593193679000251, 2573787.61436126800254 ], [ 745994.769543399568647, 2573788.399073349311948 ], [ 745991.838731518830173, 2573789.226224322337657 ], [ 745988.922223110683262, 2573790.099696521181613 ], [ 745986.009555201046169, 2573790.988493613433093 ], [ 745983.103403691318817, 2573791.900822665542364 ], [ 745980.214320965693332, 2573792.870768472552299 ], [ 745977.339543740614317, 2573793.889461427461356 ], [ 745974.466371302842163, 2573794.914961815346032 ], [ 745971.584000046364963, 2573795.913347648922354 ] ] } },
{ "type": "Feature", "properties": { "osmid": "365240068", "name": "nan", "highway": "secondary", "oneway": "True" }, "geometry": { "type": "LineString", "coordinates": [ [ 746031.266591958352365, 2573783.178520190529525 ], [ 746032.977294368669391, 2573786.905547259841114 ], [ 746034.752999999909662, 2573790.86200000019744 ] ] } },
{ "type": "Feature", "properties": { "osmid": "238505256", "name": "nan", "highway": "secondary", "oneway": "False" }, "geometry": { "type": "LineString", "coordinates": [ [ 745868.765237487736158, 2573827.314217490144074 ], [ 745865.860662584309466, 2573828.144760916009545 ], [ 745862.982125900103711, 2573829.054030042141676 ], [ 745860.128854461945593, 2573830.039800839498639 ], [ 745857.272336807567626, 2573831.019289895426482 ], [ 745854.393603932694532, 2573831.935140697285533 ], [ 745851.493275808519684, 2573832.78904215246439 ], [ 745848.693139171344228, 2573833.590567065402865 ], [ 745845.892712121945806, 2573834.390101814642549 ], [ 745843.088151144329458, 2573835.172723386902362 ], [ 745840.056129868258722, 2573835.968826426658779 ], [ 745837.006059989798814, 2573836.690113890916109 ], [ 745833.946561556425877, 2573837.316279078368098 ], [ 745830.990026090876199, 2573837.819174745585769 ], [ 745828.034706775099039, 2573838.238241291139275 ], [ 745825.064945646678098, 2573838.584992372896522 ], [ 745822.080442340229638, 2573838.839039659593254 ], [ 745819.08070969209075, 2573838.985948665067554 ], [ 745816.076782134361565, 2573839.049970566760749 ] ] } },
{ "type": "Feature", "properties": { "osmid": "238505256", "name": "nan", "highway": "secondary", "oneway": "False" }, "geometry": { "type": "LineString", "coordinates": [ [ 745868.765237487736158, 2573827.314217490144074 ], [ 745871.672359163756482, 2573826.491276474203914 ], [ 745874.701055585872382, 2573825.688298501074314 ], [ 745877.850251561147161, 2573824.900842600502074 ], [ 745881.111332200001925, 2573824.097481585573405 ], [ 745884.27166933240369, 2573823.356939692050219 ], [ 745887.331778812222183, 2573822.681744193192571 ], [ 745890.285392068326473, 2573822.043943875003606 ], [ 745893.237018969026394, 2573821.415710914414376 ], [ 745896.191317572607659, 2573820.822351348120719 ], [ 745899.132198014180176, 2573820.228724926244467 ], [ 745902.021222501876764, 2573819.473886619787663 ], [ 745904.839881452848203, 2573818.478654539212584 ], [ 745907.628132348880172, 2573817.348201011773199 ], [ 745910.547051708679646, 2573816.222982531879097 ], [ 745913.62225374346599, 2573815.194386379327625 ], [ 745916.842156643164344, 2573814.243313657585531 ], [ 745919.633566102012992, 2573813.482341597322375 ], [ 745921.639517948613502, 2573812.947947015520185 ], [ 745922.853, 2573812.61200000019744 ] ] } },
{ "type": "Feature", "properties": { "osmid": "365240756", "name": "nan", "highway": "residential", "oneway": "False" }, "geometry": { "type": "LineString", "coordinates": [ [ 745868.765237487736158, 2573827.314217490144074 ], [ 745869.72368448227644, 2573827.001579385716468 ], [ 745870.575772376148961, 2573826.724130487069488 ], [ 745870.814149481826462, 2573824.755420140456408 ], [ 745870.311853557708673, 2573820.763009840156883 ], [ 745869.155745944473892, 2573814.347603934817016 ], [ 745868.234636588022113, 2573808.633005330804735 ], [ 745867.675211385008879, 2573803.950772216543555 ], [ 745867.497244440368377, 2573800.665891354903579 ], [ 745867.319277495495044, 2573797.381010493263602 ], [ 745867.141310550738126, 2573794.096129631623626 ] ] } },
{ "type": "Feature", "properties": { "osmid": "28691599", "name": "nan", "highway": "residential", "oneway": "False" }, "geometry": { "type": "LineString", "coordinates": [ [ 745558.74490257166326, 2573879.737657066434622 ], [ 745559.410324664902873, 2573879.627540572080761 ], [ 745559.964857106446289, 2573879.53584783570841 ], [ 745560.225570958224125, 2573877.684317359700799 ], [ 745560.081121992319822, 2573873.731572668999434 ], [ 745559.641993387136608, 2573867.299633229151368 ], [ 745559.273624518769793, 2573861.585404391866177 ], [ 745559.087347589549609, 2573856.930201768875122 ], [ 745559.083581098704599, 2573853.693643001839519 ], [ 745559.079814607859589, 2573850.457084234338254 ], [ 745559.076048117130995, 2573847.220525466836989 ] ] } },
{ "type": "Feature", "properties": { "osmid": "238505256", "name": "nan", "highway": "secondary", "oneway": "False" }, "geometry": { "type": "LineString", "coordinates": [ [ 745558.74490257166326, 2573879.737657066434622 ], [ 745555.287212666124105, 2573880.207941947504878 ], [ 745550.956578475539573, 2573881.132722925394773 ], [ 745545.752999999909662, 2573882.512000000104308 ] ] } },
{ "type": "Feature", "properties": { "osmid": "238505256", "name": "nan", "highway": "secondary", "oneway": "False" }, "geometry": { "type": "LineString", "coordinates": [ [ 745558.74490257166326, 2573879.737657066434622 ], [ 745561.742230279836804, 2573879.261217049788684 ], [ 745564.742468495038338, 2573878.805357140954584 ], [ 745567.750020336941816, 2573878.417081315070391 ], [ 745570.765323438565247, 2573878.103897689376026 ], [ 745573.788033729768358, 2573877.865843974519521 ], [ 745576.812779659987427, 2573877.636574963573366 ], [ 745579.837459078524262, 2573877.395150204654783 ], [ 745582.860663049854338, 2573877.130145441740751 ], [ 745585.884077107650228, 2573876.872133231256157 ], [ 745588.909305383567698, 2573876.640755722764879 ], [ 745591.937554773059674, 2573876.451483315322548 ], [ 745594.967692341189831, 2573876.286378825083375 ], [ 745597.997738000121899, 2573876.122507885564119 ], [ 745601.019570951466449, 2573875.886492624878883 ], [ 745604.030070504755713, 2573875.554157029371709 ], [ 745607.027808302664198, 2573875.112185609992594 ], [ 745610.021654762793332, 2573874.627368817105889 ], [ 745613.009917727205902, 2573874.104769902769476 ], [ 745615.987119707162492, 2573873.528356676455587 ], [ 745618.945352641749196, 2573872.861254076939076 ], [ 745621.888009111280553, 2573872.121958418283612 ], [ 745624.799135103705339, 2573871.273965045344085 ], [ 745627.682920364313759, 2573870.300646353513002 ], [ 745630.564370939391665, 2573869.258870905265212 ], [ 745633.144792155944742, 2573868.389517497271299 ], [ 745635.082058491650969, 2573867.873742614407092 ], [ 745636.353, 2573867.662 ] ] } },
{ "type": "Feature", "properties": { "osmid": "238505256", "name": "nan", "highway": "secondary", "oneway": "False" }, "geometry": { "type": "LineString", "coordinates": [ [ 745416.7150782776298, 2573884.813574297819287 ], [ 745415.022097857203335, 2573883.864509722683579 ], [ 745411.070213007275015, 2573880.307347753550857 ], [ 745404.859423727961257, 2573874.142088388558477 ] ] } },
{ "type": "Feature", "properties": { "osmid": "238505256", "name": "nan", "highway": "secondary", "oneway": "False" }, "geometry": { "type": "LineString", "coordinates": [ [ 745416.7150782776298, 2573884.813574297819287 ], [ 745418.573107902309857, 2573884.484501339960843 ], [ 745420.886013126582839, 2573884.172964984551072 ], [ 745423.656245252001099, 2573883.90364633500576 ], [ 745426.657546680071391, 2573883.681965174619108 ], [ 745429.662110556848347, 2573883.494799986947328 ], [ 745432.667499334551394, 2573883.317714276257902 ], [ 745435.67293605429586, 2573883.141459648031741 ], [ 745438.678375880233943, 2573882.965332623105496 ], [ 745441.683813262614422, 2573882.789216537028551 ], [ 745444.689237025449984, 2573882.612862316891551 ], [ 745447.695061837439425, 2573882.445370558649302 ], [ 745450.701805816614069, 2573882.305363960098475 ], [ 745453.709958490566351, 2573882.217863224912435 ], [ 745456.719360876246355, 2573882.186345924157649 ], [ 745459.729397317860276, 2573882.184181364718825 ], [ 745462.739566236850806, 2573882.174317114520818 ], [ 745465.749661404523067, 2573882.142426000442356 ], [ 745468.759856317774393, 2573882.101578258443624 ], [ 745471.770195087301545, 2573882.066466180607677 ], [ 745474.78065437998157, 2573882.03863779315725 ], [ 745477.791156788938679, 2573882.013880341779441 ], [ 745480.801671798923053, 2573881.990914102178067 ], [ 745483.812212432269007, 2573881.971592427697033 ], [ 745486.822767253150232, 2573881.954301183577627 ], [ 745489.833315169787966, 2573881.936109361704439 ], [ 745492.843844605959021, 2573881.915236676111817 ], [ 745495.85436663927976, 2573881.893320005852729 ], [ 745498.864899901323952, 2573881.872903497889638 ], [ 745501.874643082846887, 2573881.838176887482405 ], [ 745504.879490123596042, 2573881.73792984848842 ], [ 745507.879120159079321, 2573881.56166037870571 ], [ 745510.875150693929754, 2573881.344118664506823 ], [ 745513.875784369534813, 2573881.187455890700221 ], [ 745516.881651490344666, 2573881.112523136660457 ], [ 745519.89193986391183, 2573881.101253289263695 ], [ 745522.902543240692466, 2573881.100225675385445 ], [ 745525.913108533248305, 2573881.092980004381388 ], [ 745528.923595250933431, 2573881.074271635618061 ], [ 745531.82248017238453, 2573881.043429532554001 ], [ 745534.609829054330476, 2573881.010323805268854 ], [ 745537.285720652900636, 2573880.986156619619578 ], [ 745540.072420125361532, 2573880.995029173325747 ], [ 745542.610639149439521, 2573881.183699246961623 ], [ 745544.541078662965447, 2573881.696673030033708 ], [ 745545.752999999909662, 2573882.512000000104308 ] ] } },
{ "type": "Feature", "properties": { "osmid": "28691581", "name": "VIP road", "highway": "primary", "oneway": "True" }, "geometry": { "type": "LineString", "coordinates": [ [ 745393.60767092439346, 2573715.078678619116545 ], [ 745397.02221612946596, 2573713.672578217927366 ], [ 745400.436761334654875, 2573712.26647781720385 ], [ 745403.85130653984379, 2573710.860377416014671 ], [ 745407.26585174491629, 2573709.454277014825493 ] ] } },
{ "type": "Feature", "properties": { "osmid": "28691444", "name": "nan", "highway": "secondary", "oneway": "True" }, "geometry": { "type": "LineString", "coordinates": [ [ 745393.60767092439346, 2573715.078678619116545 ], [ 745393.679534523165785, 2573718.143543498590589 ], [ 745393.751398121938109, 2573721.208408378064632 ], [ 745393.823261720594019, 2573724.273273257538676 ], [ 745393.895125319249928, 2573727.33813813701272 ], [ 745393.966988918022253, 2573730.403003016952425 ], [ 745394.038852516910993, 2573733.467867896426469 ], [ 745394.110716115566902, 2573736.532732775900513 ], [ 745394.196288435719907, 2573739.596895705442876 ], [ 745394.314424854354002, 2573742.659391202498227 ], [ 745394.483980747987516, 2573745.719253784511238 ], [ 745394.696394050493836, 2573748.776921868789941 ], [ 745394.932809384888969, 2573751.833360938355327 ], [ 745395.174371374654584, 2573754.889536475297064 ], [ 745395.415933364420198, 2573757.945712011773139 ], [ 745395.657495354302227, 2573761.001887548714876 ], [ 745395.899057344067842, 2573764.058063086122274 ], [ 745396.140619333833456, 2573767.114238623064011 ], [ 745396.38218132359907, 2573770.170414159540087 ] ] } },
{ "type": "Feature", "properties": { "osmid": "28691444", "name": "nan", "highway": "secondary", "oneway": "True" }, "geometry": { "type": "LineString", "coordinates": [ [ 745396.38218132359907, 2573770.170414159540087 ], [ 745396.865565838175826, 2573773.28315626271069 ], [ 745397.321742478408851, 2573776.399060370866209 ], [ 745397.723944084835239, 2573779.521237270440906 ], [ 745398.046284926473163, 2573782.652695311233401 ], [ 745398.315532162901945, 2573785.790323706809431 ], [ 745398.519752014079131, 2573788.931755125056952 ], [ 745398.644710908643901, 2573792.074709164444357 ], [ 745398.649848829372786, 2573795.219964993651956 ], [ 745398.572007638751529, 2573798.366814870852977 ], [ 745398.451747353537939, 2573801.514479629229754 ], [ 745398.329627991188318, 2573804.662180100101978 ], [ 745398.20750862872228, 2573807.809880571905524 ], [ 745398.085389266372658, 2573810.957581043709069 ], [ 745397.963269904139452, 2573814.105281515046954 ], [ 745397.795357682160102, 2573817.247132586780936 ], [ 745397.520439050276764, 2573820.37531507993117 ], [ 745397.077300458797254, 2573823.482009815517813 ], [ 745396.496314077056013, 2573826.571096416097134 ], [ 745395.838693455094472, 2573829.650394059251994 ] ] } },
{ "type": "Feature", "properties": { "osmid": "28691599", "name": "nan", "highway": "residential", "oneway": "False" }, "geometry": { "type": "LineString", "coordinates": [ [ 745403.782918027718551, 2573828.430013456847519 ], [ 745406.540956497658044, 2573827.137850838247687 ], [ 745409.298994967597537, 2573825.845688220579177 ], [ 745412.057033437420614, 2573824.553525602445006 ], [ 745414.815071907476522, 2573823.261362984776497 ], [ 745417.573110377416015, 2573821.969200366642326 ], [ 745420.331148847471923, 2573820.677037748042494 ], [ 745423.089187317411415, 2573819.384875130373985 ], [ 745425.847225787234493, 2573818.092712512239814 ], [ 745428.605264257290401, 2573816.800549894105643 ], [ 745431.363302727229893, 2573815.508387275505811 ], [ 745434.121341197169386, 2573814.216224657837301 ], [ 745436.879379666992463, 2573812.924062039703131 ], [ 745439.637418137048371, 2573811.631899422034621 ], [ 745442.395456607104279, 2573810.33973680390045 ], [ 745445.153495077043772, 2573809.047574185300618 ], [ 745447.911533546983264, 2573807.755411567632109 ], [ 745450.669572016806342, 2573806.463248949497938 ], [ 745453.427610486745834, 2573805.171086331363767 ], [ 745456.185648956801742, 2573803.878923712763935 ], [ 745458.94368742685765, 2573802.586761095095426 ], [ 745461.701725896797143, 2573801.294598476961255 ], [ 745464.45976436662022, 2573800.002435859292746 ], [ 745467.217802836559713, 2573798.710273241158575 ], [ 745469.975841306615621, 2573797.418110622558743 ], [ 745472.733879776555113, 2573796.125948004890233 ], [ 745475.491918246378191, 2573794.833785386756063 ], [ 745478.249956716434099, 2573793.541622768621892 ], [ 745481.007995186373591, 2573792.24946015002206 ], [ 745483.766033656429499, 2573790.95729753235355 ], [ 745486.524072126368992, 2573789.665134914685041 ], [ 745489.282110596192069, 2573788.37297229655087 ], [ 745492.040149066247977, 2573787.080809678416699 ], [ 745494.79818753618747, 2573785.788647059816867 ], [ 745497.556226006126963, 2573784.496484442148358 ], [ 745500.31426447595004, 2573783.204321824014187 ], [ 745503.072302945889533, 2573781.912159205880016 ], [ 745505.830341415945441, 2573780.619996587280184 ], [ 745508.588379886001348, 2573779.327833969611675 ], [ 745511.346418355940841, 2573778.035671351943165 ], [ 745514.104456825763918, 2573776.743508733808994 ], [ 745516.862495295703411, 2573775.451346115674824 ], [ 745519.620533765759319, 2573774.159183497540653 ] ] } },
{ "type": "Feature", "properties": { "osmid": [ 28691474, 238505285 ], "name": "nan", "highway": "secondary", "oneway": "True" }, "geometry": { "type": "LineString", "coordinates": [ [ 745403.782918027718551, 2573828.430013456847519 ], [ 745403.862687025568448, 2573825.378006235230714 ], [ 745403.942456023301929, 2573822.325999014079571 ], [ 745404.02222502103541, 2573819.273991792928427 ], [ 745404.101994018885307, 2573816.221984571311623 ], [ 745404.181763016735204, 2573813.169977349694818 ], [ 745404.2615320145851, 2573810.117970128078014 ], [ 745404.341301012318581, 2573807.065962906461209 ], [ 745404.421070010052063, 2573804.013955684844404 ], [ 745404.500839007901959, 2573800.961948463693261 ], [ 745404.580608005751856, 2573797.909941242542118 ], [ 745404.660377003601752, 2573794.857934020925313 ], [ 745404.743219622410834, 2573791.806026543490589 ], [ 745404.833414379041642, 2573788.754357654601336 ], [ 745404.935239790589549, 2573785.703066200017929 ], [ 745405.045722746755928, 2573782.652053252793849 ], [ 745405.157805104739964, 2573779.601083614397794 ], [ 745405.264428722555749, 2573776.54992208769545 ], [ 745405.36381784954574, 2573773.498509781900793 ], [ 745405.458752110949717, 2573770.446943052113056 ], [ 745405.552011132240295, 2573767.395318251103163 ], [ 745405.645270153530873, 2573764.343693449627608 ], [ 745405.74467988871038, 2573761.292378576938063 ], [ 745405.863652894389816, 2573758.242049481719732 ], [ 745406.015601727180183, 2573755.193382009863853 ], [ 745406.201637516147457, 2573752.146432150620967 ], [ 745406.408347704447806, 2573749.100524057168514 ], [ 745406.622319735703059, 2573746.054981882218271 ], [ 745406.836291767074727, 2573743.009439706802368 ], [ 745407.050263798213564, 2573739.963897531386465 ], [ 745407.249684948008507, 2573736.917945487890393 ], [ 745407.406092130229808, 2573733.87078183144331 ], [ 745407.491022258647718, 2573730.821604817640036 ], [ 745407.505114009720273, 2573727.770432434976101 ], [ 745407.476830469560809, 2573724.718066429719329 ], [ 745407.434634724631906, 2573721.665308546740562 ], [ 745407.392438979703002, 2573718.612550664227456 ], [ 745407.350243234657682, 2573715.559792780783027 ], [ 745407.308047489845194, 2573712.50703489780426 ], [ 745407.26585174491629, 2573709.454277014825493 ] ] } },
{ "type": "Feature", "properties": { "osmid": "967840286", "name": "nan", "highway": "residential", "oneway": "False" }, "geometry": { "type": "LineString", "coordinates": [ [ 745287.301722061936744, 2573935.310302393976599 ], [ 745286.016369655611925, 2573932.59316365653649 ], [ 745284.731017249054275, 2573929.876024919562042 ], [ 745283.445664842613041, 2573927.158886182587594 ], [ 745282.160312436055392, 2573924.441747445147485 ], [ 745280.874960029614158, 2573921.724608707707375 ], [ 745279.589607623289339, 2573919.007469970267266 ], [ 745278.30425521673169, 2573916.290331232827157 ], [ 745277.018902810290456, 2573913.573192495852709 ], [ 745275.733550403849222, 2573910.8560537584126 ], [ 745274.448197997524403, 2573908.13891502097249 ], [ 745273.162845591083169, 2573905.421776283532381 ], [ 745271.87749318452552, 2573902.704637546557933 ], [ 745270.59214077796787, 2573899.987498809583485 ], [ 745269.306788371526636, 2573897.270360072609037 ], [ 745268.382310101762414, 2573894.673804364632815 ], [ 745268.257145359180868, 2573892.344332488719374 ], [ 745269.369733534404077, 2573890.428445246070623 ], [ 745271.436765745165758, 2573888.831477377098054 ], [ 745274.019802600494586, 2573887.406928081065416 ], [ 745276.680404709768482, 2573886.00829655630514 ], [ 745279.341006819158792, 2573884.609665031079203 ], [ 745282.001608928549103, 2573883.211033506784588 ], [ 745284.662211037822999, 2573881.812401982024312 ], [ 745287.32281314721331, 2573880.413770457264036 ], [ 745289.983415256603621, 2573879.015138932038099 ], [ 745292.644017365877517, 2573877.616507407743484 ], [ 745295.304619475267828, 2573876.217875882983208 ], [ 745297.965221584658138, 2573874.819244358222932 ], [ 745300.625823693932034, 2573873.420612832996994 ], [ 745303.286425803322345, 2573872.021981308702379 ], [ 745305.947027912829071, 2573870.623349783942103 ], [ 745308.607630022219382, 2573869.224718259181827 ], [ 745311.268232131493278, 2573867.82608673395589 ], [ 745313.928834240883589, 2573866.427455209661275 ], [ 745316.5894363502739, 2573865.028823684900999 ], [ 745319.250038459547795, 2573863.630192160140723 ], [ 745321.910640568938106, 2573862.231560634914786 ], [ 745324.571242678328417, 2573860.832929110620171 ], [ 745327.231844787602313, 2573859.434297585859895 ], [ 745329.892446896992624, 2573858.035666061099619 ], [ 745332.553049006382935, 2573856.637034535873681 ], [ 745335.21365111565683, 2573855.238403011579067 ], [ 745337.874253225047141, 2573853.83977148681879 ], [ 745340.534855334553868, 2573852.441139962058514 ], [ 745343.195457443944179, 2573851.042508436832577 ], [ 745345.856059553218074, 2573849.643876912537962 ], [ 745348.516661662608385, 2573848.245245387777686 ], [ 745351.177263771998696, 2573846.84661386301741 ], [ 745353.837865881272592, 2573845.447982337791473 ], [ 745356.498467990662903, 2573844.049350813496858 ], [ 745359.159070100053214, 2573842.650719288736582 ], [ 745361.819672209327109, 2573841.252087763976306 ], [ 745364.487341670435853, 2573839.870963778812438 ], [ 745367.187117863330059, 2573838.569375935941935 ], [ 745369.944040167494677, 2573837.409352836664766 ], [ 745372.769013259443454, 2573836.417908001691103 ], [ 745375.636997759225778, 2573835.533012829720974 ], [ 745378.522954287123866, 2573834.692638719920069 ], [ 745381.40891081513837, 2573833.852264609653503 ], [ 745384.294867343152873, 2573833.011890499852598 ], [ 745387.180823871050961, 2573832.171516390051693 ], [ 745390.066780399065465, 2573831.331142279785126 ], [ 745392.952736927196383, 2573830.49076816951856 ], [ 745395.838693455094472, 2573829.650394059251994 ] ] } },
{ "type": "Feature", "properties": { "osmid": "28691518", "name": "nan", "highway": "residential", "oneway": "False" }, "geometry": { "type": "LineString", "coordinates": [ [ 745300.476779702934437, 2574085.208906714338809 ], [ 745303.021760488394648, 2574083.601891617756337 ], [ 745305.566741273854859, 2574081.994876520242542 ], [ 745308.111722059431486, 2574080.387861423194408 ], [ 745310.656702844775282, 2574078.780846326146275 ], [ 745313.209257759037428, 2574077.190240032505244 ], [ 745315.805939842946827, 2574075.695232067722827 ], [ 745318.483302137930878, 2574074.375011957716197 ], [ 745321.262749427463859, 2574073.275951622053981 ], [ 745324.107728670467623, 2574072.318861534353346 ], [ 745326.981686825864017, 2574071.424552168231457 ], [ 745329.855644981376827, 2574070.530242802575231 ], [ 745332.729603136773221, 2574069.635933436919004 ], [ 745335.6035612920532, 2574068.741624071728438 ], [ 745338.477519447449595, 2574067.84731470560655 ], [ 745341.351477602962404, 2574066.953005339950323 ], [ 745344.225435758358799, 2574066.058695974294096 ], [ 745347.112935223965906, 2574065.234946719836444 ], [ 745350.02807458397001, 2574064.555221491027623 ], [ 745352.984952422906645, 2574064.092984205577523 ], [ 745355.970584704657085, 2574063.780578556936234 ], [ 745358.970872845035046, 2574063.544540628790855 ], [ 745361.971718259504996, 2574063.311406506225467 ], [ 745364.972563673858531, 2574063.078272383660078 ], [ 745367.973409088328481, 2574062.845138261094689 ], [ 745370.974254502798431, 2574062.612004138063639 ], [ 745373.975099917151965, 2574062.378870015032589 ], [ 745376.975945331621915, 2574062.145735892001539 ], [ 745379.976790746091865, 2574061.912601769436151 ], [ 745382.9776361604454, 2574061.679467646870762 ], [ 745385.978481574798934, 2574061.446333524305373 ], [ 745388.979326989152469, 2574061.213199401274323 ], [ 745391.980172403622419, 2574060.980065278708935 ], [ 745394.981017818092369, 2574060.746931156143546 ], [ 745397.981863232445903, 2574060.513797033578157 ], [ 745400.982708646915853, 2574060.280662911012769 ], [ 745403.983554061385803, 2574060.047528787981719 ], [ 745408.433061514166184, 2574059.70738928578794 ], [ 745413.997803737409413, 2574059.286148195620626 ], [ 745420.344353462569416, 2574058.809709309134632 ], [ 745424.241959344479255, 2574058.517987176310271 ], [ 745426.001932134386152, 2574059.01418044930324 ], [ 745425.935582584119402, 2574060.901487780734897 ], [ 745425.824999999953434, 2574064.046999999787658 ] ] } },
{ "type": "Feature", "properties": { "osmid": "28691530", "name": "nan", "highway": "residential", "oneway": "True" }, "geometry": { "type": "LineString", "coordinates": [ [ 745300.476779702934437, 2574085.208906714338809 ], [ 745302.303464717348106, 2574087.637273897882551 ], [ 745304.130149731994607, 2574090.065641081426293 ], [ 745305.956834746408276, 2574092.494008264970034 ], [ 745307.783519760821946, 2574094.922375448513776 ], [ 745309.610204775468446, 2574097.350742631591856 ], [ 745311.436889789998531, 2574099.779109815135598 ], [ 745313.263574804528616, 2574102.207476998213679 ], [ 745315.090259818942286, 2574104.63584418175742 ], [ 745316.916944833472371, 2574107.064211365301162 ], [ 745318.743629848002456, 2574109.492578548844904 ], [ 745320.570314862416126, 2574111.920945732388645 ], [ 745322.396999876946211, 2574114.349312915932387 ], [ 745324.223684891476296, 2574116.777680099010468 ], [ 745326.050369905889966, 2574119.206047282088548 ], [ 745327.877054920420051, 2574121.63441446563229 ], [ 745329.703739935066551, 2574124.062781649176031 ], [ 745331.530424949596636, 2574126.491148832719773 ], [ 745333.357109964010306, 2574128.919516016263515 ], [ 745335.183794978540391, 2574131.347883199807256 ], [ 745337.010479993070476, 2574133.776250383350998 ], [ 745338.837165007484145, 2574136.204617566429079 ], [ 745340.66385002201423, 2574138.63298474997282 ], [ 745342.490535036544316, 2574141.061351933050901 ], [ 745344.317220050957985, 2574143.489719116594642 ], [ 745346.143905065604486, 2574145.918086300138384 ], [ 745347.970590080018155, 2574148.346453483682126 ], [ 745349.797275094431825, 2574150.774820667225868 ], [ 745351.623960109078325, 2574153.203187850769609 ], [ 745353.45064512360841, 2574155.63155503384769 ], [ 745355.242458660621196, 2574158.07318372791633 ], [ 745356.824052789364941, 2574160.594758184161037 ], [ 745358.020079579320736, 2574163.262962654232979 ], [ 745358.724934055120684, 2574166.11795837059617 ], [ 745359.113964147516526, 2574169.093061079736799 ], [ 745359.362517786677927, 2574172.121586530469358 ], [ 745359.611071425839327, 2574175.150111981667578 ], [ 745359.859625064884312, 2574178.178637432865798 ], [ 745360.108178704045713, 2574181.207162884064019 ], [ 745360.356732343323529, 2574184.235688335262239 ] ] } },
{ "type": "Feature", "properties": { "osmid": "238505260", "name": "Neem Road", "highway": "secondary", "oneway": "True" }, "geometry": { "type": "LineString", "coordinates": [ [ 745425.824999999953434, 2574064.046999999787658 ], [ 745425.688314618659206, 2574057.783867836464196 ], [ 745425.510190099827014, 2574052.666801213752478 ], [ 745425.315968280192465, 2574048.693913982715458 ], [ 745425.138943252502941, 2574045.459384847898036 ], [ 745424.970514777931385, 2574042.223926918581128 ], [ 745424.774206516332924, 2574038.990005201194435 ], [ 745424.548235629568808, 2574035.645748733077198 ], [ 745424.31209762301296, 2574032.414200637489557 ], [ 745424.079506431357004, 2574029.406667304225266 ], [ 745424.093920178129338, 2574026.417759796138853 ], [ 745424.615812788368203, 2574023.12853517010808 ], [ 745425.642604830441996, 2574019.427108177449554 ] ] } },
{ "type": "Feature", "properties": { "osmid": "28691518", "name": "nan", "highway": "residential", "oneway": "False" }, "geometry": { "type": "LineString", "coordinates": [ [ 745425.824999999953434, 2574064.046999999787658 ], [ 745425.935582583886571, 2574060.901487780734897 ], [ 745426.001932134386152, 2574059.01418044930324 ], [ 745424.241959344479255, 2574058.517987176310271 ], [ 745420.344353462569416, 2574058.809709309134632 ], [ 745413.997803737409413, 2574059.286148196086287 ], [ 745408.433061514166184, 2574059.70738928578794 ], [ 745403.983554061385803, 2574060.047528787981719 ], [ 745400.982708646915853, 2574060.280662910547107 ], [ 745397.981863232445903, 2574060.513797033112496 ], [ 745394.981017818092369, 2574060.746931156143546 ], [ 745391.980172403738834, 2574060.980065278708935 ], [ 745388.979326989385299, 2574061.213199401274323 ], [ 745385.978481574915349, 2574061.446333523839712 ], [ 745382.9776361604454, 2574061.679467646870762 ], [ 745379.976790746091865, 2574061.912601769901812 ], [ 745376.975945331621915, 2574062.145735892932862 ], [ 745373.975099917151965, 2574062.378870015498251 ], [ 745370.974254502798431, 2574062.612004138063639 ], [ 745367.973409088328481, 2574062.845138260629028 ], [ 745364.972563673858531, 2574063.078272383194417 ], [ 745361.971718259504996, 2574063.311406506225467 ], [ 745358.970872845035046, 2574063.544540628790855 ], [ 745355.970584704657085, 2574063.780578556936234 ], [ 745352.984952422906645, 2574064.092984205577523 ], [ 745350.02807458397001, 2574064.555221491027623 ], [ 745347.112935223965906, 2574065.234946718905121 ], [ 745344.225435758358799, 2574066.058695974294096 ], [ 745341.351477602962404, 2574066.953005339950323 ], [ 745338.47751944756601, 2574067.84731470560655 ], [ 745335.603561292286031, 2574068.741624070797116 ], [ 745332.729603136889637, 2574069.635933436919004 ], [ 745329.855644981376827, 2574070.530242802575231 ], [ 745326.981686825980432, 2574071.424552168231457 ], [ 745324.107728670700453, 2574072.318861533422023 ], [ 745321.262749427580275, 2574073.27595162158832 ], [ 745318.483302137930878, 2574074.375011957716197 ], [ 745315.805939842946827, 2574075.695232067722827 ], [ 745313.209257759037428, 2574077.190240032505244 ], [ 745310.656702844775282, 2574078.780846326146275 ], [ 745308.111722059198655, 2574080.387861423194408 ], [ 745305.566741273738444, 2574081.994876520242542 ], [ 745303.021760488394648, 2574083.601891616825014 ], [ 745300.476779702934437, 2574085.208906714338809 ] ] } },
{ "type": "Feature", "properties": { "osmid": "28691561", "name": "nan", "highway": "residential", "oneway": "False" }, "geometry": { "type": "LineString", "coordinates": [ [ 745360.356732343323529, 2574184.235688335262239 ], [ 745363.332154585397802, 2574184.803203170653433 ], [ 745366.30757682735566, 2574185.370718005578965 ], [ 745369.282999069429934, 2574185.938232840504497 ], [ 745372.258421311504208, 2574186.50574767543003 ], [ 745375.233843553462066, 2574187.073262510355562 ], [ 745378.209265795536339, 2574187.640777345281094 ], [ 745381.184688037610613, 2574188.208292180672288 ], [ 745384.160110279568471, 2574188.77580701559782 ], [ 745387.135532521642745, 2574189.343321850523353 ] ] } },
{ "type": "Feature", "properties": { "osmid": "28691561", "name": "nan", "highway": "residential", "oneway": "False" }, "geometry": { "type": "LineString", "coordinates": [ [ 745360.356732343323529, 2574184.235688335262239 ], [ 745357.278194079059176, 2574184.441152041312307 ], [ 745354.199655814678408, 2574184.646615747362375 ], [ 745351.121117550414056, 2574184.852079453412443 ], [ 745348.042579286149703, 2574185.057543159928173 ], [ 745344.964041021768935, 2574185.26300686551258 ], [ 745341.885502757504582, 2574185.468470571562648 ], [ 745338.80696449324023, 2574185.673934277612716 ], [ 745335.728426228859462, 2574185.879397984128445 ], [ 745332.649887964595109, 2574186.084861689712852 ], [ 745329.571349700447172, 2574186.29032539576292 ], [ 745326.492811436182819, 2574186.495789101812989 ], [ 745323.414273171802051, 2574186.701252808328718 ], [ 745320.335734907537699, 2574186.906716513913125 ], [ 745317.257196643273346, 2574187.112180219963193 ], [ 745314.178658378892578, 2574187.3176439255476 ], [ 745311.100120114628226, 2574187.523107631597668 ], [ 745308.021581850363873, 2574187.728571338113397 ], [ 745304.943043585983105, 2574187.934035043697804 ], [ 745301.864505321718752, 2574188.139498749747872 ], [ 745298.7859670574544, 2574188.34496245579794 ], [ 745295.707428793073632, 2574188.55042616231367 ], [ 745292.628890528809279, 2574188.755889867898077 ], [ 745289.550352264544927, 2574188.961353573948145 ], [ 745286.471814000164159, 2574189.166817279998213 ], [ 745283.393275735899806, 2574189.372280986513942 ], [ 745280.314737471751869, 2574189.577744692098349 ], [ 745277.236199207487516, 2574189.783208398148417 ], [ 745274.157660943106748, 2574189.988672104198486 ], [ 745271.079122678842396, 2574190.194135810248554 ] ] } },
{ "type": "Feature", "properties": { "osmid": "28691530", "name": "nan", "highway": "residential", "oneway": "True" }, "geometry": { "type": "LineString", "coordinates": [ [ 745360.356732343323529, 2574184.235688335262239 ], [ 745360.208079041913152, 2574187.304851319175214 ], [ 745360.059425740386359, 2574190.374014303553849 ], [ 745359.910772438743152, 2574193.443177287932485 ], [ 745359.762119137332775, 2574196.51234027184546 ], [ 745359.613465835922398, 2574199.581503255758435 ], [ 745359.464812534395605, 2574202.65066624013707 ], [ 745359.316159232985228, 2574205.719829224050045 ], [ 745359.167505931574851, 2574208.78899220796302 ], [ 745359.018852630048059, 2574211.858155192341655 ], [ 745358.870199328404851, 2574214.92731817625463 ], [ 745358.663031364325434, 2574217.986902015749365 ], [ 745358.320781990303658, 2574221.024372351821512 ], [ 745357.766884458833374, 2574224.027194821741432 ], [ 745357.04180134832859, 2574227.001993353012949 ], [ 745356.222099405829795, 2574229.961302306503057 ] ] } },
{ "type": "Feature", "properties": { "osmid": "967840326", "name": "Neem road", "highway": "secondary", "oneway": "True" }, "geometry": { "type": "LineString", "coordinates": [ [ 745408.424999999930151, 2574194.546999999787658 ], [ 745403.360401080339216, 2574191.55374639807269 ], [ 745397.323182489839382, 2574189.68343403050676 ], [ 745391.752789691905491, 2574189.133782720658928 ], [ 745387.135532521642745, 2574189.343321850523353 ] ] } },
{ "type": "Feature", "properties": { "osmid": "238505260", "name": "Neem Road", "highway": "secondary", "oneway": "True" }, "geometry": { "type": "LineString", "coordinates": [ [ 745408.424999999930151, 2574194.546999999787658 ], [ 745409.671808552346192, 2574189.930889818351716 ], [ 745410.83550505770836, 2574186.173923147376627 ], [ 745411.998870594077744, 2574183.189789997413754 ], [ 745413.250372618087567, 2574180.448139918968081 ], [ 745414.577649866347201, 2574177.49869581637904 ], [ 745415.831344651174732, 2574174.402220927644521 ], [ 745416.87632767634932, 2574171.346751056611538 ], [ 745417.749384447117336, 2574168.347555404994637 ], [ 745418.508790071937256, 2574165.428090654313564 ], [ 745419.241619057953358, 2574162.387692291755229 ], [ 745419.919435059186071, 2574159.222324518021196 ], [ 745420.509205359383486, 2574155.926977059338242 ], [ 745420.958219695836306, 2574152.722097792197019 ], [ 745421.293921900796704, 2574149.613871639594436 ], [ 745421.546466595144011, 2574146.608315612655133 ], [ 745421.782221776316874, 2574143.600940058473498 ], [ 745422.031206976505928, 2574140.594796323683113 ], [ 745422.324749752762727, 2574137.593130100518465 ], [ 745422.656650214456022, 2574134.595512214582413 ], [ 745423.000827264040709, 2574131.599093531724066 ], [ 745423.323054466745816, 2574128.600062516983598 ], [ 745423.626703282818198, 2574125.598791094031185 ], [ 745423.943360433797352, 2574122.599245944991708 ], [ 745424.299958935473114, 2574119.604567592963576 ], [ 745424.687192010227591, 2574116.613783997949213 ], [ 745425.051744299475104, 2574113.6204719892703 ], [ 745425.366064666304737, 2574110.621483141090721 ], [ 745425.630091387662105, 2574107.616842139977962 ], [ 745425.882272280170582, 2574104.610673305112869 ], [ 745426.11247491359245, 2574101.49180872598663 ], [ 745426.296711859293282, 2574098.259375888388604 ], [ 745426.40482934564352, 2574094.91166453063488 ], [ 745426.455521690193564, 2574091.673052586615086 ], [ 745426.474237911752425, 2574088.544808061327785 ], [ 745426.481355311931111, 2574085.528094674926251 ], [ 745426.482379632885568, 2574082.511343521531671 ], [ 745426.478465035674162, 2574079.494537969585508 ], [ 745426.467983312089927, 2574076.477704473305494 ], [ 745426.449650026275776, 2574073.460878624115139 ], [ 745426.414721504435875, 2574070.444313645828515 ], [ 745426.360711304820143, 2574067.428144320379943 ], [ 745426.252399973105639, 2574065.041981329210103 ], [ 745426.071470783674158, 2574063.914976133033633 ], [ 745425.824999999953434, 2574064.046999999787658 ] ] } },
{ "type": "Feature", "properties": { "osmid": "421001887", "name": "nan", "highway": "residential", "oneway": "False" }, "geometry": { "type": "LineString", "coordinates": [ [ 745408.424999999930151, 2574194.546999999787658 ], [ 745409.091098228469491, 2574191.965901885647327 ], [ 745409.490757165593095, 2574190.417243017349392 ], [ 745410.000749933067709, 2574190.48173434054479 ], [ 745411.065610785968602, 2574191.772039659321308 ], [ 745413.021633134107105, 2574193.867967570666224 ], [ 745415.758715911884792, 2574195.774669382255524 ], [ 745418.990897268406115, 2574197.220200691372156 ], [ 745422.648725488688797, 2574198.022123768460006 ], [ 745426.158144206390716, 2574198.452823583502322 ], [ 745429.493497767136432, 2574198.689872781280428 ], [ 745432.520847753505222, 2574198.83015006640926 ], [ 745435.435562820639461, 2574199.007036745548248 ], [ 745438.236402346170507, 2574199.203391666058451 ], [ 745441.034633548348211, 2574199.42839247174561 ], [ 745444.05436525598634, 2574199.697543439920992 ], [ 745447.298709540511481, 2574199.975619718898088 ], [ 745450.433345920755528, 2574200.2207783726044 ], [ 745453.344813737901859, 2574200.440600185189396 ], [ 745456.029409592156298, 2574200.675732936710119 ], [ 745458.934699945733882, 2574200.962282819673419 ], [ 745462.063720518141054, 2574201.266303637996316 ], [ 745465.420855749049224, 2574201.54023899929598 ], [ 745468.670290750800632, 2574201.755933359265327 ], [ 745471.81037056457717, 2574201.932384061161429 ], [ 745474.83884522144217, 2574202.094361035618931 ], [ 745477.867235376033932, 2574202.257890362292528 ], [ 745480.895517374039628, 2574202.423363737761974 ], [ 745483.923691591480747, 2574202.59077418083325 ] ] } },
{ "type": "Feature", "properties": { "osmid": "28691575", "name": "nan", "highway": "primary", "oneway": "True" }, "geometry": { "type": "LineString", "coordinates": [ [ 745407.26585174491629, 2573709.454277014825493 ], [ 745407.191895932308398, 2573706.188122773543 ], [ 745407.117940119584091, 2573702.921968532260507 ], [ 745407.043984306976199, 2573699.655814290512353 ], [ 745406.970028494368307, 2573696.38966004922986 ], [ 745406.896072681644, 2573693.123505807947367 ], [ 745406.822116869036108, 2573689.857351566664875 ] ] } },
{ "type": "Feature", "properties": { "osmid": "498204199", "name": "nan", "highway": "primary", "oneway": "True" }, "geometry": { "type": "LineString", "coordinates": [ [ 745388.92542293551378, 2573668.24330173060298 ], [ 745389.253785764914937, 2573671.293292121961713 ], [ 745389.58214859419968, 2573674.343282513786107 ], [ 745389.910511423484422, 2573677.393272906076163 ], [ 745390.23887425288558, 2573680.443263297434896 ], [ 745390.567237082286738, 2573683.493253688793629 ], [ 745390.89559991157148, 2573686.543244080618024 ], [ 745391.223962740972638, 2573689.593234471976757 ], [ 745391.552325570373796, 2573692.643224863801152 ], [ 745391.880688399774954, 2573695.693215255625546 ] ] } },
{ "type": "Feature", "properties": { "osmid": "967840328", "name": "nan", "highway": "primary_link", "oneway": "True" }, "geometry": { "type": "LineString", "coordinates": [ [ 745388.92542293551378, 2573668.24330173060298 ], [ 745386.816252621007152, 2573670.491692065726966 ], [ 745384.696833055815659, 2573672.729906503576785 ], [ 745382.553385049453937, 2573674.944264471530914 ], [ 745380.385738049750216, 2573677.132564653176814 ], [ 745378.257800226681866, 2573679.349718625191599 ], [ 745376.24053962843027, 2573681.657647317275405 ], [ 745374.370161358616315, 2573684.089453549589962 ], [ 745372.555710055283271, 2573686.571439054328948 ], [ 745370.702700417139567, 2573689.026400889735669 ], [ 745368.745347119867802, 2573691.400334560777992 ], [ 745366.720946606248617, 2573693.722202654927969 ], [ 745364.666795319411904, 2573696.02096775919199 ], [ 745362.61264403257519, 2573698.319732863921672 ], [ 745360.558492745622061, 2573700.618497968185693 ], [ 745358.504341458552517, 2573702.917263072449714 ], [ 745356.450190171715803, 2573705.216028176713735 ], [ 745354.39603888487909, 2573707.514793280977756 ], [ 745352.341887598042376, 2573709.813558385707438 ], [ 745350.287736311205663, 2573712.112323489971459 ], [ 745348.233585024252534, 2573714.41108859423548 ], [ 745346.17943373741582, 2573716.709853698499501 ] ] } },
{ "type": "Feature", "properties": { "osmid": "28691474", "name": "nan", "highway": "secondary", "oneway": "True" }, "geometry": { "type": "LineString", "coordinates": [ [ 745402.767235942417756, 2573866.318184639327228 ], [ 745402.851876116241328, 2573863.160837040748447 ], [ 745402.936516289948486, 2573860.003489442169666 ], [ 745403.021156463772058, 2573856.846141843590885 ], [ 745403.105796637479216, 2573853.688794245477766 ], [ 745403.190436811186373, 2573850.531446646898985 ], [ 745403.275076985009946, 2573847.374099047854543 ], [ 745403.359717158949934, 2573844.216751449275762 ], [ 745403.444357332657091, 2573841.059403851162642 ], [ 745403.528997506364249, 2573837.902056252583861 ], [ 745403.613637680187821, 2573834.74470865400508 ], [ 745403.698277853894979, 2573831.587361055891961 ], [ 745403.782918027718551, 2573828.430013456847519 ] ] } },
{ "type": "Feature", "properties": { "osmid": "364473877", "name": "nan", "highway": "secondary", "oneway": "True" }, "geometry": { "type": "LineString", "coordinates": [ [ 745402.767235942417756, 2573866.318184639327228 ], [ 745399.34707655897364, 2573865.570799885783345 ], [ 745396.058099618996494, 2573865.697879867162555 ], [ 745393.064603002159856, 2573867.024815103504807 ], [ 745390.362718018470332, 2573869.19328885152936 ] ] } },
{ "type": "Feature", "properties": { "osmid": "28691599", "name": "nan", "highway": "residential", "oneway": "False" }, "geometry": { "type": "LineString", "coordinates": [ [ 745534.131103843217716, 2573769.612691873218864 ], [ 745537.833394324523397, 2573770.667472591158003 ], [ 745541.535684805945493, 2573771.722253309097141 ], [ 745545.237975287484005, 2573772.777034027036279 ] ] } },
{ "type": "Feature", "properties": { "osmid": "28691599", "name": "nan", "highway": "residential", "oneway": "False" }, "geometry": { "type": "LineString", "coordinates": [ [ 745534.131103843217716, 2573769.612691873218864 ], [ 745531.228989827795886, 2573770.521990198176354 ], [ 745528.32687581225764, 2573771.431288523133844 ], [ 745525.424761796719395, 2573772.340586847625673 ], [ 745522.522647781297565, 2573773.249885172583163 ], [ 745519.620533765759319, 2573774.159183497540653 ] ] } },
{ "type": "Feature", "properties": { "osmid": "419201624", "name": "nan", "highway": "residential", "oneway": "False" }, "geometry": { "type": "LineString", "coordinates": [ [ 745534.131103843217716, 2573769.612691873218864 ], [ 745533.582462734659202, 2573766.559753628913313 ], [ 745533.033821626217104, 2573763.506815384607762 ], [ 745532.485180517658591, 2573760.453877140302211 ], [ 745531.936539409100078, 2573757.40093889599666 ], [ 745531.38789830042515, 2573754.348000651691109 ], [ 745530.839257191983052, 2573751.295062407385558 ], [ 745530.290616083540954, 2573748.242124163080007 ], [ 745529.74197497498244, 2573745.189185918308794 ], [ 745529.193333866540343, 2573742.136247674003243 ], [ 745528.644692757981829, 2573739.083309429697692 ], [ 745528.096051649306901, 2573736.030371185392141 ], [ 745527.547410540864803, 2573732.97743294108659 ], [ 745526.99876943230629, 2573729.924494696781039 ], [ 745526.450128323864192, 2573726.871556452475488 ], [ 745525.901487215422094, 2573723.818618208169937 ], [ 745525.352846106863581, 2573720.765679963398725 ], [ 745524.804204998188652, 2573717.712741719093174 ], [ 745524.255563889630139, 2573714.659803474787623 ], [ 745523.706922781188041, 2573711.606865230482072 ], [ 745523.158281672745943, 2573708.553926986176521 ], [ 745522.60964056418743, 2573705.50098874187097 ] ] } },
{ "type": "Feature", "properties": { "osmid": "28691618", "name": "nan", "highway": "tertiary", "oneway": "False" }, "geometry": { "type": "LineString", "coordinates": [ [ 746058.002999999909662, 2573938.61200000019744 ], [ 746061.212923885905184, 2573935.81385158514604 ], [ 746063.294923885841854, 2573932.736740474123508 ], [ 746062.417628609575331, 2573930.540759125724435 ], [ 746058.680999999982305, 2573929.364 ] ] } },
{ "type": "Feature", "properties": { "osmid": "28691618", "name": "nan", "highway": "tertiary", "oneway": "False" }, "geometry": { "type": "LineString", "coordinates": [ [ 746058.002999999909662, 2573938.61200000019744 ], [ 746059.004740905947983, 2573945.081146996002644 ], [ 746059.833303962252103, 2573950.352908569853753 ], [ 746060.468103239196353, 2573954.20038864063099 ], [ 746060.922902448684908, 2573957.230993375647813 ], [ 746061.368465234874748, 2573960.373618888203055 ], [ 746061.880442399648018, 2573963.842776668723673 ], [ 746062.478749956586398, 2573966.950270913075656 ], [ 746062.980624114512466, 2573969.03855049284175 ], [ 746063.331, 2573970.120000000111759 ] ] } },
{ "type": "Feature", "properties": { "osmid": "365241578", "name": "nan", "highway": "residential", "oneway": "False" }, "geometry": { "type": "LineString", "coordinates": [ [ 746058.002999999909662, 2573938.61200000019744 ], [ 746064.136123169213533, 2573941.062980203423649 ], [ 746070.720413016504608, 2573942.226241687778383 ], [ 746076.391326539567672, 2573942.203827253077179 ], [ 746080.923280399409123, 2573941.639596258290112 ], [ 746084.090691257151775, 2573941.177408063784242 ], [ 746087.258102114894427, 2573940.71521986881271 ], [ 746090.42551297263708, 2573940.25303167430684 ], [ 746093.592923830263317, 2573939.790843479800969 ], [ 746096.760334687889554, 2573939.328655285295099 ], [ 746099.927745545632206, 2573938.866467090789229 ], [ 746103.095156403374858, 2573938.404278895817697 ] ] } },
{ "type": "Feature", "properties": { "osmid": "28691618", "name": "nan", "highway": "tertiary", "oneway": "False" }, "geometry": { "type": "LineString", "coordinates": [ [ 746121.929094116901979, 2574146.591284486930817 ], [ 746120.391141654457897, 2574143.747720196843147 ], [ 746118.85318919213023, 2574140.904155906755477 ], [ 746117.315236729686148, 2574138.060591617133468 ], [ 746115.777284267242067, 2574135.217027327045798 ], [ 746114.239331804797985, 2574132.373463036958128 ], [ 746112.701379342470318, 2574129.529898746870458 ] ] } },
{ "type": "Feature", "properties": { "osmid": "365241978", "name": "nan", "highway": "residential", "oneway": "False" }, "geometry": { "type": "LineString", "coordinates": [ [ 746121.929094116901979, 2574146.591284486930817 ], [ 746123.447781603434123, 2574149.533021091017872 ], [ 746124.966469089966267, 2574152.474757695104927 ], [ 746126.485156576614827, 2574155.416494299191982 ], [ 746128.003844063146971, 2574158.358230903279036 ], [ 746129.5225315495627, 2574161.299967507366091 ], [ 746131.041219036094844, 2574164.241704111453146 ], [ 746132.559906522743404, 2574167.1834407155402 ], [ 746134.078594009391963, 2574170.125177319627255 ], [ 746135.597281495924108, 2574173.06691392371431 ] ] } },
{ "type": "Feature", "properties": { "osmid": "28691618", "name": "nan", "highway": "tertiary", "oneway": "False" }, "geometry": { "type": "LineString", "coordinates": [ [ 746121.929094116901979, 2574146.591284486930817 ], [ 746121.513170053600334, 2574149.671537020709366 ], [ 746121.097245990298688, 2574152.751789554022253 ], [ 746120.681321926880628, 2574155.832042087800801 ], [ 746120.265397863462567, 2574158.912294621113688 ], [ 746119.705995826050639, 2574161.937480378430337 ], [ 746117.872071387595497, 2574166.183410050347447 ], [ 746114.809838332701474, 2574171.307833357248455 ], [ 746110.852466394542716, 2574177.078633571509272 ], [ 746108.308258211822249, 2574180.601939025800675 ], [ 746107.131000000052154, 2574182.220000000204891 ], [ 746107.131170898210257, 2574182.333120626863092 ], [ 746106.923008462996222, 2574182.526130142156035 ], [ 746106.298008462996222, 2574182.765796808991581 ], [ 746105.256000000052154, 2574182.938999999780208 ] ] } },
{ "type": "Feature", "properties": { "osmid": "1304613360", "name": "nan", "highway": "tertiary", "oneway": "False" }, "geometry": { "type": "LineString", "coordinates": [ [ 746105.256000000052154, 2574182.938999999780208 ], [ 746106.439987822785042, 2574187.852569423150271 ], [ 746107.216314632096328, 2574192.019269110634923 ], [ 746107.486604224075563, 2574195.654510294552892 ], [ 746107.091718371957541, 2574199.069034141022712 ], [ 746105.81539156252984, 2574202.577334453817457 ], [ 746103.755999999935739, 2574205.963999999687076 ] ] } },
{ "type": "Feature", "properties": { "osmid": "28691618", "name": "nan", "highway": "tertiary", "oneway": "False" }, "geometry": { "type": "LineString", "coordinates": [ [ 746105.256000000052154, 2574182.938999999780208 ], [ 746106.298008462996222, 2574182.765796808991581 ], [ 746106.923008462996222, 2574182.526130142156035 ], [ 746107.131170898210257, 2574182.333120626863092 ], [ 746107.131000000052154, 2574182.220000000204891 ], [ 746108.308258211822249, 2574180.601939025800675 ], [ 746110.852466394542716, 2574177.078633571509272 ], [ 746114.809838332701474, 2574171.307833357248455 ], [ 746117.872071387595497, 2574166.183410050813109 ], [ 746119.705995826050639, 2574161.937480377964675 ], [ 746120.265397863462567, 2574158.912294621579349 ], [ 746120.681321926880628, 2574155.832042088266462 ], [ 746121.097245990298688, 2574152.751789554487914 ], [ 746121.513170053600334, 2574149.671537020709366 ], [ 746121.929094116901979, 2574146.591284486930817 ] ] } },
{ "type": "Feature", "properties": { "osmid": "28692217", "name": "nan", "highway": "tertiary", "oneway": "False" }, "geometry": { "type": "LineString", "coordinates": [ [ 746105.256000000052154, 2574182.938999999780208 ], [ 746104.15847146732267, 2574182.024670505430549 ], [ 746101.785895657609217, 2574180.369497248437256 ], [ 746098.382680771755986, 2574178.618000179063529 ], [ 746094.653241678024642, 2574177.339342128951102 ], [ 746091.354535829275846, 2574176.893182311672717 ], [ 746088.240035900496878, 2574176.660023760516196 ], [ 746085.229152950574644, 2574176.500937454868108 ], [ 746082.216266396455467, 2574176.362792454659939 ], [ 746079.208521284977905, 2574176.175567453727126 ], [ 746076.21936328348238, 2574175.855866320896894 ], [ 746073.273824876639992, 2574175.306264543905854 ], [ 746070.411196108558215, 2574174.454737143125385 ], [ 746067.703380776685663, 2574173.237038905266672 ], [ 746065.309757172013633, 2574171.703787843696773 ], [ 746063.326155950664543, 2574169.845156352501363 ], [ 746061.809292179415934, 2574167.717813808470964 ], [ 746060.632562974351458, 2574165.235244911629707 ], [ 746059.73919475695584, 2574162.490306755062193 ], [ 746058.98631781572476, 2574159.553203884512186 ], [ 746058.282006973982789, 2574156.559542616363615 ], [ 746057.544701280072331, 2574153.521268042270094 ], [ 746056.811841060291044, 2574150.432671615853906 ], [ 746056.116999999969266, 2574147.300999999511987 ] ] } },
{ "type": "Feature", "properties": { "osmid": "1304613360", "name": "nan", "highway": "tertiary", "oneway": "False" }, "geometry": { "type": "LineString", "coordinates": [ [ 746104.231000000028871, 2574233.815 ], [ 746105.764632905251347, 2574231.83352024294436 ], [ 746107.246606323868036, 2574229.20567528763786 ], [ 746108.564272764720954, 2574225.872309825383127 ], [ 746109.647895652335137, 2574222.411745807155967 ] ] } },
{ "type": "Feature", "properties": { "osmid": "328226553", "name": "nan", "highway": "tertiary", "oneway": "False" }, "geometry": { "type": "LineString", "coordinates": [ [ 746104.231000000028871, 2574233.815 ], [ 746103.507502208114602, 2574235.06714402185753 ], [ 746102.694667822099291, 2574236.52386769047007 ], [ 746101.811251804349013, 2574238.19482647953555 ], [ 746100.903853238211013, 2574239.978554143104702 ], [ 746101.513785554445349, 2574242.631341680884361 ], [ 746103.808098505367525, 2574246.280174018349499 ], [ 746107.911810556426644, 2574251.081803586799651 ], [ 746110.923343686969019, 2574255.466389793436974 ], [ 746112.56623024714645, 2574259.309902459848672 ], [ 746112.705521721742116, 2574262.458586215507239 ], [ 746112.741984064690769, 2574265.62157237669453 ], [ 746112.766280211741105, 2574268.786250722128898 ] ] } },
{ "type": "Feature", "properties": { "osmid": "967840301", "name": "nan", "highway": "residential", "oneway": "False" }, "geometry": { "type": "LineString", "coordinates": [ [ 746104.231000000028871, 2574233.815 ], [ 746102.930894529796205, 2574236.145759533625096 ], [ 746101.609967726864852, 2574238.590914029162377 ], [ 746100.180090121342801, 2574241.226241901516914 ], [ 746098.459408936440013, 2574244.065555767621845 ], [ 746096.357046140823513, 2574246.889498346019536 ], [ 746093.85688562633004, 2574249.500872254371643 ], [ 746091.113155182800256, 2574251.686208445113152 ], [ 746088.310287230298854, 2574253.431405432987958 ], [ 746085.548354671685956, 2574254.849321360234171 ], [ 746082.839593626209535, 2574256.145180018153042 ], [ 746080.263919604127295, 2574257.447980193421245 ], [ 746077.900945668225177, 2574258.869061388541013 ], [ 746075.90521970030386, 2574260.410708206705749 ], [ 746074.165219377842732, 2574262.233026809990406 ], [ 746072.348839154350571, 2574265.538080976810306 ], [ 746069.936078170663677, 2574271.67201435752213 ], [ 746066.910999999963678, 2574280.478000000119209 ] ] } },
{ "type": "Feature", "properties": { "osmid": "967840298", "name": "nan", "highway": "residential", "oneway": "True" }, "geometry": { "type": "LineString", "coordinates": [ [ 746066.910999999963678, 2574280.478000000119209 ], [ 746068.302746834699064, 2574275.837995562236756 ], [ 746068.181408721604384, 2574274.931024204939604 ], [ 746066.589771663420834, 2574277.53877116413787 ], [ 746064.610319459810853, 2574280.674228840041906 ], [ 746063.157516676932573, 2574283.017742190975696 ], [ 746062.149007659289055, 2574284.892255563754588 ], [ 746061.306656214292161, 2574286.763413578737527 ], [ 746060.855797110125422, 2574287.226871585007757 ], [ 746060.836000000010245, 2574286.178000000305474 ] ] } },
{ "type": "Feature", "properties": { "osmid": "967840301", "name": "nan", "highway": "residential", "oneway": "False" }, "geometry": { "type": "LineString", "coordinates": [ [ 746066.910999999963678, 2574280.478000000119209 ], [ 746069.936078170663677, 2574271.67201435752213 ], [ 746072.348839154350571, 2574265.538080975878984 ], [ 746074.165219377842732, 2574262.233026809990406 ], [ 746075.90521970030386, 2574260.410708206240088 ], [ 746077.900945668225177, 2574258.869061388541013 ], [ 746080.263919604360126, 2574257.447980193421245 ], [ 746082.839593626209535, 2574256.145180018153042 ], [ 746085.548354671685956, 2574254.849321360234171 ], [ 746088.310287230298854, 2574253.431405432987958 ], [ 746091.113155182800256, 2574251.686208444647491 ], [ 746093.85688562633004, 2574249.500872254371643 ], [ 746096.357046140823513, 2574246.889498345553875 ], [ 746098.459408936440013, 2574244.065555767621845 ], [ 746100.180090121342801, 2574241.226241901516914 ], [ 746101.609967726864852, 2574238.590914029162377 ], [ 746102.930894529796205, 2574236.145759533625096 ], [ 746104.231000000028871, 2574233.815 ] ] } },
{ "type": "Feature", "properties": { "osmid": "238505281", "name": "nan", "highway": "residential", "oneway": "False" }, "geometry": { "type": "LineString", "coordinates": [ [ 746049.628554594935849, 2574482.143509991001338 ], [ 746048.939186860457994, 2574483.411059169564396 ], [ 746048.08829395507928, 2574484.842967560980469 ], [ 746047.067031425773166, 2574486.433925921563059 ], [ 746045.958649949054234, 2574488.103436220437288 ] ] } },
{ "type": "Feature", "properties": { "osmid": "966372997", "name": "nan", "highway": "residential", "oneway": "False" }, "geometry": { "type": "LineString", "coordinates": [ [ 746049.628554594935849, 2574482.143509991001338 ], [ 746050.779547560960054, 2574483.954284479375929 ], [ 746053.747820455231704, 2574486.848694685380906 ], [ 746058.783484573825262, 2574491.010197905357927 ], [ 746062.974790847394615, 2574494.808478903025389 ], [ 746066.080802347045392, 2574498.06455227965489 ], [ 746067.851407776586711, 2574500.594960736110806 ], [ 746069.622013206011616, 2574503.125369192566723 ], [ 746071.392618635552935, 2574505.655777648556978 ], [ 746073.163224065094255, 2574508.186186105478555 ], [ 746074.933829494635575, 2574510.716594562400132 ], [ 746076.704434924176894, 2574513.247003018856049 ], [ 746078.475040353718214, 2574515.777411475311965 ], [ 746080.245645783259533, 2574518.30781993130222 ], [ 746082.016251212800853, 2574520.838228388223797 ], [ 746083.786856642109342, 2574523.368636844679713 ], [ 746085.557462071883492, 2574525.899045301601291 ], [ 746087.328067501424812, 2574528.429453758057207 ], [ 746089.098672930849716, 2574530.959862214513123 ] ] } },
{ "type": "Feature", "properties": { "osmid": "967840299", "name": "nan", "highway": "residential", "oneway": "True" }, "geometry": { "type": "LineString", "coordinates": [ [ 746049.628554594935849, 2574482.143509991001338 ], [ 746050.109518234035932, 2574480.086867350619286 ], [ 746050.576437339535914, 2574477.798763170372695 ], [ 746051.043331807828508, 2574475.168575428891927 ], [ 746051.516651870682836, 2574472.311940875370055 ], [ 746052.000237055588514, 2574469.34409959288314 ], [ 746052.464911977876909, 2574466.373611207585782 ], [ 746052.886321268160827, 2574463.397370124235749 ], [ 746053.250476645305753, 2574460.413763860240579 ], [ 746053.56514808780048, 2574457.423983803484589 ], [ 746053.859048035810702, 2574454.431563281454146 ], [ 746054.155323287006468, 2574451.439275437500328 ], [ 746054.45715014252346, 2574448.447618837002665 ], [ 746054.75609255686868, 2574445.455765694845468 ], [ 746055.041001707664691, 2574442.462525411974639 ], [ 746055.323375330655836, 2574439.468954598996788 ], [ 746055.610260348417796, 2574436.475743567105383 ], [ 746055.912199930637144, 2574433.495878356043249 ], [ 746056.201648503658362, 2574430.524794265627861 ], [ 746056.457556615700014, 2574427.558514598757029 ], [ 746056.652532119303942, 2574424.568687688093632 ], [ 746056.807157440227456, 2574421.559205887373537 ], [ 746056.939523403416388, 2574418.533756971824914 ], [ 746057.072672579903156, 2574415.50833502644673 ], [ 746057.205545602948405, 2574412.482896073255688 ], [ 746057.337607477791607, 2574409.457420349586755 ], [ 746057.468312976765446, 2574406.431884828954935 ], [ 746057.598762028384954, 2574403.40633745258674 ], [ 746057.729324590414762, 2574400.380794974043965 ], [ 746057.859210557769984, 2574397.355224394705147 ], [ 746057.98839837545529, 2574394.329627437517047 ], [ 746058.1205144621199, 2574391.304187258705497 ], [ 746058.247419599909335, 2574388.390873420517892 ], [ 746058.361744503839873, 2574385.589428857900202 ], [ 746058.457984578679316, 2574382.787552446126938 ], [ 746058.597071939962916, 2574379.766058867797256 ], [ 746058.838711477234028, 2574376.530762990470976 ], [ 746059.189760982524604, 2574373.306191495154053 ], [ 746059.549595195334405, 2574370.306938102468848 ], [ 746059.812681994750164, 2574367.521851025056094 ], [ 746059.959316135966219, 2574364.837821824476123 ], [ 746060.033009242150001, 2574362.035215361043811 ], [ 746060.084149985108525, 2574359.11955632083118 ], [ 746060.126442001201212, 2574356.091534605249763 ], [ 746060.16350137500558, 2574353.063434822950512 ], [ 746060.266755613381974, 2574349.930850813630968 ], [ 746060.426097000599839, 2574346.806559336837381 ], [ 746060.608330023474991, 2574343.629175057634711 ], [ 746060.64116729341913, 2574340.608194582629949 ], [ 746060.52684088551905, 2574337.517291851341724 ], [ 746060.331904017017223, 2574334.478065298404545 ], [ 746060.196363110095263, 2574331.383792847860605 ], [ 746060.14393461367581, 2574328.347784945741296 ], [ 746060.141228071064688, 2574325.309862399939448 ], [ 746060.138880921644159, 2574322.384220014791936 ], [ 746060.108364303712733, 2574319.459389353636652 ], [ 746060.067523652338423, 2574316.535815115552396 ], [ 746060.037402929272503, 2574313.388443682808429 ], [ 746060.051276594749652, 2574310.240608589258045 ], [ 746060.079864078084938, 2574307.0913220285438 ], [ 746060.111694942694157, 2574304.053013349417597 ], [ 746060.12382740911562, 2574301.014025643933564 ], [ 746060.129334700875916, 2574298.087439069990069 ], [ 746060.38939740229398, 2574294.910405585542321 ], [ 746060.962591706193052, 2574291.723148299846798 ], [ 746062.19346927292645, 2574287.999553102534264 ], [ 746063.565694069140591, 2574284.803230637218803 ], [ 746065.110609229304828, 2574281.820161309558898 ], [ 746066.279009546618909, 2574279.92987353540957 ], [ 746067.462415902293287, 2574277.9259461928159 ], [ 746068.487120951875113, 2574275.72470961464569 ], [ 746069.042881053523161, 2574274.267150421161205 ], [ 746068.488386932294816, 2574275.799075520131737 ], [ 746066.910999999963678, 2574280.478000000119209 ] ] } },
{ "type": "Feature", "properties": { "osmid": "238505256", "name": "nan", "highway": "secondary", "oneway": "False" }, "geometry": { "type": "LineString", "coordinates": [ [ 745735.796000000089407, 2573849.890000000130385 ], [ 745733.36763177998364, 2573850.353801007848233 ], [ 745730.698198980651796, 2573850.832827773876488 ], [ 745727.719815931632183, 2573851.355662210844457 ], [ 745724.555942567996681, 2573851.876748865004629 ], [ 745721.333571409806609, 2573852.362377513200045 ], [ 745718.189410284627229, 2573852.711445041000843 ], [ 745715.119840806350112, 2573852.96031529456377 ], [ 745712.045736519154161, 2573853.193679403048009 ], [ 745709.009469789452851, 2573853.522892819251865 ], [ 745705.995774536044337, 2573853.977361732628196 ], [ 745703.156769999419339, 2573854.505995396059006 ], [ 745700.272874549380504, 2573855.054585257545114 ], [ 745697.259535072371364, 2573855.615345288533717 ], [ 745694.040367482579313, 2573856.206232115160674 ], [ 745690.724197209696285, 2573856.854244434740394 ], [ 745687.528303160797805, 2573857.504598872270435 ], [ 745684.448657979140989, 2573858.130362476687878 ], [ 745681.485079821315594, 2573858.721222284715623 ], [ 745678.520227047032677, 2573859.306811636779457 ], [ 745675.557008887059055, 2573859.900531951803714 ], [ 745672.598089275415987, 2573860.514103721361607 ], [ 745669.647995322593488, 2573861.165882681962103 ], [ 745666.710125492885709, 2573861.869601260870695 ], [ 745663.705878811073489, 2573862.600965725723654 ], [ 745660.627056500758044, 2573863.314429060090333 ], [ 745657.464154974208213, 2573863.959428627509624 ], [ 745654.263098040479235, 2573864.811174764763564 ], [ 745650.921962588909082, 2573866.160505104344338 ], [ 745647.446, 2573868.04 ] ] } },
{ "type": "Feature", "properties": { "osmid": "238505256", "name": "nan", "highway": "secondary", "oneway": "False" }, "geometry": { "type": "LineString", "coordinates": [ [ 745735.796000000089407, 2573849.890000000130385 ], [ 745739.479993631015532, 2573849.431383701041341 ], [ 745743.047282638493925, 2573849.016648781951517 ], [ 745746.474751285160892, 2573848.529860165435821 ], [ 745749.658275828231126, 2573847.987553840968758 ], [ 745752.800841497723013, 2573847.351193760987371 ], [ 745755.926055281423032, 2573846.741240656469017 ], [ 745759.151180685381405, 2573846.203746630810201 ], [ 745762.411606028210372, 2573845.768675844650716 ], [ 745765.708735831547529, 2573845.44485367834568 ], [ 745768.95433393586427, 2573844.965890420600772 ], [ 745771.934053916018456, 2573844.15205620508641 ], [ 745774.646000000066124, 2573842.990000000223517 ] ] } },
{ "type": "Feature", "properties": { "osmid": "421001885", "name": "nan", "highway": "residential", "oneway": "False" }, "geometry": { "type": "LineString", "coordinates": [ [ 745735.796000000089407, 2573849.890000000130385 ], [ 745736.348633834626526, 2573852.896791458129883 ], [ 745736.78102756140288, 2573856.051067124586552 ], [ 745737.039374337997288, 2573859.357424053829163 ], [ 745737.190651965676807, 2573862.5749616548419 ], [ 745737.313855614396743, 2573865.684107329696417 ], [ 745737.450015168171376, 2573868.679991246666759 ], [ 745737.564415087923408, 2573871.675320752896369 ], [ 745737.616885251365602, 2573874.672869166359305 ], [ 745737.639148042653687, 2573877.673128256108612 ], [ 745737.666777655947953, 2573880.675069915130734 ], [ 745737.726349384873174, 2573883.78836926445365 ], [ 745737.799098798655905, 2573887.012799370568246 ], [ 745737.876275542308576, 2573890.348350625485182 ], [ 745737.95836038433481, 2573893.572419925127178 ], [ 745738.049941364093684, 2573896.684875186532736 ], [ 745738.151850016438402, 2573899.685736204031855 ], [ 745738.252671878319234, 2573902.686710798647255 ], [ 745738.355326274759136, 2573905.687561174854636 ], [ 745738.457160320482217, 2573908.688260002061725 ], [ 745738.562793046818115, 2573911.688588915858418 ], [ 745738.636887486674823, 2573914.80055691441521 ], [ 745738.667155120056123, 2573918.024214181583375 ], [ 745738.697328341775574, 2573921.514313225168735 ], [ 745738.810704403556883, 2573925.202913245651871 ], [ 745739.020999999949709, 2573929.089999999850988 ] ] } },
{ "type": "Feature", "properties": { "osmid": "28692092", "name": "nan", "highway": "residential", "oneway": "False" }, "geometry": { "type": "LineString", "coordinates": [ [ 745735.796000000089407, 2573849.890000000130385 ], [ 745736.36549213307444, 2573849.735672168899328 ], [ 745736.707187412888743, 2573849.643075470346957 ], [ 745736.711631857324392, 2573849.631964358966798 ], [ 745736.013103638892062, 2573847.775671241339296 ], [ 745734.528562795952894, 2573843.767015811987221 ], [ 745732.279978904058225, 2573837.290174424648285 ], [ 745730.029654083191417, 2573831.860436399001628 ], [ 745727.974526721402071, 2573827.754116471856833 ], [ 745726.202081225346774, 2573825.267283835913986 ], [ 745724.429635729175061, 2573822.780451199505478 ], [ 745722.657190233003348, 2573820.293618563562632 ], [ 745720.884744736831635, 2573817.806785927619785 ], [ 745719.112299240776338, 2573815.319953291211277 ], [ 745717.339853744604625, 2573812.833120654802769 ], [ 745715.567408248665743, 2573810.346288018394262 ], [ 745713.79496275249403, 2573807.859455382451415 ], [ 745712.022517256438732, 2573805.372622746508569 ], [ 745710.250071760267019, 2573802.885790110100061 ], [ 745708.527750529232435, 2573800.373946982901543 ], [ 745706.950136554427445, 2573797.78989931428805 ], [ 745705.611812827177346, 2573795.086453054100275 ], [ 745704.507113809115253, 2573792.266435134690255 ], [ 745703.54145650845021, 2573789.377039605285972 ], [ 745702.62025793408975, 2573786.465460516978055 ], [ 745701.69905935972929, 2573783.553881429601461 ], [ 745700.777860785485245, 2573780.642302342224866 ], [ 745699.852436885121278, 2573777.732610585168004 ], [ 745698.852514928788878, 2573774.856194949243218 ], [ 745697.707822187221609, 2573772.044444224331528 ], [ 745696.356536582228728, 2573769.324972540140152 ], [ 745694.868930844240822, 2573766.666391105856746 ], [ 745693.315277702757157, 2573764.037311131134629 ], [ 745691.761624561157078, 2573761.408231156412512 ], [ 745690.172634902060963, 2573758.804574121255428 ], [ 745688.498838520143181, 2573756.261931478511542 ], [ 745686.690765209845267, 2573753.81589468056336 ], [ 745684.769617801532149, 2573751.451209304854274 ], [ 745682.78486650029663, 2573749.132283895742148 ], [ 745680.785981511580758, 2573746.82352700131014 ], [ 745678.78709652274847, 2573744.514770106878132 ], [ 745676.788211533799767, 2573742.206013212446123 ], [ 745674.789326544851065, 2573739.897256317548454 ] ] } },
{ "type": "Feature", "properties": { "osmid": "28691630", "name": "nan", "highway": "residential", "oneway": "False" }, "geometry": { "type": "LineString", "coordinates": [ [ 745552.517, 2573926.150999999605119 ], [ 745554.130510604358278, 2573925.758669257164001 ], [ 745556.228147335466929, 2573925.554396680556238 ], [ 745558.900411159265786, 2573925.487704986240715 ], [ 745561.906270640087314, 2573925.487840065266937 ], [ 745564.888566443347372, 2573925.451156991068274 ], [ 745567.804898703587241, 2573925.338802726473659 ], [ 745570.648782150354236, 2573925.146169146988541 ], [ 745573.643785584834404, 2573924.882125561591238 ], [ 745576.687787903938442, 2573924.731066427659243 ], [ 745579.786557848448865, 2573924.686738764867187 ], [ 745582.831256245612167, 2573924.741337475832552 ], [ 745585.875917937606573, 2573924.79898091359064 ], [ 745588.920325786224566, 2573924.864440742880106 ], [ 745592.076135087758303, 2573924.962692879606038 ], [ 745595.230535721289925, 2573925.092007757164538 ], [ 745598.49614958872553, 2573925.252477534115314 ], [ 745601.648488572216593, 2573925.415047618094832 ], [ 745604.798798230942339, 2573925.605965627823025 ], [ 745607.81091797305271, 2573925.8367401920259 ], [ 745610.796399063779972, 2573926.102193711325526 ], [ 745613.868882652721368, 2573926.367704297881573 ], [ 745616.961715965997428, 2573926.585799464024603 ], [ 745620.076525973156095, 2573926.758513596374542 ], [ 745623.101017919834703, 2573926.900258169975132 ], [ 745626.125363742583431, 2573927.042782445438206 ], [ 745629.149341700482182, 2573927.187927362974733 ], [ 745632.17275000968948, 2573927.338563887402415 ], [ 745635.195048960740678, 2573927.503506100270897 ], [ 745638.214390791370533, 2573927.713884320110083 ], [ 745641.230994916171767, 2573927.964573490899056 ], [ 745644.247050685225986, 2573928.213091020006686 ], [ 745647.347256660810672, 2573928.477480531204492 ], [ 745650.614029454649426, 2573928.809837879613042 ], [ 745654.046000000089407, 2573929.240000000223517 ] ] } },
{ "type": "Feature", "properties": { "osmid": "28691692", "name": "nan", "highway": "residential", "oneway": "False" }, "geometry": { "type": "LineString", "coordinates": [ [ 745552.517, 2573926.150999999605119 ], [ 745552.328831549151801, 2573928.789728540927172 ], [ 745552.220021544140764, 2573931.551012953277677 ], [ 745552.18105817574542, 2573934.545555509626865 ], [ 745552.178738402668387, 2573937.766695719677955 ], [ 745552.183507218607701, 2573940.985613076947629 ], [ 745552.219641854404472, 2573944.092158854473382 ], [ 745552.212836189311929, 2573947.193650772795081 ], [ 745552.188359188265167, 2573950.285533228889108 ], [ 745552.149793410324492, 2573953.478709971532226 ], [ 745552.207214077818207, 2573956.563060826156288 ], [ 745552.251005959813483, 2573959.775334564503282 ], [ 745552.233503816765733, 2573962.895360705908388 ], [ 745552.131227992940694, 2573966.027898050844669 ], [ 745552.010517450515181, 2573969.052546683233231 ], [ 745551.897216474637389, 2573972.077877329662442 ], [ 745551.759179470478557, 2573975.101907077711076 ], [ 745551.610255764331669, 2573978.124945535790175 ], [ 745551.473504960187711, 2573981.147370467428118 ], [ 745551.377392585854977, 2573984.170915387570858 ], [ 745551.30736921809148, 2573987.195526136551052 ], [ 745551.242885501706041, 2573990.220970790367573 ], [ 745551.214827547897585, 2573993.245410041883588 ], [ 745551.28476230148226, 2573996.265825452283025 ], [ 745551.463180003338493, 2573999.636438856367022 ], [ 745551.692621081718244, 2574003.713841691147536 ], [ 745551.916999999899417, 2574008.500999999698251 ] ] } },
{ "type": "Feature", "properties": { "osmid": "28691692", "name": "nan", "highway": "residential", "oneway": "False" }, "geometry": { "type": "LineString", "coordinates": [ [ 745552.517, 2573926.150999999605119 ], [ 745553.025888888747431, 2573925.625444444362074 ], [ 745553.33122222207021, 2573925.310111111029983 ], [ 745553.011092855012976, 2573923.511778222862631 ], [ 745552.165243168012239, 2573919.785511338617653 ], [ 745550.893415542435832, 2573913.686376015655696 ], [ 745550.037388870958239, 2573908.260992479510605 ], [ 745549.599198550451547, 2573903.849184059537947 ], [ 745549.512964107561857, 2573899.349779181648046 ], [ 745549.360849191318266, 2573893.749202730599791 ], [ 745549.144889198592864, 2573887.387278034817427 ], [ 745549.002951267175376, 2573883.485818234737962 ], [ 745548.932999999844469, 2573881.705 ], [ 745548.57966666657012, 2573881.794666666537523 ], [ 745547.519666666630656, 2573882.063666666392237 ], [ 745545.752999999909662, 2573882.512000000104308 ] ] } },
{ "type": "Feature", "properties": { "osmid": "28691630", "name": "nan", "highway": "residential", "oneway": "False" }, "geometry": { "type": "LineString", "coordinates": [ [ 745654.046000000089407, 2573929.240000000223517 ], [ 745656.323628672515042, 2573928.172571449074894 ], [ 745659.159272536984645, 2573927.791178378276527 ], [ 745662.364511171472259, 2573927.831611666362733 ], [ 745665.659879482816905, 2573927.937663540244102 ], [ 745668.767060490441509, 2573927.782047048676759 ], [ 745671.874753009411506, 2573927.63511662511155 ], [ 745674.952365983161144, 2573927.508483655750751 ], [ 745677.989117199555039, 2573927.394298217725009 ], [ 745680.974516321788542, 2573927.290959756821394 ], [ 745683.959902038681321, 2573927.19308292819187 ], [ 745686.955554597894661, 2573927.097437247633934 ], [ 745689.97170816839207, 2573927.01648820983246 ], [ 745692.987655357806943, 2573926.978611549828202 ], [ 745696.003367518656887, 2573927.011215772479773 ], [ 745699.018638684530742, 2573927.104358823038638 ], [ 745702.033634781022556, 2573927.23043516324833 ], [ 745705.04839492670726, 2573927.364783827681094 ], [ 745708.063087465241551, 2573927.500696857925504 ], [ 745711.077791929244995, 2573927.636370680760592 ], [ 745714.092681225272827, 2573927.767714772839099 ], [ 745717.107897087582387, 2573927.891117809340358 ], [ 745720.123472224338911, 2573928.005380372516811 ], [ 745723.139374151243828, 2573928.10699669783935 ], [ 745726.153855653945357, 2573928.153983503114432 ], [ 745729.166824832558632, 2573928.137272782158107 ], [ 745732.268751018331386, 2573928.183175940532237 ], [ 745735.553482695482671, 2573928.496737982612103 ], [ 745739.020999999949709, 2573929.089999999850988 ] ] } },
{ "type": "Feature", "properties": { "osmid": "28691630", "name": "nan", "highway": "residential", "oneway": "False" }, "geometry": { "type": "LineString", "coordinates": [ [ 745654.046000000089407, 2573929.240000000223517 ], [ 745650.614029454649426, 2573928.809837879613042 ], [ 745647.347256660810672, 2573928.477480531204492 ], [ 745644.247050685225986, 2573928.213091020006686 ], [ 745641.230994916171767, 2573927.964573490899056 ], [ 745638.214390791370533, 2573927.713884320110083 ], [ 745635.195048960740678, 2573927.503506100270897 ], [ 745632.17275000968948, 2573927.338563887402415 ], [ 745629.149341700598598, 2573927.187927362974733 ], [ 745626.125363742583431, 2573927.042782445903867 ], [ 745623.101017919834703, 2573926.900258169975132 ], [ 745620.076525973156095, 2573926.758513596840203 ], [ 745616.961715965997428, 2573926.585799464024603 ], [ 745613.868882652837783, 2573926.367704297881573 ], [ 745610.796399063779972, 2573926.102193711325526 ], [ 745607.81091797305271, 2573925.8367401920259 ], [ 745604.798798230825923, 2573925.605965627823025 ], [ 745601.648488571983762, 2573925.415047618094832 ], [ 745598.496149588492699, 2573925.252477534580976 ], [ 745595.230535721289925, 2573925.092007757630199 ], [ 745592.076135087758303, 2573924.962692879606038 ], [ 745588.920325786224566, 2573924.864440742880106 ], [ 745585.875917937606573, 2573924.798980914056301 ], [ 745582.831256245612167, 2573924.741337475832552 ], [ 745579.786557848448865, 2573924.686738764867187 ], [ 745576.687787903938442, 2573924.731066427659243 ], [ 745573.643785584834404, 2573924.882125561591238 ], [ 745570.648782150470652, 2573925.146169146988541 ], [ 745567.804898703470826, 2573925.338802726473659 ], [ 745564.888566443230957, 2573925.451156991068274 ], [ 745561.906270639970899, 2573925.487840065266937 ], [ 745558.900411159149371, 2573925.487704986240715 ], [ 745556.228147335466929, 2573925.554396680556238 ], [ 745554.130510604358278, 2573925.758669257629663 ], [ 745552.517, 2573926.150999999605119 ] ] } },
{ "type": "Feature", "properties": { "osmid": "28691687", "name": "nan", "highway": "residential", "oneway": "False" }, "geometry": { "type": "LineString", "coordinates": [ [ 745654.046000000089407, 2573929.240000000223517 ], [ 745654.02104287862312, 2573930.346711094956845 ], [ 745654.193940798635595, 2573932.312036922667176 ], [ 745654.463581096730195, 2573935.075850501656532 ], [ 745654.733794468571432, 2573938.208676772192121 ], [ 745654.849839600734413, 2573941.27864431636408 ], [ 745654.864787190337665, 2573944.332908693235368 ], [ 745654.817932878737338, 2573947.358187012374401 ], [ 745654.812696181703359, 2573950.351835572626442 ], [ 745654.91881509765517, 2573953.332452910020947 ], [ 745655.029189485241659, 2573956.319693185854703 ], [ 745655.088293588371016, 2573959.319093573372811 ], [ 745655.094527632114477, 2573962.324796061497182 ], [ 745655.11012485565152, 2573965.330515855923295 ], [ 745655.118208556436002, 2573968.335123440716416 ], [ 745655.063250485691242, 2573971.33839862421155 ], [ 745654.94297964789439, 2573974.340352468658239 ], [ 745654.804458614555188, 2573977.342576067429036 ], [ 745654.712927761022002, 2573980.34616570500657 ], [ 745654.686324688605964, 2573983.351338611915708 ], [ 745654.701694057323039, 2573986.357347051147372 ], [ 745654.71527706971392, 2573989.363581518176943 ], [ 745654.685256641008891, 2573992.480413373094052 ], [ 745654.600912761990912, 2573995.596040277276188 ], [ 745654.475979336188175, 2573998.71043305657804 ], [ 745654.378836792544462, 2574001.601852087769657 ], [ 745654.363470804761164, 2574004.493733419105411 ], [ 745654.465665327035822, 2574007.386042336001992 ], [ 745654.646000000066124, 2574010.390000000130385 ] ] } },
{ "type": "Feature", "properties": { "osmid": "28691687", "name": "nan", "highway": "residential", "oneway": "False" }, "geometry": { "type": "LineString", "coordinates": [ [ 745654.046000000089407, 2573929.240000000223517 ], [ 745654.473102383199148, 2573924.45274311164394 ], [ 745654.750243606045842, 2573920.380576816853136 ], [ 745654.879861508961767, 2573917.023541414644569 ], [ 745654.932862792629749, 2573914.024108479265124 ], [ 745654.983708513784222, 2573911.024749176576734 ], [ 745655.036200576927513, 2573908.025541139300913 ], [ 745655.094312271219678, 2573904.915523333940655 ], [ 745655.121569313923828, 2573901.695143751334399 ], [ 745655.054033211083151, 2573898.367668062914163 ], [ 745654.824455438065343, 2573895.163153426721692 ], [ 745654.412134498823434, 2573892.089423108380288 ], [ 745653.825787082198076, 2573889.15382595686242 ], [ 745653.10319323989097, 2573886.246154536958784 ], [ 745652.257210732088424, 2573883.371249772142619 ], [ 745651.315957408049144, 2573880.525403266772628 ], [ 745650.300091994344257, 2573877.587469942867756 ], [ 745649.405919276061468, 2573874.472415414173156 ], [ 745648.653239783714525, 2573871.535309056285769 ], [ 745648.051221208297648, 2573869.367221037857234 ], [ 745647.446, 2573868.04 ] ] } },
{ "type": "Feature", "properties": { "osmid": "28691630", "name": "nan", "highway": "residential", "oneway": "False" }, "geometry": { "type": "LineString", "coordinates": [ [ 745739.020999999949709, 2573929.089999999850988 ], [ 745741.307674090727232, 2573928.951304636895657 ], [ 745744.002063747611828, 2573928.893981279805303 ], [ 745746.999845006968826, 2573928.807336171623319 ], [ 745750.099070009659044, 2573928.672503765206784 ], [ 745753.094392729108222, 2573928.427439896855503 ], [ 745756.084675215766765, 2573928.149593592621386 ], [ 745759.179206618457101, 2573927.826935773249716 ], [ 745762.37938066618517, 2573927.498386273160577 ], [ 745765.698113355436362, 2573927.276230558287352 ], [ 745768.915822147740982, 2573927.18828869285062 ], [ 745772.031635105144233, 2573927.189607655629516 ], [ 745775.038068108609878, 2573927.182161537930369 ], [ 745778.044134108233266, 2573927.127352573443204 ], [ 745781.050011926330626, 2573927.053300446365029 ], [ 745784.055786366690882, 2573926.981010301038623 ], [ 745787.060801336425357, 2573926.912544058635831 ], [ 745790.061093325610273, 2573926.782454570289701 ], [ 745793.053443445474841, 2573926.550308304373175 ], [ 745796.150351604446769, 2573926.241237567272037 ], [ 745799.359460863284767, 2573925.966315487399697 ], [ 745802.687123459181748, 2573925.817399628926069 ], [ 745805.911411735229194, 2573925.790921316947788 ], [ 745809.02134856430348, 2573925.820469776168466 ], [ 745812.416193438693881, 2573926.152336286380887 ], [ 745816.608681563287973, 2573927.080667640082538 ], [ 745821.605999999912456, 2573928.614 ] ] } },
{ "type": "Feature", "properties": { "osmid": "28691630", "name": "nan", "highway": "residential", "oneway": "False" }, "geometry": { "type": "LineString", "coordinates": [ [ 745739.020999999949709, 2573929.089999999850988 ], [ 745735.553482695482671, 2573928.496737982612103 ], [ 745732.268751018331386, 2573928.183175940532237 ], [ 745729.166824832558632, 2573928.137272782158107 ], [ 745726.153855653945357, 2573928.153983503114432 ], [ 745723.139374151360244, 2573928.10699669783935 ], [ 745720.123472224338911, 2573928.00538037205115 ], [ 745717.107897087815218, 2573927.891117809340358 ], [ 745714.092681225272827, 2573927.767714772839099 ], [ 745711.07779192912858, 2573927.636370680760592 ], [ 745708.063087465241551, 2573927.500696857925504 ], [ 745705.04839492647443, 2573927.364783827681094 ], [ 745702.033634780906141, 2573927.23043516324833 ], [ 745699.018638684414327, 2573927.104358823038638 ], [ 745696.003367518656887, 2573927.011215772479773 ], [ 745692.987655357806943, 2573926.978611549828202 ], [ 745689.971708168275654, 2573927.01648820983246 ], [ 745686.95555459766183, 2573927.097437248099595 ], [ 745683.95990203844849, 2573927.19308292819187 ], [ 745680.974516321788542, 2573927.290959756821394 ], [ 745677.989117199555039, 2573927.394298217725009 ], [ 745674.952365983161144, 2573927.508483655750751 ], [ 745671.874753009411506, 2573927.63511662511155 ], [ 745668.767060490441509, 2573927.782047048211098 ], [ 745665.659879482700489, 2573927.937663540244102 ], [ 745662.364511171355844, 2573927.831611666362733 ], [ 745659.159272536984645, 2573927.791178378742188 ], [ 745656.323628672515042, 2573928.172571449074894 ], [ 745654.046000000089407, 2573929.240000000223517 ] ] } },
{ "type": "Feature", "properties": { "osmid": "421001885", "name": "nan", "highway": "residential", "oneway": "False" }, "geometry": { "type": "LineString", "coordinates": [ [ 745739.020999999949709, 2573929.089999999850988 ], [ 745739.053744303528219, 2573931.469894527923316 ], [ 745739.04522752284538, 2573934.282338704913855 ], [ 745738.982326366822235, 2573937.527603150345385 ], [ 745738.902668753173202, 2573940.819591568782926 ], [ 745738.833412854000926, 2573943.998688154388219 ], [ 745738.778993044863455, 2573947.176772381179035 ], [ 745738.656284555792809, 2573950.457947439048439 ], [ 745738.512782841105945, 2573953.745948679745197 ], [ 745738.435605994425714, 2573956.720266651362181 ], [ 745738.496000000042841, 2573959.390000000130385 ] ] } },
{ "type": "Feature", "properties": { "osmid": "421001885", "name": "nan", "highway": "residential", "oneway": "False" }, "geometry": { "type": "LineString", "coordinates": [ [ 745739.020999999949709, 2573929.089999999850988 ], [ 745738.810704403673299, 2573925.202913245651871 ], [ 745738.697328341775574, 2573921.514313225168735 ], [ 745738.667155120172538, 2573918.024214182049036 ], [ 745738.636887486674823, 2573914.80055691441521 ], [ 745738.562793047050945, 2573911.688588915858418 ], [ 745738.457160320482217, 2573908.688260002061725 ], [ 745738.355326274759136, 2573905.687561174854636 ], [ 745738.252671878319234, 2573902.686710798647255 ], [ 745738.151850016671233, 2573899.685736204031855 ], [ 745738.049941364210099, 2573896.684875186532736 ], [ 745737.958360384567641, 2573893.572419925127178 ], [ 745737.876275542308576, 2573890.348350625485182 ], [ 745737.799098798655905, 2573887.012799370568246 ], [ 745737.726349384873174, 2573883.78836926445365 ], [ 745737.666777655947953, 2573880.675069915130734 ], [ 745737.639148042653687, 2573877.673128255177289 ], [ 745737.616885251365602, 2573874.672869166359305 ], [ 745737.564415087923408, 2573871.675320752430707 ], [ 745737.450015168171376, 2573868.679991246666759 ], [ 745737.313855614396743, 2573865.684107329696417 ], [ 745737.190651965676807, 2573862.5749616548419 ], [ 745737.039374337997288, 2573859.357424053829163 ], [ 745736.78102756140288, 2573856.051067124586552 ], [ 745736.348633834626526, 2573852.896791458595544 ], [ 745735.796000000089407, 2573849.890000000130385 ] ] } },
{ "type": "Feature", "properties": { "osmid": "28691630", "name": "nan", "highway": "residential", "oneway": "False" }, "geometry": { "type": "LineString", "coordinates": [ [ 745821.605999999912456, 2573928.614 ], [ 745822.60429807996843, 2573928.633439976722002 ], [ 745824.372715578996576, 2573928.405182569753379 ], [ 745826.941361452336423, 2573928.070653473492712 ], [ 745829.93310866097454, 2573927.792252672836185 ], [ 745832.957814144785516, 2573927.652942552231252 ], [ 745836.090932354331017, 2573927.580941382795572 ], [ 745839.214472399442457, 2573927.569911563303322 ], [ 745842.445602640626021, 2573927.678055234253407 ], [ 745845.573108850629069, 2573927.76368204690516 ], [ 745848.822289418894798, 2573927.784225119743496 ], [ 745851.96582636423409, 2573927.702880514785647 ], [ 745854.987891261582263, 2573927.542472063098103 ], [ 745858.347313240519725, 2573927.636225918773562 ], [ 745862.72852307127323, 2573928.309661047998816 ], [ 745868.252999999909662, 2573929.61200000019744 ] ] } },
{ "type": "Feature", "properties": { "osmid": "28691630", "name": "nan", "highway": "residential", "oneway": "False" }, "geometry": { "type": "LineString", "coordinates": [ [ 745821.605999999912456, 2573928.614 ], [ 745816.608681563287973, 2573927.080667639616877 ], [ 745812.416193438693881, 2573926.152336286380887 ], [ 745809.02134856430348, 2573925.820469776634127 ], [ 745805.911411735229194, 2573925.790921316947788 ], [ 745802.687123459181748, 2573925.817399628926069 ], [ 745799.359460863284767, 2573925.966315487399697 ], [ 745796.150351604446769, 2573926.241237567272037 ], [ 745793.053443445474841, 2573926.550308304373175 ], [ 745790.061093325610273, 2573926.782454570755363 ], [ 745787.060801336192526, 2573926.912544059101492 ], [ 745784.055786366574466, 2573926.981010301038623 ], [ 745781.050011926214211, 2573927.053300446365029 ], [ 745778.044134108233266, 2573927.127352572977543 ], [ 745775.038068108609878, 2573927.182161537930369 ], [ 745772.031635105144233, 2573927.189607655629516 ], [ 745768.915822147740982, 2573927.18828869285062 ], [ 745765.698113355436362, 2573927.276230558287352 ], [ 745762.37938066618517, 2573927.498386273160577 ], [ 745759.179206618457101, 2573927.826935773249716 ], [ 745756.084675215766765, 2573928.149593593087047 ], [ 745753.094392729108222, 2573928.427439896855503 ], [ 745750.099070009659044, 2573928.672503765206784 ], [ 745746.999845006968826, 2573928.807336171623319 ], [ 745744.002063747611828, 2573928.893981279805303 ], [ 745741.307674090727232, 2573928.951304636895657 ], [ 745739.020999999949709, 2573929.089999999850988 ] ] } },
{ "type": "Feature", "properties": { "osmid": "28691634", "name": "nan", "highway": "residential", "oneway": "False" }, "geometry": { "type": "LineString", "coordinates": [ [ 745821.605999999912456, 2573928.614 ], [ 745820.782607088680379, 2573932.050937343854457 ], [ 745820.244744183146395, 2573935.315649770665914 ], [ 745820.010182171594352, 2573938.409281944390386 ], [ 745819.940273596788757, 2573941.417967438697815 ], [ 745819.893949898891151, 2573944.427827407140285 ], [ 745819.853197840624489, 2573947.437708357814699 ], [ 745819.811703344807029, 2573950.447576508391649 ], [ 745819.747447377885692, 2573953.456406218465418 ], [ 745819.642995908390731, 2573956.46322133531794 ], [ 745819.500015425379388, 2573959.468024793080986 ] ] } },
{ "type": "Feature", "properties": { "osmid": "28691634", "name": "nan", "highway": "residential", "oneway": "False" }, "geometry": { "type": "LineString", "coordinates": [ [ 745821.605999999912456, 2573928.614 ], [ 745819.344474518089555, 2573927.094804368913174 ], [ 745817.845617004553787, 2573926.175408967304975 ], [ 745817.227712646243162, 2573925.862378814723343 ], [ 745817.109427459188737, 2573925.855813795700669 ], [ 745817.145632734871469, 2573923.867503909859806 ], [ 745817.211917607695796, 2573919.555711673106998 ], [ 745817.302156399120577, 2573912.585264618042856 ], [ 745817.337812879239209, 2573906.597610051278025 ], [ 745817.325012726709247, 2573901.927920437883586 ], [ 745817.269881619955413, 2573898.911368243861943 ], [ 745817.214750513085164, 2573895.894816050771624 ], [ 745817.159619406214915, 2573892.878263857215643 ], [ 745817.104488299344666, 2573889.861711664125323 ], [ 745817.049357192590833, 2573886.845159470569342 ], [ 745816.994226085836999, 2573883.8286072765477 ], [ 745816.93909497896675, 2573880.812055083457381 ], [ 745816.883963872096501, 2573877.7955028899014 ], [ 745816.828832765226252, 2573874.77895069681108 ], [ 745816.773701658472419, 2573871.762398503255099 ], [ 745816.718570551718585, 2573868.745846309233457 ], [ 745816.663439444848336, 2573865.729294116143137 ], [ 745816.608308338094503, 2573862.712741922587156 ], [ 745816.40135464433115, 2573858.079699785448611 ], [ 745816.159845197573304, 2573852.158150694798678 ], [ 745815.889905676594935, 2573845.283267116174102 ], [ 745815.901306933374144, 2573841.023201403673738 ], [ 745815.965640978887677, 2573839.057160042226315 ], [ 745816.076782134361565, 2573839.049970566760749 ], [ 745816.076782134361565, 2573839.049970566760749 ], [ 745816.076782134361565, 2573839.049970566760749 ] ] } },
{ "type": "Feature", "properties": { "osmid": "28691630", "name": "nan", "highway": "residential", "oneway": "False" }, "geometry": { "type": "LineString", "coordinates": [ [ 745927.8169999999227, 2573929.450999999884516 ], [ 745928.886458442430012, 2573928.918813330587 ], [ 745930.734136197715998, 2573928.67844181926921 ], [ 745933.362256457097828, 2573928.699207842815667 ], [ 745936.447451689629816, 2573928.829000289086252 ], [ 745939.604301378130913, 2573928.935535478871316 ], [ 745942.834603150491603, 2573929.055978375021368 ], [ 745946.011825793539174, 2573929.186310068238527 ], [ 745949.131110357237048, 2573929.330195343121886 ], [ 745952.187812777119689, 2573929.482043988537043 ], [ 745955.24305640917737, 2573929.639216182753444 ], [ 745958.299003314808942, 2573929.771095346659422 ], [ 745961.357021237257868, 2573929.872288080397993 ], [ 745964.436609338386916, 2573929.977930012624711 ], [ 745967.53362030396238, 2573930.134386996272951 ], [ 745970.639026516582817, 2573930.403473144862801 ], [ 745973.654810588224791, 2573930.805770966690034 ], [ 745976.528040709439665, 2573931.357385865878314 ], [ 745979.267, 2573932.000999999698251 ] ] } },
{ "type": "Feature", "properties": { "osmid": "28691630", "name": "nan", "highway": "residential", "oneway": "False" }, "geometry": { "type": "LineString", "coordinates": [ [ 745927.8169999999227, 2573929.450999999884516 ], [ 745922.857433017692529, 2573928.611229807138443 ], [ 745918.672655715607107, 2573928.131032679229975 ], [ 745915.262679202947766, 2573928.011626939754933 ], [ 745912.240023138816468, 2573928.067279519978911 ], [ 745909.217184027191252, 2573928.11052592145279 ], [ 745906.19418979564216, 2573928.142469642218202 ], [ 745903.17121837195009, 2573928.175277401227504 ], [ 745900.148459119140171, 2573928.2232536226511 ], [ 745897.125933006987907, 2573928.286309402901679 ], [ 745894.103605180978775, 2573928.359476259443909 ], [ 745891.081329746055417, 2573928.432272544130683 ], [ 745888.058993451413698, 2573928.500593589618802 ], [ 745885.036490601487458, 2573928.562265158165246 ], [ 745882.01394222676754, 2573928.624370980542153 ], [ 745878.991609770222567, 2573928.695331277791411 ], [ 745876.054000513977371, 2573928.810167104005814 ], [ 745873.116238306625746, 2573928.876760273706168 ], [ 745870.664063611417077, 2573928.995338358450681 ], [ 745869.014712601783685, 2573929.210857885424048 ], [ 745868.252999999909662, 2573929.61200000019744 ] ] } },
{ "type": "Feature", "properties": { "osmid": "365240519", "name": "nan", "highway": "residential", "oneway": "False" }, "geometry": { "type": "LineString", "coordinates": [ [ 745927.8169999999227, 2573929.450999999884516 ], [ 745927.077100083581172, 2573931.036307761445642 ], [ 745927.005465773516335, 2573933.548568215686828 ], [ 745927.273476026020944, 2573936.697688439395279 ], [ 745927.547534153331071, 2573940.020158388651907 ], [ 745927.508156006340869, 2573943.052782064303756 ], [ 745927.485909049515612, 2573946.08567482046783 ], [ 745927.466121230158024, 2573949.118607092648745 ], [ 745927.420442137517966, 2573952.150871335994452 ], [ 745927.331667910213582, 2573955.181988959666342 ], [ 745927.198154642130248, 2573958.211653314996511 ], [ 745927.036052270326763, 2573961.240285140927881 ], [ 745926.864578402950428, 2573964.268466686364263 ], [ 745926.737645333982073, 2573967.296650434378535 ], [ 745926.675047177355736, 2573970.325414170976728 ], [ 745926.678961936035194, 2573973.354884475935251 ], [ 745926.677260625292547, 2573976.385674404446036 ], [ 745926.635679919854738, 2573979.416932942345738 ], [ 745926.540217270608991, 2573982.448138177860528 ], [ 745926.419552849023603, 2573985.478683027904481 ], [ 745926.304886547732167, 2573988.509358660783619 ], [ 745926.222226626356132, 2573991.540776949841529 ], [ 745926.18069116875995, 2573994.573130415286869 ], [ 745926.16336951975245, 2573997.605988555122167 ], [ 745926.138101716060191, 2574000.751184727530926 ], [ 745926.077528025372885, 2574004.00780534138903 ], [ 745925.956910499371588, 2574007.37438510870561 ], [ 745925.737917855847627, 2574010.655154640320688 ], [ 745925.399150281678885, 2574013.880205285269767 ], [ 745924.966999999945983, 2574017.051 ] ] } },
{ "type": "Feature", "properties": { "osmid": "365240519", "name": "nan", "highway": "residential", "oneway": "False" }, "geometry": { "type": "LineString", "coordinates": [ [ 745927.8169999999227, 2573929.450999999884516 ], [ 745927.038334680721164, 2573926.073186149820685 ], [ 745927.015355048584752, 2573922.353981561493129 ], [ 745927.348860399448313, 2573918.68966043042019 ], [ 745927.663914576289244, 2573915.25081787398085 ], [ 745927.57312137784902, 2573912.09564645588398 ], [ 745927.474237532005645, 2573908.827914426103234 ], [ 745927.366256685112603, 2573905.447663340717554 ], [ 745927.259319274802692, 2573902.180168200749904 ], [ 745927.159249608404934, 2573899.025286552961916 ], [ 745927.072321787592955, 2573895.982875304296613 ], [ 745927.005732628051192, 2573892.940005386248231 ], [ 745926.958121470175683, 2573889.896723399404436 ], [ 745926.922971178195439, 2573886.740437864791602 ], [ 745926.915943775791675, 2573883.288729055318981 ], [ 745926.960166269447654, 2573879.359005957376212 ], [ 745927.055999999982305, 2573875.063999999780208 ] ] } },
{ "type": "Feature", "properties": { "osmid": "28691618", "name": "nan", "highway": "tertiary", "oneway": "False" }, "geometry": { "type": "LineString", "coordinates": [ [ 746058.680999999982305, 2573929.364 ], [ 746062.417628609691747, 2573930.540759126190096 ], [ 746063.294923886074685, 2573932.736740474123508 ], [ 746061.212923885905184, 2573935.81385158514604 ], [ 746058.002999999909662, 2573938.61200000019744 ] ] } },
{ "type": "Feature", "properties": { "osmid": "28691630", "name": "nan", "highway": "residential", "oneway": "False" }, "geometry": { "type": "LineString", "coordinates": [ [ 746058.680999999982305, 2573929.364 ], [ 746060.292654982767999, 2573929.432048242073506 ], [ 746060.1916549828602, 2573929.839714908972383 ], [ 746058.378000000026077, 2573930.586999999824911 ] ] } },
{ "type": "Feature", "properties": { "osmid": "28691618", "name": "nan", "highway": "tertiary", "oneway": "False" }, "geometry": { "type": "LineString", "coordinates": [ [ 746058.680999999982305, 2573929.364 ], [ 746062.097921626991592, 2573928.646187928970903 ], [ 746062.662029024329968, 2573926.706986377947032 ], [ 746060.444627370568924, 2573923.233843613881618 ], [ 746058.127932051196694, 2573919.120829003397375 ], [ 746056.858016610261984, 2573915.239899489562958 ], [ 746056.566559009836055, 2573911.903180865570903 ], [ 746056.348470617551357, 2573909.003048325423151 ], [ 746056.074556829989888, 2573906.106384377926588 ], [ 746055.739890349679627, 2573903.213837392162532 ], [ 746055.373594172648154, 2573900.211672416422516 ], [ 746054.994701309595257, 2573897.211058035027236 ], [ 746054.593529631267302, 2573894.213495199102908 ], [ 746054.166390084312297, 2573891.334058796521276 ], [ 746053.648291112855077, 2573888.357704030815512 ], [ 746053.062767459079623, 2573885.280938617885113 ], [ 746053.143587566097267, 2573881.049264553934336 ], [ 746054.195539696258493, 2573876.393021561671048 ], [ 746056.278144525364041, 2573871.481392228510231 ], [ 746058.025023511261679, 2573868.243080890271813 ], [ 746059.202999999979511, 2573866.162 ] ] } },
{ "type": "Feature", "properties": { "osmid": "28691634", "name": "nan", "highway": "residential", "oneway": "False" }, "geometry": { "type": "LineString", "coordinates": [ [ 745816.076782134361565, 2573839.049970566760749 ], [ 745816.076782134361565, 2573839.049970566760749 ], [ 745816.076782134361565, 2573839.049970566760749 ], [ 745815.965640978887677, 2573839.057160042226315 ], [ 745815.901306933374144, 2573841.023201403673738 ], [ 745815.889905676362105, 2573845.283267115708441 ], [ 745816.159845197573304, 2573852.158150694333017 ], [ 745816.40135464433115, 2573858.079699784982949 ], [ 745816.608308338094503, 2573862.712741922587156 ], [ 745816.663439444848336, 2573865.729294116143137 ], [ 745816.718570551718585, 2573868.745846310164779 ], [ 745816.773701658472419, 2573871.762398503255099 ], [ 745816.828832765226252, 2573874.77895069681108 ], [ 745816.883963872096501, 2573877.7955028899014 ], [ 745816.93909497896675, 2573880.812055083457381 ], [ 745816.994226085836999, 2573883.828607277479023 ], [ 745817.049357192590833, 2573886.845159470569342 ], [ 745817.104488299344666, 2573889.861711664125323 ], [ 745817.159619406214915, 2573892.878263857215643 ], [ 745817.214750513085164, 2573895.894816050771624 ], [ 745817.269881619955413, 2573898.911368244793266 ], [ 745817.325012726709247, 2573901.927920437883586 ], [ 745817.337812879239209, 2573906.597610051278025 ], [ 745817.302156399120577, 2573912.585264618042856 ], [ 745817.211917607695796, 2573919.555711673106998 ], [ 745817.145632734871469, 2573923.867503909859806 ], [ 745817.109427459188737, 2573925.855813795700669 ], [ 745817.227712646243162, 2573925.862378814723343 ], [ 745817.845617004553787, 2573926.175408967304975 ], [ 745819.344474518089555, 2573927.094804368913174 ], [ 745821.605999999912456, 2573928.614 ] ] } },
{ "type": "Feature", "properties": { "osmid": "238505256", "name": "nan", "highway": "secondary", "oneway": "False" }, "geometry": { "type": "LineString", "coordinates": [ [ 745816.076782134361565, 2573839.049970566760749 ], [ 745813.086831056512892, 2573839.367537988815457 ], [ 745810.057070534792729, 2573839.644041682127863 ], [ 745806.918287315056659, 2573839.950259396340698 ], [ 745803.6697885383619, 2573840.278746783733368 ], [ 745800.393765614950098, 2573840.737806878518313 ], [ 745797.230863623321056, 2573841.201311004813761 ], [ 745794.094072521547787, 2573841.644733163993806 ], [ 745790.931743377936073, 2573842.005762957036495 ], [ 745787.660515831434168, 2573842.323512964416295 ], [ 745784.454500493477099, 2573842.716217389795929 ], [ 745781.258065378642641, 2573843.039087226614356 ], [ 745778.017609352595173, 2573843.1616729372181 ], [ 745774.646000000066124, 2573842.990000000223517 ] ] } },
{ "type": "Feature", "properties": { "osmid": "238505256", "name": "nan", "highway": "secondary", "oneway": "False" }, "geometry": { "type": "LineString", "coordinates": [ [ 745816.076782134361565, 2573839.049970566760749 ], [ 745819.08070969209075, 2573838.985948665067554 ], [ 745822.080442340229638, 2573838.839039659593254 ], [ 745825.064945646678098, 2573838.584992373362184 ], [ 745828.034706775099039, 2573838.238241291139275 ], [ 745830.990026090876199, 2573837.819174745585769 ], [ 745833.946561556425877, 2573837.316279078368098 ], [ 745837.006059989798814, 2573836.690113890450448 ], [ 745840.056129868258722, 2573835.968826426658779 ], [ 745843.088151144329458, 2573835.172723386902362 ], [ 745845.892712121945806, 2573834.390101814642549 ], [ 745848.693139171344228, 2573833.590567065402865 ], [ 745851.493275808519684, 2573832.78904215246439 ], [ 745854.393603932694532, 2573831.935140696819872 ], [ 745857.272336807567626, 2573831.019289895426482 ], [ 745860.128854461829178, 2573830.039800839498639 ], [ 745862.982125900103711, 2573829.054030042607337 ], [ 745865.860662584309466, 2573828.144760915543884 ], [ 745868.765237487736158, 2573827.314217490144074 ] ] } },
{ "type": "Feature", "properties": { "osmid": "28691634", "name": "nan", "highway": "residential", "oneway": "False" }, "geometry": { "type": "LineString", "coordinates": [ [ 745818.831, 2574014.713999999687076 ], [ 745819.051513972692192, 2574017.772659632842988 ], [ 745819.193146379548125, 2574020.844070181716233 ], [ 745819.183589071966708, 2574024.034820741042495 ], [ 745819.035421483567916, 2574027.169651739764959 ], [ 745818.831527482252568, 2574030.297689393162727 ], [ 745818.710440457216464, 2574033.318705044221133 ], [ 745818.699351995252073, 2574036.346095152199268 ], [ 745818.738990988698788, 2574039.381441941019148 ], [ 745818.748350752633996, 2574042.418130295351148 ], [ 745818.735257931053638, 2574045.455084621906281 ], [ 745818.723034787341021, 2574048.491288434248418 ], [ 745818.780039039440453, 2574051.524641675874591 ], [ 745818.840306096361019, 2574054.553374928887933 ], [ 745818.925235730945133, 2574057.576553888153285 ], [ 745818.882735997904092, 2574060.709984444081783 ], [ 745818.840713781421073, 2574063.724781690631062 ], [ 745818.804627246689051, 2574066.389439786784351 ], [ 745818.872992065153085, 2574068.590507575310767 ] ] } },
{ "type": "Feature", "properties": { "osmid": "28691634", "name": "nan", "highway": "residential", "oneway": "False" }, "geometry": { "type": "LineString", "coordinates": [ [ 745818.831, 2574014.713999999687076 ], [ 745818.86785394011531, 2574011.648811338003725 ], [ 745818.849020103923976, 2574008.607471657916903 ], [ 745818.797343914047815, 2574005.588485239539295 ], [ 745818.746733246953227, 2574002.57996178464964 ], [ 745818.73245851660613, 2573999.570029303431511 ], [ 745818.755639748764224, 2573996.56081280624494 ], [ 745818.80694884096738, 2573993.440828041639179 ], [ 745818.872283126227558, 2573990.209985678549856 ], [ 745818.908356238622218, 2573986.866977335419506 ], [ 745818.924293041345663, 2573983.634670399595052 ], [ 745818.935203249217011, 2573980.513112878426909 ], [ 745818.978785834158771, 2573977.50371986720711 ], [ 745819.073372957878746, 2573974.496268320828676 ], [ 745819.221915836562403, 2573971.491143280640244 ], [ 745819.388320037629455, 2573968.486966683063656 ], [ 745819.507920509204268, 2573965.481794280931354 ], [ 745819.539246845874004, 2573962.475266298279166 ], [ 745819.500015425379388, 2573959.468024793080986 ] ] } },
{ "type": "Feature", "properties": { "osmid": "28691648", "name": "nan", "highway": "residential", "oneway": "False" }, "geometry": { "type": "LineString", "coordinates": [ [ 745818.831, 2574014.713999999687076 ], [ 745820.551314742187969, 2574014.768867814913392 ], [ 745822.794538775109686, 2574014.786933010444045 ], [ 745825.560667084064335, 2574014.758455773815513 ], [ 745828.588172201067209, 2574014.701693942304701 ], [ 745831.616017192718573, 2574014.648888342548162 ], [ 745834.644293826539069, 2574014.610848202835768 ], [ 745837.672951528336853, 2574014.58126604789868 ], [ 745840.701747755985707, 2574014.55449286242947 ], [ 745843.730379018117674, 2574014.520477481652051 ], [ 745846.870805975864641, 2574014.485291207209229 ], [ 745850.122847574180923, 2574014.438892032485455 ], [ 745853.486861584126018, 2574014.406886199489236 ], [ 745856.738418976659887, 2574014.401051392313093 ], [ 745859.953876734129153, 2574014.498093121219426 ], [ 745863.209250088199042, 2574014.736769605893642 ], [ 745866.616999999969266, 2574015.100999999791384 ] ] } },
{ "type": "Feature", "properties": { "osmid": "28691648", "name": "nan", "highway": "residential", "oneway": "False" }, "geometry": { "type": "LineString", "coordinates": [ [ 745818.831, 2574014.713999999687076 ], [ 745814.471134009188972, 2574014.556603164877743 ], [ 745810.640741916256957, 2574014.369101799558848 ], [ 745807.339516392326914, 2574014.166966725606471 ], [ 745804.303660017554648, 2574013.955789403989911 ], [ 745801.265464697033167, 2574013.800361841451377 ], [ 745798.226709695532918, 2574013.715690235141665 ], [ 745795.187585382256657, 2574013.74085454037413 ], [ 745792.150997132877819, 2574013.814164457842708 ], [ 745789.226839915267192, 2574013.883692931383848 ], [ 745786.413218540255912, 2574013.902475278358907 ], [ 745783.708995685912669, 2574013.894726281519979 ], [ 745780.890202571754344, 2574013.859840825200081 ], [ 745777.958534645847976, 2574013.818888820707798 ], [ 745774.915956743410788, 2574013.811345567461103 ], [ 745771.874781163060106, 2574013.877134690061212 ], [ 745768.834519586525857, 2574013.992826312314719 ], [ 745765.792020965716802, 2574014.081255849916488 ], [ 745762.694698804407381, 2574014.107272343710065 ], [ 745759.542250684462488, 2574014.081180745735765 ], [ 745756.335752390441485, 2574014.034963676240295 ], [ 745753.180343129322864, 2574013.994228128343821 ], [ 745750.076756419963203, 2574013.952119514811784 ], [ 745747.138645979575813, 2574013.906688090413809 ], [ 745744.31371862872038, 2574013.850690757855773 ], [ 745741.749329355661757, 2574013.820203609298915 ], [ 745739.367079797317274, 2574013.837333826813847 ], [ 745737.166999999899417, 2574013.900999999605119 ] ] } },
{ "type": "Feature", "properties": { "osmid": "28691643", "name": "nan", "highway": "residential", "oneway": "False" }, "geometry": { "type": "LineString", "coordinates": [ [ 745552.966999999945983, 2574116.350999999791384 ], [ 745555.510206587612629, 2574116.405085960403085 ], [ 745558.294129532179795, 2574116.402410516049713 ], [ 745561.318292559939437, 2574116.292643571272492 ], [ 745564.461184119456448, 2574116.087078997399658 ], [ 745567.586072655743919, 2574115.819650735706091 ], [ 745570.685832463554107, 2574115.540649303700775 ], [ 745573.753534133196808, 2574115.260416507255286 ], [ 745576.81460147164762, 2574114.974063299130648 ], [ 745579.876263541751541, 2574114.677809984888881 ], [ 745582.945633132592775, 2574114.367125947028399 ], [ 745586.013066731509753, 2574114.03866377286613 ], [ 745589.268630211241543, 2574113.601436971221119 ], [ 745592.902955125668086, 2574112.969494928140193 ], [ 745596.916999999899417, 2574112.150999999605119 ] ] } },
{ "type": "Feature", "properties": { "osmid": "28691676", "name": "nan", "highway": "residential", "oneway": "False" }, "geometry": { "type": "LineString", "coordinates": [ [ 745552.966999999945983, 2574116.350999999791384 ], [ 745552.960333333350718, 2574116.17600000044331 ], [ 745553.071188321220689, 2574116.092140819411725 ], [ 745552.965698523796163, 2574117.921078046783805 ], [ 745552.629088874906301, 2574121.97206669440493 ], [ 745551.816874332842417, 2574128.512080132495612 ], [ 745551.18334604462143, 2574134.242062192875892 ], [ 745550.741945742745884, 2574138.817757865879685 ], [ 745550.620970148011111, 2574141.91605295939371 ], [ 745550.499994553159922, 2574145.014348051976413 ], [ 745550.379018958308734, 2574148.112643144559115 ], [ 745550.258043363573961, 2574151.210938237141818 ], [ 745550.137067768839188, 2574154.309233330190182 ], [ 745550.016092174104415, 2574157.407528422772884 ], [ 745549.895116579253227, 2574160.505823515821248 ], [ 745549.774140984402038, 2574163.604118609335274 ], [ 745549.653165389667265, 2574166.702413701917976 ], [ 745549.532189794932492, 2574169.800708794500679 ], [ 745549.411214200197719, 2574172.899003887083381 ], [ 745549.290238605346531, 2574175.997298980131745 ], [ 745549.436196186696179, 2574180.680283504072577 ], [ 745549.862528677098453, 2574186.603702449705452 ], [ 745550.58267780917231, 2574193.423300805035979 ], [ 745551.076218963251449, 2574197.625444698613137 ], [ 745551.334742583800107, 2574199.714679235592484 ], [ 745551.349839114933275, 2574200.195549522060901 ], [ 745551.375, 2574200.997 ] ] } },
{ "type": "Feature", "properties": { "osmid": "28691676", "name": "nan", "highway": "residential", "oneway": "False" }, "geometry": { "type": "LineString", "coordinates": [ [ 745552.966999999945983, 2574116.350999999791384 ], [ 745552.702432026620954, 2574113.719735136721283 ], [ 745552.536656436393969, 2574110.92366405017674 ], [ 745552.458207059069537, 2574107.849690502975136 ], [ 745552.361731797573157, 2574104.581169464159757 ], [ 745552.007351655047387, 2574101.158204335253686 ], [ 745551.248504777438939, 2574098.014082418754697 ], [ 745550.05000603524968, 2574095.455071233678609 ], [ 745548.720161768258549, 2574093.874107450246811 ], [ 745547.416999999899417, 2574092.950999999884516 ] ] } },
{ "type": "Feature", "properties": { "osmid": "28691643", "name": "nan", "highway": "residential", "oneway": "False" }, "geometry": { "type": "LineString", "coordinates": [ [ 745596.916999999899417, 2574112.150999999605119 ], [ 745598.858464525896125, 2574112.337795448023826 ], [ 745601.227245893678628, 2574112.497426407411695 ], [ 745604.029807749204338, 2574112.574941169004887 ], [ 745607.157812397927046, 2574112.568064434453845 ], [ 745610.291390275233425, 2574112.489861899521202 ], [ 745613.436710747308098, 2574112.363372998777777 ], [ 745616.394259250140749, 2574112.191298532765359 ], [ 745619.387623304384761, 2574111.980227353516966 ], [ 745622.341181344352663, 2574111.724564954638481 ], [ 745625.344892687280662, 2574111.43879132764414 ], [ 745628.27709091315046, 2574111.125673193950206 ], [ 745631.257677215267904, 2574110.840465837623924 ], [ 745634.288106591557153, 2574110.54434553347528 ], [ 745637.371083045960404, 2574110.220407188404351 ], [ 745640.545254294294864, 2574109.838801730424166 ], [ 745643.90999297297094, 2574109.427268932107836 ], [ 745647.466999999945983, 2574109.000999999698251 ] ] } },
{ "type": "Feature", "properties": { "osmid": "28691643", "name": "nan", "highway": "residential", "oneway": "False" }, "geometry": { "type": "LineString", "coordinates": [ [ 745596.916999999899417, 2574112.150999999605119 ], [ 745592.902955125668086, 2574112.969494928140193 ], [ 745589.268630211241543, 2574113.601436971221119 ], [ 745586.013066731509753, 2574114.03866377286613 ], [ 745582.945633132592775, 2574114.367125947028399 ], [ 745579.876263541751541, 2574114.677809984888881 ], [ 745576.814601471531205, 2574114.974063299130648 ], [ 745573.753534133080393, 2574115.260416507255286 ], [ 745570.685832463554107, 2574115.540649303700775 ], [ 745567.586072655743919, 2574115.819650735706091 ], [ 745564.461184119456448, 2574116.087078997399658 ], [ 745561.318292559706606, 2574116.292643571272492 ], [ 745558.294129532179795, 2574116.402410516049713 ], [ 745555.510206587612629, 2574116.405085959937423 ], [ 745552.966999999945983, 2574116.350999999791384 ] ] } },
{ "type": "Feature", "properties": { "osmid": "28691680", "name": "nan", "highway": "residential", "oneway": "False" }, "geometry": { "type": "LineString", "coordinates": [ [ 745596.916999999899417, 2574112.150999999605119 ], [ 745596.544757374911569, 2574108.953133313450962 ], [ 745596.09544857556466, 2574105.833186600822955 ], [ 745595.582107826718129, 2574102.78926474461332 ], [ 745595.050129961571656, 2574099.781082887668163 ], [ 745594.524890587315895, 2574096.771879543550313 ], [ 745593.960914945229888, 2574093.769227153155953 ], [ 745593.347112534567714, 2574090.775519894901663 ], [ 745592.688148560468107, 2574087.790201038587838 ], [ 745591.895787663408555, 2574084.736505582462996 ], [ 745590.908452963340096, 2574081.640192100778222 ], [ 745589.669900625478476, 2574078.519123962614685 ], [ 745588.363078033551574, 2574075.534041953738779 ], [ 745587.089166014804505, 2574072.641425037756562 ], [ 745585.92812433373183, 2574069.814895445015281 ], [ 745584.842728380928747, 2574066.955278348643333 ], [ 745583.816442608949728, 2574064.073549727443606 ], [ 745582.814813178963959, 2574061.183358686510473 ], [ 745581.813170644571073, 2574058.410045451950282 ], [ 745580.885930914082564, 2574055.734943820163608 ], [ 745580.080336643033661, 2574053.125518405344337 ], [ 745579.489828984369524, 2574050.319290369283408 ], [ 745578.891362277325243, 2574047.270312478765845 ], [ 745578.269807558972389, 2574044.13343073381111 ], [ 745577.446837294381112, 2574041.083113888278604 ], [ 745576.60746030358132, 2574038.280594023410231 ], [ 745575.703537189983763, 2574035.488217234611511 ], [ 745574.794006615877151, 2574032.687061661388725 ], [ 745573.816237820661627, 2574029.78944233385846 ], [ 745572.797000065096654, 2574026.905956204514951 ], [ 745571.785445074900053, 2574024.019443336874247 ], [ 745570.809323918656446, 2574021.120779158081859 ], [ 745569.81923422741238, 2574018.108871679753065 ], [ 745567.2394934380427, 2574014.936554206069559 ], [ 745561.499777887831442, 2574011.554278955794871 ], [ 745552.652999999932945, 2574008.062 ] ] } },
{ "type": "Feature", "properties": { "osmid": "28691643", "name": "nan", "highway": "residential", "oneway": "False" }, "geometry": { "type": "LineString", "coordinates": [ [ 745647.466999999945983, 2574109.000999999698251 ], [ 745643.90999297297094, 2574109.427268932107836 ], [ 745640.545254294178449, 2574109.838801730424166 ], [ 745637.371083045843989, 2574110.220407188404351 ], [ 745634.288106591557153, 2574110.54434553347528 ], [ 745631.257677215267904, 2574110.840465837623924 ], [ 745628.27709091315046, 2574111.125673193950206 ], [ 745625.344892687280662, 2574111.438791328109801 ], [ 745622.341181344352663, 2574111.724564954638481 ], [ 745619.387623304384761, 2574111.980227353516966 ], [ 745616.394259250140749, 2574112.191298532765359 ], [ 745613.436710747308098, 2574112.363372999243438 ], [ 745610.291390275233425, 2574112.489861898589879 ], [ 745607.157812397927046, 2574112.568064433988184 ], [ 745604.029807749204338, 2574112.574941169004887 ], [ 745601.227245893678628, 2574112.497426407411695 ], [ 745598.858464525896125, 2574112.337795448023826 ], [ 745596.916999999899417, 2574112.150999999605119 ] ] } },
{ "type": "Feature", "properties": { "osmid": "28691643", "name": "nan", "highway": "residential", "oneway": "False" }, "geometry": { "type": "LineString", "coordinates": [ [ 745647.466999999945983, 2574109.000999999698251 ], [ 745649.792642390937544, 2574109.013019366655499 ], [ 745652.532534371945076, 2574109.260644196532667 ], [ 745655.570429687504657, 2574109.49263588571921 ], [ 745658.699133789283223, 2574109.588970882818103 ], [ 745661.71160350041464, 2574109.471143302042037 ], [ 745664.721408403944224, 2574109.455096093937755 ], [ 745667.71681052504573, 2574109.639785115141422 ], [ 745670.679438594845124, 2574110.083845917601138 ], [ 745673.598867810913362, 2574110.780021291226149 ], [ 745676.489517933339812, 2574111.618395512923598 ], [ 745679.384413723251782, 2574112.447036679834127 ], [ 745682.420983559335582, 2574113.162744616623968 ], [ 745685.603316161315888, 2574113.737818432506174 ], [ 745688.918700560578145, 2574114.216338306199759 ], [ 745692.131759435520507, 2574114.631674046628177 ], [ 745695.233513324521482, 2574115.036568556446582 ], [ 745698.2188562102383, 2574115.464760281611234 ], [ 745701.165848966222256, 2574115.910893013235182 ], [ 745704.189491665572859, 2574116.339207224547863 ], [ 745707.297916694660671, 2574116.677946597803384 ], [ 745710.55935858504381, 2574116.924386549275368 ], [ 745713.751930116326548, 2574117.063538899645209 ], [ 745716.870891788159497, 2574117.136258804704994 ], [ 745719.881115698139183, 2574117.155090069398284 ], [ 745722.891628022189252, 2574117.158969340845942 ], [ 745725.902052890043706, 2574117.168848349247128 ], [ 745729.26056652457919, 2574117.325558361131698 ], [ 745733.315483301063068, 2574117.756523592397571 ], [ 745738.0669999999227, 2574118.450999999884516 ] ] } },
{ "type": "Feature", "properties": { "osmid": "28691687", "name": "nan", "highway": "residential", "oneway": "False" }, "geometry": { "type": "LineString", "coordinates": [ [ 745647.466999999945983, 2574109.000999999698251 ], [ 745648.114384288317524, 2574110.657496225554496 ], [ 745649.048552876920439, 2574112.895431680604815 ], [ 745649.951640534331091, 2574115.682964250911027 ], [ 745650.638554800418206, 2574118.736023176927119 ], [ 745650.965082847629674, 2574121.757185387890786 ], [ 745651.230546044302173, 2574124.782089576590806 ], [ 745651.459577606525272, 2574127.808968843426555 ], [ 745651.655881585436873, 2574130.851098166778684 ], [ 745651.802821692428552, 2574134.018063498660922 ], [ 745651.878802262246609, 2574137.194477793294936 ], [ 745651.907356781302951, 2574140.370947887189686 ], [ 745651.977244785637595, 2574143.319337075110525 ], [ 745652.147724142763764, 2574146.264123931992799 ], [ 745652.401565305306576, 2574149.206315772607923 ], [ 745652.671051871380769, 2574152.26181427622214 ], [ 745652.909122181124985, 2574155.319925398100168 ], [ 745653.126008080434985, 2574158.379828225821257 ], [ 745653.358177691348828, 2574161.438299615401775 ], [ 745653.627872057608329, 2574164.568147702608258 ], [ 745653.907592267612927, 2574167.656945698428899 ], [ 745654.142073425929993, 2574170.821764540392905 ], [ 745654.275151028879918, 2574173.913956003729254 ], [ 745654.321384988841601, 2574177.046674997080117 ], [ 745654.293264936772175, 2574180.104587549343705 ], [ 745654.223879834637046, 2574183.160978126805276 ], [ 745654.121039949473925, 2574186.215631056576967 ], [ 745654.023328835144639, 2574189.156026441603899 ], [ 745653.999155358411372, 2574192.366032999474555 ], [ 745654.062758877989836, 2574196.339737995993346 ], [ 745654.196, 2574201.19 ] ] } },
{ "type": "Feature", "properties": { "osmid": "28691687", "name": "nan", "highway": "residential", "oneway": "False" }, "geometry": { "type": "LineString", "coordinates": [ [ 745647.466999999945983, 2574109.000999999698251 ], [ 745647.48662074340973, 2574104.686013381928205 ], [ 745647.349094153381884, 2574100.879998981487006 ], [ 745647.046897486317903, 2574097.58391988882795 ], [ 745646.666256400174461, 2574094.542415191885084 ], [ 745646.29598643805366, 2574091.499915723223239 ], [ 745645.951041171443649, 2574088.454513916745782 ], [ 745645.622901663649827, 2574085.407173698302358 ], [ 745645.278778226464055, 2574082.361887577455491 ], [ 745644.90230451093521, 2574079.320998330134898 ], [ 745644.519567299750634, 2574076.28253892576322 ], [ 745644.236732466495596, 2574073.356143842916936 ], [ 745644.200733193662018, 2574070.668741298373789 ], [ 745644.615056809503585, 2574068.322218204382807 ], [ 745645.598349812324159, 2574066.189212245400995 ], [ 745647.138728833408095, 2574064.093489023391157 ], [ 745648.991355232428759, 2574061.905961415264755 ], [ 745650.859893702436239, 2574059.577779160346836 ], [ 745652.468672257266007, 2574057.085401229094714 ], [ 745653.660415377002209, 2574054.281502906233072 ], [ 745654.399760479107499, 2574051.197785777505487 ], [ 745654.767197903129272, 2574047.89876720495522 ], [ 745654.912298711482435, 2574044.67153542349115 ], [ 745654.944454935262911, 2574041.547978347633034 ], [ 745654.928601852036081, 2574038.535088033415377 ], [ 745654.879613350494765, 2574035.522240178193897 ], [ 745654.810744642396457, 2574032.509784352499992 ], [ 745654.714672171510756, 2574029.474879493005574 ], [ 745654.567321032867767, 2574026.417910756077617 ], [ 745654.38273208134342, 2574023.336476882919669 ], [ 745654.207292745355517, 2574020.274410727899522 ], [ 745654.172302163555287, 2574017.141785769257694 ], [ 745654.330181847210042, 2574013.853999627288431 ], [ 745654.646000000066124, 2574010.390000000130385 ] ] } },
{ "type": "Feature", "properties": { "osmid": "421001885", "name": "nan", "highway": "residential", "oneway": "False" }, "geometry": { "type": "LineString", "coordinates": [ [ 745738.0669999999227, 2574118.450999999884516 ], [ 745737.86213072470855, 2574119.867413545027375 ], [ 745738.120425859000534, 2574122.189421489369124 ], [ 745738.524259967380203, 2574125.234441917389631 ], [ 745738.881411583046429, 2574128.550446797162294 ], [ 745738.950689696357585, 2574131.684296648483723 ], [ 745739.035438654362224, 2574134.818966794759035 ], [ 745739.160637579974718, 2574137.82063931459561 ], [ 745739.285211165435612, 2574140.897143631707877 ], [ 745739.416638119262643, 2574143.9241005894728 ], [ 745739.43082053528633, 2574147.156757466495037 ], [ 745739.403827142901719, 2574150.167953722644597 ], [ 745739.353837287053466, 2574151.249074980150908 ], [ 745739.363253094139509, 2574148.33330145990476 ], [ 745739.396000000066124, 2574141.640000000130385 ] ] } },
{ "type": "Feature", "properties": { "osmid": "28691643", "name": "nan", "highway": "residential", "oneway": "False" }, "geometry": { "type": "LineString", "coordinates": [ [ 745738.0669999999227, 2574118.450999999884516 ], [ 745739.290014069061726, 2574118.117198088672012 ], [ 745741.305696581955999, 2574118.199572016019374 ], [ 745744.092039135284722, 2574118.512937430292368 ], [ 745747.253344086348079, 2574118.828760751988739 ], [ 745750.394491682294756, 2574118.90858835959807 ], [ 745753.530500206514262, 2574118.922644812148064 ], [ 745756.647121215821244, 2574118.904408906120807 ], [ 745759.729447588906623, 2574118.894675788003951 ], [ 745762.777688954491168, 2574118.935011848341674 ], [ 745765.805175795801915, 2574119.022536732722074 ], [ 745768.825855869450606, 2574119.139959381427616 ], [ 745771.846296730916947, 2574119.264572279062122 ], [ 745774.866153376526199, 2574119.400051699951291 ], [ 745777.885230826213956, 2574119.551540832500905 ], [ 745780.904145947075449, 2574119.706599600613117 ], [ 745784.036008578143083, 2574119.838757817167789 ], [ 745787.28115110786166, 2574119.93618501862511 ], [ 745790.639316967688501, 2574120.001253196503967 ], [ 745793.885950768832117, 2574120.046854812186211 ], [ 745797.020814944407903, 2574120.080788809340447 ], [ 745800.043812289717607, 2574120.102506045717746 ], [ 745803.066880744416267, 2574120.115512657444924 ], [ 745806.089961747056805, 2574120.122934503480792 ], [ 745809.563892022590153, 2574120.226792791858315 ], [ 745813.939559260965325, 2574120.519866900518537 ], [ 745819.216999999945983, 2574121.000999999698251 ] ] } },
{ "type": "Feature", "properties": { "osmid": "28691643", "name": "nan", "highway": "residential", "oneway": "False" }, "geometry": { "type": "LineString", "coordinates": [ [ 745738.0669999999227, 2574118.450999999884516 ], [ 745733.315483301063068, 2574117.756523592397571 ], [ 745729.26056652457919, 2574117.325558361131698 ], [ 745725.902052890043706, 2574117.168848349247128 ], [ 745722.891628022189252, 2574117.158969340845942 ], [ 745719.881115698139183, 2574117.155090069398284 ], [ 745716.870891788159497, 2574117.136258804704994 ], [ 745713.751930116210133, 2574117.063538899645209 ], [ 745710.55935858481098, 2574116.924386549275368 ], [ 745707.297916694660671, 2574116.677946597803384 ], [ 745704.189491665572859, 2574116.339207224082202 ], [ 745701.165848966105841, 2574115.910893012303859 ], [ 745698.2188562102383, 2574115.464760281611234 ], [ 745695.233513324521482, 2574115.036568556446582 ], [ 745692.131759435520507, 2574114.631674047093838 ], [ 745688.918700560810976, 2574114.216338306199759 ], [ 745685.603316161199473, 2574113.737818432506174 ], [ 745682.420983559335582, 2574113.162744616623968 ], [ 745679.384413723251782, 2574112.447036679834127 ], [ 745676.489517933339812, 2574111.618395512923598 ], [ 745673.598867810913362, 2574110.780021291226149 ], [ 745670.679438594845124, 2574110.083845917601138 ], [ 745667.71681052504573, 2574109.639785115141422 ], [ 745664.721408403944224, 2574109.455096093937755 ], [ 745661.71160350041464, 2574109.471143302042037 ], [ 745658.699133789283223, 2574109.588970882818103 ], [ 745655.570429687504657, 2574109.492635886650532 ], [ 745652.532534371945076, 2574109.260644196532667 ], [ 745649.792642390937544, 2574109.013019366655499 ], [ 745647.466999999945983, 2574109.000999999698251 ] ] } },
{ "type": "Feature", "properties": { "osmid": "421001885", "name": "nan", "highway": "residential", "oneway": "False" }, "geometry": { "type": "LineString", "coordinates": [ [ 745738.0669999999227, 2574118.450999999884516 ], [ 745738.160362944472581, 2574113.955122803803533 ], [ 745738.221107129123993, 2574110.042014550417662 ], [ 745738.24550318333786, 2574106.711680842097849 ], [ 745738.228967222268693, 2574103.672435505781323 ], [ 745738.196411893237382, 2574100.632977995555848 ], [ 745738.148357780533843, 2574097.593422131147236 ], [ 745738.06840329663828, 2574094.557636106852442 ], [ 745737.913584171794355, 2574091.531409447547048 ], [ 745737.692441880237311, 2574088.51711039757356 ], [ 745737.463311102357693, 2574085.510086505208164 ], [ 745737.307034559897147, 2574082.501453369390219 ], [ 745737.222233144450001, 2574079.488636737223715 ], [ 745737.177977136336267, 2574076.472673102747649 ], [ 745737.135481141856872, 2574073.456682020332664 ], [ 745737.096858523436822, 2574070.440724460873753 ], [ 745737.071847005863674, 2574067.42468195175752 ], [ 745737.066028627450578, 2574064.408524808008224 ], [ 745737.074989961110987, 2574061.392289212439209 ], [ 745737.090932706254534, 2574058.37607662146911 ], [ 745737.093135253060609, 2574055.360104034189135 ], [ 745737.081981429248117, 2574052.34441412659362 ], [ 745737.068522192887031, 2574049.329079364892095 ], [ 745737.089381131692789, 2574046.313848083373159 ], [ 745737.1409858627012, 2574043.298708238173276 ], [ 745737.175933381426148, 2574040.284650573972613 ], [ 745737.176312640309334, 2574037.271962775848806 ], [ 745737.174069217522629, 2574034.262301307171583 ], [ 745737.236519263591617, 2574031.25386488577351 ], [ 745737.328608960029669, 2574028.246523953508586 ], [ 745737.380504344706424, 2574025.236816729418933 ], [ 745737.345412649563514, 2574022.225247743073851 ], [ 745737.272219215403311, 2574019.291200062725693 ], [ 745737.207211077096872, 2574016.516383079346269 ], [ 745737.166999999899417, 2574013.900999999605119 ] ] } },
{ "type": "Feature", "properties": { "osmid": "28691643", "name": "nan", "highway": "residential", "oneway": "False" }, "geometry": { "type": "LineString", "coordinates": [ [ 745867.752851080382243, 2574122.861148764844984 ], [ 745864.719119201530702, 2574122.680263627786189 ], [ 745861.683496594778262, 2574122.547229424584657 ], [ 745858.646215318120085, 2574122.457941588014364 ], [ 745855.608753684093244, 2574122.386375724337995 ], [ 745852.572836688137613, 2574122.264272395521402 ], [ 745849.426211065030657, 2574122.082444665487856 ], [ 745846.167936978978105, 2574121.860710347536951 ], [ 745842.796355589176528, 2574121.654370987787843 ], [ 745839.535008831531741, 2574121.502676615957171 ], [ 745836.384040089673363, 2574121.402278667315841 ], [ 745833.344920232892036, 2574121.316277838777751 ], [ 745830.306398952263407, 2574121.21010858239606 ], [ 745827.268754113349132, 2574121.078068489674479 ], [ 745824.231134890229441, 2574120.941706195939332 ], [ 745821.648806365090422, 2574120.85954504692927 ], [ 745819.977330975816585, 2574120.881231401115656 ], [ 745819.216999999945983, 2574121.000999999698251 ] ] } },
{ "type": "Feature", "properties": { "osmid": "365240697", "name": "nan", "highway": "residential", "oneway": "False" }, "geometry": { "type": "LineString", "coordinates": [ [ 745867.752851080382243, 2574122.861148764844984 ], [ 745868.086447048583068, 2574122.914665311574936 ], [ 745868.531305351760238, 2574122.985604257788509 ], [ 745868.772282878053375, 2574124.747866582125425 ], [ 745868.815850525046699, 2574128.543128345627338 ], [ 745868.445954519789666, 2574134.678220810368657 ], [ 745868.188153327791952, 2574140.129179230425507 ], [ 745868.035976051236503, 2574144.554327545687556 ], [ 745868.094214127748273, 2574147.629412094131112 ], [ 745868.152452204376459, 2574150.704496642574668 ], [ 745868.21069028088823, 2574153.779581191018224 ], [ 745868.268928357516415, 2574156.85466573946178 ], [ 745868.327166434261017, 2574159.929750287905335 ], [ 745868.385404510772787, 2574163.004834836348891 ], [ 745868.443642587400973, 2574166.079919384792447 ], [ 745868.501880663912743, 2574169.155003933236003 ], [ 745868.560118740540929, 2574172.230088481213897 ], [ 745868.61835681728553, 2574175.305173029657453 ], [ 745868.676594893797301, 2574178.380257578101009 ] ] } },
{ "type": "Feature", "properties": { "osmid": "365240697", "name": "nan", "highway": "residential", "oneway": "False" }, "geometry": { "type": "LineString", "coordinates": [ [ 745867.752851080382243, 2574122.861148764844984 ], [ 745867.19400653836783, 2574122.792546418495476 ], [ 745866.858699813019484, 2574122.751385010778904 ], [ 745866.812133035622537, 2574121.030318266246468 ], [ 745866.93599153298419, 2574117.267688213381916 ], [ 745867.11196063098032, 2574111.101836878806353 ], [ 745867.20309030264616, 2574105.599519310519099 ], [ 745867.215926312841475, 2574101.108673010021448 ], [ 745867.157014426775277, 2574097.977235481608659 ], [ 745867.098102540709078, 2574094.845797953661531 ], [ 745867.03919065464288, 2574091.714360425714403 ], [ 745866.980278768693097, 2574088.582922897767276 ], [ 745866.921366882859729, 2574085.451485369354486 ], [ 745866.862454996793531, 2574082.320047840941697 ], [ 745866.803543110727333, 2574079.18861031299457 ], [ 745866.744631224661134, 2574076.057172785047442 ], [ 745866.685719338711351, 2574072.925735257100314 ], [ 745866.626807452645153, 2574069.794297728687525 ] ] } },
{ "type": "Feature", "properties": { "osmid": "28691643", "name": "nan", "highway": "residential", "oneway": "False" }, "geometry": { "type": "LineString", "coordinates": [ [ 745867.752851080382243, 2574122.861148764844984 ], [ 745870.633229339378886, 2574122.90560896275565 ], [ 745873.71237814927008, 2574122.879240985959768 ], [ 745876.993397081736475, 2574122.81371918739751 ], [ 745880.211569717503153, 2574122.775469104293734 ], [ 745883.323102391790599, 2574122.763305334374309 ], [ 745886.325074778287672, 2574122.749288933817297 ], [ 745889.327632150612772, 2574122.708657321054488 ], [ 745892.330402054009028, 2574122.663929762784392 ], [ 745895.329957626760006, 2574122.575305292848498 ], [ 745898.324422678095289, 2574122.453032414894551 ], [ 745901.313043141388334, 2574122.307493246626109 ], [ 745904.301889349706471, 2574122.215182030573487 ], [ 745907.294359036255628, 2574122.186346248257905 ], [ 745910.291940633556806, 2574122.199270751792938 ], [ 745913.291961693670601, 2574122.201939772348851 ], [ 745916.403337595867924, 2574122.1917336541228 ], [ 745919.735657720942982, 2574122.208578870166093 ], [ 745923.288771799649112, 2574122.264062503352761 ] ] } },
{ "type": "Feature", "properties": { "osmid": "28691643", "name": "nan", "highway": "residential", "oneway": "False" }, "geometry": { "type": "LineString", "coordinates": [ [ 745977.991999999852851, 2574126.176 ], [ 745979.193257578299381, 2574126.911622481420636 ], [ 745981.238185811322182, 2574128.064303874503821 ], [ 745983.995192992617376, 2574129.246098725125194 ], [ 745987.016720386222005, 2574130.370196239557117 ], [ 745989.870977079495788, 2574131.251234440132976 ], [ 745992.690459622070193, 2574132.274650075938553 ], [ 745995.497871601139195, 2574133.340603763703257 ], [ 745998.433305464219302, 2574134.356518933083862 ], [ 746001.458649984677322, 2574135.438148066401482 ], [ 746004.576080072321929, 2574136.638449900317937 ], [ 746007.563919137348421, 2574138.030908294953406 ], [ 746010.359362487099133, 2574139.420295856893063 ], [ 746013.032547788345255, 2574140.825767642818391 ], [ 746015.65744005877059, 2574142.234964489936829 ], [ 746018.489002587622963, 2574143.670252790674567 ], [ 746021.40350282099098, 2574144.881694051902741 ], [ 746024.73258911666926, 2574145.887351857032627 ], [ 746028.620246475678869, 2574146.816954015288502 ], [ 746033.116999999969266, 2574147.850999999791384 ] ] } },
{ "type": "Feature", "properties": { "osmid": "28691643", "name": "nan", "highway": "residential", "oneway": "False" }, "geometry": { "type": "LineString", "coordinates": [ [ 745977.991999999852851, 2574126.176 ], [ 745973.432628863956779, 2574125.015960654243827 ], [ 745969.511963248136453, 2574124.122713837772608 ], [ 745966.226315904757939, 2574123.530496151652187 ], [ 745963.249801355879754, 2574123.159959008451551 ], [ 745960.261080069816671, 2574122.899692653212696 ], [ 745957.264561830670573, 2574122.704794283956289 ], [ 745954.154692409560084, 2574122.544545923825353 ], [ 745950.935387547709979, 2574122.439581939484924 ], [ 745947.604997876449488, 2574122.431650383863598 ], [ 745944.38533205690328, 2574122.494712826330215 ], [ 745941.274171129916795, 2574122.543904904276133 ], [ 745938.272139978245832, 2574122.546315151732415 ], [ 745935.268409979878925, 2574122.527051756158471 ], [ 745932.264367547701113, 2574122.53242753027007 ], [ 745929.264399329782464, 2574122.523723248392344 ], [ 745926.272540022619069, 2574122.437926250044256 ], [ 745923.288771799649112, 2574122.264062503352761 ] ] } },
{ "type": "Feature", "properties": { "osmid": "28691659", "name": "nan", "highway": "residential", "oneway": "False" }, "geometry": { "type": "LineString", "coordinates": [ [ 745977.991999999852851, 2574126.176 ], [ 745978.266546408995055, 2574121.890365306753665 ], [ 745978.506685378146358, 2574118.117786221206188 ], [ 745978.65851590258535, 2574114.85409073298797 ], [ 745978.714547280571423, 2574111.842670679558069 ], [ 745978.698001507669687, 2574108.827098282054067 ], [ 745978.667441002093256, 2574105.81151646701619 ], [ 745978.661877771257423, 2574102.795830544549972 ], [ 745978.678463584277779, 2574099.78002161020413 ], [ 745978.704299935954623, 2574096.764187527354807 ], [ 745978.706439613713883, 2574093.748360839206725 ], [ 745978.683029706589878, 2574090.732560984324664 ], [ 745978.657403438934125, 2574087.716746918391436 ], [ 745978.675352197140455, 2574084.702014780137688 ], [ 745978.762110958457924, 2574081.689279222860932 ], [ 745978.899737756233662, 2574078.678518675733358 ], [ 745979.046674534329213, 2574075.667953863274306 ], [ 745979.168700051493943, 2574072.655837398022413 ], [ 745979.263654390000738, 2574069.642047295346856 ], [ 745979.323529478628188, 2574066.626960198860615 ], [ 745979.348394097411074, 2574063.611307337414473 ], [ 745979.343659017235041, 2574060.59521384164691 ], [ 745979.352952960296534, 2574057.579904469195753 ], [ 745979.386930018546991, 2574054.565676380414516 ], [ 745979.442373736179434, 2574051.552546596620232 ], [ 745979.477940920158289, 2574048.538864750415087 ], [ 745979.516135241836309, 2574045.524588858708739 ], [ 745979.596087459474802, 2574042.511492894496769 ], [ 745979.7634842133848, 2574039.502394661772996 ], [ 745979.987493357271887, 2574036.386063246522099 ], [ 745980.212024184991606, 2574033.177026100456715 ], [ 745980.383362781605683, 2574029.864634672179818 ], [ 745980.509332035086118, 2574026.663875866681337 ], [ 745980.601110402378254, 2574023.64752546697855 ], [ 745980.677110339864157, 2574020.824011602904648 ], [ 745980.743122907006182, 2574018.089482709299773 ], [ 745980.811690143309534, 2574015.240926275029778 ], [ 745980.890055565279908, 2574012.278592157643288 ], [ 745980.939818229177035, 2574009.089832786936313 ], [ 745980.871945799677633, 2574005.79691575281322 ], [ 745980.73449468484614, 2574002.524876612704247 ], [ 745980.649590168264695, 2573999.509235728997737 ], [ 745980.790778671042062, 2573996.737931834999472 ], [ 745981.04459903750103, 2573993.9650774798356 ], [ 745981.265051867230795, 2573991.061750106979162 ], [ 745981.339020718471147, 2573988.031601914670318 ], [ 745981.318928788299672, 2573984.995717059355229 ], [ 745981.245276904199272, 2573981.960388909559697 ], [ 745981.162750934832729, 2573978.925881754606962 ], [ 745981.077567946515046, 2573975.782272521406412 ], [ 745980.995436596334912, 2573972.643162686843425 ], [ 745980.868722689687274, 2573969.508372834417969 ], [ 745980.71879518928472, 2573966.596876337658614 ], [ 745980.573935383115895, 2573963.680794800166041 ], [ 745980.457446742337197, 2573960.760463824030012 ], [ 745980.359886715072207, 2573957.726569355931133 ], [ 745980.263932053581811, 2573954.69302507257089 ], [ 745980.178877132828347, 2573951.659041867125779 ], [ 745980.080328930751421, 2573948.624750298913568 ], [ 745979.968717956566252, 2573945.590219289530069 ], [ 745979.847920078318566, 2573942.555504448246211 ], [ 745979.706147094722837, 2573939.359493192750961 ], [ 745979.515464449301362, 2573935.841203887015581 ], [ 745979.267, 2573932.000999999698251 ] ] } },
{ "type": "Feature", "properties": { "osmid": "1069960949", "name": "nan", "highway": "residential", "oneway": "False" }, "geometry": { "type": "LineString", "coordinates": [ [ 745977.991999999852851, 2574126.176 ], [ 745977.479038267862052, 2574127.765722951386124 ], [ 745977.208593595190905, 2574129.270971855614334 ], [ 745977.235153360292315, 2574130.329686478246003 ], [ 745977.327404868439771, 2574130.858807930257171 ], [ 745977.400774311739951, 2574130.942338539753109 ], [ 745977.268824324011803, 2574132.865453300531954 ], [ 745977.012398683466017, 2574137.052497215569019 ], [ 745976.638971725013107, 2574143.844284677412361 ], [ 745976.419917759019881, 2574149.735400557052344 ], [ 745976.347762450692244, 2574154.385030461940914 ], [ 745976.415031465119682, 2574157.452359999064356 ], [ 745976.482300479430705, 2574160.519689535722136 ], [ 745976.549569493741728, 2574163.587019072379917 ], [ 745976.616838508169167, 2574166.654348608572036 ], [ 745976.68410752248019, 2574169.721678145695478 ], [ 745976.751376536791213, 2574172.789007682353258 ], [ 745976.818645551218651, 2574175.8563372194767 ], [ 745976.885914565529674, 2574178.92366675613448 ], [ 745976.953183579840697, 2574181.990996292326599 ], [ 745976.975935258087702, 2574186.427867565769702 ], [ 745976.946695265476592, 2574191.893466182053089 ], [ 745976.857989266864024, 2574198.046977749094367 ], [ 745976.791377599467523, 2574201.808504400774837 ], [ 745976.863962106057443, 2574203.538933090399951 ], [ 745977.192844629636966, 2574203.599150768946856 ], [ 745977.740982168819755, 2574203.699513566680253 ] ] } },
{ "type": "Feature", "properties": { "osmid": "28691643", "name": "nan", "highway": "residential", "oneway": "False" }, "geometry": { "type": "LineString", "coordinates": [ [ 746056.116999999969266, 2574147.300999999511987 ], [ 746050.989188980311155, 2574147.545482934918255 ], [ 746046.700504061416723, 2574147.673708820249885 ], [ 746043.251068560406566, 2574147.685605815146118 ], [ 746040.227878607925959, 2574147.705081864725798 ], [ 746037.425375674967654, 2574147.762550016399473 ], [ 746035.057268220814876, 2574147.833180835936219 ], [ 746033.116999999969266, 2574147.850999999791384 ] ] } },
{ "type": "Feature", "properties": { "osmid": "28692217", "name": "nan", "highway": "tertiary", "oneway": "False" }, "geometry": { "type": "LineString", "coordinates": [ [ 746056.116999999969266, 2574147.300999999511987 ], [ 746056.811841060291044, 2574150.432671615853906 ], [ 746057.544701280072331, 2574153.521268042270094 ], [ 746058.282006973982789, 2574156.559542616363615 ], [ 746058.98631781572476, 2574159.553203884512186 ], [ 746059.73919475695584, 2574162.490306755062193 ], [ 746060.632562974351458, 2574165.235244911629707 ], [ 746061.809292179415934, 2574167.717813808470964 ], [ 746063.326155950664543, 2574169.845156352501363 ], [ 746065.309757172013633, 2574171.703787844162434 ], [ 746067.703380776685663, 2574173.237038905266672 ], [ 746070.411196108558215, 2574174.454737143125385 ], [ 746073.273824876756407, 2574175.306264543905854 ], [ 746076.219363283715211, 2574175.855866320896894 ], [ 746079.208521284977905, 2574176.175567453261465 ], [ 746082.216266396455467, 2574176.362792454659939 ], [ 746085.229152950458229, 2574176.500937454868108 ], [ 746088.240035900380462, 2574176.660023760516196 ], [ 746091.354535829275846, 2574176.893182311672717 ], [ 746094.653241678024642, 2574177.339342128951102 ], [ 746098.382680771755986, 2574178.618000179063529 ], [ 746101.785895657609217, 2574180.369497248437256 ], [ 746104.15847146732267, 2574182.024670505430549 ], [ 746105.256000000052154, 2574182.938999999780208 ] ] } },
{ "type": "Feature", "properties": { "osmid": "28692217", "name": "nan", "highway": "tertiary", "oneway": "False" }, "geometry": { "type": "LineString", "coordinates": [ [ 746056.116999999969266, 2574147.300999999511987 ], [ 746056.065551830106415, 2574145.491524141281843 ], [ 746056.593314013443887, 2574142.908455546479672 ], [ 746057.191093695000745, 2574139.79180708900094 ], [ 746057.579657165450044, 2574136.528016685508192 ], [ 746057.492816946003586, 2574133.503370774444193 ], [ 746057.460524593596347, 2574130.477968223392963 ], [ 746057.495981346233748, 2574127.452726714778692 ], [ 746057.59809648944065, 2574124.541574324015528 ], [ 746057.774577302508987, 2574121.634095622226596 ], [ 746057.998023873311467, 2574118.72959804860875 ], [ 746058.23285041435156, 2574115.601283597294241 ], [ 746058.417563327006064, 2574112.46962354471907 ], [ 746058.559028838411905, 2574109.335052978713065 ], [ 746058.692067266441882, 2574106.312196876853704 ], [ 746058.863614534609951, 2574103.403952740132809 ], [ 746059.083983835182153, 2574100.498751021455973 ], [ 746059.316590152564459, 2574097.594201291445643 ], [ 746059.538360539940186, 2574094.464422006160021 ], [ 746059.727318127988838, 2574091.332469148095697 ], [ 746059.918593601905741, 2574088.313936050515622 ], [ 746060.151297808275558, 2574085.413306989241391 ], [ 746060.370627034804784, 2574082.519744265358895 ], [ 746060.508294866303913, 2574079.404226294718683 ], [ 746060.477902633487247, 2574076.283361343666911 ], [ 746060.364166505634785, 2574073.154511566739529 ], [ 746060.219768656417727, 2574070.132070884574205 ], [ 746060.108869722113013, 2574067.107538440730423 ], [ 746060.018786709173582, 2574064.082397866528481 ], [ 746059.954934382927604, 2574061.0566111584194 ], [ 746059.925303047872148, 2574058.03051965823397 ], [ 746059.907962541212328, 2574055.005035769660026 ], [ 746059.892867582384497, 2574051.980753431562334 ], [ 746059.850211555254646, 2574048.946684124413878 ], [ 746059.805893731419928, 2574045.890756472479552 ], [ 746059.762054706923664, 2574042.80140963755548 ], [ 746059.735685572144575, 2574039.80516328336671 ], [ 746059.721312359091826, 2574036.913507472723722 ], [ 746059.729993740445934, 2574034.137829234357923 ], [ 746059.741985319764353, 2574031.247322502080351 ], [ 746059.724053043988533, 2574028.253981111105531 ], [ 746059.630240296362899, 2574025.165913181379437 ], [ 746059.47386002948042, 2574022.106234828010201 ], [ 746059.275268598925322, 2574019.059336499776691 ], [ 746059.071266592130996, 2574016.016670997720212 ], [ 746058.874759883969091, 2574012.969823470339179 ], [ 746058.71137646434363, 2574009.921458269935101 ], [ 746058.593361538252793, 2574006.871205362025648 ], [ 746058.551183338277042, 2574003.820464888121933 ], [ 746058.605722344829701, 2574000.77221203269437 ], [ 746058.777503141202033, 2573997.728258000221103 ], [ 746059.029617703170516, 2573994.687779956962913 ], [ 746059.31433536845725, 2573991.648043783847243 ], [ 746059.597886471427046, 2573988.607978494372219 ], [ 746059.868602836038917, 2573985.567030860111117 ], [ 746060.103885492193513, 2573982.637645587325096 ], [ 746060.309591068420559, 2573979.820612518582493 ], [ 746060.512922705966048, 2573977.117940843570977 ], [ 746060.742511995951645, 2573974.417810234706849 ] ] } },
{ "type": "Feature", "properties": { "osmid": "28691648", "name": "nan", "highway": "residential", "oneway": "False" }, "geometry": { "type": "LineString", "coordinates": [ [ 745654.646000000066124, 2574010.390000000130385 ], [ 745656.08700289868284, 2574010.309001355897635 ], [ 745658.271464626304805, 2574010.049470016267151 ], [ 745661.194362185779028, 2574009.801867151632905 ], [ 745664.539449984207749, 2574009.663728728424758 ], [ 745667.767753039370291, 2574009.729967201594263 ], [ 745670.884094542823732, 2574009.818832744378597 ], [ 745673.888562394306064, 2574009.925879625137895 ], [ 745676.892795979510993, 2574010.042802492156625 ], [ 745679.893631399259903, 2574010.192317722830921 ], [ 745682.881761874072254, 2574010.435488365124911 ], [ 745685.857059218920767, 2574010.772694012150168 ], [ 745688.825955708394758, 2574011.146769838407636 ], [ 745691.918557209894061, 2574011.432127906009555 ], [ 745695.134730903781019, 2574011.636233333032578 ], [ 745698.469864026643336, 2574011.801214855164289 ], [ 745701.690501264645718, 2574012.005684734787792 ], [ 745704.79713638627436, 2574012.235563339665532 ], [ 745707.792793203610927, 2574012.422152211423963 ], [ 745710.788269162992947, 2574012.561952101066709 ], [ 745713.779240905656479, 2574012.705049237702042 ], [ 745716.846949844737537, 2574012.956080237869173 ], [ 745720.005645824596286, 2574013.277317570522428 ], [ 745723.272697599721141, 2574013.585152156185359 ], [ 745726.49246423447039, 2574013.793877285439521 ], [ 745729.801655450952239, 2574013.899758744984865 ], [ 745733.335527404793538, 2574013.924340675584972 ], [ 745737.166999999899417, 2574013.900999999605119 ] ] } },
{ "type": "Feature", "properties": { "osmid": "28691687", "name": "nan", "highway": "residential", "oneway": "False" }, "geometry": { "type": "LineString", "coordinates": [ [ 745654.646000000066124, 2574010.390000000130385 ], [ 745654.330181846977212, 2574013.853999627288431 ], [ 745654.172302163322456, 2574017.141785769257694 ], [ 745654.207292745355517, 2574020.274410727899522 ], [ 745654.38273208134342, 2574023.336476882919669 ], [ 745654.567321032867767, 2574026.417910756077617 ], [ 745654.714672171510756, 2574029.474879492539912 ], [ 745654.810744642629288, 2574032.509784352499992 ], [ 745654.879613350494765, 2574035.522240178193897 ], [ 745654.928601852036081, 2574038.535088033881038 ], [ 745654.94445493503008, 2574041.547978347633034 ], [ 745654.912298711482435, 2574044.67153542349115 ], [ 745654.767197903129272, 2574047.89876720495522 ], [ 745654.399760479107499, 2574051.197785777505487 ], [ 745653.660415377002209, 2574054.281502906233072 ], [ 745652.468672257266007, 2574057.085401229560375 ], [ 745650.859893702436239, 2574059.577779160346836 ], [ 745648.991355232428759, 2574061.905961415264755 ], [ 745647.138728833640926, 2574064.093489023391157 ], [ 745645.598349812091328, 2574066.189212245400995 ], [ 745644.615056809503585, 2574068.322218204382807 ], [ 745644.200733193662018, 2574070.668741297908127 ], [ 745644.236732466495596, 2574073.356143843382597 ], [ 745644.519567299750634, 2574076.28253892576322 ], [ 745644.90230451093521, 2574079.320998330134898 ], [ 745645.278778226464055, 2574082.361887577455491 ], [ 745645.622901663649827, 2574085.40717369876802 ], [ 745645.951041171443649, 2574088.454513916280121 ], [ 745646.29598643805366, 2574091.499915723223239 ], [ 745646.666256400174461, 2574094.542415191885084 ], [ 745647.046897486317903, 2574097.58391988882795 ], [ 745647.349094153381884, 2574100.879998981487006 ], [ 745647.48662074340973, 2574104.686013381928205 ], [ 745647.466999999945983, 2574109.000999999698251 ] ] } },
{ "type": "Feature", "properties": { "osmid": "28691687", "name": "nan", "highway": "residential", "oneway": "False" }, "geometry": { "type": "LineString", "coordinates": [ [ 745654.646000000066124, 2574010.390000000130385 ], [ 745654.465665327035822, 2574007.386042336001992 ], [ 745654.363470804528333, 2574004.493733419105411 ], [ 745654.378836792428046, 2574001.601852087769657 ], [ 745654.475979336188175, 2573998.71043305657804 ], [ 745654.600912761874497, 2573995.596040277276188 ], [ 745654.685256641008891, 2573992.480413373094052 ], [ 745654.71527706971392, 2573989.363581518176943 ], [ 745654.701694057323039, 2573986.357347051147372 ], [ 745654.686324688605964, 2573983.351338611915708 ], [ 745654.712927761022002, 2573980.34616570500657 ], [ 745654.804458614555188, 2573977.342576067429036 ], [ 745654.94297964789439, 2573974.340352468658239 ], [ 745655.063250485691242, 2573971.33839862421155 ], [ 745655.118208556436002, 2573968.335123440716416 ], [ 745655.11012485565152, 2573965.330515855457634 ], [ 745655.094527632347308, 2573962.324796061497182 ], [ 745655.088293588371016, 2573959.319093573372811 ], [ 745655.029189485241659, 2573956.319693185854703 ], [ 745654.91881509765517, 2573953.332452910020947 ], [ 745654.812696181703359, 2573950.351835572626442 ], [ 745654.817932878737338, 2573947.358187012374401 ], [ 745654.864787190337665, 2573944.332908693701029 ], [ 745654.849839600734413, 2573941.27864431636408 ], [ 745654.733794468571432, 2573938.208676772192121 ], [ 745654.463581096730195, 2573935.075850501656532 ], [ 745654.193940798635595, 2573932.312036922667176 ], [ 745654.02104287862312, 2573930.346711094956845 ], [ 745654.046000000089407, 2573929.240000000223517 ] ] } },
{ "type": "Feature", "properties": { "osmid": "1069960947", "name": "nan", "highway": "residential", "oneway": "False" }, "geometry": { "type": "LineString", "coordinates": [ [ 745654.646000000066124, 2574010.390000000130385 ], [ 745654.505637242808007, 2574011.733681181911379 ], [ 745654.390996605739929, 2574012.671139335725456 ], [ 745652.355165014392696, 2574012.902274737600237 ], [ 745648.041794172371738, 2574012.644827875774354 ], [ 745641.094535783282481, 2574012.116539237555116 ], [ 745635.089081245008856, 2574011.82286270475015 ], [ 745630.368917794083245, 2574011.749169303569943 ], [ 745627.278081181109883, 2574011.867061373312026 ], [ 745624.190045345225371, 2574011.91464897012338 ], [ 745621.107062548515387, 2574011.835396307054907 ], [ 745618.030288024921902, 2574011.600304973777384 ], [ 745614.957469511660747, 2574011.265910755842924 ], [ 745611.886354746297002, 2574010.888749438803643 ], [ 745608.815239980816841, 2574010.511588121298701 ], [ 745605.744125215453096, 2574010.134426804725081 ], [ 745602.673010450205766, 2574009.7572654876858 ], [ 745599.599785142578185, 2574009.423118559643626 ], [ 745596.52198585215956, 2574009.182192732114345 ], [ 745593.437149138771929, 2574009.084694718476385 ], [ 745590.347032646066509, 2574009.094802453648299 ], [ 745585.843274837941863, 2574009.609471946489066 ], [ 745580.272037569433451, 2574010.570196584332734 ], [ 745573.93601063627284, 2574011.856023120228201 ], [ 745569.948196060373448, 2574012.463947041425854 ], [ 745567.894999697455205, 2574012.313473699614406 ], [ 745565.932704918901436, 2574011.332440683618188 ], [ 745560.828739776392467, 2574009.885684601496905 ], [ 745552.652999999932945, 2574008.062 ] ] } },
{ "type": "Feature", "properties": { "osmid": "28691648", "name": "nan", "highway": "residential", "oneway": "False" }, "geometry": { "type": "LineString", "coordinates": [ [ 745737.166999999899417, 2574013.900999999605119 ], [ 745739.367079797317274, 2574013.837333826813847 ], [ 745741.749329355661757, 2574013.820203609298915 ], [ 745744.31371862872038, 2574013.850690757855773 ], [ 745747.138645979575813, 2574013.906688090413809 ], [ 745750.076756419963203, 2574013.952119514811784 ], [ 745753.180343129322864, 2574013.994228128343821 ], [ 745756.335752390441485, 2574014.034963676240295 ], [ 745759.542250684346072, 2574014.081180745735765 ], [ 745762.694698804407381, 2574014.107272343710065 ], [ 745765.792020965483971, 2574014.081255849916488 ], [ 745768.834519586525857, 2574013.992826312314719 ], [ 745771.874781163060106, 2574013.877134690061212 ], [ 745774.915956743410788, 2574013.811345567461103 ], [ 745777.958534645847976, 2574013.818888820707798 ], [ 745780.890202571754344, 2574013.859840825200081 ], [ 745783.708995685912669, 2574013.894726281519979 ], [ 745786.413218540255912, 2574013.902475278824568 ], [ 745789.226839915267192, 2574013.883692931849509 ], [ 745792.150997132644989, 2574013.814164457842708 ], [ 745795.187585382256657, 2574013.74085454037413 ], [ 745798.226709695532918, 2574013.715690235141665 ], [ 745801.265464697149582, 2574013.800361841451377 ], [ 745804.303660017554648, 2574013.955789404455572 ], [ 745807.339516392326914, 2574014.16696672514081 ], [ 745810.640741916256957, 2574014.369101799558848 ], [ 745814.471134009188972, 2574014.556603164877743 ], [ 745818.831, 2574014.713999999687076 ] ] } },
{ "type": "Feature", "properties": { "osmid": "28691648", "name": "nan", "highway": "residential", "oneway": "False" }, "geometry": { "type": "LineString", "coordinates": [ [ 745737.166999999899417, 2574013.900999999605119 ], [ 745733.335527404793538, 2574013.924340675584972 ], [ 745729.80165545118507, 2574013.899758744984865 ], [ 745726.492464234586805, 2574013.793877285439521 ], [ 745723.272697599953972, 2574013.585152156185359 ], [ 745720.005645824596286, 2574013.277317570522428 ], [ 745716.846949844621122, 2574012.956080237869173 ], [ 745713.779240905656479, 2574012.705049237702042 ], [ 745710.788269162992947, 2574012.561952100601047 ], [ 745707.792793203610927, 2574012.422152211423963 ], [ 745704.79713638627436, 2574012.235563339665532 ], [ 745701.690501264645718, 2574012.005684734787792 ], [ 745698.469864026643336, 2574011.801214855164289 ], [ 745695.134730903781019, 2574011.636233333032578 ], [ 745691.918557209894061, 2574011.432127906009555 ], [ 745688.825955708161928, 2574011.146769838407636 ], [ 745685.857059218920767, 2574010.772694012150168 ], [ 745682.881761874072254, 2574010.435488365124911 ], [ 745679.893631399259903, 2574010.19231772236526 ], [ 745676.892795979510993, 2574010.042802492156625 ], [ 745673.888562394306064, 2574009.925879625137895 ], [ 745670.884094542823732, 2574009.818832743912935 ], [ 745667.767753039370291, 2574009.729967201594263 ], [ 745664.539449984207749, 2574009.663728728424758 ], [ 745661.194362185779028, 2574009.801867151167244 ], [ 745658.271464626304805, 2574010.049470016267151 ], [ 745656.08700289868284, 2574010.309001355897635 ], [ 745654.646000000066124, 2574010.390000000130385 ] ] } },
{ "type": "Feature", "properties": { "osmid": "421001885", "name": "nan", "highway": "residential", "oneway": "False" }, "geometry": { "type": "LineString", "coordinates": [ [ 745737.166999999899417, 2574013.900999999605119 ], [ 745737.361365889082663, 2574010.433038239832968 ], [ 745737.543125713244081, 2574007.125988636631519 ], [ 745737.706292268936522, 2574003.979522603098303 ], [ 745737.85252493142616, 2574000.844483722466975 ], [ 745737.983068000641651, 2573997.642567354720086 ], [ 745738.091253013466485, 2573994.376148471608758 ], [ 745738.173293848522007, 2573991.184564205817878 ], [ 745738.233899088692851, 2573988.065657777246088 ], [ 745738.293645310332067, 2573985.017518028616905 ], [ 745738.36920799582731, 2573981.969695940148085 ], [ 745738.457791752181947, 2573978.92212947877124 ], [ 745738.543130973004736, 2573975.874509116169065 ], [ 745738.598697956535034, 2573972.826391295995563 ], [ 745738.639830498956144, 2573969.778798047918826 ], [ 745738.642467711004429, 2573966.593028111383319 ], [ 745738.598443601280451, 2573963.130406683310866 ], [ 745738.496000000042841, 2573959.390000000130385 ] ] } },
{ "type": "Feature", "properties": { "osmid": "421001885", "name": "nan", "highway": "residential", "oneway": "False" }, "geometry": { "type": "LineString", "coordinates": [ [ 745737.166999999899417, 2574013.900999999605119 ], [ 745737.207211077096872, 2574016.516383079346269 ], [ 745737.272219215519726, 2574019.291200062725693 ], [ 745737.345412649679929, 2574022.225247743073851 ], [ 745737.380504344939254, 2574025.236816728953272 ], [ 745737.328608960029669, 2574028.246523953508586 ], [ 745737.236519263591617, 2574031.25386488577351 ], [ 745737.174069217522629, 2574034.262301307171583 ], [ 745737.176312640309334, 2574037.271962776314467 ], [ 745737.175933381542563, 2574040.284650573972613 ], [ 745737.140985862817615, 2574043.298708238173276 ], [ 745737.089381131809205, 2574046.313848083373159 ], [ 745737.0685221926542, 2574049.329079365357757 ], [ 745737.081981429248117, 2574052.344414126127958 ], [ 745737.093135253060609, 2574055.360104034189135 ], [ 745737.09093270637095, 2574058.37607662146911 ], [ 745737.074989961110987, 2574061.392289212439209 ], [ 745737.066028627450578, 2574064.408524808008224 ], [ 745737.071847005863674, 2574067.424681951291859 ], [ 745737.096858523320407, 2574070.440724460873753 ], [ 745737.135481141856872, 2574073.456682020332664 ], [ 745737.177977136336267, 2574076.472673102747649 ], [ 745737.222233144217171, 2574079.488636737223715 ], [ 745737.307034559897147, 2574082.501453368458897 ], [ 745737.463311102357693, 2574085.510086505208164 ], [ 745737.692441880237311, 2574088.517110398039222 ], [ 745737.913584171794355, 2574091.531409447547048 ], [ 745738.06840329663828, 2574094.557636106852442 ], [ 745738.148357780533843, 2574097.593422131147236 ], [ 745738.196411893237382, 2574100.632977995090187 ], [ 745738.228967222268693, 2574103.672435505781323 ], [ 745738.24550318333786, 2574106.711680841632187 ], [ 745738.221107129123993, 2574110.042014550417662 ], [ 745738.160362944472581, 2574113.955122803803533 ], [ 745738.0669999999227, 2574118.450999999884516 ] ] } },
{ "type": "Feature", "properties": { "osmid": "28691648", "name": "nan", "highway": "residential", "oneway": "False" }, "geometry": { "type": "LineString", "coordinates": [ [ 745866.616999999969266, 2574015.100999999791384 ], [ 745863.209250088199042, 2574014.736769605893642 ], [ 745859.953876734129153, 2574014.498093121219426 ], [ 745856.738418976427056, 2574014.401051392313093 ], [ 745853.486861584126018, 2574014.406886199489236 ], [ 745850.122847573948093, 2574014.438892032485455 ], [ 745846.870805975864641, 2574014.485291207209229 ], [ 745843.730379018117674, 2574014.520477481652051 ], [ 745840.701747755985707, 2574014.55449286242947 ], [ 745837.672951528336853, 2574014.58126604789868 ], [ 745834.644293826655485, 2574014.610848202835768 ], [ 745831.616017192718573, 2574014.648888342548162 ], [ 745828.588172201067209, 2574014.701693942304701 ], [ 745825.560667084064335, 2574014.758455773349851 ], [ 745822.794538775109686, 2574014.786933010444045 ], [ 745820.551314741955139, 2574014.768867814913392 ], [ 745818.831, 2574014.713999999687076 ] ] } },
{ "type": "Feature", "properties": { "osmid": "365240697", "name": "nan", "highway": "residential", "oneway": "False" }, "geometry": { "type": "LineString", "coordinates": [ [ 745866.616999999969266, 2574015.100999999791384 ], [ 745866.669567125965841, 2574015.074516549706459 ], [ 745866.993494893074967, 2574015.106008969713002 ], [ 745867.253086002427153, 2574017.012053133454174 ], [ 745867.148391371010803, 2574021.088431748561561 ], [ 745866.607389683020301, 2574027.667419942561537 ], [ 745866.19745421980042, 2574033.449807766359299 ], [ 745866.025871802237816, 2574038.101701470091939 ], [ 745866.085965367383324, 2574041.27096109604463 ], [ 745866.146058932296, 2574044.440220721531659 ], [ 745866.206152497325093, 2574047.60948034748435 ], [ 745866.266246062354185, 2574050.778739973437041 ], [ 745866.326339627499692, 2574053.947999598924071 ], [ 745866.386433192528784, 2574057.117259224876761 ], [ 745866.446526757557876, 2574060.286518851295114 ], [ 745866.506620322703384, 2574063.455778477247804 ], [ 745866.566713887616061, 2574066.625038102734834 ], [ 745866.626807452645153, 2574069.794297728687525 ] ] } },
{ "type": "Feature", "properties": { "osmid": "365240697", "name": "nan", "highway": "residential", "oneway": "False" }, "geometry": { "type": "LineString", "coordinates": [ [ 745866.616999999969266, 2574015.100999999791384 ], [ 745865.668492703232914, 2574014.920857523102313 ], [ 745864.988049639738165, 2574014.799032337963581 ], [ 745864.575670809485018, 2574014.735524444375187 ], [ 745864.392265862436034, 2574012.810892461799085 ], [ 745864.464475929155014, 2574008.679281482473016 ], [ 745864.785966228693724, 2574002.003385694697499 ], [ 745865.049179761786945, 2573996.212725058197975 ], [ 745865.149112623999827, 2573991.63086568377912 ], [ 745865.092099596164189, 2573988.595113383140415 ], [ 745865.035086568095721, 2573985.559361082036048 ], [ 745864.978073540260084, 2573982.523608781397343 ], [ 745864.921060512424447, 2573979.487856480758637 ], [ 745864.864047484588809, 2573976.45210417965427 ], [ 745864.807034456753172, 2573973.416351879015565 ], [ 745864.750021428801119, 2573970.380599578376859 ], [ 745864.693008400965482, 2573967.344847277272493 ], [ 745864.635995373129845, 2573964.309094977099448 ], [ 745864.578982345294207, 2573961.273342676460743 ], [ 745864.52196931745857, 2573958.237590375822037 ], [ 745864.464956289506517, 2573955.201838074717671 ], [ 745864.40794326167088, 2573952.166085774078965 ], [ 745864.816783792455681, 2573947.773800763767213 ], [ 745865.697812663274817, 2573942.36228885455057 ], [ 745867.057364654261619, 2573936.268855857197195 ], [ 745867.970067429239862, 2573932.543873004149646 ], [ 745868.072578427847475, 2573930.534532004967332 ], [ 745867.695949958986603, 2573930.081470140721649 ], [ 745867.637087889946997, 2573929.668791979551315 ], [ 745868.252999999909662, 2573929.61200000019744 ] ] } },
{ "type": "Feature", "properties": { "osmid": "966373002", "name": "nan", "highway": "residential", "oneway": "False" }, "geometry": { "type": "LineString", "coordinates": [ [ 745866.616999999969266, 2574015.100999999791384 ], [ 745869.301725136698224, 2574015.297947267070413 ], [ 745872.155543309752829, 2574015.384782438632101 ], [ 745875.179061298258603, 2574015.331881622318178 ], [ 745878.287597935064696, 2574015.208198942709714 ], [ 745881.283325214521028, 2574015.109865333419293 ], [ 745884.237534623476677, 2574015.096679097041488 ], [ 745887.142650380847044, 2574015.166283236350864 ], [ 745890.218183195334859, 2574015.337425873149186 ], [ 745893.31301665387582, 2574015.589027921203524 ], [ 745896.434489098493941, 2574015.90019919956103 ], [ 745899.480449047870934, 2574016.183501983061433 ], [ 745902.53113902953919, 2574016.414684325456619 ], [ 745905.586955907288939, 2574016.585254963487387 ], [ 745908.644584548659623, 2574016.724248073995113 ], [ 745911.703303202986717, 2574016.833713434170932 ], [ 745914.762865838129073, 2574016.911643421743065 ], [ 745917.936761935590766, 2574016.963313616346568 ], [ 745921.338256184593774, 2574017.00600255606696 ], [ 745924.966999999945983, 2574017.051 ] ] } },
{ "type": "Feature", "properties": { "osmid": "238505256", "name": "nan", "highway": "secondary", "oneway": "False" }, "geometry": { "type": "LineString", "coordinates": [ [ 745922.853, 2573812.61200000019744 ], [ 745921.639517948497087, 2573812.947947015520185 ], [ 745919.633566101896577, 2573813.482341597788036 ], [ 745916.842156643164344, 2573814.243313657585531 ], [ 745913.62225374346599, 2573815.194386379327625 ], [ 745910.547051708679646, 2573816.222982531879097 ], [ 745907.628132348880172, 2573817.348201011773199 ], [ 745904.839881452848203, 2573818.478654539212584 ], [ 745902.021222501876764, 2573819.473886619787663 ], [ 745899.132198014180176, 2573820.228724926244467 ], [ 745896.191317572607659, 2573820.822351348120719 ], [ 745893.237018969026394, 2573821.415710914414376 ], [ 745890.285392068210058, 2573822.043943875003606 ], [ 745887.331778812222183, 2573822.681744193192571 ], [ 745884.27166933240369, 2573823.356939691584557 ], [ 745881.111332200001925, 2573824.097481585107744 ], [ 745877.850251561147161, 2573824.900842600502074 ], [ 745874.701055585872382, 2573825.688298501074314 ], [ 745871.672359163756482, 2573826.491276474203914 ], [ 745868.765237487736158, 2573827.314217490144074 ] ] } },
{ "type": "Feature", "properties": { "osmid": "238505256", "name": "nan", "highway": "secondary", "oneway": "False" }, "geometry": { "type": "LineString", "coordinates": [ [ 745922.853, 2573812.61200000019744 ], [ 745927.13024857675191, 2573810.591782886069268 ], [ 745930.834518449497409, 2573808.98327836766839 ], [ 745933.970628572511487, 2573807.800549688283354 ], [ 745936.831871166010387, 2573806.860684525221586 ], [ 745939.708791799028404, 2573805.970747189596295 ], [ 745942.59660518495366, 2573805.116655583959073 ], [ 745945.483008636510931, 2573804.256468545179814 ], [ 745948.361673696315847, 2573803.369752579834312 ], [ 745951.232837964780629, 2573802.457376803737134 ], [ 745954.101291636005044, 2573801.536202421877533 ], [ 745956.958638623706065, 2573800.585771472658962 ], [ 745959.822457619011402, 2573799.56340556172654 ], [ 745962.816503764130175, 2573798.484005179721862 ], [ 745965.862962405779399, 2573797.452467636670917 ], [ 745968.826499558403157, 2573796.599906899500638 ], [ 745971.584000046364963, 2573795.913347648922354 ] ] } },
{ "type": "Feature", "properties": { "osmid": "365240519", "name": "nan", "highway": "residential", "oneway": "False" }, "geometry": { "type": "LineString", "coordinates": [ [ 745922.853, 2573812.61200000019744 ], [ 745923.947780529037118, 2573816.68774046888575 ], [ 745924.726528283790685, 2573820.33269153162837 ], [ 745925.171843658783473, 2573823.436365355271846 ], [ 745925.428467063116841, 2573826.2149976673536 ], [ 745925.627797916880809, 2573828.885953380260617 ], [ 745925.767920589190908, 2573831.672913117334247 ], [ 745925.859591496293433, 2573834.574970532208681 ], [ 745925.92856222728733, 2573837.590367936063558 ], [ 745925.994851875002496, 2573840.605900053400546 ], [ 745926.060756532126106, 2573843.62144922837615 ], [ 745926.125744630699046, 2573846.637025367934257 ], [ 745926.188826319179498, 2573849.652646869421005 ], [ 745926.252229241305031, 2573852.668261444196105 ], [ 745926.316691730171442, 2573855.683851227164268 ], [ 745926.38614629546646, 2573858.69931724993512 ], [ 745926.461618672008626, 2573861.714632475282997 ], [ 745926.548708442598581, 2573864.729501200374216 ], [ 745926.684994820039719, 2573867.740027541294694 ], [ 745926.841804716386832, 2573870.558733580168337 ], [ 745926.97921501880046, 2573872.998728085309267 ], [ 745927.055999999982305, 2573875.063999999780208 ] ] } },
{ "type": "Feature", "properties": { "osmid": "365240519", "name": "nan", "highway": "residential", "oneway": "False" }, "geometry": { "type": "LineString", "coordinates": [ [ 745924.966999999945983, 2574017.051 ], [ 745924.283201070968062, 2574016.940765255130827 ], [ 745923.714699033647776, 2574016.88712672283873 ], [ 745923.261493888217956, 2574016.890084403567016 ], [ 745923.138218350592069, 2574018.860769132617861 ], [ 745923.226651793229394, 2574023.11267927614972 ], [ 745923.522730134427547, 2574029.98314619390294 ], [ 745923.703859368339181, 2574035.912782914470881 ], [ 745923.774103576899506, 2574040.564258076250553 ], [ 745923.737526841461658, 2574043.60024031996727 ], [ 745923.700950106023811, 2574046.636222563683987 ], [ 745923.664373370469548, 2574049.672204806935042 ], [ 745923.627796635148115, 2574052.708187049720436 ], [ 745923.591219899826683, 2574055.744169293437153 ], [ 745923.554643164388835, 2574058.78015153715387 ], [ 745923.518066429067403, 2574061.816133780404925 ], [ 745923.481489693745971, 2574064.852116024121642 ], [ 745923.444912958308123, 2574067.888098267838359 ], [ 745923.40833622275386, 2574070.924080511089414 ], [ 745923.371759487316012, 2574073.960062753874809 ], [ 745923.33518275199458, 2574076.996044997591525 ], [ 745923.298606016673148, 2574080.032027241308242 ], [ 745923.2620292812353, 2574083.068009484559298 ], [ 745923.225452545681037, 2574086.103991728276014 ], [ 745923.188875810359605, 2574089.139973971992731 ], [ 745923.152299075038172, 2574092.175956215243787 ], [ 745923.115722339600325, 2574095.211938458029181 ], [ 745923.079145604278892, 2574098.247920701745898 ], [ 745922.967622343334369, 2574102.927021292969584 ], [ 745922.785216638469137, 2574108.911908871028572 ], [ 745922.535992571618408, 2574115.865252076182514 ], [ 745922.373907275497913, 2574120.163482852745801 ], [ 745922.294896668172441, 2574122.143932560924441 ], [ 745922.405327238258906, 2574122.157280331943184 ], [ 745922.736618948751129, 2574122.197323646396399 ], [ 745923.288771799649112, 2574122.264062503352761 ] ] } },
{ "type": "Feature", "properties": { "osmid": "365240519", "name": "nan", "highway": "residential", "oneway": "False" }, "geometry": { "type": "LineString", "coordinates": [ [ 745924.966999999945983, 2574017.051 ], [ 745925.399150281678885, 2574013.880205285269767 ], [ 745925.737917855847627, 2574010.655154640320688 ], [ 745925.956910499371588, 2574007.37438510870561 ], [ 745926.077528025140055, 2574004.007805341854692 ], [ 745926.138101716060191, 2574000.751184727530926 ], [ 745926.16336951975245, 2573997.605988554656506 ], [ 745926.18069116875995, 2573994.573130415286869 ], [ 745926.222226626356132, 2573991.540776949841529 ], [ 745926.304886547732167, 2573988.509358660317957 ], [ 745926.419552849140018, 2573985.478683027904481 ], [ 745926.540217270725407, 2573982.448138177394867 ], [ 745926.635679920087568, 2573979.416932942345738 ], [ 745926.677260625525378, 2573976.385674403980374 ], [ 745926.678961936035194, 2573973.354884475935251 ], [ 745926.675047177472152, 2573970.325414170976728 ], [ 745926.737645333982073, 2573967.296650434378535 ], [ 745926.864578402950428, 2573964.268466686364263 ], [ 745927.036052270326763, 2573961.240285140927881 ], [ 745927.198154642130248, 2573958.211653314996511 ], [ 745927.331667910213582, 2573955.181988959666342 ], [ 745927.420442137517966, 2573952.150871335994452 ], [ 745927.466121230158024, 2573949.118607092648745 ], [ 745927.485909049515612, 2573946.08567482046783 ], [ 745927.508156006340869, 2573943.052782064303756 ], [ 745927.547534153331071, 2573940.020158389117569 ], [ 745927.273476026020944, 2573936.697688439395279 ], [ 745927.005465773516335, 2573933.548568215686828 ], [ 745927.077100083581172, 2573931.036307761445642 ], [ 745927.8169999999227, 2573929.450999999884516 ] ] } },
{ "type": "Feature", "properties": { "osmid": "966373002", "name": "nan", "highway": "residential", "oneway": "False" }, "geometry": { "type": "LineString", "coordinates": [ [ 745924.966999999945983, 2574017.051 ], [ 745921.338256184593774, 2574017.00600255606696 ], [ 745917.936761935590766, 2574016.963313615880907 ], [ 745914.762865838129073, 2574016.911643421277404 ], [ 745911.703303202986717, 2574016.833713434170932 ], [ 745908.644584548659623, 2574016.724248073995113 ], [ 745905.586955907288939, 2574016.585254963487387 ], [ 745902.53113902953919, 2574016.414684325922281 ], [ 745899.480449047870934, 2574016.183501983061433 ], [ 745896.434489098493941, 2574015.90019919956103 ], [ 745893.31301665364299, 2574015.589027921203524 ], [ 745890.218183195218444, 2574015.337425873149186 ], [ 745887.142650380730629, 2574015.166283236350864 ], [ 745884.237534623243846, 2574015.096679097041488 ], [ 745881.283325214521028, 2574015.109865333419293 ], [ 745878.287597935064696, 2574015.208198942709714 ], [ 745875.179061298258603, 2574015.331881622318178 ], [ 745872.15554330998566, 2574015.384782438632101 ], [ 745869.301725136698224, 2574015.297947267536074 ], [ 745866.616999999969266, 2574015.100999999791384 ] ] } },
{ "type": "Feature", "properties": { "osmid": "365240519", "name": "nan", "highway": "residential", "oneway": "False" }, "geometry": { "type": "LineString", "coordinates": [ [ 745924.355999999912456, 2574202.213999999687076 ], [ 745922.619476327556185, 2574202.562513820827007 ], [ 745921.443879062659107, 2574202.781931651290506 ], [ 745920.990086447447538, 2574204.613750618416816 ], [ 745920.96616215351969, 2574208.45628277445212 ], [ 745921.080169852823019, 2574214.707840172573924 ], [ 745921.11028248781804, 2574220.210601332597435 ], [ 745921.067973183118738, 2574224.630802197381854 ], [ 745920.964715062989853, 2574227.634678709786385 ], [ 745920.861456942744553, 2574230.638555221725255 ], [ 745920.758198822382838, 2574233.642431734595448 ], [ 745920.654940702137537, 2574236.646308246999979 ], [ 745920.551682582008652, 2574239.65018475940451 ], [ 745920.448424461646937, 2574242.65406127134338 ], [ 745920.345166341401637, 2574245.657937784213573 ], [ 745920.241908221039921, 2574248.661814297083765 ], [ 745920.138650100794621, 2574251.665690809488297 ], [ 745920.035391980665736, 2574254.669567321892828 ], [ 745919.93213386030402, 2574257.673443833831698 ], [ 745919.82887574005872, 2574260.67732034670189 ], [ 745919.67590508016292, 2574265.142120831180364 ], [ 745919.484695005579852, 2574270.734081231523305 ], [ 745919.266718639992177, 2574277.119437491055578 ], [ 745919.132874187547714, 2574281.042577607091516 ], [ 745919.071688523632474, 2574282.837265636306256 ], [ 745919.733612020965666, 2574282.854791676625609 ], [ 745921.71938251319807, 2574282.907369798049331 ], [ 745925.028999999980442, 2574282.994999999646097 ] ] } },
{ "type": "Feature", "properties": { "osmid": "365240519", "name": "nan", "highway": "residential", "oneway": "False" }, "geometry": { "type": "LineString", "coordinates": [ [ 745924.355999999912456, 2574202.213999999687076 ], [ 745923.934207578655332, 2574201.996005083899945 ], [ 745924.049301752005704, 2574201.693268633913249 ], [ 745924.446494710631669, 2574201.427400915883482 ], [ 745924.476794404792599, 2574199.528473024722189 ], [ 745923.898149657063186, 2574195.695954741444439 ], [ 745922.969446021015756, 2574189.47462309198454 ], [ 745922.366701237857342, 2574183.992617828771472 ], [ 745922.085817564395256, 2574179.583551658783108 ], [ 745922.122697256854735, 2574176.581037289928645 ], [ 745922.159576949314214, 2574173.578522921074182 ], [ 745922.196456641773693, 2574170.576008552219719 ], [ 745922.233336334233172, 2574167.573494183365256 ], [ 745922.270216026692651, 2574164.570979814510792 ], [ 745922.30709571915213, 2574161.568465445656329 ], [ 745922.343975411611609, 2574158.565951076801866 ], [ 745922.380855104071088, 2574155.563436707481742 ], [ 745922.417734796530567, 2574152.560922338627279 ], [ 745922.454614488990046, 2574149.558407969772816 ], [ 745922.491494181449525, 2574146.555893600918353 ], [ 745922.528373873909004, 2574143.55337923206389 ], [ 745922.855918793939054, 2574139.227549737785012 ], [ 745923.361405318486504, 2574133.88806071691215 ], [ 745923.930891783442348, 2574127.851155597250909 ], [ 745923.978949989774264, 2574124.097077337559313 ], [ 745923.726929440628737, 2574122.340127449017018 ], [ 745923.398615720216185, 2574122.28143178159371 ], [ 745923.288771799649112, 2574122.264062503352761 ] ] } },
{ "type": "Feature", "properties": { "osmid": "419836080", "name": "nan", "highway": "residential", "oneway": "False" }, "geometry": { "type": "LineString", "coordinates": [ [ 745924.355999999912456, 2574202.213999999687076 ], [ 745919.938831462874077, 2574202.528419957961887 ], [ 745915.970280245062895, 2574202.679318880196661 ], [ 745912.450503940344788, 2574202.662754330318421 ], [ 745909.099336009821855, 2574202.559137484524399 ], [ 745905.860078882775269, 2574202.453288441058248 ], [ 745902.732500989106484, 2574202.3514415002428 ], [ 745899.717166320071556, 2574202.241144336760044 ], [ 745896.702327024540864, 2574202.120618800166994 ], [ 745893.576285582967103, 2574202.005128608550876 ], [ 745890.337849816307425, 2574201.929098950698972 ], [ 745886.98690275195986, 2574201.896801332011819 ], [ 745883.747048276592977, 2574201.872394601348788 ], [ 745880.523356995545328, 2574201.929489417467266 ], [ 745877.391444938606583, 2574202.111111079808325 ], [ 745874.240593477617949, 2574202.418308621738106 ], [ 745871.263312946539372, 2574202.628081937786192 ], [ 745868.38409662572667, 2574202.693336448166519 ] ] } },
{ "type": "Feature", "properties": { "osmid": "28691623", "name": "nan", "highway": "residential", "oneway": "False" }, "geometry": { "type": "LineString", "coordinates": [ [ 745924.355999999912456, 2574202.213999999687076 ], [ 745925.95664963114541, 2574202.506245567929 ], [ 745928.122516365139745, 2574202.700459049548954 ], [ 745930.85703014023602, 2574202.765862964559346 ], [ 745933.878466031979769, 2574202.78811326995492 ], [ 745936.98222702241037, 2574202.809086859691888 ], [ 745940.163332081050612, 2574202.854701007250696 ], [ 745943.419596366467886, 2574202.898422291968018 ], [ 745946.592787055298686, 2574202.941070178989321 ], [ 745949.724169750348665, 2574203.006743628531694 ], [ 745952.816935326554812, 2574203.087300981860608 ], [ 745955.952728829928674, 2574203.168659210670739 ], [ 745959.053719260846265, 2574203.214548221323639 ], [ 745962.118332448066212, 2574203.237811363302171 ], [ 745965.116519909934141, 2574203.277523933444172 ], [ 745968.086744796135463, 2574203.35181032679975 ], [ 745971.111403147340752, 2574203.469440739136189 ], [ 745974.329597824718803, 2574203.585706169717014 ], [ 745977.740982168819755, 2574203.699513566680253 ] ] } },
{ "type": "Feature", "properties": { "osmid": "28691630", "name": "nan", "highway": "residential", "oneway": "False" }, "geometry": { "type": "LineString", "coordinates": [ [ 745979.267, 2573932.000999999698251 ], [ 745976.528040709439665, 2573931.357385865878314 ], [ 745973.654810588224791, 2573930.805770966690034 ], [ 745970.639026516582817, 2573930.403473144862801 ], [ 745967.53362030396238, 2573930.134386996272951 ], [ 745964.436609338386916, 2573929.977930012624711 ], [ 745961.357021237257868, 2573929.872288080397993 ], [ 745958.299003314808942, 2573929.771095346659422 ], [ 745955.24305640917737, 2573929.639216182753444 ], [ 745952.187812777119689, 2573929.482043988537043 ], [ 745949.131110357237048, 2573929.330195343121886 ], [ 745946.011825793539174, 2573929.186310068238527 ], [ 745942.834603150491603, 2573929.055978375021368 ], [ 745939.604301378130913, 2573928.935535478871316 ], [ 745936.447451689629816, 2573928.829000289086252 ], [ 745933.362256457097828, 2573928.699207842815667 ], [ 745930.734136197715998, 2573928.67844181926921 ], [ 745928.886458442430012, 2573928.918813329655677 ], [ 745927.8169999999227, 2573929.450999999884516 ] ] } },
{ "type": "Feature", "properties": { "osmid": "28691659", "name": "nan", "highway": "residential", "oneway": "False" }, "geometry": { "type": "LineString", "coordinates": [ [ 745979.267, 2573932.000999999698251 ], [ 745979.515464449184947, 2573935.841203887015581 ], [ 745979.706147094722837, 2573939.359493192750961 ], [ 745979.847920078318566, 2573942.555504448246211 ], [ 745979.968717956566252, 2573945.590219289064407 ], [ 745980.080328930751421, 2573948.624750298913568 ], [ 745980.178877132828347, 2573951.659041867125779 ], [ 745980.263932053581811, 2573954.69302507257089 ], [ 745980.359886715072207, 2573957.726569355931133 ], [ 745980.457446742337197, 2573960.760463824030012 ], [ 745980.573935383115895, 2573963.680794801097363 ], [ 745980.71879518928472, 2573966.596876338124275 ], [ 745980.868722689687274, 2573969.508372835349292 ], [ 745980.995436596218497, 2573972.643162686843425 ], [ 745981.077567946282215, 2573975.782272521406412 ], [ 745981.162750934716314, 2573978.925881754606962 ], [ 745981.245276904199272, 2573981.960388909559697 ], [ 745981.318928788066842, 2573984.995717059355229 ], [ 745981.339020718471147, 2573988.031601914670318 ], [ 745981.265051867230795, 2573991.061750107910484 ], [ 745981.04459903750103, 2573993.965077480301261 ], [ 745980.790778671042062, 2573996.737931834999472 ], [ 745980.649590168264695, 2573999.509235728997737 ], [ 745980.73449468484614, 2574002.524876612704247 ], [ 745980.871945799677633, 2574005.79691575281322 ], [ 745980.939818229177035, 2574009.089832786936313 ], [ 745980.890055565279908, 2574012.278592157643288 ], [ 745980.811690143309534, 2574015.24092627549544 ], [ 745980.743122906889766, 2574018.089482709299773 ], [ 745980.677110339864157, 2574020.824011602904648 ], [ 745980.601110402494669, 2574023.64752546697855 ], [ 745980.509332035202533, 2574026.663875866681337 ], [ 745980.383362781372853, 2574029.864634672179818 ], [ 745980.212024185224436, 2574033.177026100456715 ], [ 745979.987493357271887, 2574036.386063246522099 ], [ 745979.7634842133848, 2574039.502394661772996 ], [ 745979.596087459474802, 2574042.511492894496769 ], [ 745979.516135241836309, 2574045.524588858708739 ], [ 745979.477940920158289, 2574048.538864750415087 ], [ 745979.442373736179434, 2574051.552546596620232 ], [ 745979.38693001831416, 2574054.565676380414516 ], [ 745979.352952960063703, 2574057.579904470127076 ], [ 745979.343659017235041, 2574060.595213842112571 ], [ 745979.348394097411074, 2574063.611307336483151 ], [ 745979.323529478628188, 2574066.626960198860615 ], [ 745979.263654390000738, 2574069.642047295346856 ], [ 745979.168700051493943, 2574072.655837398022413 ], [ 745979.046674534329213, 2574075.667953863274306 ], [ 745978.899737756233662, 2574078.678518676199019 ], [ 745978.762110958457924, 2574081.689279222860932 ], [ 745978.675352197140455, 2574084.702014780137688 ], [ 745978.657403438934125, 2574087.716746918391436 ], [ 745978.683029706589878, 2574090.732560984324664 ], [ 745978.706439613713883, 2574093.748360839206725 ], [ 745978.704299936071038, 2574096.764187527354807 ], [ 745978.678463584277779, 2574099.780021611135453 ], [ 745978.661877771257423, 2574102.795830544549972 ], [ 745978.667441002093256, 2574105.81151646701619 ], [ 745978.698001507669687, 2574108.827098282054067 ], [ 745978.714547280571423, 2574111.842670679558069 ], [ 745978.65851590258535, 2574114.85409073298797 ], [ 745978.506685378146358, 2574118.117786221206188 ], [ 745978.266546408995055, 2574121.890365307219326 ], [ 745977.991999999852851, 2574126.176 ] ] } },
{ "type": "Feature", "properties": { "osmid": "28691630", "name": "nan", "highway": "residential", "oneway": "False" }, "geometry": { "type": "LineString", "coordinates": [ [ 745979.267, 2573932.000999999698251 ], [ 745982.008922390639782, 2573931.426592169795185 ], [ 745984.84193486685399, 2573930.949704971164465 ], [ 745987.775896660401486, 2573930.643598291557282 ], [ 745990.796872614417225, 2573930.478738128207624 ], [ 745993.868456616881303, 2573930.407833905890584 ], [ 745996.989950359915383, 2573930.36080303741619 ], [ 746000.108375560957938, 2573930.323989842552692 ], [ 746003.214074286981486, 2573930.276289710309356 ], [ 746006.27523334894795, 2573930.208178541157395 ], [ 746009.316470594145358, 2573930.125564077403396 ], [ 746012.340858142008074, 2573930.040316375438124 ], [ 746015.41206875408534, 2573929.955986852291971 ], [ 746018.516334248706698, 2573929.895089136902243 ], [ 746021.639240705408156, 2573929.910023509990424 ], [ 746024.71417123998981, 2573930.023561000358313 ], [ 746027.752549659460783, 2573930.203530630562454 ], [ 746030.681509611196816, 2573930.395652664359659 ], [ 746033.610060466802679, 2573930.490013262722641 ], [ 746036.537940271664411, 2573930.475584679748863 ], [ 746039.636155759333633, 2573930.323841872159392 ], [ 746042.668630447355099, 2573930.190495796035975 ], [ 746045.642655724775977, 2573930.096250874456018 ], [ 746048.479100319207646, 2573930.055635242257267 ], [ 746051.504064995213412, 2573930.088563796598464 ], [ 746054.806168413255364, 2573930.260071992874146 ], [ 746058.378000000026077, 2573930.586999999824911 ] ] } },
{ "type": "Feature", "properties": { "osmid": "365240682", "name": "nan", "highway": "residential", "oneway": "False" }, "geometry": { "type": "LineString", "coordinates": [ [ 745866.626807452645153, 2574069.794297728687525 ], [ 745863.453054810408503, 2574069.799185290466994 ], [ 745860.279302168171853, 2574069.804072851780802 ], [ 745857.105549525935203, 2574069.808960413560271 ], [ 745853.931796883698553, 2574069.813847975339741 ], [ 745850.758044241345488, 2574069.818735536653548 ], [ 745847.584291599108838, 2574069.823623097967356 ], [ 745844.410538956872188, 2574069.828510659281164 ], [ 745841.236786314635538, 2574069.833398221060634 ], [ 745836.712806217838079, 2574070.028110244777054 ], [ 745831.191237848834135, 2574070.412103667389601 ], [ 745825.008529125130735, 2574070.872932886239141 ], [ 745821.217774138320237, 2574071.030405916273594 ], [ 745819.440787267289124, 2574070.774916027206928 ], [ 745819.32232853770256, 2574070.223311085253954 ], [ 745819.124547990853898, 2574069.458458337001503 ], [ 745818.872992065153085, 2574068.590507575310767 ] ] } },
{ "type": "Feature", "properties": { "osmid": "365240697", "name": "nan", "highway": "residential", "oneway": "False" }, "geometry": { "type": "LineString", "coordinates": [ [ 745866.626807452645153, 2574069.794297728687525 ], [ 745866.685719338711351, 2574072.925735257100314 ], [ 745866.74463122477755, 2574076.057172785047442 ], [ 745866.803543110843748, 2574079.18861031299457 ], [ 745866.862454996793531, 2574082.320047840941697 ], [ 745866.921366882626899, 2574085.451485369354486 ], [ 745866.980278768576682, 2574088.582922897767276 ], [ 745867.03919065464288, 2574091.714360425714403 ], [ 745867.098102540709078, 2574094.845797953661531 ], [ 745867.157014426775277, 2574097.977235481608659 ], [ 745867.215926312841475, 2574101.108673010021448 ], [ 745867.20309030264616, 2574105.599519310519099 ], [ 745867.111960630863905, 2574111.101836878806353 ], [ 745866.93599153298419, 2574117.267688213381916 ], [ 745866.812133035738952, 2574121.030318266246468 ], [ 745866.858699813019484, 2574122.751385010778904 ], [ 745867.19400653836783, 2574122.792546418961138 ], [ 745867.752851080382243, 2574122.861148764844984 ] ] } },
{ "type": "Feature", "properties": { "osmid": "365240697", "name": "nan", "highway": "residential", "oneway": "False" }, "geometry": { "type": "LineString", "coordinates": [ [ 745866.626807452645153, 2574069.794297728687525 ], [ 745866.566713887616061, 2574066.625038102734834 ], [ 745866.506620322470553, 2574063.455778477247804 ], [ 745866.446526757441461, 2574060.286518851295114 ], [ 745866.386433192528784, 2574057.117259225342423 ], [ 745866.326339627499692, 2574053.947999599855393 ], [ 745866.266246062354185, 2574050.778739973902702 ], [ 745866.206152497325093, 2574047.609480347950011 ], [ 745866.146058932296, 2574044.440220722462982 ], [ 745866.085965367150493, 2574041.270961096510291 ], [ 745866.025871802121401, 2574038.101701470091939 ], [ 745866.19745421980042, 2574033.449807766359299 ], [ 745866.607389683020301, 2574027.667419942561537 ], [ 745867.148391371010803, 2574021.0884317480959 ], [ 745867.253086002427153, 2574017.012053133454174 ], [ 745866.993494893074967, 2574015.106008969713002 ], [ 745866.669567125965841, 2574015.074516549706459 ], [ 745866.616999999969266, 2574015.100999999791384 ] ] } },
{ "type": "Feature", "properties": { "osmid": "28691676", "name": "nan", "highway": "residential", "oneway": "False" }, "geometry": { "type": "LineString", "coordinates": [ [ 745425.642604830441996, 2574019.427108177449554 ], [ 745427.260764790815301, 2574020.283809394109994 ], [ 745429.449384131934494, 2574021.130255164578557 ], [ 745432.206087930710055, 2574022.099870134610683 ], [ 745435.265414727735333, 2574023.181753298733383 ], [ 745438.248806734452955, 2574024.587592426221818 ], [ 745441.005188092589378, 2574026.220544457901269 ], [ 745443.508321148343384, 2574028.084779746364802 ], [ 745445.823547624866478, 2574030.028410881757736 ], [ 745448.209793139365502, 2574032.062384740915149 ], [ 745450.732453178497963, 2574034.104554095771164 ], [ 745453.415540052577853, 2574036.123187561053783 ], [ 745456.073247408843599, 2574037.990157696884125 ], [ 745458.690229509491473, 2574039.716503842268139 ], [ 745461.997872471460141, 2574041.54816716350615 ], [ 745466.829733015038073, 2574043.782303537707776 ], [ 745473.166999999899417, 2574046.450999999884516 ] ] } },
{ "type": "Feature", "properties": { "osmid": "238505260", "name": "Neem Road", "highway": "secondary", "oneway": "True" }, "geometry": { "type": "LineString", "coordinates": [ [ 745425.642604830441996, 2574019.427108177449554 ], [ 745425.405153399799019, 2574016.411419166252017 ], [ 745425.200842489837669, 2574013.392541475128382 ], [ 745425.022173731937073, 2574010.37090405030176 ], [ 745424.844940762035549, 2574007.348518582992256 ], [ 745424.656764219631441, 2574004.326735555194318 ], [ 745424.467352777253836, 2574001.304982100147754 ], [ 745424.281137997400947, 2573998.283021225128323 ], [ 745424.097181136137806, 2573995.260916312690824 ], [ 745423.907420615316369, 2573992.23923471942544 ], [ 745423.701796044246294, 2573989.218777829315513 ], [ 745423.468361726612784, 2573986.200423676520586 ], [ 745423.208770398166962, 2573983.184098644647747 ], [ 745422.934788611368276, 2573980.168858243152499 ], [ 745422.656538191600703, 2573977.15397428534925 ], [ 745422.378657191409729, 2573974.139058340340853 ], [ 745422.099100120947696, 2573971.124300278257579 ], [ 745421.82126254029572, 2573968.10938575444743 ], [ 745421.544611708610319, 2573965.094361123163253 ], [ 745421.27144329668954, 2573962.079015805851668 ], [ 745420.998571842093952, 2573959.063641471788287 ], [ 745420.724517193972133, 2573956.048375846352428 ], [ 745420.448016537236981, 2573953.03333522984758 ], [ 745420.171374796424061, 2573950.018312016967684 ], [ 745419.893925384618342, 2573947.003387810196728 ], [ 745419.616896950523369, 2573943.98848259402439 ], [ 745419.346437846426852, 2573940.973134653177112 ], [ 745419.089642900158651, 2573937.844191097188741 ], [ 745418.850094867055304, 2573934.60134 ], [ 745418.60849850345403, 2573931.246190598234534 ], [ 745418.334378546918742, 2573928.007508563343436 ], [ 745417.990998560097069, 2573924.889605153352022 ], [ 745417.589389107190073, 2573921.899449574295431 ], [ 745417.176356293261051, 2573918.920153276529163 ], [ 745416.807153694913723, 2573915.946485317312181 ], [ 745416.484419635031372, 2573912.9642249844037 ], [ 745416.18566164560616, 2573909.974552995059639 ], [ 745415.883417220204137, 2573906.979190026875585 ], [ 745415.574104083701968, 2573903.984539758879691 ], [ 745415.259568131412379, 2573900.990413239691406 ], [ 745414.944487844011746, 2573897.996340616140515 ], [ 745414.682124114711769, 2573895.002300356980413 ], [ 745414.592532944283448, 2573892.019323613028973 ], [ 745414.873401637072675, 2573889.23510653199628 ], [ 745415.457140269805677, 2573886.981961965560913 ], [ 745416.137180727557279, 2573885.57065693102777 ], [ 745416.7150782776298, 2573884.813574297819287 ] ] } },
{ "type": "Feature", "properties": { "osmid": "28691676", "name": "nan", "highway": "residential", "oneway": "False" }, "geometry": { "type": "LineString", "coordinates": [ [ 745519.0669999999227, 2574087.100999999791384 ], [ 745521.008855616091751, 2574087.848905190825462 ], [ 745523.401949815801345, 2574088.78355685994029 ], [ 745526.370065932977013, 2574089.877759491559118 ], [ 745529.773044346482493, 2574090.955988382920623 ], [ 745533.236669493722729, 2574091.824926048982888 ], [ 745536.642299593077041, 2574092.477876344230026 ], [ 745540.052553074783646, 2574092.884518601000309 ], [ 745543.645833727903664, 2574093.030929265543818 ], [ 745547.416999999899417, 2574092.950999999884516 ] ] } },
{ "type": "Feature", "properties": { "osmid": "28691698", "name": "nan", "highway": "residential", "oneway": "False" }, "geometry": { "type": "LineString", "coordinates": [ [ 745519.0669999999227, 2574087.100999999791384 ], [ 745519.080765654682182, 2574087.002363437786698 ], [ 745519.282688371953554, 2574087.084132404532284 ], [ 745519.7054157681996, 2574087.29670803854242 ], [ 745519.769136350019835, 2574089.172949591651559 ], [ 745519.183271667920053, 2574092.905048111453652 ], [ 745517.771793474443257, 2574098.842930300161242 ], [ 745516.574474569759332, 2574104.114788355305791 ], [ 745515.734853512956761, 2574108.419843982439488 ], [ 745515.396310935146175, 2574111.457769339438528 ], [ 745515.057768357102759, 2574114.495694695971906 ], [ 745514.719225779292174, 2574117.533620052970946 ], [ 745514.380683201481588, 2574120.571545409504324 ], [ 745514.042140623554587, 2574123.609470766503364 ], [ 745513.703598045744002, 2574126.647396123502403 ], [ 745513.365055467933416, 2574129.685321480501443 ], [ 745513.026512890122831, 2574132.723246837500483 ], [ 745512.687970312312245, 2574135.761172194499522 ], [ 745512.34942773450166, 2574138.799097551032901 ], [ 745512.010885156691074, 2574141.83702290803194 ], [ 745511.672342578880489, 2574144.87494826503098 ], [ 745511.333800001069903, 2574147.91287362203002 ], [ 745510.995257423142903, 2574150.950798979029059 ], [ 745510.656714845332317, 2574153.988724335562438 ], [ 745510.318172267288901, 2574157.026649692561477 ], [ 745509.979629689478315, 2574160.064575049094856 ], [ 745509.64108711166773, 2574163.102500406093895 ], [ 745509.302544533857144, 2574166.140425762627274 ], [ 745508.964001956046559, 2574169.178351119626313 ], [ 745508.625459378235973, 2574172.216276476625353 ], [ 745508.286916800425388, 2574175.254201833624393 ], [ 745507.948374222614802, 2574178.292127190623432 ], [ 745508.05933135736268, 2574182.777251643128693 ], [ 745508.582285032025538, 2574188.40167075349018 ], [ 745509.216694766073488, 2574194.917309357319027 ], [ 745508.984747139387764, 2574199.101465974003077 ], [ 745507.882341855671257, 2574201.237125630956143 ], [ 745506.431453234399669, 2574201.487614808604121 ], [ 745505.160394982551225, 2574201.628435891587287 ] ] } },
{ "type": "Feature", "properties": { "osmid": "28691676", "name": "nan", "highway": "residential", "oneway": "False" }, "geometry": { "type": "LineString", "coordinates": [ [ 745519.0669999999227, 2574087.100999999791384 ], [ 745516.396759390714578, 2574083.346825514454395 ], [ 745514.137966910260729, 2574080.059233234729618 ], [ 745512.301991972606629, 2574077.231157549191266 ], [ 745510.605764746200293, 2574074.545944476965815 ], [ 745508.767236015875824, 2574071.834407934453338 ], [ 745506.670106307137758, 2574069.201036735903472 ], [ 745504.383861424401402, 2574066.892414081841707 ], [ 745502.009914380032569, 2574064.818642582278699 ], [ 745499.52959489217028, 2574062.896909648552537 ], [ 745497.00690072204452, 2574061.090086610987782 ], [ 745494.331514085177332, 2574059.527747567277402 ], [ 745491.627320770756342, 2574058.151607580948621 ], [ 745488.754959238576703, 2574056.744194406550378 ], [ 745485.810807772097178, 2574055.178316143807024 ], [ 745482.905892158276401, 2574053.535765457432717 ], [ 745480.15747878793627, 2574051.859763403888792 ], [ 745477.685698315966874, 2574050.189020978286862 ], [ 745475.229533934849314, 2574048.426755183842033 ], [ 745473.419752188026905, 2574047.034177638124675 ], [ 745472.682339018210769, 2574046.356037691235542 ], [ 745473.166999999899417, 2574046.450999999884516 ] ] } },
{ "type": "Feature", "properties": { "osmid": "28691676", "name": "nan", "highway": "residential", "oneway": "False" }, "geometry": { "type": "LineString", "coordinates": [ [ 745551.375, 2574200.997 ], [ 745551.349839114933275, 2574200.195549522060901 ], [ 745551.334742583800107, 2574199.714679235592484 ], [ 745551.076218963251449, 2574197.625444698613137 ], [ 745550.58267780917231, 2574193.423300805035979 ], [ 745549.862528677098453, 2574186.603702449705452 ], [ 745549.436196186696179, 2574180.680283504072577 ], [ 745549.290238605346531, 2574175.997298980131745 ], [ 745549.411214200197719, 2574172.899003887549043 ], [ 745549.532189794932492, 2574169.800708794500679 ], [ 745549.653165389667265, 2574166.702413700986654 ], [ 745549.774140984402038, 2574163.604118608403951 ], [ 745549.895116579253227, 2574160.505823515821248 ], [ 745550.016092174104415, 2574157.407528422772884 ], [ 745550.137067768839188, 2574154.309233330190182 ], [ 745550.258043363573961, 2574151.210938237607479 ], [ 745550.379018958308734, 2574148.112643144559115 ], [ 745550.499994553159922, 2574145.01434805104509 ], [ 745550.620970148011111, 2574141.916052958462387 ], [ 745550.741945742745884, 2574138.817757865879685 ], [ 745551.18334604462143, 2574134.242062192875892 ], [ 745551.816874332842417, 2574128.512080132495612 ], [ 745552.629088874906301, 2574121.97206669440493 ], [ 745552.965698523796163, 2574117.921078047249466 ], [ 745553.071188321220689, 2574116.092140819411725 ], [ 745552.960333333350718, 2574116.17600000044331 ], [ 745552.966999999945983, 2574116.350999999791384 ] ] } },
{ "type": "Feature", "properties": { "osmid": "421001887", "name": "nan", "highway": "residential", "oneway": "False" }, "geometry": { "type": "LineString", "coordinates": [ [ 745551.375, 2574200.997 ], [ 745552.353935270570219, 2574200.641473653260618 ], [ 745554.227481403737329, 2574200.695109962951392 ], [ 745557.180473928689025, 2574201.044327666517347 ], [ 745560.45005966804456, 2574201.362738877534866 ], [ 745563.694136017584242, 2574201.474410298746079 ], [ 745566.727936682407744, 2574201.482680814806372 ], [ 745569.76182601088658, 2574201.4701879597269 ], [ 745572.682861582376063, 2574201.466912453528494 ], [ 745575.601331418729387, 2574201.526886221021414 ], [ 745578.517208141856827, 2574201.654724580701441 ], [ 745581.656080076587386, 2574201.803908146452159 ], [ 745584.684288372751325, 2574201.898358623962849 ], [ 745587.712735141045414, 2574201.949922198895365 ], [ 745590.629025667440146, 2574201.99974698247388 ], [ 745593.656284907250665, 2574202.089108226820827 ], [ 745596.683705012663268, 2574202.205761120188981 ], [ 745599.710899225785397, 2574202.325101301074028 ], [ 745602.738786867354065, 2574202.42307703755796 ], [ 745605.746445137890987, 2574202.484306135680526 ], [ 745608.620350139797665, 2574202.532366836909205 ], [ 745611.469565698527731, 2574202.60114724189043 ], [ 745614.221819033962674, 2574202.717509128618985 ], [ 745617.101195644238032, 2574202.892875151708722 ], [ 745620.109869762789458, 2574203.106353530660272 ], [ 745623.341882252600044, 2574203.32745597884059 ], [ 745626.688134916941635, 2574203.505956236738712 ], [ 745629.925153405289166, 2574203.613888284657151 ], [ 745632.940385465160944, 2574203.659349333494902 ], [ 745635.841985355946235, 2574203.691197589505464 ], [ 745638.740315864328295, 2574203.723092364612967 ], [ 745641.858853212092072, 2574203.754794996697456 ], [ 745645.320729423314333, 2574203.457962103653699 ], [ 745649.470392711809836, 2574202.600590716581792 ], [ 745654.196, 2574201.19 ] ] } },
{ "type": "Feature", "properties": { "osmid": "421001887", "name": "nan", "highway": "residential", "oneway": "False" }, "geometry": { "type": "LineString", "coordinates": [ [ 745551.375, 2574200.997 ], [ 745546.787527688313276, 2574201.149406342301518 ], [ 745542.808006882783957, 2574201.277738784905523 ], [ 745539.436189122847281, 2574201.373949568253011 ], [ 745536.368018293753266, 2574201.446990428492427 ], [ 745533.299669803469442, 2574201.514416219200939 ], [ 745530.231347282067873, 2574201.580152271315455 ], [ 745527.163033340941183, 2574201.639754013624042 ], [ 745524.094409152516164, 2574201.677759364712983 ], [ 745520.915317577193491, 2574201.659831407945603 ], [ 745517.679739336133935, 2574201.484004124999046 ], [ 745514.505565511411987, 2574201.22926026256755 ], [ 745511.494045213679783, 2574201.037686730269343 ], [ 745508.418220541556366, 2574201.193422520533204 ], [ 745505.160394982551225, 2574201.628435891587287 ] ] } },
{ "type": "Feature", "properties": { "osmid": "28691676", "name": "nan", "highway": "residential", "oneway": "False" }, "geometry": { "type": "LineString", "coordinates": [ [ 745473.166999999899417, 2574046.450999999884516 ], [ 745472.682339018210769, 2574046.356037691235542 ], [ 745473.41975218791049, 2574047.034177638124675 ], [ 745475.229533934616484, 2574048.426755183842033 ], [ 745477.685698315966874, 2574050.189020978752524 ], [ 745480.15747878793627, 2574051.859763403888792 ], [ 745482.905892158276401, 2574053.535765457432717 ], [ 745485.810807772097178, 2574055.178316143807024 ], [ 745488.754959238576703, 2574056.744194406550378 ], [ 745491.627320770756342, 2574058.151607580948621 ], [ 745494.331514085293747, 2574059.527747567277402 ], [ 745497.006900722160935, 2574061.090086610522121 ], [ 745499.52959489217028, 2574062.896909648552537 ], [ 745502.009914380032569, 2574064.81864258274436 ], [ 745504.383861424401402, 2574066.892414081841707 ], [ 745506.670106307137758, 2574069.201036735903472 ], [ 745508.767236015875824, 2574071.834407934453338 ], [ 745510.605764746200293, 2574074.545944476965815 ], [ 745512.301991972606629, 2574077.231157549191266 ], [ 745514.137966910260729, 2574080.059233235195279 ], [ 745516.396759390714578, 2574083.346825514454395 ], [ 745519.0669999999227, 2574087.100999999791384 ] ] } },
{ "type": "Feature", "properties": { "osmid": "28691676", "name": "nan", "highway": "residential", "oneway": "False" }, "geometry": { "type": "LineString", "coordinates": [ [ 745473.166999999899417, 2574046.450999999884516 ], [ 745466.829733015038073, 2574043.782303537707776 ], [ 745461.997872471460141, 2574041.54816716350615 ], [ 745458.690229509607889, 2574039.716503842268139 ], [ 745456.073247408843599, 2574037.990157696884125 ], [ 745453.415540052577853, 2574036.123187561053783 ], [ 745450.732453178265132, 2574034.104554095771164 ], [ 745448.209793139365502, 2574032.062384740915149 ], [ 745445.823547624866478, 2574030.028410881757736 ], [ 745443.5083211484598, 2574028.084779746364802 ], [ 745441.005188092589378, 2574026.220544457901269 ], [ 745438.248806734452955, 2574024.587592426221818 ], [ 745435.265414727735333, 2574023.181753298733383 ], [ 745432.206087930710055, 2574022.099870134610683 ], [ 745429.449384131934494, 2574021.130255164578557 ], [ 745427.260764790815301, 2574020.283809394109994 ], [ 745425.642604830441996, 2574019.427108177449554 ] ] } },
{ "type": "Feature", "properties": { "osmid": "28691680", "name": "nan", "highway": "residential", "oneway": "False" }, "geometry": { "type": "LineString", "coordinates": [ [ 745473.166999999899417, 2574046.450999999884516 ], [ 745472.202685204683803, 2574045.309158124029636 ], [ 745473.006755632348359, 2574044.259638848248869 ], [ 745475.552110282354988, 2574043.081660502124578 ], [ 745478.503212977549993, 2574041.896786356344819 ], [ 745481.275079463608563, 2574040.566457830369473 ], [ 745483.907577107660472, 2574039.341229563113302 ], [ 745486.682158373296261, 2574038.164979775901884 ], [ 745489.504665307351388, 2574037.113761767745018 ], [ 745492.370435133925639, 2574036.181847913190722 ], [ 745495.260924696456641, 2574035.319577488582581 ], [ 745498.243595833540894, 2574034.385981804225594 ], [ 745501.267040056991391, 2574033.264799041673541 ], [ 745504.272249636240304, 2574031.848234592471272 ], [ 745507.015807463787496, 2574030.184453956782818 ], [ 745509.513140197377652, 2574028.329069526400417 ], [ 745511.822693130001426, 2574026.391722111497074 ], [ 745514.117173557751812, 2574024.433171621989459 ], [ 745516.44348253600765, 2574022.51351005397737 ], [ 745518.822054640389979, 2574020.659598976839334 ], [ 745521.253113186452538, 2574018.874596398789436 ], [ 745523.735257095075212, 2574017.161575844045728 ], [ 745526.172983686556108, 2574015.58504224428907 ], [ 745528.574552279780619, 2574014.165377468802035 ], [ 745530.899737535975873, 2574012.942967797163874 ], [ 745533.35106748866383, 2574011.849158431869 ], [ 745535.934573245351203, 2574010.939271542709321 ], [ 745538.742415998131037, 2574010.224058244843036 ], [ 745541.658813503454439, 2574009.747039316687733 ], [ 745544.794300379580818, 2574009.37706534890458 ], [ 745548.216988796368241, 2574008.983058971818537 ], [ 745551.916999999899417, 2574008.500999999698251 ] ] } },
{ "type": "Feature", "properties": { "osmid": "28691680", "name": "nan", "highway": "residential", "oneway": "False" }, "geometry": { "type": "LineString", "coordinates": [ [ 745552.652999999932945, 2574008.062 ], [ 745556.500803297734819, 2574008.991146512329578 ], [ 745557.557695453055203, 2574009.233798941597342 ], [ 745556.088632249739021, 2574008.959761811420321 ], [ 745553.738253595889546, 2574008.554586541373283 ], [ 745551.916999999899417, 2574008.500999999698251 ] ] } },
{ "type": "Feature", "properties": { "osmid": "28691680", "name": "nan", "highway": "residential", "oneway": "False" }, "geometry": { "type": "LineString", "coordinates": [ [ 745552.652999999932945, 2574008.062 ], [ 745561.499777887947857, 2574011.55427895532921 ], [ 745567.2394934380427, 2574014.936554206069559 ], [ 745569.81923422741238, 2574018.108871680218726 ], [ 745570.809323918656446, 2574021.120779158081859 ], [ 745571.785445074900053, 2574024.019443336874247 ], [ 745572.797000065096654, 2574026.905956204514951 ], [ 745573.816237820661627, 2574029.78944233385846 ], [ 745574.794006615877151, 2574032.687061661388725 ], [ 745575.703537189983763, 2574035.488217234611511 ], [ 745576.60746030358132, 2574038.280594023410231 ], [ 745577.446837294381112, 2574041.083113888278604 ], [ 745578.269807558972389, 2574044.13343073381111 ], [ 745578.891362277325243, 2574047.270312478765845 ], [ 745579.489828984253109, 2574050.319290369283408 ], [ 745580.080336642917246, 2574053.125518405344337 ], [ 745580.885930914082564, 2574055.734943820163608 ], [ 745581.813170644571073, 2574058.410045451950282 ], [ 745582.814813178963959, 2574061.183358686510473 ], [ 745583.816442608949728, 2574064.073549726977944 ], [ 745584.842728381045163, 2574066.955278348643333 ], [ 745585.928124333848245, 2574069.814895445015281 ], [ 745587.08916601492092, 2574072.641425037756562 ], [ 745588.363078033667989, 2574075.53404195420444 ], [ 745589.669900625478476, 2574078.519123962614685 ], [ 745590.908452963340096, 2574081.640192101243883 ], [ 745591.895787663408555, 2574084.736505582462996 ], [ 745592.688148560468107, 2574087.790201038587838 ], [ 745593.347112534567714, 2574090.775519895367324 ], [ 745593.960914945229888, 2574093.769227153155953 ], [ 745594.524890587315895, 2574096.771879544015974 ], [ 745595.050129961571656, 2574099.781082887668163 ], [ 745595.582107826718129, 2574102.78926474461332 ], [ 745596.09544857556466, 2574105.833186600822955 ], [ 745596.544757374911569, 2574108.953133313450962 ], [ 745596.916999999899417, 2574112.150999999605119 ] ] } },
{ "type": "Feature", "properties": { "osmid": "1069960947", "name": "nan", "highway": "residential", "oneway": "False" }, "geometry": { "type": "LineString", "coordinates": [ [ 745552.652999999932945, 2574008.062 ], [ 745560.828739776392467, 2574009.885684601496905 ], [ 745565.932704918901436, 2574011.332440684083849 ], [ 745567.894999697455205, 2574012.313473699614406 ], [ 745569.948196060373448, 2574012.463947041425854 ], [ 745573.93601063627284, 2574011.856023120693862 ], [ 745580.272037569433451, 2574010.570196584332734 ], [ 745585.843274837941863, 2574009.609471946489066 ], [ 745590.347032646066509, 2574009.094802453648299 ], [ 745593.437149138771929, 2574009.084694718476385 ], [ 745596.521985852275975, 2574009.182192732114345 ], [ 745599.5997851426946, 2574009.423118559643626 ], [ 745602.673010450205766, 2574009.7572654876858 ], [ 745605.744125215453096, 2574010.134426804725081 ], [ 745608.815239980816841, 2574010.511588122230023 ], [ 745611.886354746180587, 2574010.888749438803643 ], [ 745614.957469511427917, 2574011.265910755377263 ], [ 745618.030288024805486, 2574011.600304973777384 ], [ 745621.107062548748218, 2574011.835396307054907 ], [ 745624.190045345225371, 2574011.91464897012338 ], [ 745627.278081181109883, 2574011.867061373312026 ], [ 745630.36891779396683, 2574011.749169303569943 ], [ 745635.089081245008856, 2574011.822862705215812 ], [ 745641.094535783282481, 2574012.116539237555116 ], [ 745648.041794172488153, 2574012.644827875308692 ], [ 745652.355165014392696, 2574012.902274737134576 ], [ 745654.390996605739929, 2574012.671139335725456 ], [ 745654.505637242924422, 2574011.733681182842702 ], [ 745654.646000000066124, 2574010.390000000130385 ] ] } },
{ "type": "Feature", "properties": { "osmid": "238505256", "name": "nan", "highway": "secondary", "oneway": "False" }, "geometry": { "type": "LineString", "coordinates": [ [ 745647.446, 2573868.04 ], [ 745644.661132366512902, 2573867.31113690091297 ], [ 745640.963465699926019, 2573867.185136900749058 ], [ 745636.353, 2573867.662 ] ] } },
{ "type": "Feature", "properties": { "osmid": "238505256", "name": "nan", "highway": "secondary", "oneway": "False" }, "geometry": { "type": "LineString", "coordinates": [ [ 745647.446, 2573868.04 ], [ 745650.921962588909082, 2573866.160505104344338 ], [ 745654.263098040479235, 2573864.811174764763564 ], [ 745657.464154974208213, 2573863.959428627509624 ], [ 745660.627056500758044, 2573863.314429060090333 ], [ 745663.705878811073489, 2573862.600965725723654 ], [ 745666.710125492885709, 2573861.869601260870695 ], [ 745669.647995322593488, 2573861.165882681962103 ], [ 745672.598089275415987, 2573860.514103721361607 ], [ 745675.557008887059055, 2573859.900531951803714 ], [ 745678.520227047032677, 2573859.306811636779457 ], [ 745681.485079821548425, 2573858.721222284715623 ], [ 745684.448657979257405, 2573858.130362476687878 ], [ 745687.52830316091422, 2573857.504598872270435 ], [ 745690.724197209696285, 2573856.854244435206056 ], [ 745694.040367482579313, 2573856.206232115160674 ], [ 745697.259535072487779, 2573855.615345288533717 ], [ 745700.272874549380504, 2573855.054585257545114 ], [ 745703.156769999419339, 2573854.505995396059006 ], [ 745705.995774536044337, 2573853.977361732628196 ], [ 745709.009469789452851, 2573853.522892819251865 ], [ 745712.045736519270577, 2573853.193679403048009 ], [ 745715.119840806350112, 2573852.96031529456377 ], [ 745718.189410284627229, 2573852.711445041000843 ], [ 745721.333571409806609, 2573852.362377512734383 ], [ 745724.555942567996681, 2573851.876748865004629 ], [ 745727.719815931632183, 2573851.355662210378796 ], [ 745730.698198980651796, 2573850.832827774342149 ], [ 745733.36763177998364, 2573850.353801007848233 ], [ 745735.796000000089407, 2573849.890000000130385 ] ] } },
{ "type": "Feature", "properties": { "osmid": "28691687", "name": "nan", "highway": "residential", "oneway": "False" }, "geometry": { "type": "LineString", "coordinates": [ [ 745647.446, 2573868.04 ], [ 745648.051221208297648, 2573869.367221037391573 ], [ 745648.653239783714525, 2573871.535309056285769 ], [ 745649.405919276061468, 2573874.472415414173156 ], [ 745650.300091994344257, 2573877.587469942867756 ], [ 745651.315957408049144, 2573880.525403266772628 ], [ 745652.257210732088424, 2573883.371249772142619 ], [ 745653.103193240123801, 2573886.246154536958784 ], [ 745653.825787082198076, 2573889.15382595686242 ], [ 745654.412134498939849, 2573892.089423108380288 ], [ 745654.824455438065343, 2573895.163153427187353 ], [ 745655.054033211083151, 2573898.367668063845485 ], [ 745655.121569313923828, 2573901.69514375180006 ], [ 745655.094312271219678, 2573904.915523333940655 ], [ 745655.036200576927513, 2573908.025541139300913 ], [ 745654.983708513900638, 2573911.024749176111072 ], [ 745654.932862792629749, 2573914.024108478799462 ], [ 745654.879861508961767, 2573917.023541413713247 ], [ 745654.750243606045842, 2573920.380576816853136 ], [ 745654.473102382966317, 2573924.45274311164394 ], [ 745654.046000000089407, 2573929.240000000223517 ] ] } },
{ "type": "Feature", "properties": { "osmid": "421001887", "name": "nan", "highway": "residential", "oneway": "False" }, "geometry": { "type": "LineString", "coordinates": [ [ 745654.196, 2574201.19 ], [ 745649.470392711809836, 2574202.600590716581792 ], [ 745645.320729423314333, 2574203.457962103653699 ], [ 745641.858853212092072, 2574203.754794996697456 ], [ 745638.740315864328295, 2574203.723092364612967 ], [ 745635.841985355946235, 2574203.691197589971125 ], [ 745632.940385465393774, 2574203.659349333494902 ], [ 745629.925153405289166, 2574203.613888284657151 ], [ 745626.688134916941635, 2574203.50595623627305 ], [ 745623.341882252600044, 2574203.327455978374928 ], [ 745620.109869762789458, 2574203.106353530660272 ], [ 745617.101195644238032, 2574202.892875151708722 ], [ 745614.221819033962674, 2574202.717509128618985 ], [ 745611.469565698411316, 2574202.60114724189043 ], [ 745608.620350139797665, 2574202.532366837374866 ], [ 745605.746445137890987, 2574202.484306135680526 ], [ 745602.738786867354065, 2574202.42307703755796 ], [ 745599.710899225785397, 2574202.325101301074028 ], [ 745596.683705012663268, 2574202.205761121120304 ], [ 745593.656284907250665, 2574202.089108226820827 ], [ 745590.629025667440146, 2574201.99974698247388 ], [ 745587.712735141045414, 2574201.949922198895365 ], [ 745584.684288372751325, 2574201.898358623962849 ], [ 745581.656080076587386, 2574201.803908146452159 ], [ 745578.517208141856827, 2574201.654724580701441 ], [ 745575.601331418729387, 2574201.526886221021414 ], [ 745572.682861582376063, 2574201.466912453528494 ], [ 745569.76182601088658, 2574201.4701879597269 ], [ 745566.727936682407744, 2574201.482680814806372 ], [ 745563.694136017467827, 2574201.474410298746079 ], [ 745560.450059668160975, 2574201.362738877534866 ], [ 745557.180473928689025, 2574201.044327666517347 ], [ 745554.227481403737329, 2574200.695109963417053 ], [ 745552.353935270570219, 2574200.641473652794957 ], [ 745551.375, 2574200.997 ] ] } },
{ "type": "Feature", "properties": { "osmid": "28691687", "name": "nan", "highway": "residential", "oneway": "False" }, "geometry": { "type": "LineString", "coordinates": [ [ 745654.196, 2574201.19 ], [ 745654.062758877989836, 2574196.339737996459007 ], [ 745653.999155358294956, 2574192.366032999474555 ], [ 745654.023328835144639, 2574189.15602644206956 ], [ 745654.12103994935751, 2574186.215631056111306 ], [ 745654.223879834637046, 2574183.160978126805276 ], [ 745654.293264936772175, 2574180.104587549343705 ], [ 745654.321384988841601, 2574177.046674997080117 ], [ 745654.275151028879918, 2574173.913956003729254 ], [ 745654.142073425929993, 2574170.821764540392905 ], [ 745653.907592267612927, 2574167.656945698428899 ], [ 745653.627872057608329, 2574164.568147702608258 ], [ 745653.358177691348828, 2574161.438299615401775 ], [ 745653.126008080434985, 2574158.379828225821257 ], [ 745652.909122181124985, 2574155.319925398100168 ], [ 745652.671051871380769, 2574152.26181427622214 ], [ 745652.401565305306576, 2574149.206315772142261 ], [ 745652.147724142763764, 2574146.26412393245846 ], [ 745651.977244785637595, 2574143.319337074179202 ], [ 745651.907356781419367, 2574140.370947887189686 ], [ 745651.878802262246609, 2574137.194477793294936 ], [ 745651.802821692428552, 2574134.018063498660922 ], [ 745651.655881585436873, 2574130.851098166778684 ], [ 745651.459577606525272, 2574127.808968842960894 ], [ 745651.230546044302173, 2574124.782089576590806 ], [ 745650.965082847629674, 2574121.757185386959463 ], [ 745650.638554800418206, 2574118.736023176927119 ], [ 745649.951640534563921, 2574115.682964251376688 ], [ 745649.048552876920439, 2574112.895431680604815 ], [ 745648.114384288317524, 2574110.657496225088835 ], [ 745647.466999999945983, 2574109.000999999698251 ] ] } },
{ "type": "Feature", "properties": { "osmid": "421001887", "name": "nan", "highway": "residential", "oneway": "False" }, "geometry": { "type": "LineString", "coordinates": [ [ 745654.196, 2574201.19 ], [ 745654.884923466830514, 2574199.937693511135876 ], [ 745656.62851222709287, 2574199.767445906531066 ], [ 745659.748560996144079, 2574200.572807453107089 ], [ 745663.064593408256769, 2574201.353420414496213 ], [ 745666.341361499275081, 2574201.73537421412766 ], [ 745669.257125049014576, 2574201.821009419392794 ], [ 745672.397429168224335, 2574201.902177419513464 ], [ 745675.538508075871505, 2574201.951977329794317 ], [ 745678.680273165344261, 2574201.970443249214441 ], [ 745681.817489799577743, 2574201.905133619438857 ], [ 745684.838550932356156, 2574201.803090791683644 ], [ 745687.871149979066104, 2574201.717384207528085 ], [ 745690.715264642029069, 2574201.765514014288783 ], [ 745693.933339856681414, 2574201.782973089721054 ], [ 745697.281361904926598, 2574200.320028108078986 ], [ 745700.848570572561584, 2574195.977932972367853 ], [ 745704.296000000089407, 2574188.890000000130385 ] ] } },
{ "type": "Feature", "properties": { "osmid": "28691692", "name": "nan", "highway": "residential", "oneway": "False" }, "geometry": { "type": "LineString", "coordinates": [ [ 745545.752999999909662, 2573882.512000000104308 ], [ 745547.519666666630656, 2573882.063666666392237 ], [ 745548.57966666657012, 2573881.794666666537523 ], [ 745548.932999999844469, 2573881.705 ], [ 745549.002951267175376, 2573883.485818234737962 ], [ 745549.144889198592864, 2573887.387278034817427 ], [ 745549.360849191318266, 2573893.74920273013413 ], [ 745549.512964107561857, 2573899.349779182113707 ], [ 745549.599198550335132, 2573903.849184059537947 ], [ 745550.037388870958239, 2573908.260992479044944 ], [ 745550.893415542435832, 2573913.686376016121358 ], [ 745552.165243168012239, 2573919.785511338151991 ], [ 745553.011092855012976, 2573923.511778222862631 ], [ 745553.331222222186625, 2573925.310111111029983 ], [ 745553.025888888747431, 2573925.625444444362074 ], [ 745552.517, 2573926.150999999605119 ] ] } },
{ "type": "Feature", "properties": { "osmid": "238505256", "name": "nan", "highway": "secondary", "oneway": "False" }, "geometry": { "type": "LineString", "coordinates": [ [ 745545.752999999909662, 2573882.512000000104308 ], [ 745544.541078662965447, 2573881.696673030033708 ], [ 745542.610639149323106, 2573881.183699246961623 ], [ 745540.072420125245117, 2573880.995029173325747 ], [ 745537.285720652900636, 2573880.986156619619578 ], [ 745534.609829054330476, 2573881.010323805268854 ], [ 745531.82248017238453, 2573881.043429533019662 ], [ 745528.9235952507006, 2573881.074271635618061 ], [ 745525.913108533248305, 2573881.092980004381388 ], [ 745522.902543240808882, 2573881.100225675385445 ], [ 745519.89193986391183, 2573881.101253289263695 ], [ 745516.881651490344666, 2573881.112523136660457 ], [ 745513.875784369534813, 2573881.187455890700221 ], [ 745510.875150693929754, 2573881.344118664972484 ], [ 745507.879120159079321, 2573881.56166037870571 ], [ 745504.879490123596042, 2573881.73792984848842 ], [ 745501.874643082730472, 2573881.838176887482405 ], [ 745498.864899901323952, 2573881.872903497423977 ], [ 745495.85436663927976, 2573881.89332000631839 ], [ 745492.843844605959021, 2573881.915236676111817 ], [ 745489.833315169787966, 2573881.936109361704439 ], [ 745486.822767253150232, 2573881.954301183577627 ], [ 745483.812212432269007, 2573881.971592427697033 ], [ 745480.801671798923053, 2573881.990914102178067 ], [ 745477.791156788938679, 2573882.013880341779441 ], [ 745474.78065437998157, 2573882.03863779315725 ], [ 745471.770195087301545, 2573882.066466180142015 ], [ 745468.759856317774393, 2573882.101578258443624 ], [ 745465.749661404523067, 2573882.142426 ], [ 745462.739566236850806, 2573882.174317114520818 ], [ 745459.729397317860276, 2573882.184181364718825 ], [ 745456.719360876246355, 2573882.186345924157649 ], [ 745453.709958490566351, 2573882.217863224912435 ], [ 745450.701805816614069, 2573882.305363959167153 ], [ 745447.695061837439425, 2573882.44537055818364 ], [ 745444.689237025449984, 2573882.612862316891551 ], [ 745441.683813262614422, 2573882.789216537028551 ], [ 745438.678375880233943, 2573882.965332623105496 ], [ 745435.67293605429586, 2573883.141459648031741 ], [ 745432.667499334551394, 2573883.317714276257902 ], [ 745429.662110556848347, 2573883.494799986947328 ], [ 745426.657546680071391, 2573883.681965174619108 ], [ 745423.656245252001099, 2573883.903646335471421 ], [ 745420.886013126582839, 2573884.172964984085411 ], [ 745418.573107902309857, 2573884.484501339960843 ], [ 745416.7150782776298, 2573884.813574297819287 ] ] } },
{ "type": "Feature", "properties": { "osmid": "238505256", "name": "nan", "highway": "secondary", "oneway": "False" }, "geometry": { "type": "LineString", "coordinates": [ [ 745545.752999999909662, 2573882.512000000104308 ], [ 745550.956578475539573, 2573881.132722925394773 ], [ 745555.287212666124105, 2573880.207941947504878 ], [ 745558.74490257166326, 2573879.737657066434622 ] ] } },
{ "type": "Feature", "properties": { "osmid": "28691680", "name": "nan", "highway": "residential", "oneway": "False" }, "geometry": { "type": "LineString", "coordinates": [ [ 745551.916999999899417, 2574008.500999999698251 ], [ 745553.738253595889546, 2574008.554586541373283 ], [ 745556.088632249739021, 2574008.959761811420321 ], [ 745557.557695453055203, 2574009.233798941597342 ], [ 745556.500803297734819, 2574008.991146512329578 ], [ 745552.652999999932945, 2574008.062 ] ] } },
{ "type": "Feature", "properties": { "osmid": "28691692", "name": "nan", "highway": "residential", "oneway": "False" }, "geometry": { "type": "LineString", "coordinates": [ [ 745551.916999999899417, 2574008.500999999698251 ], [ 745551.692621081718244, 2574003.713841691147536 ], [ 745551.463180003338493, 2573999.636438856367022 ], [ 745551.28476230148226, 2573996.265825452283025 ], [ 745551.214827547897585, 2573993.245410041883588 ], [ 745551.242885501706041, 2573990.220970790367573 ], [ 745551.30736921809148, 2573987.195526136551052 ], [ 745551.377392585854977, 2573984.170915387570858 ], [ 745551.473504960420541, 2573981.147370467428118 ], [ 745551.610255764448084, 2573978.124945535790175 ], [ 745551.759179470594972, 2573975.101907077711076 ], [ 745551.897216474637389, 2573972.077877329662442 ], [ 745552.010517450515181, 2573969.052546683233231 ], [ 745552.131227992940694, 2573966.027898050844669 ], [ 745552.233503816765733, 2573962.895360705908388 ], [ 745552.251005959813483, 2573959.775334564503282 ], [ 745552.207214077818207, 2573956.563060826156288 ], [ 745552.149793410324492, 2573953.478709971066564 ], [ 745552.188359188265167, 2573950.285533228889108 ], [ 745552.212836189311929, 2573947.193650772795081 ], [ 745552.219641854520887, 2573944.092158854473382 ], [ 745552.183507218607701, 2573940.985613076947629 ], [ 745552.178738402551971, 2573937.766695719677955 ], [ 745552.18105817574542, 2573934.545555509626865 ], [ 745552.220021544140764, 2573931.551012953277677 ], [ 745552.328831549151801, 2573928.789728540927172 ], [ 745552.517, 2573926.150999999605119 ] ] } },
{ "type": "Feature", "properties": { "osmid": "28691680", "name": "nan", "highway": "residential", "oneway": "False" }, "geometry": { "type": "LineString", "coordinates": [ [ 745551.916999999899417, 2574008.500999999698251 ], [ 745548.216988796251826, 2574008.983058971818537 ], [ 745544.794300379580818, 2574009.37706534890458 ], [ 745541.658813503454439, 2574009.747039316687733 ], [ 745538.742415998014621, 2574010.224058244843036 ], [ 745535.934573245351203, 2574010.939271542709321 ], [ 745533.35106748866383, 2574011.849158431869 ], [ 745530.899737535975873, 2574012.942967796698213 ], [ 745528.574552279780619, 2574014.165377468336374 ], [ 745526.172983686556108, 2574015.58504224428907 ], [ 745523.735257095075212, 2574017.161575844045728 ], [ 745521.253113186452538, 2574018.874596398789436 ], [ 745518.822054640273564, 2574020.659598976839334 ], [ 745516.44348253600765, 2574022.513510053511709 ], [ 745514.117173557751812, 2574024.433171621989459 ], [ 745511.822693130001426, 2574026.391722111497074 ], [ 745509.513140197377652, 2574028.329069526400417 ], [ 745507.015807463787496, 2574030.184453956782818 ], [ 745504.272249636240304, 2574031.848234592471272 ], [ 745501.267040057107806, 2574033.264799041673541 ], [ 745498.243595833540894, 2574034.385981804225594 ], [ 745495.260924696456641, 2574035.319577488582581 ], [ 745492.370435133925639, 2574036.181847913190722 ], [ 745489.504665307351388, 2574037.113761767745018 ], [ 745486.682158373296261, 2574038.164979775901884 ], [ 745483.907577107660472, 2574039.341229563113302 ], [ 745481.275079463608563, 2574040.566457830369473 ], [ 745478.503212977549993, 2574041.896786356344819 ], [ 745475.552110282354988, 2574043.081660502124578 ], [ 745473.006755632348359, 2574044.25963884871453 ], [ 745472.202685204683803, 2574045.309158124029636 ], [ 745473.166999999899417, 2574046.450999999884516 ] ] } },
{ "type": "Feature", "properties": { "osmid": "28691698", "name": "nan", "highway": "residential", "oneway": "False" }, "geometry": { "type": "LineString", "coordinates": [ [ 745505.160394982551225, 2574201.628435891587287 ], [ 745506.431453234399669, 2574201.487614808604121 ], [ 745507.882341855671257, 2574201.237125630956143 ], [ 745508.984747139387764, 2574199.101465974003077 ], [ 745509.216694766073488, 2574194.917309356853366 ], [ 745508.582285032025538, 2574188.40167075349018 ], [ 745508.05933135736268, 2574182.777251642663032 ], [ 745507.948374222498387, 2574178.292127190157771 ], [ 745508.286916800308973, 2574175.254201833624393 ], [ 745508.625459378235973, 2574172.216276476625353 ], [ 745508.964001956046559, 2574169.178351120091975 ], [ 745509.302544533857144, 2574166.140425763092935 ], [ 745509.64108711166773, 2574163.102500406559557 ], [ 745509.979629689478315, 2574160.064575049560517 ], [ 745510.318172267521732, 2574157.026649692561477 ], [ 745510.656714845332317, 2574153.988724335562438 ], [ 745510.995257423142903, 2574150.950798978563398 ], [ 745511.333800001069903, 2574147.912873621564358 ], [ 745511.672342578880489, 2574144.87494826503098 ], [ 745512.010885156691074, 2574141.83702290803194 ], [ 745512.34942773450166, 2574138.799097551032901 ], [ 745512.687970312312245, 2574135.761172194033861 ], [ 745513.026512890122831, 2574132.723246837034822 ], [ 745513.365055467933416, 2574129.685321480501443 ], [ 745513.703598045744002, 2574126.647396123502403 ], [ 745514.042140623554587, 2574123.609470766969025 ], [ 745514.380683201481588, 2574120.571545409969985 ], [ 745514.719225779292174, 2574117.533620053436607 ], [ 745515.05776835733559, 2574114.495694696437567 ], [ 745515.396310935146175, 2574111.457769339438528 ], [ 745515.734853512956761, 2574108.419843982439488 ], [ 745516.574474569759332, 2574104.114788355305791 ], [ 745517.771793474443257, 2574098.842930299695581 ], [ 745519.183271667803638, 2574092.905048111453652 ], [ 745519.769136350019835, 2574089.172949591651559 ], [ 745519.7054157681996, 2574087.29670803854242 ], [ 745519.282688371953554, 2574087.084132404532284 ], [ 745519.080765654682182, 2574087.00236343825236 ], [ 745519.0669999999227, 2574087.100999999791384 ] ] } },
{ "type": "Feature", "properties": { "osmid": "421001887", "name": "nan", "highway": "residential", "oneway": "False" }, "geometry": { "type": "LineString", "coordinates": [ [ 745505.160394982551225, 2574201.628435891587287 ], [ 745508.418220541556366, 2574201.193422520533204 ], [ 745511.494045213679783, 2574201.037686730269343 ], [ 745514.505565511411987, 2574201.22926026256755 ], [ 745517.679739336133935, 2574201.484004125464708 ], [ 745520.915317577193491, 2574201.659831407945603 ], [ 745524.094409152516164, 2574201.677759364712983 ], [ 745527.163033340941183, 2574201.63975401269272 ], [ 745530.231347282067873, 2574201.580152271315455 ], [ 745533.299669803585857, 2574201.514416218735278 ], [ 745536.368018293636851, 2574201.446990428958088 ], [ 745539.436189122847281, 2574201.373949568253011 ], [ 745542.808006882667542, 2574201.277738784905523 ], [ 745546.787527688313276, 2574201.149406342301518 ], [ 745551.375, 2574200.997 ] ] } },
{ "type": "Feature", "properties": { "osmid": "421001887", "name": "nan", "highway": "residential", "oneway": "False" }, "geometry": { "type": "LineString", "coordinates": [ [ 745505.160394982551225, 2574201.628435891587287 ], [ 745502.592776913079433, 2574201.739431988913566 ], [ 745499.798018456320278, 2574201.866805016528815 ], [ 745496.903360434807837, 2574202.041584908496588 ], [ 745493.740508313872851, 2574202.254797099158168 ], [ 745490.539734799880534, 2574202.463135920464993 ], [ 745487.172485985443927, 2574202.574388612061739 ], [ 745483.923691591480747, 2574202.59077418083325 ] ] } },
{ "type": "Feature", "properties": { "osmid": "421001885", "name": "nan", "highway": "residential", "oneway": "False" }, "geometry": { "type": "LineString", "coordinates": [ [ 745739.396000000066124, 2574141.640000000130385 ], [ 745739.363253094139509, 2574148.33330145990476 ], [ 745739.353837287053466, 2574151.249074980150908 ], [ 745739.403827142901719, 2574150.167953722644597 ], [ 745739.43082053528633, 2574147.156757466029376 ], [ 745739.416638119262643, 2574143.9241005894728 ], [ 745739.285211165435612, 2574140.897143631707877 ], [ 745739.160637579974718, 2574137.82063931459561 ], [ 745739.035438654362224, 2574134.818966794759035 ], [ 745738.950689696357585, 2574131.684296648483723 ], [ 745738.881411583162844, 2574128.550446797162294 ], [ 745738.524259967380203, 2574125.234441917389631 ], [ 745738.120425859116949, 2574122.189421489369124 ], [ 745737.86213072470855, 2574119.867413545027375 ], [ 745738.0669999999227, 2574118.450999999884516 ] ] } },
{ "type": "Feature", "properties": { "osmid": "28691609", "name": "nan", "highway": "residential", "oneway": "False" }, "geometry": { "type": "LineString", "coordinates": [ [ 745739.396000000066124, 2574141.640000000130385 ], [ 745735.444513445836492, 2574152.19077899120748 ], [ 745731.867331580840982, 2574158.620402588043362 ], [ 745728.659739131224342, 2574160.879382074344903 ], [ 745725.521432413719594, 2574161.014268199447542 ], [ 745722.266970930621028, 2574161.121455144137144 ], [ 745718.909451201092452, 2574161.315994990523905 ], [ 745715.800131665193476, 2574161.664610237348825 ], [ 745712.981734782340936, 2574162.278137458488345 ], [ 745710.511881663813256, 2574163.231178803369403 ], [ 745708.251170187140815, 2574164.567479880992323 ], [ 745706.382867066189647, 2574166.318230229895562 ], [ 745705.069240802084096, 2574168.472222570329905 ], [ 745704.321333185420372, 2574171.08154569985345 ], [ 745703.980749712907709, 2574173.98367484472692 ], [ 745703.861406241543591, 2574177.051517409738153 ], [ 745703.86265886540059, 2574180.12725188350305 ], [ 745703.915809643338434, 2574183.20477543445304 ], [ 745703.975969224236906, 2574186.282269526273012 ], [ 745704.040297290310264, 2574189.359582270961255 ], [ 745704.11288000177592, 2574191.358870374504477 ], [ 745704.200333905522712, 2574191.202262729406357 ], [ 745704.296000000089407, 2574188.890000000130385 ] ] } },
{ "type": "Feature", "properties": { "osmid": "28691609", "name": "nan", "highway": "residential", "oneway": "False" }, "geometry": { "type": "LineString", "coordinates": [ [ 745739.396000000066124, 2574141.640000000130385 ], [ 745739.050420498126186, 2574151.696815134491771 ], [ 745738.984422691282816, 2574157.321864326950163 ], [ 745741.614612111705355, 2574158.271273842547089 ], [ 745747.126430820673704, 2574156.928778040688485 ], [ 745755.269900524639525, 2574156.325477233622223 ], [ 745761.309815908665769, 2574157.152679802384228 ], [ 745764.837181063368917, 2574158.868169670458883 ], [ 745765.938086421694607, 2574160.964238031301647 ], [ 745766.969432124518789, 2574163.100101788993925 ], [ 745768.077567734755576, 2574165.449340025428683 ], [ 745769.222458808799274, 2574167.905536903534085 ], [ 745770.336047628894448, 2574170.373337774071842 ], [ 745771.572486298158765, 2574173.024865616578609 ], [ 745772.877916861209087, 2574175.773809622041881 ], [ 745774.400295487721451, 2574178.560779790859669 ], [ 745775.89830201677978, 2574181.015889823436737 ], [ 745777.468663997831754, 2574183.411955362185836 ], [ 745778.83039524324704, 2574185.873212998267263 ], [ 745780.004383715684526, 2574188.753921379335225 ], [ 745780.827167846728116, 2574191.958378336858004 ], [ 745781.442583781317808, 2574195.542814432177693 ], [ 745781.924999999930151, 2574199.346999999601394 ] ] } },
{ "type": "Feature", "properties": { "osmid": "28691795", "name": "nan", "highway": "residential", "oneway": "False" }, "geometry": { "type": "LineString", "coordinates": [ [ 745735.724999999976717, 2574228.896999999880791 ], [ 745735.826221038587391, 2574229.298689580988139 ], [ 745735.930454054265283, 2574230.372284919954836 ], [ 745736.029127375339158, 2574232.46507996879518 ], [ 745736.083756582229398, 2574235.126157414168119 ], [ 745736.096942285541445, 2574238.019272303208709 ], [ 745736.12174656370189, 2574240.678544972091913 ], [ 745736.278223962988704, 2574243.551082946360111 ], [ 745736.530967329745181, 2574246.51648180000484 ], [ 745736.803608558489941, 2574249.807230392470956 ], [ 745736.910823343787342, 2574252.870383335743099 ], [ 745736.937727830489166, 2574255.941525771748275 ], [ 745736.915528554003686, 2574258.885596436914057 ], [ 745736.944860111339949, 2574261.927534028422087 ], [ 745736.971691013663076, 2574264.956267552915961 ], [ 745736.988742128480226, 2574268.017772653605789 ], [ 745737.013024408253841, 2574271.108219137880951 ], [ 745736.590224004699849, 2574274.495655326172709 ], [ 745736.142968310392462, 2574277.70837756851688 ], [ 745736.051145376637578, 2574280.299535548780113 ], [ 745736.775000000023283, 2574281.997 ] ] } },
{ "type": "Feature", "properties": { "osmid": "28691609", "name": "nan", "highway": "residential", "oneway": "False" }, "geometry": { "type": "LineString", "coordinates": [ [ 745735.724999999976717, 2574228.896999999880791 ], [ 745737.608517775428481, 2574228.048302958253771 ], [ 745739.738797483150847, 2574227.301482908893377 ], [ 745742.242500747437589, 2574226.683922555297613 ], [ 745745.35274034878239, 2574225.912189197260886 ], [ 745748.444599165930413, 2574224.896809935569763 ], [ 745751.427028454723768, 2574223.439325824845582 ], [ 745753.930806596763432, 2574222.003982687368989 ], [ 745756.607545619364828, 2574220.631016098428518 ], [ 745759.344931497354992, 2574219.556755133438855 ], [ 745762.218707357882522, 2574218.412111220881343 ], [ 745765.033347390475683, 2574217.075345212593675 ], [ 745767.815773339825682, 2574215.415606608148664 ], [ 745770.611718982923776, 2574213.395884004887193 ], [ 745773.154584787436761, 2574211.079759635031223 ], [ 745775.450971870683134, 2574208.495456663891673 ], [ 745777.521754821878858, 2574205.726099024992436 ], [ 745779.665371437207796, 2574202.66415530256927 ], [ 745781.924999999930151, 2574199.346999999601394 ] ] } },
{ "type": "Feature", "properties": { "osmid": "28691609", "name": "nan", "highway": "residential", "oneway": "False" }, "geometry": { "type": "LineString", "coordinates": [ [ 745735.724999999976717, 2574228.896999999880791 ], [ 745735.803333333344199, 2574228.951999999582767 ], [ 745734.079173462465405, 2574228.136230945121497 ], [ 745730.236032967921346, 2574226.335080982651561 ], [ 745723.973091096966527, 2574223.444938257336617 ], [ 745718.580322229187004, 2574220.997777258977294 ], [ 745713.859202955383807, 2574217.621128755155951 ], [ 745710.442708114744164, 2574213.544216452632099 ], [ 745707.095701894140802, 2574208.271398538257927 ], [ 745705.164693369646557, 2574204.89144903793931 ], [ 745704.333195121842436, 2574203.289756097365171 ], [ 745704.265146978083067, 2574203.13468613801524 ], [ 745704.192966043017805, 2574201.379643279593438 ], [ 745704.180567669100128, 2574196.579724580515176 ], [ 745704.296000000089407, 2574188.890000000130385 ] ] } },
{ "type": "Feature", "properties": { "osmid": "28691777", "name": "nan", "highway": "residential", "oneway": "False" }, "geometry": { "type": "LineString", "coordinates": [ [ 745925.028999999980442, 2574282.994999999646097 ], [ 745918.713886527228169, 2574282.95040533086285 ], [ 745913.722374721546657, 2574282.936250068247318 ], [ 745910.054418895510025, 2574282.940774695482105 ], [ 745907.04832405783236, 2574282.938164144288749 ], [ 745903.931029988336377, 2574282.904794336762279 ], [ 745900.702545875683427, 2574282.859301426913589 ], [ 745897.362656496581621, 2574282.821966379415244 ], [ 745894.133881362737156, 2574282.810277231037617 ], [ 745891.016258971183561, 2574282.817688268143684 ], [ 745888.00996314373333, 2574282.838366785086691 ], [ 745885.004481400712393, 2574282.8835893063806 ], [ 745881.999875942594372, 2574282.956928519066423 ], [ 745878.99603076139465, 2574283.052131739910692 ], [ 745875.991496358183213, 2574283.116974162403494 ], [ 745873.536720558651723, 2574283.171682212501764 ], [ 745872.182321045547724, 2574283.245339310262352 ], [ 745871.929, 2574283.370000000111759 ] ] } },
{ "type": "Feature", "properties": { "osmid": "365240519", "name": "nan", "highway": "residential", "oneway": "False" }, "geometry": { "type": "LineString", "coordinates": [ [ 745925.028999999980442, 2574282.994999999646097 ], [ 745921.71938251319807, 2574282.907369798049331 ], [ 745919.733612020965666, 2574282.854791676625609 ], [ 745919.070844649919309, 2574284.793835561722517 ], [ 745919.070518744527362, 2574289.056710135191679 ], [ 745919.072072649025358, 2574295.975624078884721 ], [ 745919.078555952757597, 2574301.987172266002744 ], [ 745919.088606813922524, 2574306.741619972046465 ], [ 745919.100863390485756, 2574309.889232475776225 ], [ 745919.113119966932572, 2574313.036844979505986 ], [ 745919.163335192017257, 2574317.591172186192125 ], [ 745919.250147223472595, 2574323.20247937226668 ], [ 745919.372194219729863, 2574329.521031816024333 ], [ 745919.452197041944601, 2574333.383665388915688 ], [ 745919.491517532267608, 2574335.140114814508706 ], [ 745920.009126695338637, 2574335.16332427971065 ], [ 745921.561954184551723, 2574335.232952674850821 ], [ 745924.150000000023283, 2574335.349 ] ] } },
{ "type": "Feature", "properties": { "osmid": "365240519", "name": "nan", "highway": "residential", "oneway": "False" }, "geometry": { "type": "LineString", "coordinates": [ [ 745925.028999999980442, 2574282.994999999646097 ], [ 745921.71938251319807, 2574282.907369798049331 ], [ 745919.733612020965666, 2574282.854791676625609 ], [ 745919.071688523632474, 2574282.837265636306256 ], [ 745919.132874187664129, 2574281.042577607091516 ], [ 745919.266718639992177, 2574277.119437491055578 ], [ 745919.484695005347021, 2574270.734081231988966 ], [ 745919.67590508016292, 2574265.142120831180364 ], [ 745919.82887574005872, 2574260.67732034670189 ], [ 745919.93213386030402, 2574257.67344383476302 ], [ 745920.035391980432905, 2574254.669567321892828 ], [ 745920.138650100678205, 2574251.665690809488297 ], [ 745920.241908221039921, 2574248.661814297083765 ], [ 745920.345166341401637, 2574245.657937785144895 ], [ 745920.448424461646937, 2574242.654061272274703 ], [ 745920.551682581775822, 2574239.65018475940451 ], [ 745920.654940702021122, 2574236.646308246999979 ], [ 745920.758198822382838, 2574233.642431734595448 ], [ 745920.861456942628138, 2574230.638555222656578 ], [ 745920.964715062757023, 2574227.634678709786385 ], [ 745921.067973183118738, 2574224.630802197381854 ], [ 745921.110282488050871, 2574220.210601333063096 ], [ 745921.080169852939434, 2574214.707840173039585 ], [ 745920.966162153636105, 2574208.45628277445212 ], [ 745920.990086447447538, 2574204.613750617951155 ], [ 745921.443879062659107, 2574202.781931651290506 ], [ 745922.619476327323355, 2574202.562513820827007 ], [ 745924.355999999912456, 2574202.213999999687076 ] ] } },
{ "type": "Feature", "properties": { "osmid": "28691777", "name": "nan", "highway": "residential", "oneway": "False" }, "geometry": { "type": "LineString", "coordinates": [ [ 745925.028999999980442, 2574282.994999999646097 ], [ 745924.728489023982547, 2574282.971157715190202 ], [ 745925.759044387959875, 2574283.021801844239235 ], [ 745928.125299374922179, 2574283.144582846667618 ], [ 745931.163912265677936, 2574283.254482055082917 ], [ 745934.209228463470936, 2574283.299370958469808 ], [ 745937.256564764655195, 2574283.276574757415801 ], [ 745940.30431057990063, 2574283.225782098714262 ], [ 745943.351972855511121, 2574283.18059752555564 ], [ 745946.399525512126274, 2574283.161253082565963 ], [ 745949.44701568223536, 2574283.17491011088714 ], [ 745952.494464007322676, 2574283.199145070742816 ], [ 745955.54166247008834, 2574283.193181392271072 ], [ 745958.588293772656471, 2574283.13489847863093 ], [ 745961.63415795925539, 2574283.028928463812917 ], [ 745964.565058240201324, 2574282.890333997551352 ], [ 745967.481176592409611, 2574282.644668819848448 ], [ 745970.482690876699053, 2574282.211078752763569 ], [ 745973.684081900166348, 2574281.60007000900805 ] ] } },
{ "type": "Feature", "properties": { "osmid": "28691785", "name": "nan", "highway": "residential", "oneway": "False" }, "geometry": { "type": "LineString", "coordinates": [ [ 745924.150000000023283, 2574335.349 ], [ 745918.341365571250208, 2574335.509410677012056 ], [ 745913.786138449446298, 2574335.641517754644156 ], [ 745910.372007879894227, 2574335.727544240187854 ], [ 745907.472269586171024, 2574335.779813289642334 ], [ 745904.348984633921646, 2574335.820135695394129 ], [ 745901.1150794448331, 2574335.887227330822498 ], [ 745897.771227420424111, 2574336.002981826197356 ], [ 745894.540268671815284, 2574336.153997560963035 ], [ 745891.533739034435712, 2574336.276727084536105 ], [ 745888.639983409200795, 2574336.347126623615623 ], [ 745885.747003623633645, 2574336.362401994410902 ], [ 745882.63004279602319, 2574336.377878444734961 ], [ 745879.510896960622631, 2574336.368616178166121 ], [ 745876.501402531866916, 2574336.327350275591016 ], [ 745874.048722889390774, 2574336.251293398439884 ], [ 745872.457193824462593, 2574336.231571569573134 ], [ 745871.91913886135444, 2574336.334116882644594 ], [ 745872.099999999976717, 2574336.548999999649823 ] ] } },
{ "type": "Feature", "properties": { "osmid": "365240519", "name": "nan", "highway": "residential", "oneway": "False" }, "geometry": { "type": "LineString", "coordinates": [ [ 745924.150000000023283, 2574335.349 ], [ 745920.893417384824716, 2574335.266024054493755 ], [ 745918.933470685617067, 2574336.951206200290471 ], [ 745918.259698327980004, 2574340.753071310464293 ], [ 745918.454920975957066, 2574346.983295874204487 ], [ 745918.580283528543077, 2574352.527809733524919 ], [ 745918.646247560274787, 2574357.038088018074632 ], [ 745918.552093390375376, 2574360.174811852630228 ], [ 745918.45793922059238, 2574363.311535686720163 ], [ 745918.363785050809383, 2574366.44825952174142 ], [ 745918.33779381623026, 2574371.085131342988461 ], [ 745918.390427091042511, 2574376.873626280110329 ], [ 745918.419115459197201, 2574383.469289055559784 ], [ 745918.297994624823332, 2574387.523298827931285 ], [ 745918.016603013616987, 2574389.384180467110127 ], [ 745918.57637324987445, 2574389.32038751617074 ], [ 745920.820838912040927, 2574389.10866069374606 ], [ 745924.75, 2574388.748999999836087 ] ] } },
{ "type": "Feature", "properties": { "osmid": "365240519", "name": "nan", "highway": "residential", "oneway": "False" }, "geometry": { "type": "LineString", "coordinates": [ [ 745924.150000000023283, 2574335.349 ], [ 745921.561954184551723, 2574335.232952674850821 ], [ 745920.009126695338637, 2574335.16332427971065 ], [ 745919.491517532267608, 2574335.140114814508706 ], [ 745919.452197041944601, 2574333.383665388915688 ], [ 745919.372194219729863, 2574329.521031816024333 ], [ 745919.250147223472595, 2574323.20247937226668 ], [ 745919.163335192017257, 2574317.591172186192125 ], [ 745919.113119967165403, 2574313.036844979505986 ], [ 745919.100863390602171, 2574309.889232475776225 ], [ 745919.088606813922524, 2574306.741619972046465 ], [ 745919.078555952757597, 2574301.987172266002744 ], [ 745919.072072649025358, 2574295.975624078884721 ], [ 745919.070518744527362, 2574289.056710135191679 ], [ 745919.070844649919309, 2574284.793835561722517 ], [ 745919.733612020965666, 2574282.854791676625609 ], [ 745921.71938251319807, 2574282.907369798049331 ], [ 745925.028999999980442, 2574282.994999999646097 ] ] } },
{ "type": "Feature", "properties": { "osmid": "28691785", "name": "nan", "highway": "residential", "oneway": "False" }, "geometry": { "type": "LineString", "coordinates": [ [ 745924.150000000023283, 2574335.349 ], [ 745924.936318197869696, 2574335.960451223421842 ], [ 745926.542803579941392, 2574336.598150254692882 ], [ 745928.912100671674125, 2574337.064928918611258 ], [ 745931.746300625032745, 2574337.272596045862883 ], [ 745934.63461664353963, 2574337.193484479561448 ], [ 745937.745492448448204, 2574337.0172023717314 ], [ 745940.856439017108642, 2574336.817970727104694 ], [ 745943.966705450671725, 2574336.60878584580496 ], [ 745946.965226350002922, 2574336.397808892186731 ], [ 745949.963189217378385, 2574336.179698240477592 ], [ 745952.962554624653421, 2574335.984408994670957 ], [ 745956.057666733278893, 2574335.830314283724874 ], [ 745959.138502981048077, 2574335.723606197163463 ], [ 745962.317948003183119, 2574335.650912252720445 ], [ 745965.40972494147718, 2574335.58602794026956 ], [ 745968.635415815748274, 2574335.512718643993139 ], [ 745971.769013600773178, 2574335.425201712641865 ], [ 745974.902429135981947, 2574335.330734830815345 ], [ 745977.923807155922987, 2574335.234402765519917 ] ] } },
{ "type": "Feature", "properties": { "osmid": "365240519", "name": "nan", "highway": "residential", "oneway": "False" }, "geometry": { "type": "LineString", "coordinates": [ [ 745917.677510041627102, 2574389.396389249246567 ], [ 745917.677510041627102, 2574389.396389249246567 ], [ 745917.731507155578583, 2574391.272705127485096 ], [ 745917.854860954335891, 2574395.366178896278143 ], [ 745918.062931008636951, 2574402.017652567941695 ], [ 745918.263082661782391, 2574407.815336398314685 ], [ 745918.439956342801452, 2574412.418388375081122 ], [ 745918.578192480723374, 2574415.485966485459358 ], [ 745918.716428618761711, 2574418.553544596303254 ], [ 745918.854664756800048, 2574421.621122707147151 ], [ 745918.992900894838385, 2574424.688700817991048 ], [ 745919.131137032876723, 2574427.756278928834945 ], [ 745920.284723676741123, 2574431.972300010267645 ], [ 745922.438301255577244, 2574436.995922050904483 ], [ 745925.576510198763572, 2574442.486303037498146 ], [ 745927.663845478673466, 2574445.8001594603993 ], [ 745928.726222222205251, 2574447.272777777165174 ], [ 745928.778999999980442, 2574447.244999999646097 ] ] } },
{ "type": "Feature", "properties": { "osmid": "365240519", "name": "nan", "highway": "residential", "oneway": "False" }, "geometry": { "type": "LineString", "coordinates": [ [ 745917.677510041627102, 2574389.396389249246567 ], [ 745924.75, 2574388.748999999836087 ] ] } },
{ "type": "Feature", "properties": { "osmid": "365241530", "name": "nan", "highway": "residential", "oneway": "False" }, "geometry": { "type": "LineString", "coordinates": [ [ 745917.677510041627102, 2574389.396389249246567 ], [ 745914.070514818187803, 2574389.682776735629886 ], [ 745910.691669107531197, 2574389.972059544641525 ], [ 745907.541421215631999, 2574390.267199875321239 ], [ 745904.506919139879756, 2574390.570908223744482 ], [ 745901.468861456029117, 2574390.833308609202504 ], [ 745898.424955866881646, 2574391.028080875519663 ], [ 745895.375727236620151, 2574391.168612010311335 ], [ 745892.324252812075429, 2574391.278175062965602 ], [ 745889.272174858138897, 2574391.371293308679014 ], [ 745886.219447372830473, 2574391.434678193181753 ], [ 745883.166352036292665, 2574391.467100549023598 ], [ 745880.115946940495633, 2574391.441755368839949 ], [ 745877.196132133365609, 2574391.295776452869177 ], [ 745874.213806844316423, 2574390.872848533559591 ], [ 745871.278067083912902, 2574390.23355453973636 ], [ 745869.126152257900685, 2574389.656176832038909 ], [ 745869.137447354965843, 2574389.594639731105417 ], [ 745871.199999999953434, 2574390.023999999742955 ] ] } },
{ "type": "Feature", "properties": { "osmid": "365240519", "name": "nan", "highway": "residential", "oneway": "False" }, "geometry": { "type": "LineString", "coordinates": [ [ 745928.778999999980442, 2574447.244999999646097 ], [ 745928.625235836138017, 2574449.77410672372207 ], [ 745928.542981088161469, 2574452.520463658031076 ], [ 745928.556919824215584, 2574455.369481957051903 ], [ 745927.699250943609513, 2574459.264207406435162 ], [ 745925.906954049598426, 2574463.755355747416615 ], [ 745923.247875012806617, 2574468.729721622075886 ], [ 745921.606173941981979, 2574471.741800662595779 ], [ 745920.999649923760444, 2574473.13255271082744 ], [ 745921.223731987294741, 2574473.130698882974684 ], [ 745921.335773019003682, 2574473.129771969281137 ], [ 745921.335773019003682, 2574473.129771969281137 ] ] } },
{ "type": "Feature", "properties": { "osmid": "365240519", "name": "nan", "highway": "residential", "oneway": "False" }, "geometry": { "type": "LineString", "coordinates": [ [ 745928.778999999980442, 2574447.244999999646097 ], [ 745928.726222222205251, 2574447.272777777630836 ], [ 745927.663845478673466, 2574445.8001594603993 ], [ 745925.576510198763572, 2574442.486303037498146 ], [ 745922.438301255810075, 2574436.995922050904483 ], [ 745920.284723676857539, 2574431.972300010267645 ], [ 745919.131137032876723, 2574427.756278928834945 ], [ 745918.992900894838385, 2574424.688700817991048 ], [ 745918.854664756800048, 2574421.621122707147151 ], [ 745918.716428618761711, 2574418.553544596768916 ], [ 745918.578192480723374, 2574415.485966485925019 ], [ 745918.439956342801452, 2574412.418388375081122 ], [ 745918.263082661782391, 2574407.815336398314685 ], [ 745918.062931008636951, 2574402.017652567941695 ], [ 745917.854860954335891, 2574395.366178896278143 ], [ 745917.731507155578583, 2574391.272705127950758 ], [ 745917.677510041627102, 2574389.396389249246567 ], [ 745917.677510041627102, 2574389.396389249246567 ] ] } },
{ "type": "Feature", "properties": { "osmid": "365241644", "name": "nan", "highway": "residential", "oneway": "False" }, "geometry": { "type": "LineString", "coordinates": [ [ 745928.778999999980442, 2574447.244999999646097 ], [ 745923.410642656031996, 2574446.703621454071254 ], [ 745917.375463798525743, 2574446.096444505732507 ], [ 745911.986701533081941, 2574445.576729733962566 ], [ 745907.577766616246663, 2574445.177376341074705 ], [ 745904.482069804915227, 2574444.931283527519554 ], [ 745901.386372993700206, 2574444.685190714430064 ], [ 745898.290676182601601, 2574444.439097901340574 ], [ 745895.194979371502995, 2574444.193005087785423 ], [ 745892.099282560287975, 2574443.946912274695933 ], [ 745889.003585748956539, 2574443.700819461140782 ], [ 745885.907888937741518, 2574443.454726648051292 ], [ 745882.812192126642913, 2574443.208633834961802 ], [ 745879.716495315427892, 2574442.962541021872312 ], [ 745876.620798504096456, 2574442.716448208782822 ], [ 745873.52510169299785, 2574442.470355395693332 ], [ 745870.42940488178283, 2574442.224262582603842 ], [ 745867.333708070684224, 2574441.978169769048691 ], [ 745864.238011259585619, 2574441.732076955959201 ], [ 745861.142314448254183, 2574441.485984142869711 ] ] } },
{ "type": "Feature", "properties": { "osmid": "966373000", "name": "nan", "highway": "residential", "oneway": "False" }, "geometry": { "type": "LineString", "coordinates": [ [ 745928.778999999980442, 2574447.244999999646097 ], [ 745928.697266376577318, 2574447.613135987427086 ], [ 745928.983567528775893, 2574447.824735033791512 ], [ 745930.098935131914914, 2574447.750486027449369 ], [ 745932.37141348386649, 2574447.405021104495972 ], [ 745935.433178673032671, 2574447.122703412547708 ], [ 745938.70835770200938, 2574447.0873331585899 ], [ 745941.857564277830534, 2574447.306620759889483 ], [ 745944.892928697168827, 2574447.575055473018438 ], [ 745947.931502683204599, 2574447.794615789782256 ], [ 745950.974943777197041, 2574447.913839328568429 ], [ 745954.018023822107352, 2574447.923762848135084 ], [ 745957.164161978755146, 2574447.839432261418551 ], [ 745960.293936302768998, 2574447.66991244116798 ], [ 745963.515387771651149, 2574447.388367586303502 ], [ 745966.609749683761038, 2574447.012188145890832 ], [ 745969.806680437643081, 2574446.556922704912722 ], [ 745973.001581607270055, 2574446.08049928676337 ] ] } },
{ "type": "Feature", "properties": { "osmid": "365240519", "name": "nan", "highway": "residential", "oneway": "False" }, "geometry": { "type": "LineString", "coordinates": [ [ 745921.107590003171936, 2574514.31313272099942 ], [ 745922.781335247214884, 2574514.296008526813239 ], [ 745927.132471912656911, 2574514.200964286457747 ], [ 745934.160999999963678, 2574514.028 ] ] } },
{ "type": "Feature", "properties": { "osmid": "365240519", "name": "nan", "highway": "residential", "oneway": "False" }, "geometry": { "type": "LineString", "coordinates": [ [ 745921.107590003171936, 2574514.31313272099942 ], [ 745921.332129120943137, 2574508.163480208721012 ], [ 745921.528957908507437, 2574501.293687142431736 ], [ 745921.592210842296481, 2574493.707686594221741 ], [ 745921.549598252866417, 2574486.125619117636234 ], [ 745921.428830470773391, 2574479.267625267151743 ], [ 745921.362173781264573, 2574475.055699643213302 ], [ 745921.335773019003682, 2574473.129771969281137 ] ] } },
{ "type": "Feature", "properties": { "osmid": "967840297", "name": "nan", "highway": "residential", "oneway": "False" }, "geometry": { "type": "LineString", "coordinates": [ [ 745921.107590003171936, 2574514.31313272099942 ], [ 745918.646398943848908, 2574514.252332650590688 ], [ 745915.961024135001935, 2574514.206414475571364 ], [ 745912.941298236488365, 2574514.143747298512608 ], [ 745909.923202282632701, 2574514.055870678275824 ], [ 745907.132822760380805, 2574513.969473264645785 ], [ 745904.564379431307316, 2574513.966896024066955 ], [ 745901.766338849440217, 2574514.04443669365719 ], [ 745898.506908648647368, 2574514.140421727672219 ], [ 745895.237584041897207, 2574514.196745316963643 ], [ 745892.300114220473915, 2574514.237442508805543 ], [ 745890.040799959446304, 2574514.313437077682465 ], [ 745887.612195680267178, 2574512.874640222173184 ], [ 745884.792828857898712, 2574509.858722712378949 ], [ 745881.132402788382024, 2574505.200321381911635 ], [ 745877.548176559736021, 2574501.986657837871462 ], [ 745874.147525388398208, 2574500.259005419444293 ], [ 745871.152235361165367, 2574500.06109007075429 ], [ 745868.156945333816111, 2574499.863174722064286 ], [ 745865.161655306466855, 2574499.665259373839945 ], [ 745862.166365279234014, 2574499.467344025149941 ], [ 745859.171075251768343, 2574499.269428676459938 ] ] } },
{ "type": "Feature", "properties": { "osmid": "967840297", "name": "nan", "highway": "residential", "oneway": "False" }, "geometry": { "type": "LineString", "coordinates": [ [ 745921.107590003171936, 2574514.31313272099942 ], [ 745925.004710175096989, 2574514.21917332848534 ], [ 745928.343225492746569, 2574514.159205926582217 ], [ 745931.124198492965661, 2574514.14819442294538 ], [ 745934.129035848774947, 2574514.163201789837331 ], [ 745937.027247353922576, 2574514.195924235507846 ], [ 745940.039597890339792, 2574514.266754578799009 ], [ 745942.829686877666973, 2574514.336461159866303 ], [ 745945.952735217870213, 2574514.39748367248103 ], [ 745949.076631152071059, 2574514.385396688710898 ], [ 745952.304827812244184, 2574514.394440657924861 ], [ 745955.523514257394709, 2574514.411131222266704 ], [ 745958.843215561937541, 2574514.460797542706132 ], [ 745961.723496636026539, 2574514.464005423244089 ], [ 745964.392042586579919, 2574514.496207155287266 ], [ 745966.848623805330135, 2574514.566300656180829 ], [ 745969.641300086281262, 2574514.716948893386871 ], [ 745972.432324889232405, 2574514.895098361652344 ], [ 745975.332997530698776, 2574515.110998565331101 ], [ 745978.233945267740637, 2574515.331194397527725 ], [ 745981.247458804980852, 2574515.552436982747167 ], [ 745984.261971710249782, 2574515.762612057384104 ], [ 745987.498976812581532, 2574515.978833606932312 ], [ 745990.958335282863118, 2574516.157782666385174 ], [ 745994.529386356123723, 2574516.2687604627572 ], [ 745997.655681875883602, 2574516.285266749095172 ], [ 746000.417300940840505, 2574514.523937966674566 ], [ 746003.01954112725798, 2574510.909739603754133 ], [ 746005.890648824279197, 2574505.355717030819505 ], [ 746008.853714674711227, 2574501.236987607553601 ], [ 746011.814357857801951, 2574498.655991001520306 ], [ 746014.678158626542427, 2574497.72174646705389 ], [ 746017.541959395282902, 2574496.787501932587475 ], [ 746020.405760163906962, 2574495.853257397655398 ], [ 746024.605549395899288, 2574495.335750681813806 ], [ 746029.864242254872806, 2574495.235295541584492 ], [ 746035.904753904906102, 2574495.552205734420568 ], [ 746041.391095882747322, 2574495.869743441231549 ] ] } },
{ "type": "Feature", "properties": { "osmid": "28691634", "name": "nan", "highway": "residential", "oneway": "False" }, "geometry": { "type": "LineString", "coordinates": [ [ 745819.150000000023283, 2574281.498999999836087 ], [ 745816.149275174946524, 2574282.589012997690588 ], [ 745815.352511637029238, 2574285.006200684700161 ], [ 745816.870812737499364, 2574289.079045178834349 ], [ 745818.368468604050577, 2574293.07602969603613 ], [ 745819.142416751827113, 2574296.739770029205829 ], [ 745819.072238406748511, 2574299.741585008334368 ], [ 745818.985490756691433, 2574302.780914813280106 ], [ 745818.889736506622285, 2574305.820031208917499 ], [ 745818.791979627800174, 2574308.859014336019754 ], [ 745818.682250279816799, 2574311.897467452567071 ], [ 745818.56854533625301, 2574314.935602644458413 ], [ 745818.456779392086901, 2574317.973707232624292 ], [ 745818.35752275492996, 2574321.012334909755737 ], [ 745818.167617464903742, 2574324.286221995949745 ], [ 745817.887649356969632, 2574327.622421832289547 ], [ 745817.519765138160437, 2574330.847976025659591 ], [ 745817.160999999963678, 2574333.728000000119209 ] ] } },
{ "type": "Feature", "properties": { "osmid": "28691634", "name": "nan", "highway": "residential", "oneway": "False" }, "geometry": { "type": "LineString", "coordinates": [ [ 745819.150000000023283, 2574281.498999999836087 ], [ 745816.501407583709806, 2574280.532939306925982 ], [ 745816.059815869200975, 2574278.119915676303208 ], [ 745817.842975616455078, 2574274.037531914655119 ], [ 745819.519608512637205, 2574269.82678074715659 ], [ 745820.400915782316588, 2574266.050021708011627 ], [ 745820.453221520991065, 2574262.817406357266009 ], [ 745820.48008121328894, 2574259.695278389379382 ], [ 745820.485135711845942, 2574256.57227058056742 ], [ 745820.483653971110471, 2574253.560617579612881 ], [ 745820.477605865919031, 2574250.548935875762254 ], [ 745820.461210211738944, 2574247.537188854068518 ], [ 745820.424273862387054, 2574244.413938304409385 ], [ 745820.356683165766299, 2574241.17996584251523 ], [ 745820.245696981088258, 2574237.835866427049041 ], [ 745820.099261977360584, 2574234.526009445544332 ], [ 745819.949667585431598, 2574231.359718967694789 ], [ 745819.840419846237637, 2574228.335032554343343 ], [ 745819.731639066245407, 2574225.391860814299434 ], [ 745819.584983954788186, 2574222.310207677539438 ], [ 745819.351484919316135, 2574219.091239567380399 ], [ 745819.128398250904866, 2574215.978559289127588 ], [ 745818.987712806090713, 2574212.968168072868139 ], [ 745818.804760206141509, 2574209.675705078989267 ], [ 745818.467624193173833, 2574206.096877329517156 ], [ 745817.852971719927154, 2574202.781444771680981 ], [ 745817.105999999912456, 2574200.114 ] ] } },
{ "type": "Feature", "properties": { "osmid": "28691777", "name": "nan", "highway": "residential", "oneway": "False" }, "geometry": { "type": "LineString", "coordinates": [ [ 745819.150000000023283, 2574281.498999999836087 ], [ 745818.772186229121871, 2574281.442522526253015 ], [ 745819.746039501740597, 2574281.236585932318121 ], [ 745822.175148556940258, 2574280.828160004224628 ], [ 745825.421160878962837, 2574280.481638711411506 ], [ 745828.803509354474954, 2574280.304123015608639 ], [ 745832.101124918670394, 2574280.366086646914482 ], [ 745835.348989154794253, 2574280.60270336875692 ], [ 745838.526498780236579, 2574280.993940990418196 ], [ 745841.745929102762602, 2574281.51961424946785 ], [ 745844.875448435195722, 2574282.008792232256383 ], [ 745847.936460669036023, 2574282.361414184328169 ], [ 745850.934391934773885, 2574282.576833630446345 ], [ 745853.939611067879014, 2574282.72930959565565 ], [ 745856.945863231900148, 2574282.857044330332428 ], [ 745860.615392386331223, 2574282.984324840363115 ], [ 745865.609901806339622, 2574283.151735940482467 ], [ 745871.929, 2574283.370000000111759 ] ] } },
{ "type": "Feature", "properties": { "osmid": "28691777", "name": "nan", "highway": "residential", "oneway": "False" }, "geometry": { "type": "LineString", "coordinates": [ [ 745819.150000000023283, 2574281.498999999836087 ], [ 745812.581483035814017, 2574281.783434512559325 ], [ 745807.401400624774396, 2574282.04238723218441 ], [ 745803.608746472746134, 2574282.242826797068119 ], [ 745800.510603584349155, 2574282.348900204058737 ], [ 745797.414641457027756, 2574282.367189437616616 ], [ 745794.323276292183436, 2574282.335882145445794 ], [ 745791.23248279094696, 2574282.304329135920852 ], [ 745788.141027872916311, 2574282.306071043014526 ], [ 745785.077473532524891, 2574282.384084328077734 ], [ 745782.05364203825593, 2574282.506923904642463 ], [ 745778.967799368896522, 2574282.650344799738377 ], [ 745775.769653211464174, 2574282.719907428603619 ], [ 745772.449286211282015, 2574282.743623988237232 ], [ 745769.220985840656795, 2574282.708064688835293 ], [ 745766.106590509414673, 2574282.666671695187688 ], [ 745763.10754402866587, 2574282.638085757847875 ], [ 745760.110518757603131, 2574282.684913681820035 ], [ 745757.112873660749756, 2574282.808191169053316 ], [ 745754.112129008513875, 2574282.957644577603787 ], [ 745751.108703027828597, 2574283.079088714439422 ], [ 745748.103361980523914, 2574283.152008260134608 ], [ 745744.986465369700454, 2574283.177846753504127 ], [ 745741.759185282513499, 2574283.142879876773804 ], [ 745738.943410495412536, 2574282.959405853878707 ], [ 745737.282284285058267, 2574282.568284701090306 ], [ 745736.775000000023283, 2574281.997 ] ] } },
{ "type": "Feature", "properties": { "osmid": "28691634", "name": "nan", "highway": "residential", "oneway": "False" }, "geometry": { "type": "LineString", "coordinates": [ [ 745817.160999999963678, 2574333.728000000119209 ], [ 745817.360803841031156, 2574336.193179958965629 ], [ 745817.51951976120472, 2574339.252940650563687 ], [ 745817.550179686397314, 2574342.593897457234561 ], [ 745817.473339852993377, 2574345.918756097555161 ], [ 745817.317313208826818, 2574348.930560281965882 ], [ 745817.150778564508073, 2574352.053379259537905 ], [ 745816.982401721295901, 2574355.17580469371751 ], [ 745816.804289640858769, 2574358.409270206931978 ], [ 745816.656455310992897, 2574361.532567436341196 ], [ 745816.534418689087033, 2574364.657177299261093 ], [ 745816.489885444287211, 2574367.669470300897956 ], [ 745816.511234142933972, 2574370.680228343233466 ], [ 745816.597464530263096, 2574373.801169515587389 ], [ 745816.642056943383068, 2574376.924119608476758 ], [ 745816.624315738212317, 2574380.048540340736508 ], [ 745816.830150629277341, 2574383.057922929991037 ], [ 745817.618514265399426, 2574386.057982779573649 ], [ 745819.0, 2574389.048999999649823 ] ] } },
{ "type": "Feature", "properties": { "osmid": "28691634", "name": "nan", "highway": "residential", "oneway": "False" }, "geometry": { "type": "LineString", "coordinates": [ [ 745817.160999999963678, 2574333.728000000119209 ], [ 745817.519765138160437, 2574330.847976025659591 ], [ 745817.887649356969632, 2574327.622421831823885 ], [ 745818.167617464903742, 2574324.286221995949745 ], [ 745818.35752275492996, 2574321.012334909290075 ], [ 745818.456779392086901, 2574317.973707232624292 ], [ 745818.568545336369425, 2574314.935602643992752 ], [ 745818.682250279933214, 2574311.897467452567071 ], [ 745818.791979627800174, 2574308.859014336019754 ], [ 745818.889736506622285, 2574305.820031208451837 ], [ 745818.985490756924264, 2574302.780914812814444 ], [ 745819.072238406748511, 2574299.741585008334368 ], [ 745819.142416751827113, 2574296.739770029205829 ], [ 745818.368468604050577, 2574293.07602969603613 ], [ 745816.870812737499364, 2574289.079045178834349 ], [ 745815.352511637029238, 2574285.006200684700161 ], [ 745816.149275174946524, 2574282.589012997690588 ], [ 745819.150000000023283, 2574281.498999999836087 ] ] } },
{ "type": "Feature", "properties": { "osmid": "28691779", "name": "nan", "highway": "residential", "oneway": "False" }, "geometry": { "type": "LineString", "coordinates": [ [ 745817.160999999963678, 2574333.728000000119209 ], [ 745816.945444444310851, 2574333.406333333346993 ], [ 745814.923891831305809, 2574333.222419793251902 ], [ 745810.754853048245423, 2574333.177562276367098 ], [ 745804.053727870923467, 2574333.208730346988887 ], [ 745798.220354635152034, 2574333.234720647335052 ], [ 745793.596222453285009, 2574333.254230281803757 ], [ 745790.52282043825835, 2574333.265956352930516 ], [ 745787.449418423231691, 2574333.277682424057275 ], [ 745784.376016408205032, 2574333.289408495184034 ], [ 745781.302614393178374, 2574333.301134566310793 ], [ 745778.229212378151715, 2574333.312860637437552 ], [ 745775.155810363241471, 2574333.324586708564311 ], [ 745772.082408348214813, 2574333.33631277969107 ], [ 745769.009006333420984, 2574333.348038850817829 ], [ 745765.935604318394326, 2574333.359764921944588 ], [ 745762.862202303367667, 2574333.371490993071347 ], [ 745758.186338644474745, 2574333.493484171107411 ], [ 745752.249502454418689, 2574333.72444155998528 ], [ 745745.39318284613546, 2574334.063060261774808 ], [ 745741.163792220060714, 2574334.287503166589886 ], [ 745739.219841463491321, 2574334.399073170963675 ], [ 745739.144449375104159, 2574334.242939978372306 ], [ 745738.993665198213421, 2574333.930673593189567 ], [ 745738.767488932819106, 2574333.46227401541546 ], [ 745738.616704755928367, 2574333.150007630232722 ], [ 745738.541312667424791, 2574332.993874437641352 ] ] } },
{ "type": "Feature", "properties": { "osmid": "28691634", "name": "nan", "highway": "residential", "oneway": "False" }, "geometry": { "type": "LineString", "coordinates": [ [ 745819.0, 2574389.048999999649823 ], [ 745817.377225421485491, 2574392.642749351914972 ], [ 745816.380976996035315, 2574396.005120856221765 ], [ 745816.002157214097679, 2574399.135913826990873 ], [ 745815.892302240128629, 2574402.260189972352237 ], [ 745815.729015300050378, 2574405.381139083765447 ], [ 745815.541879499796778, 2574408.498997665476054 ], [ 745815.420637711999007, 2574411.506565351504833 ], [ 745815.401168591692112, 2574414.628907777834684 ], [ 745815.343205740326084, 2574418.032278832513839 ], [ 745815.404068725765683, 2574421.925467392895371 ], [ 745815.776073211804032, 2574426.518471017014235 ], [ 745816.579000000027008, 2574431.645 ] ] } },
{ "type": "Feature", "properties": { "osmid": "28691634", "name": "nan", "highway": "residential", "oneway": "False" }, "geometry": { "type": "LineString", "coordinates": [ [ 745819.0, 2574389.048999999649823 ], [ 745817.618514265399426, 2574386.05798278003931 ], [ 745816.830150629277341, 2574383.057922929991037 ], [ 745816.624315738212317, 2574380.048540340270847 ], [ 745816.642056943383068, 2574376.924119608011097 ], [ 745816.597464530263096, 2574373.801169515587389 ], [ 745816.511234142933972, 2574370.680228343233466 ], [ 745816.489885444287211, 2574367.669470300897956 ], [ 745816.534418689087033, 2574364.657177299261093 ], [ 745816.656455310992897, 2574361.532567436341196 ], [ 745816.804289640858769, 2574358.409270206931978 ], [ 745816.982401721295901, 2574355.17580469371751 ], [ 745817.150778564508073, 2574352.053379259072244 ], [ 745817.317313208826818, 2574348.930560281965882 ], [ 745817.473339852993377, 2574345.918756097555161 ], [ 745817.550179686397314, 2574342.593897457700223 ], [ 745817.51951976120472, 2574339.252940650563687 ], [ 745817.360803841031156, 2574336.193179958965629 ], [ 745817.160999999963678, 2574333.728000000119209 ] ] } },
{ "type": "Feature", "properties": { "osmid": "365241530", "name": "nan", "highway": "residential", "oneway": "False" }, "geometry": { "type": "LineString", "coordinates": [ [ 745819.0, 2574389.048999999649823 ], [ 745817.98042179166805, 2574389.057573253754526 ], [ 745818.31141317775473, 2574389.075580059085041 ], [ 745820.441916328039952, 2574389.108593609184027 ], [ 745823.373274435405619, 2574389.182917453814298 ], [ 745826.690455224714242, 2574389.243020591791719 ], [ 745829.832529403269291, 2574389.281506379600614 ], [ 745832.9770198186161, 2574389.292113995179534 ], [ 745836.009570703259669, 2574389.298504218924791 ], [ 745839.042063447530381, 2574389.306388584896922 ], [ 745842.074222374823876, 2574389.299447905272245 ], [ 745845.105876616667956, 2574389.276224125176668 ], [ 745848.137117317528464, 2574389.215326096396893 ], [ 745851.168186054215766, 2574389.13103107502684 ], [ 745854.199464895413257, 2574389.047473098617047 ], [ 745858.109353156294674, 2574389.108434718567878 ], [ 745863.776266033411957, 2574389.439550340175629 ], [ 745871.199999999953434, 2574390.023999999742955 ] ] } },
{ "type": "Feature", "properties": { "osmid": "365241530", "name": "nan", "highway": "residential", "oneway": "False" }, "geometry": { "type": "LineString", "coordinates": [ [ 745819.0, 2574389.048999999649823 ], [ 745817.435079563292675, 2574389.627608370501548 ], [ 745814.588501828140579, 2574389.883472749963403 ], [ 745810.121000537765212, 2574389.813197645824403 ], [ 745803.380325348116457, 2574389.529109238181263 ], [ 745797.529476860887371, 2574389.326134994626045 ], [ 745792.907721332856454, 2574389.207670407369733 ], [ 745789.854325021267869, 2574389.177110970485955 ], [ 745786.800928709679283, 2574389.146551533602178 ], [ 745783.747532397974283, 2574389.115992096718401 ], [ 745780.694136086385697, 2574389.085432659368962 ], [ 745777.640739774797112, 2574389.054873222019523 ], [ 745774.587343463092111, 2574389.024313784670085 ], [ 745771.533947151270695, 2574388.993754347786307 ], [ 745768.480550839565694, 2574388.963194910436869 ], [ 745765.427154527977109, 2574388.93263547308743 ], [ 745762.373758216388524, 2574388.902076035737991 ], [ 745757.689978467882611, 2574389.024228982161731 ], [ 745751.715081539470702, 2574389.302489805500954 ], [ 745744.779100811108947, 2574389.628746047616005 ], [ 745740.482069413526915, 2574389.700968434568495 ], [ 745738.484721089713275, 2574389.515761472750455 ], [ 745738.45261944225058, 2574389.181675026193261 ], [ 745738.416114777210169, 2574388.848025985062122 ], [ 745738.375207094824873, 2574388.514814349357039 ], [ 745738.347935306490399, 2574388.292673259507865 ], [ 745738.334299412439577, 2574388.181602714117616 ] ] } },
{ "type": "Feature", "properties": { "osmid": "28691634", "name": "nan", "highway": "residential", "oneway": "False" }, "geometry": { "type": "LineString", "coordinates": [ [ 745816.579000000027008, 2574431.645 ], [ 745813.086335022351705, 2574431.896551548037678 ], [ 745811.720292716403492, 2574433.05181071581319 ], [ 745812.598697151639499, 2574435.393641034141183 ], [ 745815.323013497400098, 2574439.224232620093971 ], [ 745817.217871791799553, 2574443.220183655619621 ], [ 745818.102276475983672, 2574447.102910563349724 ], [ 745817.868419691454619, 2574450.443801450077444 ], [ 745817.573678430169821, 2574453.58360682753846 ], [ 745817.34027146641165, 2574456.53089781338349 ], [ 745817.179, 2574459.395 ] ] } },
{ "type": "Feature", "properties": { "osmid": "28691634", "name": "nan", "highway": "residential", "oneway": "False" }, "geometry": { "type": "LineString", "coordinates": [ [ 745816.579000000027008, 2574431.645 ], [ 745815.776073211804032, 2574426.518471017014235 ], [ 745815.404068725998513, 2574421.925467392895371 ], [ 745815.343205740326084, 2574418.032278832513839 ], [ 745815.401168591692112, 2574414.628907777834684 ], [ 745815.420637711999007, 2574411.506565351504833 ], [ 745815.541879499913193, 2574408.498997665476054 ], [ 745815.729015300050378, 2574405.381139084231108 ], [ 745815.892302240128629, 2574402.260189972352237 ], [ 745816.002157214097679, 2574399.135913826990873 ], [ 745816.380976996035315, 2574396.005120856221765 ], [ 745817.377225421718322, 2574392.642749351449311 ], [ 745819.0, 2574389.048999999649823 ] ] } },
{ "type": "Feature", "properties": { "osmid": "28691797", "name": "nan", "highway": "residential", "oneway": "False" }, "geometry": { "type": "LineString", "coordinates": [ [ 745816.579000000027008, 2574431.645 ], [ 745811.10610150184948, 2574432.232482141349465 ], [ 745806.624744965112768, 2574432.870261683594435 ], [ 745803.135841775569133, 2574433.562282882165164 ], [ 745800.143590616062284, 2574434.28284251736477 ], [ 745797.378029975458048, 2574434.96550029842183 ], [ 745794.983843382913619, 2574435.655605502892286 ], [ 745792.704292270937003, 2574436.568808367010206 ], [ 745789.971699556917883, 2574437.787324308883399 ], [ 745786.599586821626872, 2574439.141993222758174 ], [ 745783.092807236127555, 2574440.13021168904379 ], [ 745779.899388336576521, 2574440.648860460612923 ], [ 745776.946242783218622, 2574440.820910369511694 ], [ 745773.985743815661408, 2574440.944161993917078 ], [ 745770.910838362760842, 2574441.064406274352223 ], [ 745767.835269451141357, 2574441.165243147406727 ], [ 745764.758560528396629, 2574441.22184714442119 ], [ 745761.681329253595322, 2574441.237018703017384 ], [ 745758.603967017494142, 2574441.213964862283319 ], [ 745755.525621119420975, 2574441.145419463515282 ], [ 745752.557411754853092, 2574441.033445948269218 ], [ 745749.694013247732073, 2574440.887606373522431 ], [ 745746.93261292995885, 2574440.746032171417028 ], [ 745744.04760509962216, 2574440.600806090515107 ], [ 745741.391120700049214, 2574440.463758450001478 ], [ 745739.267410896136425, 2574440.363771637436002 ], [ 745738.089693609741516, 2574440.38895335746929 ], [ 745737.511000000056811, 2574440.528 ] ] } },
{ "type": "Feature", "properties": { "osmid": "28691634", "name": "nan", "highway": "residential", "oneway": "False" }, "geometry": { "type": "LineString", "coordinates": [ [ 745817.179, 2574459.395 ], [ 745817.459555555484258, 2574459.33944444404915 ], [ 745817.627888888935558, 2574459.306111110839993 ], [ 745816.828967475797981, 2574461.036808403674513 ], [ 745815.114021250861697, 2574464.86250239983201 ], [ 745812.534280147985555, 2574471.114159176591784 ], [ 745810.794928039074875, 2574476.650239115115255 ], [ 745809.90084610087797, 2574481.128665025811642 ], [ 745809.856915509910323, 2574484.207359720487148 ], [ 745809.812984919175506, 2574487.286054415162653 ], [ 745809.769054328440689, 2574490.364749109838158 ], [ 745809.725123737589456, 2574493.443443804979324 ], [ 745809.681193146738224, 2574496.522138500120491 ], [ 745809.637262555886991, 2574499.600833194795996 ] ] } },
{ "type": "Feature", "properties": { "osmid": "28691634", "name": "nan", "highway": "residential", "oneway": "False" }, "geometry": { "type": "LineString", "coordinates": [ [ 745817.179, 2574459.395 ], [ 745817.34027146641165, 2574456.53089781338349 ], [ 745817.573678430169821, 2574453.58360682753846 ], [ 745817.868419691454619, 2574450.443801450077444 ], [ 745818.102276475750841, 2574447.102910563349724 ], [ 745817.217871791799553, 2574443.220183655619621 ], [ 745815.323013497167267, 2574439.224232620093971 ], [ 745812.598697151639499, 2574435.393641034141183 ], [ 745811.720292716403492, 2574433.05181071581319 ], [ 745813.086335022351705, 2574431.896551548037678 ], [ 745816.579000000027008, 2574431.645 ] ] } },
{ "type": "Feature", "properties": { "osmid": "28691765", "name": "nan", "highway": "residential", "oneway": "False" }, "geometry": { "type": "LineString", "coordinates": [ [ 745817.179, 2574459.395 ], [ 745817.682219590642489, 2574459.368059062864631 ], [ 745818.629295807681046, 2574459.439025428146124 ], [ 745820.35165617254097, 2574459.667475942522287 ], [ 745822.791201041080058, 2574460.046256652101874 ], [ 745825.666549927089363, 2574460.540339812636375 ], [ 745828.644502607989125, 2574461.099297857377678 ], [ 745831.615339147043414, 2574461.697144713252783 ], [ 745834.58414900151547, 2574462.305800737347454 ], [ 745837.553613608120941, 2574462.91160381026566 ], [ 745840.525833415682428, 2574463.50378446560353 ], [ 745843.500301437568851, 2574464.084652302321047 ], [ 745846.474976100958884, 2574464.663939443882555 ], [ 745849.44735976413358, 2574465.253180079627782 ], [ 745852.308227794361301, 2574465.824746496509761 ], [ 745855.912660144269466, 2574466.466668428853154 ], [ 745861.116677897400223, 2574467.263338287360966 ], [ 745868.029000000096858, 2574468.245000000111759 ] ] } },
{ "type": "Feature", "properties": { "osmid": "28691765", "name": "nan", "highway": "residential", "oneway": "False" }, "geometry": { "type": "LineString", "coordinates": [ [ 745868.029000000096858, 2574468.245000000111759 ], [ 745861.116677897400223, 2574467.263338287360966 ], [ 745855.912660144269466, 2574466.466668428853154 ], [ 745852.308227794244885, 2574465.824746496509761 ], [ 745849.44735976413358, 2574465.253180079627782 ], [ 745846.474976100958884, 2574464.663939443882555 ], [ 745843.500301437801681, 2574464.084652302321047 ], [ 745840.525833415682428, 2574463.503784466069192 ], [ 745837.553613608120941, 2574462.91160381026566 ], [ 745834.58414900151547, 2574462.305800737347454 ], [ 745831.615339147043414, 2574461.697144713252783 ], [ 745828.644502607989125, 2574461.099297857843339 ], [ 745825.666549927089363, 2574460.540339812636375 ], [ 745822.791201041080058, 2574460.046256652101874 ], [ 745820.35165617254097, 2574459.667475942522287 ], [ 745818.629295807797462, 2574459.439025428146124 ], [ 745817.682219590642489, 2574459.368059062864631 ], [ 745817.179, 2574459.395 ] ] } },
{ "type": "Feature", "properties": { "osmid": "365241206", "name": "nan", "highway": "residential", "oneway": "False" }, "geometry": { "type": "LineString", "coordinates": [ [ 745868.029000000096858, 2574468.245000000111759 ], [ 745864.3307013126323, 2574467.774520154111087 ], [ 745861.926695581409149, 2574469.310213884338737 ], [ 745860.805077285389416, 2574473.196735805366188 ], [ 745860.214281166321598, 2574479.684644562657923 ], [ 745859.772795003256761, 2574485.388535525649786 ], [ 745859.492524317000061, 2574489.963754080701619 ], [ 745859.385374628589489, 2574493.065645612776279 ], [ 745859.278224940295331, 2574496.16753714485094 ], [ 745859.171075251768343, 2574499.269428676459938 ] ] } },
{ "type": "Feature", "properties": { "osmid": "365241206", "name": "nan", "highway": "residential", "oneway": "False" }, "geometry": { "type": "LineString", "coordinates": [ [ 745868.029000000096858, 2574468.245000000111759 ], [ 745863.665137086878531, 2574467.67155173048377 ], [ 745860.891608185134828, 2574467.302894922439009 ], [ 745859.597507424186915, 2574467.121726788114756 ], [ 745859.423856424516998, 2574465.330978103447706 ], [ 745859.532486390671693, 2574461.450750520918518 ], [ 745860.15763982955832, 2574455.146928375586867 ], [ 745860.661100474302657, 2574449.47526289941743 ], [ 745861.030437559238635, 2574444.804475336801261 ], [ 745861.142314448254183, 2574441.485984142869711 ] ] } },
{ "type": "Feature", "properties": { "osmid": "28691765", "name": "nan", "highway": "residential", "oneway": "False" }, "geometry": { "type": "LineString", "coordinates": [ [ 745868.029000000096858, 2574468.245000000111759 ], [ 745867.113011748879217, 2574468.128663380164653 ], [ 745867.783778194687329, 2574468.236397720407695 ], [ 745870.039843783713877, 2574468.57369398092851 ], [ 745873.03139732114505, 2574469.023193415254354 ], [ 745876.126181546133012, 2574469.527041614055634 ], [ 745879.209653543657623, 2574470.09310747217387 ], [ 745882.282261390122585, 2574470.719594077672809 ], [ 745885.237449137493968, 2574471.366215002257377 ], [ 745888.193899982608855, 2574472.004373903851956 ], [ 745891.048435911536217, 2574472.564043367747217 ], [ 745893.808251844136976, 2574472.947348876390606 ], [ 745896.587961712270044, 2574473.108710570260882 ], [ 745899.604320814367384, 2574473.108512802049518 ], [ 745902.851121468818747, 2574473.076825261116028 ], [ 745906.099012972787023, 2574473.072842304594815 ], [ 745909.235732521745376, 2574473.096048810984939 ], [ 745912.260536182671785, 2574473.107274364680052 ], [ 745915.285513356910087, 2574473.113775023724884 ], [ 745918.310626386781223, 2574473.119137368630618 ], [ 745921.335773019003682, 2574473.129771969281137 ] ] } },
{ "type": "Feature", "properties": { "osmid": "365240519", "name": "nan", "highway": "residential", "oneway": "False" }, "geometry": { "type": "LineString", "coordinates": [ [ 745921.335773019003682, 2574473.129771969281137 ], [ 745921.362173781148158, 2574475.055699642747641 ], [ 745921.428830470773391, 2574479.267625267151743 ], [ 745921.549598252866417, 2574486.125619118567556 ], [ 745921.592210842180066, 2574493.707686594221741 ], [ 745921.528957908391021, 2574501.293687142431736 ], [ 745921.332129120943137, 2574508.163480208255351 ], [ 745921.107590003171936, 2574514.31313272099942 ] ] } },
{ "type": "Feature", "properties": { "osmid": "365240519", "name": "nan", "highway": "residential", "oneway": "False" }, "geometry": { "type": "LineString", "coordinates": [ [ 745921.335773019003682, 2574473.129771969281137 ], [ 745921.335773019003682, 2574473.129771969281137 ], [ 745921.223731987178326, 2574473.130698883440346 ], [ 745920.999649923644029, 2574473.13255271082744 ], [ 745921.606173941981979, 2574471.741800662595779 ], [ 745923.247875012923032, 2574468.729721622075886 ], [ 745925.906954049598426, 2574463.755355747882277 ], [ 745927.699250943609513, 2574459.264207406900823 ], [ 745928.556919824215584, 2574455.369481957051903 ], [ 745928.542981088161469, 2574452.520463658031076 ], [ 745928.625235836138017, 2574449.77410672372207 ], [ 745928.778999999980442, 2574447.244999999646097 ] ] } },
{ "type": "Feature", "properties": { "osmid": "28691765", "name": "nan", "highway": "residential", "oneway": "False" }, "geometry": { "type": "LineString", "coordinates": [ [ 745921.335773019003682, 2574473.129771969281137 ], [ 745918.310626386781223, 2574473.119137368630618 ], [ 745915.285513356910087, 2574473.113775023724884 ], [ 745912.260536182671785, 2574473.107274364680052 ], [ 745909.235732521745376, 2574473.096048810984939 ], [ 745906.099012972787023, 2574473.072842305060476 ], [ 745902.851121468818747, 2574473.076825261116028 ], [ 745899.604320814367384, 2574473.108512802049518 ], [ 745896.587961712270044, 2574473.108710570260882 ], [ 745893.808251844136976, 2574472.947348876390606 ], [ 745891.048435911536217, 2574472.564043367747217 ], [ 745888.193899982608855, 2574472.004373903386295 ], [ 745885.237449137493968, 2574471.366215003188699 ], [ 745882.282261390122585, 2574470.719594078138471 ], [ 745879.209653543657623, 2574470.093107472639531 ], [ 745876.126181546133012, 2574469.527041614055634 ], [ 745873.03139732114505, 2574469.023193415254354 ], [ 745870.039843783713877, 2574468.573693980462849 ], [ 745867.783778194687329, 2574468.236397720407695 ], [ 745867.113011748879217, 2574468.128663380164653 ], [ 745868.029000000096858, 2574468.245000000111759 ] ] } },
{ "type": "Feature", "properties": { "osmid": "365241206", "name": "nan", "highway": "residential", "oneway": "False" }, "geometry": { "type": "LineString", "coordinates": [ [ 745871.199999999953434, 2574390.023999999742955 ], [ 745866.247054319013841, 2574389.433889658655971 ], [ 745863.275286910589784, 2574389.079823453444988 ], [ 745862.291026061982848, 2574390.681698468048126 ], [ 745862.292577656568028, 2574394.464502902701497 ], [ 745862.278247577487491, 2574400.653224956709892 ], [ 745862.224274268490262, 2574406.151080734562129 ], [ 745862.14176271064207, 2574410.615059966221452 ], [ 745862.041817884426564, 2574413.70215238397941 ], [ 745861.941873058211058, 2574416.789244801271707 ], [ 745861.841928231995553, 2574419.876337219029665 ], [ 745861.741983405780047, 2574422.963429636787623 ], [ 745861.642038579564542, 2574426.05052205407992 ], [ 745861.542093753232621, 2574429.137614471837878 ], [ 745861.442148927017115, 2574432.224706890061498 ], [ 745861.342204100801609, 2574435.311799307819456 ], [ 745861.242259274586104, 2574438.398891725111753 ], [ 745861.142314448254183, 2574441.485984142869711 ] ] } },
{ "type": "Feature", "properties": { "osmid": "365241206", "name": "nan", "highway": "residential", "oneway": "False" }, "geometry": { "type": "LineString", "coordinates": [ [ 745871.199999999953434, 2574390.023999999742955 ], [ 745866.808388536679558, 2574389.415362048894167 ], [ 745864.17342165869195, 2574389.050179278478026 ], [ 745863.30419681861531, 2574387.169400719925761 ], [ 745863.334293944411911, 2574383.297778336331248 ], [ 745863.397292964742519, 2574376.960064091254026 ], [ 745863.486901195370592, 2574371.320839477702975 ], [ 745863.591216415748931, 2574366.733624940272421 ], [ 745863.698336404631846, 2574363.551940925884992 ], [ 745863.805456393398345, 2574360.370256911497563 ], [ 745863.912576382164843, 2574357.188572897110134 ], [ 745864.812925665639341, 2574352.729719899129122 ], [ 745866.494602022692561, 2574347.347218362614512 ], [ 745868.945703232311644, 2574341.394588735420257 ], [ 745870.648646262125112, 2574337.824133874382824 ], [ 745871.696111111086793, 2574336.326777777634561 ], [ 745872.099999999976717, 2574336.548999999649823 ] ] } },
{ "type": "Feature", "properties": { "osmid": "365241530", "name": "nan", "highway": "residential", "oneway": "False" }, "geometry": { "type": "LineString", "coordinates": [ [ 745871.199999999953434, 2574390.023999999742955 ], [ 745863.776266033411957, 2574389.439550340175629 ], [ 745858.109353156411089, 2574389.108434718567878 ], [ 745854.199464895413257, 2574389.047473098617047 ], [ 745851.168186054215766, 2574389.13103107502684 ], [ 745848.137117317528464, 2574389.215326096396893 ], [ 745845.105876616667956, 2574389.276224125176668 ], [ 745842.074222374823876, 2574389.299447905272245 ], [ 745839.042063447530381, 2574389.306388585362583 ], [ 745836.009570703259669, 2574389.298504218924791 ], [ 745832.9770198186161, 2574389.292113994713873 ], [ 745829.832529403269291, 2574389.281506379600614 ], [ 745826.690455224714242, 2574389.243020591791719 ], [ 745823.373274435405619, 2574389.182917453814298 ], [ 745820.441916328039952, 2574389.108593609184027 ], [ 745818.31141317775473, 2574389.075580059085041 ], [ 745817.98042179166805, 2574389.057573253754526 ], [ 745819.0, 2574389.048999999649823 ] ] } },
{ "type": "Feature", "properties": { "osmid": "365241530", "name": "nan", "highway": "residential", "oneway": "False" }, "geometry": { "type": "LineString", "coordinates": [ [ 745871.199999999953434, 2574390.023999999742955 ], [ 745869.137447354965843, 2574389.594639731105417 ], [ 745869.126152257900685, 2574389.656176831573248 ], [ 745871.278067084029317, 2574390.23355453973636 ], [ 745874.213806844432838, 2574390.872848533559591 ], [ 745877.196132133365609, 2574391.295776452869177 ], [ 745880.115946940495633, 2574391.441755368839949 ], [ 745883.166352036292665, 2574391.467100548557937 ], [ 745886.219447372830473, 2574391.434678193647414 ], [ 745889.272174858138897, 2574391.371293308679014 ], [ 745892.324252812191844, 2574391.278175062965602 ], [ 745895.375727236736566, 2574391.168612010311335 ], [ 745898.424955867114477, 2574391.028080875519663 ], [ 745901.468861456029117, 2574390.833308609202504 ], [ 745904.506919139879756, 2574390.570908223744482 ], [ 745907.541421215631999, 2574390.267199874855578 ], [ 745910.691669107531197, 2574389.972059545572847 ], [ 745914.070514818187803, 2574389.682776735629886 ], [ 745917.677510041627102, 2574389.396389249246567 ] ] } },
{ "type": "Feature", "properties": { "osmid": "28691791", "name": "nan", "highway": "residential", "oneway": "False" }, "geometry": { "type": "LineString", "coordinates": [ [ 746036.479000000050291, 2574390.244999999646097 ], [ 746036.837559201172553, 2574395.343755416572094 ], [ 746037.065083505003713, 2574399.606532749254256 ], [ 746037.17182363232132, 2574403.033248026389629 ], [ 746037.231196455191821, 2574406.041785788256675 ], [ 746037.289596397895366, 2574409.161710688844323 ], [ 746037.310997084365226, 2574412.392687955405563 ], [ 746037.270317197195254, 2574415.734344350639731 ], [ 746037.177845591213554, 2574418.963687015231699 ], [ 746037.069889467675239, 2574422.081550205126405 ], [ 746036.968838105909526, 2574425.088424229528755 ], [ 746036.862433168687858, 2574428.095146064180881 ], [ 746036.731199508416466, 2574431.101017487701029 ], [ 746035.770459090243094, 2574434.829764639493078 ], [ 746034.020934943226166, 2574438.948540245648474 ], [ 746031.507645417936146, 2574443.123629697132856 ], [ 746029.853556371759623, 2574445.573349026031792 ], [ 746029.745043753646314, 2574446.66607558215037 ], [ 746031.876527346088551, 2574446.770672238897532 ], [ 746035.429, 2574446.944999999832362 ] ] } },
{ "type": "Feature", "properties": { "osmid": "28691791", "name": "nan", "highway": "residential", "oneway": "False" }, "geometry": { "type": "LineString", "coordinates": [ [ 746036.479000000050291, 2574390.244999999646097 ], [ 746033.412717712111771, 2574389.728339791763574 ], [ 746032.220910177216865, 2574388.540445603430271 ], [ 746032.890989390667528, 2574386.342515342403203 ], [ 746034.765117255505174, 2574382.632448876276612 ], [ 746035.907335295691155, 2574378.724706364329904 ], [ 746036.335140460170805, 2574374.957799825351685 ], [ 746036.129157087416388, 2574371.790203161537647 ], [ 746035.979724106029607, 2574368.681072697043419 ], [ 746035.897269077249803, 2574365.6306895413436 ], [ 746035.852050505694933, 2574362.579227535054088 ], [ 746035.83542069979012, 2574359.527419547084719 ], [ 746035.820114599657245, 2574356.475206044968218 ], [ 746035.79807165870443, 2574353.42271706322208 ], [ 746035.760539207258262, 2574350.257117854431272 ], [ 746035.66346427903045, 2574346.53957667062059 ], [ 746035.452350672334433, 2574341.831186913419515 ], [ 746035.128999999957159, 2574336.245000000111759 ] ] } },
{ "type": "Feature", "properties": { "osmid": "419836081", "name": "nan", "highway": "residential", "oneway": "False" }, "geometry": { "type": "LineString", "coordinates": [ [ 746036.479000000050291, 2574390.244999999646097 ], [ 746036.802146963891573, 2574392.334874560590833 ], [ 746036.996035142219625, 2574393.58879929734394 ], [ 746037.064185783616267, 2574394.118180909194052 ], [ 746039.393187556765042, 2574394.265467183664441 ], [ 746046.369629129883833, 2574394.373105907347053 ], [ 746057.989989254740067, 2574394.329690380487591 ] ] } },
{ "type": "Feature", "properties": { "osmid": "419836081", "name": "nan", "highway": "residential", "oneway": "False" }, "geometry": { "type": "LineString", "coordinates": [ [ 746036.479000000050291, 2574390.244999999646097 ], [ 746030.183366676676087, 2574389.778817491140217 ], [ 746025.338030810584314, 2574389.463818635325879 ], [ 746021.831409883219749, 2574389.283228994812816 ], [ 746018.826745497994125, 2574389.15531745320186 ], [ 746015.597477313713171, 2574389.028161176946014 ], [ 746012.255261086276732, 2574388.929808572400361 ], [ 746009.024598974385299, 2574388.901792021933943 ], [ 746005.906637845677324, 2574388.936243561562151 ], [ 746002.90125811798498, 2574389.020975483115762 ], [ 745999.783854310051538, 2574389.109964791219682 ], [ 745996.555591323412955, 2574389.225376024376601 ], [ 745993.216718375333585, 2574389.379243904724717 ], [ 745989.990030989516526, 2574389.554706752300262 ], [ 745986.872922323993407, 2574389.692421110812575 ], [ 745983.864884753711522, 2574389.764617790933698 ], [ 745980.855182365979999, 2574389.794114122632891 ], [ 745977.845261580310762, 2574389.81271013757214 ], [ 745974.83542714943178, 2574389.837054044473916 ] ] } },
{ "type": "Feature", "properties": { "osmid": "28691777", "name": "nan", "highway": "residential", "oneway": "False" }, "geometry": { "type": "LineString", "coordinates": [ [ 745736.775000000023283, 2574281.997 ], [ 745737.282284285058267, 2574282.568284701090306 ], [ 745738.943410495412536, 2574282.959405853878707 ], [ 745741.759185282397084, 2574283.142879877239466 ], [ 745744.986465369700454, 2574283.177846752572805 ], [ 745748.103361980523914, 2574283.152008260134608 ], [ 745751.108703027828597, 2574283.079088714439422 ], [ 745754.112129008513875, 2574282.957644578069448 ], [ 745757.112873660749756, 2574282.808191168587655 ], [ 745760.110518757603131, 2574282.684913681820035 ], [ 745763.10754402866587, 2574282.638085758313537 ], [ 745766.106590509414673, 2574282.666671695187688 ], [ 745769.220985840540379, 2574282.708064688835293 ], [ 745772.4492862111656, 2574282.743623988237232 ], [ 745775.769653211464174, 2574282.719907428603619 ], [ 745778.967799368896522, 2574282.650344800204039 ], [ 745782.05364203825593, 2574282.506923904642463 ], [ 745785.077473532524891, 2574282.384084328077734 ], [ 745788.141027872916311, 2574282.306071043014526 ], [ 745791.23248279094696, 2574282.304329135920852 ], [ 745794.323276292183436, 2574282.335882145445794 ], [ 745797.414641457027756, 2574282.367189437616616 ], [ 745800.510603584349155, 2574282.348900203593075 ], [ 745803.608746472746134, 2574282.242826796602458 ], [ 745807.401400624774396, 2574282.04238723218441 ], [ 745812.581483035814017, 2574281.783434512559325 ], [ 745819.150000000023283, 2574281.498999999836087 ] ] } },
{ "type": "Feature", "properties": { "osmid": "28691777", "name": "nan", "highway": "residential", "oneway": "False" }, "geometry": { "type": "LineString", "coordinates": [ [ 745736.775000000023283, 2574281.997 ], [ 745731.169427504180931, 2574282.725548403803259 ], [ 745726.605776765034534, 2574283.182938982266933 ], [ 745723.086166765191592, 2574283.388022343162447 ], [ 745720.089122866163962, 2574283.510200687218457 ], [ 745717.093435637652874, 2574283.657550250645727 ], [ 745713.983473422355019, 2574283.731227510143071 ], [ 745710.759824750013649, 2574283.681360446847975 ], [ 745707.423355433973484, 2574283.513504995033145 ], [ 745704.197808872908354, 2574283.335271771065891 ], [ 745701.121390065527521, 2574283.181979978457093 ], [ 745698.194629970937967, 2574283.065660662949085 ], [ 745695.308329110150225, 2574282.975694118067622 ], [ 745692.274905888945796, 2574282.916399827692658 ], [ 745689.092577702715062, 2574282.906440415885299 ], [ 745685.760095970355906, 2574282.918448193464428 ], [ 745682.537754831369966, 2574282.938373647164553 ], [ 745679.426829938660376, 2574282.927561071235687 ], [ 745676.427715061116032, 2574282.90322372270748 ], [ 745673.42958833836019, 2574282.880967151839286 ], [ 745670.431558861746453, 2574282.905981925781816 ], [ 745667.434078656602651, 2574282.97884883871302 ], [ 745664.448767777532339, 2574283.159516701474786 ], [ 745661.366404111147858, 2574283.399086916819215 ], [ 745658.076102258521132, 2574283.660516564268619 ], [ 745654.565948158851825, 2574283.869770345278084 ] ] } },
{ "type": "Feature", "properties": { "osmid": "28691795", "name": "nan", "highway": "residential", "oneway": "False" }, "geometry": { "type": "LineString", "coordinates": [ [ 745736.775000000023283, 2574281.997 ], [ 745736.258114343625493, 2574285.007470302749425 ], [ 745736.762519309297204, 2574288.473360150586814 ], [ 745737.582381543121301, 2574292.0265207067132 ], [ 745738.218931604060344, 2574295.439495391678065 ], [ 745738.175235956441611, 2574298.484569968655705 ], [ 745738.173013911000453, 2574301.642584816087037 ], [ 745738.196328929276206, 2574304.913252528756857 ], [ 745738.224324654322118, 2574308.29659165116027 ], [ 745738.23259351728484, 2574311.567262136377394 ], [ 745738.240417215158232, 2574314.725397327449173 ], [ 745738.259442834067158, 2574317.770852707326412 ], [ 745738.300303174532019, 2574320.81625652173534 ], [ 745738.347162559977733, 2574323.861595246940851 ], [ 745738.399151455261745, 2574326.906539676710963 ], [ 745738.463096136809327, 2574329.950644198805094 ], [ 745738.541312667424791, 2574332.993874437641352 ] ] } },
{ "type": "Feature", "properties": { "osmid": "28691795", "name": "nan", "highway": "residential", "oneway": "False" }, "geometry": { "type": "LineString", "coordinates": [ [ 745736.775000000023283, 2574281.997 ], [ 745736.051145376637578, 2574280.299535548780113 ], [ 745736.142968310392462, 2574277.70837756851688 ], [ 745736.590224004699849, 2574274.495655325707048 ], [ 745737.013024408253841, 2574271.108219137880951 ], [ 745736.988742128480226, 2574268.017772652674466 ], [ 745736.971691013430245, 2574264.956267552915961 ], [ 745736.944860111339949, 2574261.927534028422087 ], [ 745736.915528554003686, 2574258.885596436914057 ], [ 745736.937727830489166, 2574255.941525771748275 ], [ 745736.910823343670927, 2574252.870383336208761 ], [ 745736.803608558489941, 2574249.807230392470956 ], [ 745736.530967329745181, 2574246.516481800470501 ], [ 745736.278223962988704, 2574243.551082946360111 ], [ 745736.12174656370189, 2574240.678544972091913 ], [ 745736.096942285541445, 2574238.019272303208709 ], [ 745736.083756582229398, 2574235.126157414168119 ], [ 745736.029127375339158, 2574232.46507996879518 ], [ 745735.930454054265283, 2574230.372284920420498 ], [ 745735.826221038587391, 2574229.298689580988139 ], [ 745735.724999999976717, 2574228.896999999880791 ] ] } },
{ "type": "Feature", "properties": { "osmid": "28691777", "name": "nan", "highway": "residential", "oneway": "False" }, "geometry": { "type": "LineString", "coordinates": [ [ 745871.929, 2574283.370000000111759 ], [ 745872.182321045547724, 2574283.245339310262352 ], [ 745873.536720558651723, 2574283.171682212501764 ], [ 745875.991496358183213, 2574283.116974162403494 ], [ 745878.996030761511065, 2574283.052131739910692 ], [ 745881.999875942710787, 2574282.956928519532084 ], [ 745885.004481400828809, 2574282.8835893063806 ], [ 745888.00996314373333, 2574282.838366785552353 ], [ 745891.016258971183561, 2574282.817688269075006 ], [ 745894.133881362737156, 2574282.810277231037617 ], [ 745897.362656496581621, 2574282.821966379415244 ], [ 745900.702545875683427, 2574282.859301427379251 ], [ 745903.931029988452792, 2574282.904794336296618 ], [ 745907.04832405783236, 2574282.93816414475441 ], [ 745910.054418895510025, 2574282.940774695482105 ], [ 745913.722374721546657, 2574282.936250068247318 ], [ 745918.713886527228169, 2574282.95040533086285 ], [ 745925.028999999980442, 2574282.994999999646097 ] ] } },
{ "type": "Feature", "properties": { "osmid": "28691777", "name": "nan", "highway": "residential", "oneway": "False" }, "geometry": { "type": "LineString", "coordinates": [ [ 745871.929, 2574283.370000000111759 ], [ 745865.609901806339622, 2574283.151735940482467 ], [ 745860.615392386331223, 2574282.984324840363115 ], [ 745856.945863231900148, 2574282.857044330332428 ], [ 745853.939611067879014, 2574282.729309596121311 ], [ 745850.934391934773885, 2574282.576833630446345 ], [ 745847.936460669036023, 2574282.361414184328169 ], [ 745844.875448435195722, 2574282.008792232722044 ], [ 745841.745929102529772, 2574281.51961424946785 ], [ 745838.526498780236579, 2574280.993940990418196 ], [ 745835.348989154794253, 2574280.602703368291259 ], [ 745832.101124918670394, 2574280.366086646914482 ], [ 745828.80350935459137, 2574280.304123015608639 ], [ 745825.421160879079252, 2574280.481638711411506 ], [ 745822.175148557056673, 2574280.828160004224628 ], [ 745819.746039501740597, 2574281.236585932318121 ], [ 745818.772186229121871, 2574281.442522526253015 ], [ 745819.150000000023283, 2574281.498999999836087 ] ] } },
{ "type": "Feature", "properties": { "osmid": "365241206", "name": "nan", "highway": "residential", "oneway": "False" }, "geometry": { "type": "LineString", "coordinates": [ [ 745871.929, 2574283.370000000111759 ], [ 745870.349289707257412, 2574285.760880021844059 ], [ 745870.09501527401153, 2574288.906700633931905 ], [ 745870.583088182727806, 2574292.389831019099802 ], [ 745871.143324905424379, 2574295.832417057361454 ], [ 745871.089927986846305, 2574298.856838632840663 ], [ 745871.007233725278638, 2574301.880737246479839 ], [ 745870.928863421664573, 2574304.905002601444721 ], [ 745870.891755302320234, 2574307.929841840174049 ], [ 745870.910256920964457, 2574310.955050716176629 ], [ 745870.960725688375533, 2574313.979988514911383 ], [ 745871.006879295222461, 2574317.004547242540866 ], [ 745871.024520903243683, 2574320.029103021603078 ], [ 745871.032467326964252, 2574323.05358410300687 ], [ 745871.048641882720403, 2574326.07804948836565 ], [ 745871.089142460841686, 2574328.989963650237769 ], [ 745871.225036469637416, 2574331.721299342345446 ], [ 745871.564487777999602, 2574334.203527136240155 ], [ 745872.099999999976717, 2574336.548999999649823 ] ] } },
{ "type": "Feature", "properties": { "osmid": "365241206", "name": "nan", "highway": "residential", "oneway": "False" }, "geometry": { "type": "LineString", "coordinates": [ [ 745871.929, 2574283.370000000111759 ], [ 745868.715353742823936, 2574283.023172072600573 ], [ 745866.787165988585912, 2574282.815075315535069 ], [ 745866.144436737056822, 2574282.745709729846567 ], [ 745866.232026388286613, 2574280.808018404990435 ], [ 745866.41373179841321, 2574276.589023218955845 ], [ 745866.696079075220041, 2574269.745111635420471 ], [ 745866.910415023681708, 2574263.808053768705577 ], [ 745867.050213536364026, 2574259.121462154667825 ], [ 745867.108948505483568, 2574256.02894932962954 ], [ 745867.167683474719524, 2574252.936436504125595 ], [ 745867.226418443839066, 2574249.843923679087311 ], [ 745867.285153412842192, 2574246.751410854514688 ], [ 745867.343888382078148, 2574243.658898029010743 ], [ 745867.402623351314105, 2574240.566385203506798 ], [ 745867.461358320433646, 2574237.473872378468513 ], [ 745867.520093289553188, 2574234.381359552964568 ], [ 745867.578828258556314, 2574231.288846727926284 ], [ 745867.637563227675855, 2574228.196333903353661 ], [ 745867.696298196911812, 2574225.103821077849716 ], [ 745867.920562869054265, 2574220.587407087441534 ], [ 745868.303831136436202, 2574214.990704467054456 ], [ 745868.839576891274191, 2574208.657325753942132 ], [ 745869.190214620321058, 2574204.778685814701021 ], [ 745869.253584452555515, 2574202.975857039447874 ], [ 745868.927526517421938, 2574202.86991181736812 ], [ 745868.38409662572667, 2574202.693336448166519 ] ] } },
{ "type": "Feature", "properties": { "osmid": "365240615", "name": "nan", "highway": "residential", "oneway": "False" }, "geometry": { "type": "LineString", "coordinates": [ [ 745973.684081900166348, 2574281.60007000900805 ], [ 745974.022358180605806, 2574281.583662137389183 ], [ 745974.360634461045265, 2574281.567254265770316 ], [ 745975.160608439822681, 2574281.367047636304051 ], [ 745976.422280116938055, 2574280.983042249921709 ], [ 745977.585561273270287, 2574278.651551644783467 ], [ 745977.628719095257111, 2574274.409465109929442 ], [ 745976.566174926236272, 2574267.920605131424963 ], [ 745975.532526547438465, 2574262.376167116686702 ], [ 745975.08780907432083, 2574257.923060532193631 ], [ 745975.217601163662039, 2574254.897462893743068 ], [ 745975.347393252886832, 2574251.871865256223828 ], [ 745975.477185341995209, 2574248.846267618238926 ], [ 745975.606977431103587, 2574245.820669980719686 ], [ 745975.73676952032838, 2574242.795072342734784 ], [ 745975.866561609669589, 2574239.769474704284221 ], [ 745975.996353698894382, 2574236.743877066764981 ], [ 745976.126145788002759, 2574233.718279428780079 ], [ 745976.255937877227552, 2574230.692681791260839 ], [ 745976.385729966568761, 2574227.667084153275937 ], [ 745976.835515765822493, 2574223.054012167733163 ], [ 745977.590873931651004, 2574217.18964334949851 ], [ 745978.637383121065795, 2574210.410155214369297 ], [ 745979.214005003683269, 2574206.194153550546616 ], [ 745979.229116328177042, 2574204.17092476086691 ], [ 745978.69713843788486, 2574204.0042913290672 ], [ 745978.165745519916527, 2574203.835642236750573 ], [ 745977.740982168819755, 2574203.699513566680253 ] ] } },
{ "type": "Feature", "properties": { "osmid": "28691777", "name": "nan", "highway": "residential", "oneway": "False" }, "geometry": { "type": "LineString", "coordinates": [ [ 745973.684081900166348, 2574281.60007000900805 ], [ 745977.392983556259423, 2574281.505193144548684 ], [ 745980.866388353635557, 2574281.528029829729348 ], [ 745983.800929284770973, 2574281.684757094364613 ], [ 745986.65503799461294, 2574281.905207274481654 ], [ 745989.43539279687684, 2574282.110868716612458 ], [ 745992.445395960938185, 2574282.284545477945358 ], [ 745995.457535704481415, 2574282.434676000382751 ], [ 745998.469611463136971, 2574282.583919797558337 ], [ 746001.479450792889111, 2574282.758915862999856 ], [ 746004.584372053272091, 2574283.061950668692589 ], [ 746007.768696401733905, 2574283.569137419108301 ], [ 746011.021487001446076, 2574284.316190852317959 ], [ 746014.02960960555356, 2574285.148140880744904 ], [ 746016.823556338320486, 2574285.916464051231742 ], [ 746019.431654583546333, 2574286.470719581469893 ], [ 746022.852958098636009, 2574286.880817567929626 ], [ 746027.740491025499068, 2574287.242542385589331 ], [ 746034.079000000027008, 2574287.645 ] ] } },
{ "type": "Feature", "properties": { "osmid": "28691777", "name": "nan", "highway": "residential", "oneway": "False" }, "geometry": { "type": "LineString", "coordinates": [ [ 745973.684081900166348, 2574281.60007000900805 ], [ 745970.482690876699053, 2574282.211078752297908 ], [ 745967.481176592409611, 2574282.644668819848448 ], [ 745964.565058240201324, 2574282.890333998017013 ], [ 745961.63415795925539, 2574283.028928463812917 ], [ 745958.588293772540055, 2574283.134898479096591 ], [ 745955.54166247008834, 2574283.193181392271072 ], [ 745952.494464007322676, 2574283.199145070742816 ], [ 745949.44701568223536, 2574283.174910109955817 ], [ 745946.399525512126274, 2574283.161253082100302 ], [ 745943.351972855511121, 2574283.18059752555564 ], [ 745940.30431057990063, 2574283.225782099179924 ], [ 745937.256564764655195, 2574283.276574758347124 ], [ 745934.209228463470936, 2574283.299370958004147 ], [ 745931.163912265677936, 2574283.254482055082917 ], [ 745928.125299374922179, 2574283.144582846667618 ], [ 745925.759044387959875, 2574283.021801844239235 ], [ 745924.728489023982547, 2574282.971157715190202 ], [ 745925.028999999980442, 2574282.994999999646097 ] ] } },
{ "type": "Feature", "properties": { "osmid": "28691779", "name": "nan", "highway": "residential", "oneway": "False" }, "geometry": { "type": "LineString", "coordinates": [ [ 745738.541312667424791, 2574332.993874437641352 ], [ 745738.616704755928367, 2574333.150007630232722 ], [ 745738.767488932819106, 2574333.46227401541546 ], [ 745738.993665198213421, 2574333.930673593189567 ], [ 745739.144449375104159, 2574334.242939978372306 ], [ 745739.219841463491321, 2574334.399073170963675 ], [ 745741.163792220060714, 2574334.287503167055547 ], [ 745745.393182846251875, 2574334.063060261774808 ], [ 745752.249502454535104, 2574333.72444155998528 ], [ 745758.186338644474745, 2574333.493484171107411 ], [ 745762.862202303367667, 2574333.371490993071347 ], [ 745765.935604318161495, 2574333.359764921944588 ], [ 745769.009006333188154, 2574333.348038850817829 ], [ 745772.082408348214813, 2574333.33631277969107 ], [ 745775.155810363241471, 2574333.324586708564311 ], [ 745778.22921237826813, 2574333.312860637437552 ], [ 745781.302614393294789, 2574333.301134566310793 ], [ 745784.376016408205032, 2574333.289408495184034 ], [ 745787.449418423231691, 2574333.277682424057275 ], [ 745790.52282043825835, 2574333.265956352930516 ], [ 745793.596222453285009, 2574333.254230281803757 ], [ 745798.220354635152034, 2574333.234720647335052 ], [ 745804.053727870923467, 2574333.208730346988887 ], [ 745810.754853048245423, 2574333.177562276367098 ], [ 745814.923891831305809, 2574333.222419793251902 ], [ 745816.945444444310851, 2574333.406333333346993 ], [ 745817.160999999963678, 2574333.728000000119209 ] ] } },
{ "type": "Feature", "properties": { "osmid": "28691795", "name": "nan", "highway": "residential", "oneway": "False" }, "geometry": { "type": "LineString", "coordinates": [ [ 745738.541312667424791, 2574332.993874437641352 ], [ 745738.449572384823114, 2574336.462737093213946 ], [ 745738.355451316107064, 2574339.639023134950548 ], [ 745738.267352474969812, 2574342.637658203020692 ], [ 745738.188533624750562, 2574345.604978570248932 ], [ 745738.109585625003092, 2574348.687051400542259 ], [ 745738.021392520633526, 2574351.768943909090012 ], [ 745737.922628784552217, 2574354.850604277569801 ], [ 745737.825465464848094, 2574357.932282211724669 ], [ 745737.762745868298225, 2574361.013514541555196 ], [ 745737.737350555602461, 2574364.094280892517418 ], [ 745737.767306394060142, 2574367.048318126704544 ], [ 745737.858564354828559, 2574369.864026274997741 ], [ 745737.999448480200954, 2574372.750696159433573 ], [ 745738.153852922841907, 2574375.841926139779389 ], [ 745738.22192513232585, 2574379.155549050774425 ], [ 745738.250984327285551, 2574382.265769177582115 ], [ 745738.267852016142569, 2574385.276374580804259 ], [ 745738.334299412439577, 2574388.181602714117616 ] ] } },
{ "type": "Feature", "properties": { "osmid": "28691795", "name": "nan", "highway": "residential", "oneway": "False" }, "geometry": { "type": "LineString", "coordinates": [ [ 745738.541312667424791, 2574332.993874437641352 ], [ 745738.463096136809327, 2574329.950644198805094 ], [ 745738.399151455261745, 2574326.906539676710963 ], [ 745738.347162559977733, 2574323.86159524647519 ], [ 745738.300303174532019, 2574320.81625652173534 ], [ 745738.259442834067158, 2574317.770852706860751 ], [ 745738.240417215158232, 2574314.725397327449173 ], [ 745738.232593517168425, 2574311.567262135911733 ], [ 745738.224324654205702, 2574308.29659165116027 ], [ 745738.196328929276206, 2574304.913252528756857 ], [ 745738.173013911000453, 2574301.642584816087037 ], [ 745738.175235956441611, 2574298.484569968190044 ], [ 745738.218931604060344, 2574295.439495391678065 ], [ 745737.582381543121301, 2574292.0265207067132 ], [ 745736.762519309297204, 2574288.473360150586814 ], [ 745736.258114343625493, 2574285.007470302749425 ], [ 745736.775000000023283, 2574281.997 ] ] } },
{ "type": "Feature", "properties": { "osmid": "1069960945", "name": "nan", "highway": "residential", "oneway": "False" }, "geometry": { "type": "LineString", "coordinates": [ [ 745738.541312667424791, 2574332.993874437641352 ], [ 745736.812694282387383, 2574333.07034357637167 ], [ 745733.018755436292849, 2574333.246654566377401 ], [ 745726.829051689128391, 2574333.597398115787655 ], [ 745721.370375370956026, 2574334.044226655736566 ], [ 745716.983423421974294, 2574334.585038129705936 ], [ 745713.991184003767557, 2574335.046559493988752 ], [ 745710.988026893814094, 2574335.331986842211336 ], [ 745707.964763722731732, 2574335.351314521860331 ], [ 745704.928850768250413, 2574335.203224869444966 ], [ 745701.887744308565743, 2574334.986400220077485 ], [ 745698.846637848881073, 2574334.769575570244342 ], [ 745695.805531389079988, 2574334.552750921342522 ], [ 745692.764424929395318, 2574334.33592627197504 ], [ 745689.723318469710648, 2574334.119101622607559 ], [ 745686.682212010025978, 2574333.902276972774416 ], [ 745683.641105550341308, 2574333.685452323872596 ], [ 745680.599999090656638, 2574333.468627674505115 ], [ 745677.558892630971968, 2574333.251803025137633 ], [ 745674.517786171170883, 2574333.03497837530449 ], [ 745671.476679711486213, 2574332.81815372640267 ], [ 745668.435573251568712, 2574332.601329077035189 ], [ 745665.394466791884042, 2574332.384504427667707 ], [ 745662.353360332199372, 2574332.167679777834564 ], [ 745659.312253872514702, 2574331.950855128932744 ], [ 745656.271147412830032, 2574331.734030479565263 ], [ 745653.230040953145362, 2574331.517205830197781 ] ] } },
{ "type": "Feature", "properties": { "osmid": "28691785", "name": "nan", "highway": "residential", "oneway": "False" }, "geometry": { "type": "LineString", "coordinates": [ [ 745872.099999999976717, 2574336.548999999649823 ], [ 745871.91913886135444, 2574336.334116882178932 ], [ 745872.457193824462593, 2574336.231571569573134 ], [ 745874.048722889390774, 2574336.251293398439884 ], [ 745876.501402531866916, 2574336.327350275591016 ], [ 745879.510896960622631, 2574336.368616178631783 ], [ 745882.63004279602319, 2574336.377878444734961 ], [ 745885.747003623633645, 2574336.362401994410902 ], [ 745888.639983409200795, 2574336.347126623615623 ], [ 745891.533739034202881, 2574336.276727084070444 ], [ 745894.540268671698868, 2574336.153997560963035 ], [ 745897.771227420307696, 2574336.002981826197356 ], [ 745901.115079444949515, 2574335.887227330822498 ], [ 745904.348984633921646, 2574335.820135695394129 ], [ 745907.472269585938193, 2574335.779813289642334 ], [ 745910.372007879894227, 2574335.727544240187854 ], [ 745913.786138449446298, 2574335.641517754644156 ], [ 745918.341365571250208, 2574335.509410677012056 ], [ 745924.150000000023283, 2574335.349 ] ] } },
{ "type": "Feature", "properties": { "osmid": "365241206", "name": "nan", "highway": "residential", "oneway": "False" }, "geometry": { "type": "LineString", "coordinates": [ [ 745872.099999999976717, 2574336.548999999649823 ], [ 745871.696111111086793, 2574336.3267777771689 ], [ 745870.648646262125112, 2574337.824133874382824 ], [ 745868.945703232311644, 2574341.394588734954596 ], [ 745866.494602022576146, 2574347.347218362614512 ], [ 745864.812925665522926, 2574352.7297198981978 ], [ 745863.912576382048428, 2574357.188572896644473 ], [ 745863.805456393398345, 2574360.370256911497563 ], [ 745863.698336404631846, 2574363.551940925884992 ], [ 745863.591216415748931, 2574366.733624940272421 ], [ 745863.486901195370592, 2574371.320839477702975 ], [ 745863.397292964626104, 2574376.960064091254026 ], [ 745863.334293944411911, 2574383.297778336331248 ], [ 745863.30419681861531, 2574387.169400719925761 ], [ 745864.17342165869195, 2574389.050179278478026 ], [ 745866.808388536795974, 2574389.415362048894167 ], [ 745871.199999999953434, 2574390.023999999742955 ] ] } },
{ "type": "Feature", "properties": { "osmid": "365241206", "name": "nan", "highway": "residential", "oneway": "False" }, "geometry": { "type": "LineString", "coordinates": [ [ 745872.099999999976717, 2574336.548999999649823 ], [ 745871.564487777999602, 2574334.203527136240155 ], [ 745871.225036469637416, 2574331.721299341879785 ], [ 745871.089142460841686, 2574328.989963650237769 ], [ 745871.048641882720403, 2574326.07804948836565 ], [ 745871.032467326964252, 2574323.053584103472531 ], [ 745871.024520903243683, 2574320.029103021603078 ], [ 745871.006879295222461, 2574317.004547242540866 ], [ 745870.960725688375533, 2574313.979988514911383 ], [ 745870.910256920848042, 2574310.955050716176629 ], [ 745870.891755302087404, 2574307.929841840174049 ], [ 745870.928863421548158, 2574304.905002601444721 ], [ 745871.007233725278638, 2574301.880737246479839 ], [ 745871.089927986846305, 2574298.856838632840663 ], [ 745871.143324905424379, 2574295.832417057827115 ], [ 745870.583088182727806, 2574292.389831019099802 ], [ 745870.09501527401153, 2574288.906700633931905 ], [ 745870.349289707257412, 2574285.760880021844059 ], [ 745871.929, 2574283.370000000111759 ] ] } },
{ "type": "Feature", "properties": { "osmid": "28691777", "name": "nan", "highway": "residential", "oneway": "False" }, "geometry": { "type": "LineString", "coordinates": [ [ 746034.079000000027008, 2574287.645 ], [ 746033.621554926969111, 2574287.801758061628789 ], [ 746033.622734769363888, 2574288.13907856727019 ], [ 746033.886387542821467, 2574288.693561414722353 ], [ 746034.158565908204764, 2574289.209435001481324 ], [ 746037.17090804502368, 2574289.2287592086941 ], [ 746046.057911657611839, 2574288.181505235377699 ], [ 746060.836000000010245, 2574286.178000000305474 ] ] } },
{ "type": "Feature", "properties": { "osmid": "28691791", "name": "nan", "highway": "residential", "oneway": "False" }, "geometry": { "type": "LineString", "coordinates": [ [ 746034.079000000027008, 2574287.645 ], [ 746032.899308820720762, 2574289.959092354867607 ], [ 746033.066833797958679, 2574293.077441695611924 ], [ 746033.874928276520222, 2574296.56206054892391 ], [ 746034.642328682937659, 2574300.011011344846338 ], [ 746034.69740271999035, 2574303.022113759536296 ], [ 746034.748628741130233, 2574306.033315308857709 ], [ 746034.803298059967346, 2574309.155954098794609 ], [ 746034.858525142422877, 2574312.390057538170367 ], [ 746034.910464630927891, 2574315.735708054620773 ], [ 746034.9540119379526, 2574318.969982295762748 ], [ 746034.99882923765108, 2574322.092741459142417 ], [ 746034.506229216582142, 2574325.586475223768502 ], [ 746033.474815189838409, 2574329.228042473550886 ], [ 746031.889422562089749, 2574332.683034322690219 ], [ 746031.364154865848832, 2574334.738025764003396 ], [ 746032.441084614372812, 2574335.813843679148704 ], [ 746035.128999999957159, 2574336.245000000111759 ] ] } },
{ "type": "Feature", "properties": { "osmid": "28691777", "name": "nan", "highway": "residential", "oneway": "False" }, "geometry": { "type": "LineString", "coordinates": [ [ 746034.079000000027008, 2574287.645 ], [ 746027.740491025499068, 2574287.242542385589331 ], [ 746022.852958098519593, 2574286.880817567929626 ], [ 746019.431654583546333, 2574286.470719581469893 ], [ 746016.823556338320486, 2574285.916464050766081 ], [ 746014.02960960555356, 2574285.148140880279243 ], [ 746011.021487001446076, 2574284.316190852317959 ], [ 746007.768696401733905, 2574283.569137419108301 ], [ 746004.584372053272091, 2574283.061950668692589 ], [ 746001.479450792889111, 2574282.758915862534195 ], [ 745998.469611463136971, 2574282.58391979848966 ], [ 745995.457535704481415, 2574282.434676000382751 ], [ 745992.445395960938185, 2574282.284545477945358 ], [ 745989.43539279687684, 2574282.110868716612458 ], [ 745986.65503799461294, 2574281.905207274481654 ], [ 745983.800929284770973, 2574281.684757094364613 ], [ 745980.866388353635557, 2574281.528029829729348 ], [ 745977.392983556143008, 2574281.505193144548684 ], [ 745973.684081900166348, 2574281.60007000900805 ] ] } },
{ "type": "Feature", "properties": { "osmid": "365241206", "name": "nan", "highway": "residential", "oneway": "False" }, "geometry": { "type": "LineString", "coordinates": [ [ 745868.38409662572667, 2574202.693336448166519 ], [ 745868.927526517654769, 2574202.86991181736812 ], [ 745869.253584452555515, 2574202.975857038982213 ], [ 745869.190214620321058, 2574204.778685814235359 ], [ 745868.839576891274191, 2574208.657325753942132 ], [ 745868.303831136319786, 2574214.990704467054456 ], [ 745867.92056286893785, 2574220.587407087441534 ], [ 745867.696298196911812, 2574225.103821077849716 ], [ 745867.63756322779227, 2574228.196333902422339 ], [ 745867.578828258789144, 2574231.288846727926284 ], [ 745867.520093289553188, 2574234.381359553430229 ], [ 745867.461358320433646, 2574237.473872378468513 ], [ 745867.40262335119769, 2574240.566385203506798 ], [ 745867.343888382078148, 2574243.65889802807942 ], [ 745867.285153413075022, 2574246.751410853583366 ], [ 745867.226418443955481, 2574249.843923679087311 ], [ 745867.167683474719524, 2574252.936436504125595 ], [ 745867.108948505599983, 2574256.02894932962954 ], [ 745867.050213536596857, 2574259.121462154667825 ], [ 745866.910415023914538, 2574263.808053768705577 ], [ 745866.696079075220041, 2574269.74511163495481 ], [ 745866.413731798529625, 2574276.589023218955845 ], [ 745866.232026388286613, 2574280.808018404990435 ], [ 745866.144436737056822, 2574282.745709729846567 ], [ 745866.787165988585912, 2574282.815075315535069 ], [ 745868.715353742823936, 2574283.023172072134912 ], [ 745871.929, 2574283.370000000111759 ] ] } },
{ "type": "Feature", "properties": { "osmid": "419836080", "name": "nan", "highway": "residential", "oneway": "False" }, "geometry": { "type": "LineString", "coordinates": [ [ 745868.38409662572667, 2574202.693336448166519 ], [ 745871.263312946539372, 2574202.628081937786192 ], [ 745874.240593477734365, 2574202.418308621738106 ], [ 745877.391444938606583, 2574202.111111079808325 ], [ 745880.523356995545328, 2574201.929489417467266 ], [ 745883.747048276476562, 2574201.872394601348788 ], [ 745886.98690275195986, 2574201.896801332011819 ], [ 745890.337849816307425, 2574201.929098950698972 ], [ 745893.576285582967103, 2574202.005128608550876 ], [ 745896.702327024540864, 2574202.120618800166994 ], [ 745899.71716631995514, 2574202.241144336760044 ], [ 745902.732500989106484, 2574202.3514415002428 ], [ 745905.860078882542439, 2574202.453288441058248 ], [ 745909.099336009589024, 2574202.559137484058738 ], [ 745912.450503940228373, 2574202.662754330318421 ], [ 745915.970280245062895, 2574202.679318880196661 ], [ 745919.938831462874077, 2574202.528419957961887 ], [ 745924.355999999912456, 2574202.213999999687076 ] ] } },
{ "type": "Feature", "properties": { "osmid": "419836080", "name": "nan", "highway": "residential", "oneway": "False" }, "geometry": { "type": "LineString", "coordinates": [ [ 745868.38409662572667, 2574202.693336448166519 ], [ 745865.331119045149535, 2574202.365895321592689 ], [ 745862.265147964586504, 2574202.141938551794738 ], [ 745859.193137259338982, 2574202.022765497211367 ], [ 745856.127052159630693, 2574201.950190871488303 ], [ 745853.078439783421345, 2574201.853591545019299 ], [ 745850.038120176526718, 2574201.732331189792603 ], [ 745846.999910989427008, 2574201.607740093953907 ], [ 745843.958879258832894, 2574201.491430837661028 ], [ 745840.917159848264419, 2574201.386821092572063 ], [ 745837.875320423394442, 2574201.286832618992776 ], [ 745834.805388605105691, 2574201.194745872635394 ], [ 745831.707610376761295, 2574201.108917973469943 ], [ 745828.582333092112094, 2574201.025305649731308 ], [ 745825.485973706818186, 2574200.932588769588619 ], [ 745822.561897959909402, 2574200.782398095820099 ], [ 745820.089179583243094, 2574200.579420546069741 ], [ 745818.318387099192478, 2574200.341310708783567 ], [ 745817.105999999912456, 2574200.114 ] ] } },
{ "type": "Feature", "properties": { "osmid": "365241206", "name": "nan", "highway": "residential", "oneway": "False" }, "geometry": { "type": "LineString", "coordinates": [ [ 745861.142314448254183, 2574441.485984142869711 ], [ 745861.030437559238635, 2574444.804475337266922 ], [ 745860.661100474302657, 2574449.47526289941743 ], [ 745860.15763982955832, 2574455.146928375586867 ], [ 745859.532486390671693, 2574461.450750520918518 ], [ 745859.423856424516998, 2574465.330978103447706 ], [ 745859.597507424186915, 2574467.121726788114756 ], [ 745860.891608185134828, 2574467.302894922439009 ], [ 745863.665137086878531, 2574467.671551730018109 ], [ 745868.029000000096858, 2574468.245000000111759 ] ] } },
{ "type": "Feature", "properties": { "osmid": "365241206", "name": "nan", "highway": "residential", "oneway": "False" }, "geometry": { "type": "LineString", "coordinates": [ [ 745861.142314448254183, 2574441.485984142869711 ], [ 745861.242259274586104, 2574438.398891725111753 ], [ 745861.342204100801609, 2574435.311799307819456 ], [ 745861.442148927017115, 2574432.224706890061498 ], [ 745861.542093753232621, 2574429.13761447230354 ], [ 745861.642038579448126, 2574426.050522055011243 ], [ 745861.741983405663632, 2574422.963429636787623 ], [ 745861.841928231995553, 2574419.876337219029665 ], [ 745861.941873058211058, 2574416.789244801271707 ], [ 745862.041817884426564, 2574413.70215238397941 ], [ 745862.14176271064207, 2574410.615059966221452 ], [ 745862.224274268490262, 2574406.151080734562129 ], [ 745862.278247577487491, 2574400.653224956709892 ], [ 745862.292577656568028, 2574394.464502902701497 ], [ 745862.291026061982848, 2574390.681698468048126 ], [ 745863.275286910589784, 2574389.079823453444988 ], [ 745866.247054319246672, 2574389.433889658655971 ], [ 745871.199999999953434, 2574390.023999999742955 ] ] } },
{ "type": "Feature", "properties": { "osmid": "365241644", "name": "nan", "highway": "residential", "oneway": "False" }, "geometry": { "type": "LineString", "coordinates": [ [ 745861.142314448254183, 2574441.485984142869711 ], [ 745864.238011259469204, 2574441.732076955959201 ], [ 745867.333708070684224, 2574441.978169769048691 ], [ 745870.42940488178283, 2574442.224262582138181 ], [ 745873.52510169299785, 2574442.470355395227671 ], [ 745876.620798504329287, 2574442.716448208782822 ], [ 745879.716495315544307, 2574442.962541021872312 ], [ 745882.812192126642913, 2574443.208633834961802 ], [ 745885.907888937741518, 2574443.454726648516953 ], [ 745889.003585748956539, 2574443.700819461606443 ], [ 745892.099282560287975, 2574443.946912275161594 ], [ 745895.194979371502995, 2574444.193005088251084 ], [ 745898.290676182601601, 2574444.439097901340574 ], [ 745901.386372993816622, 2574444.685190714430064 ], [ 745904.482069805148058, 2574444.931283527519554 ], [ 745907.577766616246663, 2574445.177376340609044 ], [ 745911.986701533081941, 2574445.576729733962566 ], [ 745917.375463798525743, 2574446.096444505732507 ], [ 745923.410642656031996, 2574446.703621454071254 ], [ 745928.778999999980442, 2574447.244999999646097 ] ] } },
{ "type": "Feature", "properties": { "osmid": "28691795", "name": "nan", "highway": "residential", "oneway": "False" }, "geometry": { "type": "LineString", "coordinates": [ [ 745737.511000000056811, 2574440.528 ], [ 745737.23017333203461, 2574443.298030745703727 ], [ 745737.029455674928613, 2574446.165716533083469 ], [ 745736.918423058115877, 2574449.131540569011122 ], [ 745736.862535946536809, 2574452.146787568926811 ], [ 745736.812790972180665, 2574455.162491872441024 ], [ 745736.754691324546002, 2574458.17807831754908 ], [ 745736.685587923973799, 2574461.193480534013361 ], [ 745736.621140031144023, 2574464.20883896201849 ], [ 745736.582243658020161, 2574467.224260156974196 ], [ 745736.570197350694798, 2574470.351498860865831 ], [ 745736.569131367723458, 2574473.590520374942571 ], [ 745736.553971300483681, 2574476.941407579928637 ], [ 745736.53269701951649, 2574480.180738115217537 ], [ 745736.527108864043839, 2574483.308313665911555 ], [ 745736.553794422536157, 2574486.324000265449286 ], [ 745736.603980298619717, 2574489.339471847750247 ], [ 745736.659755372093059, 2574492.354954047594219 ], [ 745736.730088521144353, 2574495.369815674144775 ], [ 745736.835747296107002, 2574498.383213153574616 ], [ 745735.789066296070814, 2574501.831035677809268 ], [ 745733.756695123738609, 2574505.588937474414706 ], [ 745731.924542574211955, 2574509.842155066784471 ], [ 745733.893013163469732, 2574513.902504758909345 ], [ 745739.479000000050291, 2574517.895 ] ] } },
{ "type": "Feature", "properties": { "osmid": "28691795", "name": "nan", "highway": "residential", "oneway": "False" }, "geometry": { "type": "LineString", "coordinates": [ [ 745737.511000000056811, 2574440.528 ], [ 745738.159501714049838, 2574436.666569253895432 ], [ 745738.530466073774733, 2574433.142230883706361 ], [ 745738.638187668751925, 2574429.954824117477983 ], [ 745738.624174835742451, 2574426.823989195283502 ], [ 745738.621212387573905, 2574423.581249642651528 ], [ 745738.605606447439641, 2574420.226792030502111 ], [ 745738.57007527013775, 2574416.984270305838436 ], [ 745738.521033741417341, 2574413.853602070361376 ], [ 745738.463196494500153, 2574410.834880111739039 ], [ 745738.402872787672095, 2574407.816250023897737 ], [ 745738.35691989492625, 2574404.797984987031668 ], [ 745738.366390013019554, 2574401.721610818058252 ], [ 745738.429145238245837, 2574398.586910707410425 ], [ 745738.488745742128231, 2574395.28246416291222 ], [ 745738.456807505805045, 2574391.813952611759305 ], [ 745738.334299412439577, 2574388.181602714117616 ] ] } },
{ "type": "Feature", "properties": { "osmid": "28691797", "name": "nan", "highway": "residential", "oneway": "False" }, "geometry": { "type": "LineString", "coordinates": [ [ 745737.511000000056811, 2574440.528 ], [ 745738.089693609741516, 2574440.38895335746929 ], [ 745739.267410896136425, 2574440.363771637436002 ], [ 745741.391120700165629, 2574440.463758450001478 ], [ 745744.04760509962216, 2574440.600806090515107 ], [ 745746.93261292995885, 2574440.746032171882689 ], [ 745749.694013247732073, 2574440.887606374453753 ], [ 745752.557411754853092, 2574441.033445948734879 ], [ 745755.52562111930456, 2574441.145419463515282 ], [ 745758.603967017610557, 2574441.213964862283319 ], [ 745761.681329253711738, 2574441.237018703017384 ], [ 745764.758560528396629, 2574441.22184714442119 ], [ 745767.835269451141357, 2574441.165243147406727 ], [ 745770.910838362644427, 2574441.064406274352223 ], [ 745773.985743815661408, 2574440.944161993917078 ], [ 745776.946242783218622, 2574440.820910369511694 ], [ 745779.899388336576521, 2574440.648860460612923 ], [ 745783.092807236127555, 2574440.13021168904379 ], [ 745786.599586821510457, 2574439.141993222758174 ], [ 745789.971699556917883, 2574437.787324308883399 ], [ 745792.704292270820588, 2574436.568808367010206 ], [ 745794.983843382797204, 2574435.655605502892286 ], [ 745797.378029975458048, 2574434.96550029842183 ], [ 745800.143590616062284, 2574434.28284251736477 ], [ 745803.135841775569133, 2574433.562282882165164 ], [ 745806.624744965112768, 2574432.870261684060097 ], [ 745811.10610150184948, 2574432.232482141349465 ], [ 745816.579000000027008, 2574431.645 ] ] } },
{ "type": "Feature", "properties": { "osmid": "28691795", "name": "nan", "highway": "residential", "oneway": "False" }, "geometry": { "type": "LineString", "coordinates": [ [ 745738.334299412439577, 2574388.181602714117616 ], [ 745738.456807505805045, 2574391.813952611293644 ], [ 745738.488745742361061, 2574395.28246416291222 ], [ 745738.429145238245837, 2574398.586910707410425 ], [ 745738.366390013019554, 2574401.721610818058252 ], [ 745738.35691989492625, 2574404.797984987031668 ], [ 745738.40287278778851, 2574407.816250023897737 ], [ 745738.463196494500153, 2574410.834880111739039 ], [ 745738.521033741417341, 2574413.853602069895715 ], [ 745738.57007527013775, 2574416.984270305372775 ], [ 745738.605606447323225, 2574420.226792030036449 ], [ 745738.621212387573905, 2574423.581249642651528 ], [ 745738.624174835742451, 2574426.823989195283502 ], [ 745738.638187668751925, 2574429.954824117477983 ], [ 745738.530466073774733, 2574433.142230884172022 ], [ 745738.159501714049838, 2574436.666569253895432 ], [ 745737.511000000056811, 2574440.528 ] ] } },
{ "type": "Feature", "properties": { "osmid": "28691795", "name": "nan", "highway": "residential", "oneway": "False" }, "geometry": { "type": "LineString", "coordinates": [ [ 745738.334299412439577, 2574388.181602714117616 ], [ 745738.267852016142569, 2574385.276374580804259 ], [ 745738.250984327285551, 2574382.265769177582115 ], [ 745738.22192513232585, 2574379.155549050774425 ], [ 745738.153852922841907, 2574375.84192614024505 ], [ 745737.999448480200954, 2574372.750696159433573 ], [ 745737.858564354828559, 2574369.864026275463402 ], [ 745737.767306394060142, 2574367.048318126704544 ], [ 745737.737350555602461, 2574364.094280892517418 ], [ 745737.762745868298225, 2574361.013514541555196 ], [ 745737.825465464964509, 2574357.932282211724669 ], [ 745737.922628784668632, 2574354.850604277104139 ], [ 745738.021392520633526, 2574351.768943909090012 ], [ 745738.109585625003092, 2574348.687051400542259 ], [ 745738.188533624750562, 2574345.604978570248932 ], [ 745738.267352474969812, 2574342.637658203020692 ], [ 745738.355451316107064, 2574339.639023134950548 ], [ 745738.449572384823114, 2574336.462737093213946 ], [ 745738.541312667424791, 2574332.993874437641352 ] ] } },
{ "type": "Feature", "properties": { "osmid": "365241530", "name": "nan", "highway": "residential", "oneway": "False" }, "geometry": { "type": "LineString", "coordinates": [ [ 745738.334299412439577, 2574388.181602714117616 ], [ 745738.347935306490399, 2574388.292673259507865 ], [ 745738.375207094824873, 2574388.514814349357039 ], [ 745738.416114777210169, 2574388.848025984596461 ], [ 745738.452619442134164, 2574389.1816750257276 ], [ 745738.484721089713275, 2574389.515761472750455 ], [ 745740.482069413526915, 2574389.700968434568495 ], [ 745744.779100811108947, 2574389.628746047616005 ], [ 745751.715081539470702, 2574389.302489805500954 ], [ 745757.689978467882611, 2574389.024228982627392 ], [ 745762.373758216388524, 2574388.902076036203653 ], [ 745765.427154527977109, 2574388.93263547308743 ], [ 745768.48055083968211, 2574388.963194910436869 ], [ 745771.533947151503526, 2574388.993754347786307 ], [ 745774.587343463092111, 2574389.024313785135746 ], [ 745777.640739774680696, 2574389.054873222019523 ], [ 745780.694136086385697, 2574389.085432658903301 ], [ 745783.747532397974283, 2574389.115992095787078 ], [ 745786.800928709562868, 2574389.146551533136517 ], [ 745789.854325021267869, 2574389.177110970485955 ], [ 745792.907721333089285, 2574389.207670407835394 ], [ 745797.529476860887371, 2574389.326134994626045 ], [ 745803.380325348116457, 2574389.529109238181263 ], [ 745810.121000537765212, 2574389.813197645824403 ], [ 745814.588501828140579, 2574389.883472749963403 ], [ 745817.435079563292675, 2574389.627608370501548 ], [ 745819.0, 2574389.048999999649823 ] ] } },
{ "type": "Feature", "properties": { "osmid": "28691800", "name": "nan", "highway": "residential", "oneway": "False" }, "geometry": { "type": "LineString", "coordinates": [ [ 745651.49844636733178, 2574447.129479770548642 ], [ 745648.542946824338287, 2574446.320212011691183 ], [ 745645.582108596223406, 2574445.532141185831279 ], [ 745642.615015942952596, 2574444.768476687837392 ], [ 745639.541247915825807, 2574443.966790351551026 ], [ 745636.374602358788252, 2574443.077097601722926 ], [ 745633.12261241406668, 2574442.074487266596407 ], [ 745630.006931283394806, 2574441.018850718159229 ], [ 745627.024509628652595, 2574439.927048340905458 ], [ 745624.164896435686387, 2574438.835395567584783 ], [ 745621.194253369118087, 2574437.712541293352842 ], [ 745618.208444291376509, 2574436.593009492848068 ], [ 745615.196741168037988, 2574435.438629040494561 ], [ 745612.448476583114825, 2574434.363993228878826 ], [ 745609.821042311727069, 2574433.391597725450993 ], [ 745607.329000000027008, 2574432.545 ] ] } },
{ "type": "Feature", "properties": { "osmid": "421001883", "name": "nan", "highway": "residential", "oneway": "False" }, "geometry": { "type": "LineString", "coordinates": [ [ 745651.49844636733178, 2574447.129479770548642 ], [ 745650.845432173111476, 2574446.936047693248838 ], [ 745650.300306260003708, 2574446.778159087523818 ], [ 745650.191961896722205, 2574444.807345330715179 ], [ 745650.633277298067696, 2574440.708940899465233 ], [ 745651.518105826457031, 2574434.108524041250348 ], [ 745652.191214659833349, 2574428.361321042757481 ], [ 745652.540537656168453, 2574423.779164748266339 ], [ 745652.563521099393256, 2574420.703766117338091 ], [ 745652.586504542618059, 2574417.628367486875504 ], [ 745652.609487985842861, 2574414.552968856412917 ], [ 745652.632471429184079, 2574411.47757022595033 ], [ 745652.655454872525297, 2574408.402171595487744 ], [ 745652.678438315633684, 2574405.326772965025157 ], [ 745652.701421758742072, 2574402.251374334096909 ], [ 745652.72440520208329, 2574399.17597570316866 ], [ 745652.747388645424508, 2574396.100577072706074 ], [ 745652.770372088532895, 2574393.025178442243487 ], [ 745652.793355531641282, 2574389.9497798117809 ], [ 745652.8163389749825, 2574386.874381181318313 ], [ 745652.839322418323718, 2574383.798982550855726 ], [ 745652.862305861432105, 2574380.723583919927478 ], [ 745652.885289304540493, 2574377.64818528899923 ], [ 745652.908272747881711, 2574374.572786658536643 ], [ 745652.931256191222928, 2574371.497388028074056 ], [ 745652.954239634331316, 2574368.421989397611469 ], [ 745652.977223077439703, 2574365.346590767148882 ], [ 745653.000206520780921, 2574362.271192136686295 ], [ 745653.023189964122139, 2574359.195793505758047 ], [ 745653.046173407346942, 2574356.120394874829799 ], [ 745653.069156850571744, 2574353.044996244367212 ], [ 745653.092140293796547, 2574349.969597613904625 ], [ 745653.115123737021349, 2574346.894198983442038 ], [ 745653.138107180246152, 2574343.818800352979451 ], [ 745653.161090623470955, 2574340.743401722051203 ], [ 745653.184074066695757, 2574337.668003091588616 ], [ 745653.20705750992056, 2574334.592604460660368 ], [ 745653.230040953145362, 2574331.517205830197781 ] ] } },
{ "type": "Feature", "properties": { "osmid": "28691800", "name": "nan", "highway": "residential", "oneway": "False" }, "geometry": { "type": "LineString", "coordinates": [ [ 745651.49844636733178, 2574447.129479770548642 ], [ 745654.555307870730758, 2574447.923352594021708 ], [ 745657.585899098892696, 2574448.709226493258029 ], [ 745660.554426521644928, 2574449.574942443519831 ], [ 745663.214982887846418, 2574450.630440766457468 ], [ 745665.794342932640575, 2574451.92391542904079 ], [ 745668.471110732178204, 2574453.538764417171478 ], [ 745671.251556685194373, 2574455.516319632530212 ], [ 745673.920176050625741, 2574457.911526689771563 ], [ 745676.059648937545717, 2574460.516713747754693 ], [ 745677.79262720735278, 2574463.207751395646483 ], [ 745679.273222665651701, 2574465.977180063724518 ], [ 745680.668248147238046, 2574468.664390871766955 ], [ 745682.001777755911462, 2574471.11614623805508 ], [ 745683.371020987047814, 2574473.125465214718133 ], [ 745685.167392122442834, 2574475.482744656968862 ], [ 745687.271178444731049, 2574478.513423681724817 ], [ 745689.275695952936076, 2574482.228499541524798 ], [ 745690.657654706854373, 2574485.78220283659175 ], [ 745691.46111001400277, 2574489.028368310537189 ], [ 745691.905034388764761, 2574492.198495929595083 ], [ 745692.229000000050291, 2574495.545 ] ] } },
{ "type": "Feature", "properties": { "osmid": "1196732252", "name": "nan", "highway": "tertiary", "oneway": "True" }, "geometry": { "type": "LineString", "coordinates": [ [ 745395.457513713161461, 2574231.227599026169628 ], [ 745395.85468391655013, 2574229.721218058373779 ], [ 745396.206791850854643, 2574228.433223406318575 ], [ 745396.54137743182946, 2574227.255755965132266 ], [ 745396.876276103896089, 2574226.078307969961315 ], [ 745397.230244466918521, 2574224.790645627770573 ], [ 745397.575742605258711, 2574223.500628042500466 ] ] } },
{ "type": "Feature", "properties": { "osmid": "28691806", "name": "nan", "highway": "residential", "oneway": "False" }, "geometry": { "type": "LineString", "coordinates": [ [ 745395.457513713161461, 2574231.227599026169628 ], [ 745396.716402277350426, 2574235.376888683531433 ], [ 745398.365754495491274, 2574239.933866887819022 ], [ 745401.624495071009733, 2574242.6113784420304 ], [ 745406.151191714336164, 2574243.173945193644613 ], [ 745410.3432178767398, 2574242.566926000639796 ], [ 745411.484330826904625, 2574244.155831030104309 ], [ 745409.590284213423729, 2574247.781351265031844 ], [ 745407.447998953983188, 2574251.165148092899472 ], [ 745406.525994526571594, 2574253.356372638139874 ], [ 745406.883665062137879, 2574254.741652581840754 ], [ 745407.173861129209399, 2574256.717738265637308 ], [ 745407.417171768494882, 2574259.27055803546682 ], [ 745407.639469248708338, 2574262.165190919768065 ], [ 745407.852105844416656, 2574265.173363423440605 ], [ 745408.082046767114662, 2574268.291957027744502 ], [ 745408.326296753599308, 2574271.409015217330307 ], [ 745408.569013385451399, 2574274.525144022889435 ], [ 745408.770649926154874, 2574277.419853094499558 ], [ 745408.938675108947791, 2574280.31694354955107 ], [ 745409.105878700152971, 2574283.215127674862742 ], [ 745409.293592916219495, 2574286.224544059019536 ], [ 745409.513922933372669, 2574289.344035231042653 ], [ 745409.764173745294102, 2574292.572947607375681 ], [ 745410.029218272306025, 2574295.80024173669517 ], [ 745410.300432348274626, 2574298.914288005325943 ], [ 745410.557513713720255, 2574301.917086904402822 ], [ 745410.834703989326954, 2574305.030395619105548 ], [ 745411.111851650639437, 2574308.144428433850408 ], [ 745411.395118095446378, 2574311.258545928169042 ], [ 745411.666493798024021, 2574314.261930752079934 ], [ 745411.938592700869776, 2574317.265291701536626 ], [ 745412.209773846319877, 2574320.268743522465229 ], [ 745412.478194977040403, 2574323.272439604625106 ], [ 745412.742776656406932, 2574326.276478014886379 ], [ 745413.000425400678068, 2574329.281063798349351 ], [ 745413.253060857299715, 2574332.286008848343045 ], [ 745413.480730987619609, 2574335.180449135601521 ], [ 745413.708104924648069, 2574338.182153027970344 ], [ 745413.927564075798728, 2574341.179514199495316 ], [ 745414.172556610661559, 2574344.394672779366374 ], [ 745414.426342039834708, 2574347.501439388841391 ], [ 745414.714920912403613, 2574350.83413875149563 ], [ 745415.026478742482141, 2574354.281340569723397 ] ] } },
{ "type": "Feature", "properties": { "osmid": "28691806", "name": "nan", "highway": "residential", "oneway": "False" }, "geometry": { "type": "LineString", "coordinates": [ [ 745692.229000000050291, 2574495.545 ], [ 745691.638444444281049, 2574495.79555555479601 ], [ 745691.284111110959202, 2574495.94588888855651 ], [ 745689.181061592535116, 2574495.969169374089688 ], [ 745684.868086015456356, 2574495.921573115512729 ], [ 745677.88397450663615, 2574495.859276216942817 ], [ 745671.855505118495785, 2574495.842004921287298 ], [ 745667.12577661301475, 2574495.86369423661381 ], [ 745664.037887752638198, 2574495.918279170058668 ], [ 745660.949998892378062, 2574495.972864103503525 ], [ 745657.862110032117926, 2574496.027449036948383 ], [ 745654.774221171624959, 2574496.08203397039324 ], [ 745651.686332311131991, 2574496.136618903838098 ], [ 745648.598443450871855, 2574496.191203837282956 ], [ 745645.510554590611719, 2574496.245788770727813 ], [ 745642.422665730235167, 2574496.300373704172671 ], [ 745639.334776869858615, 2574496.354958637617528 ], [ 745636.246888009482063, 2574496.409543571528047 ], [ 745633.158999149105512, 2574496.464128504972905 ], [ 745629.905617765034549, 2574498.174446039833128 ], [ 745626.605302176554687, 2574501.509920443873852 ], [ 745623.375353701878339, 2574506.468898680061102 ], [ 745620.326334320823662, 2574509.722068537026644 ], [ 745617.000704326666892, 2574511.312734469305724 ], [ 745613.281162401544861, 2574511.242549512535334 ] ] } },
{ "type": "Feature", "properties": { "osmid": "28691800", "name": "nan", "highway": "residential", "oneway": "False" }, "geometry": { "type": "LineString", "coordinates": [ [ 745692.229000000050291, 2574495.545 ], [ 745691.905034388764761, 2574492.198495929595083 ], [ 745691.46111001400277, 2574489.028368310537189 ], [ 745690.657654706854373, 2574485.78220283659175 ], [ 745689.275695953052491, 2574482.228499541524798 ], [ 745687.271178444731049, 2574478.513423681724817 ], [ 745685.167392122442834, 2574475.482744656968862 ], [ 745683.371020987047814, 2574473.125465214718133 ], [ 745682.001777755911462, 2574471.11614623805508 ], [ 745680.668248147238046, 2574468.664390871766955 ], [ 745679.273222665651701, 2574465.977180063724518 ], [ 745677.79262720735278, 2574463.207751395646483 ], [ 745676.059648937545717, 2574460.516713747289032 ], [ 745673.920176050625741, 2574457.911526689771563 ], [ 745671.251556685194373, 2574455.516319632530212 ], [ 745668.471110732178204, 2574453.538764417171478 ], [ 745665.794342932640575, 2574451.92391542904079 ], [ 745663.214982887846418, 2574450.630440766457468 ], [ 745660.554426521644928, 2574449.574942443519831 ], [ 745657.585899098892696, 2574448.709226493258029 ], [ 745654.555307870614342, 2574447.923352594021708 ], [ 745651.49844636733178, 2574447.129479770548642 ] ] } },
{ "type": "Feature", "properties": { "osmid": "28691806", "name": "nan", "highway": "residential", "oneway": "False" }, "geometry": { "type": "LineString", "coordinates": [ [ 745692.229000000050291, 2574495.545 ], [ 745693.422103376593441, 2574495.418909925967455 ], [ 745695.347671409952454, 2574495.281379070132971 ], [ 745697.90048217587173, 2574495.217345199082047 ], [ 745700.877533553284593, 2574495.272793848533183 ], [ 745703.853812129818834, 2574495.529217617586255 ], [ 745706.975754721555859, 2574496.091968717519194 ], [ 745710.157217764877714, 2574497.233089718036354 ], [ 745713.115992708597332, 2574498.982303893659264 ], [ 745715.789594851434231, 2574501.174346532672644 ], [ 745718.040626848116517, 2574503.34898442029953 ], [ 745720.128118776250631, 2574505.373797925189137 ], [ 745722.068716508685611, 2574507.228473907336593 ], [ 745724.044825253542513, 2574509.108261300716549 ], [ 745727.087341710110195, 2574511.354651162400842 ], [ 745732.242257603793405, 2574514.293564826250076 ], [ 745739.479000000050291, 2574517.895 ] ] } },
{ "type": "Feature", "properties": { "osmid": "28691825", "name": "nan", "highway": "residential", "oneway": "False" }, "geometry": { "type": "LineString", "coordinates": [ [ 745776.060999999986961, 2574517.628 ], [ 745775.830622705048881, 2574517.302334422711283 ], [ 745777.309972786693834, 2574517.027167055755854 ], [ 745780.505509067792445, 2574516.718600913882256 ], [ 745784.054210972855799, 2574516.364220755174756 ], [ 745787.322473638691008, 2574516.016451993491501 ], [ 745790.412127723335288, 2574515.729579239618033 ], [ 745793.50923187925946, 2574515.467427676077932 ], [ 745796.604325876454823, 2574515.188983727246523 ], [ 745799.703831154969521, 2574514.962439013179392 ], [ 745802.920128078083508, 2574514.811591204255819 ], [ 745806.252465016557835, 2574514.731894836295396 ], [ 745809.586131050018594, 2574514.684770664200187 ] ] } },
{ "type": "Feature", "properties": { "osmid": "28691806", "name": "nan", "highway": "residential", "oneway": "False" }, "geometry": { "type": "LineString", "coordinates": [ [ 745776.060999999986961, 2574517.628 ], [ 745770.281711516319774, 2574517.016970570664853 ], [ 745765.596548393950798, 2574516.672565971966833 ], [ 745762.005694215535186, 2574516.603620718698949 ], [ 745758.962271206546575, 2574516.684673315379769 ], [ 745755.806376718101092, 2574516.781107626855373 ], [ 745752.53782715043053, 2574516.883974836673588 ], [ 745748.850567131186835, 2574516.551308123394847 ], [ 745745.308249167981558, 2574515.768892548978329 ], [ 745741.867321798577905, 2574514.541823777835816 ], [ 745738.970273545361124, 2574514.000673469156027 ], [ 745736.99987050704658, 2574514.38965968741104 ], [ 745737.214962771278806, 2574515.918986295815557 ], [ 745739.479000000050291, 2574517.895 ] ] } },
{ "type": "Feature", "properties": { "osmid": "365242009", "name": "nan", "highway": "residential", "oneway": "False" }, "geometry": { "type": "LineString", "coordinates": [ [ 745776.060999999986961, 2574517.628 ], [ 745773.326147458399646, 2574517.014289045706391 ], [ 745771.685235933284275, 2574516.646062472835183 ], [ 745771.138265424990095, 2574516.523320282343775 ], [ 745771.680783041170798, 2574516.661377187818289 ], [ 745772.152695133467205, 2574518.600367013830692 ], [ 745772.453321945853531, 2574522.606055380776525 ], [ 745771.175898336688988, 2574528.502768083009869 ], [ 745769.216260665562004, 2574533.00816963147372 ], [ 745766.438725090469234, 2574535.59056718274951 ], [ 745763.692225690814666, 2574536.186976823955774 ], [ 745760.687415812746622, 2574536.373279886785895 ], [ 745757.660659054876305, 2574536.415403594728559 ], [ 745754.627268862561323, 2574536.413949158973992 ], [ 745751.59387867024634, 2574536.412494723219424 ], [ 745748.560488477931358, 2574536.411040287930518 ], [ 745745.527098285616376, 2574536.409585852641612 ], [ 745742.493708093184978, 2574536.408131417352706 ], [ 745739.460317900869995, 2574536.406676981598139 ], [ 745736.426927708555013, 2574536.405222546309233 ], [ 745733.393537516240031, 2574536.403768111020327 ], [ 745730.360147323925048, 2574536.402313675265759 ], [ 745727.326757131610066, 2574536.400859239045531 ], [ 745724.293366939295083, 2574536.399404803756624 ], [ 745721.259976746980101, 2574536.397950368467718 ], [ 745718.226586554665118, 2574536.396495933178812 ], [ 745715.193196362350136, 2574536.395041497889906 ], [ 745712.159806169918738, 2574536.393587062135339 ], [ 745709.126415977603756, 2574536.392132626846433 ], [ 745706.093025785288773, 2574536.390678191557527 ], [ 745703.059635592973791, 2574536.389223755802959 ], [ 745700.026245400658809, 2574536.387769319582731 ], [ 745696.992855208343826, 2574536.386314884293824 ], [ 745693.959465016028844, 2574536.384860449004918 ], [ 745690.926074823713861, 2574536.383406013716012 ], [ 745687.892684631398879, 2574536.381951577961445 ], [ 745684.859294438967481, 2574536.380497142672539 ] ] } },
{ "type": "Feature", "properties": { "osmid": "967840297", "name": "nan", "highway": "residential", "oneway": "False" }, "geometry": { "type": "LineString", "coordinates": [ [ 745776.060999999986961, 2574517.628 ], [ 745774.330454297829419, 2574517.14239333756268 ], [ 745774.638396366499364, 2574516.836478075012565 ], [ 745776.982191518414766, 2574516.667103531304747 ], [ 745780.81971360987518, 2574516.450786183588207 ], [ 745783.928867598064244, 2574516.214447604492307 ], [ 745786.757582346908748, 2574515.984720422420651 ], [ 745789.41294563235715, 2574515.776181599125266 ], [ 745792.621760767535307, 2574515.519019542261958 ], [ 745795.717415866092779, 2574515.245540156029165 ], [ 745798.59464539133478, 2574515.019317446742207 ], [ 745801.254422577563673, 2574514.858839219436049 ], [ 745803.924774626269937, 2574513.095334507059306 ], [ 745806.719250353402458, 2574508.013429489452392 ], [ 745809.637262555886991, 2574499.600833194795996 ] ] } },
{ "type": "Feature", "properties": { "osmid": "28691824", "name": "nan", "highway": "residential", "oneway": "False" }, "geometry": { "type": "LineString", "coordinates": [ [ 745515.782290455535986, 2574512.648829492274672 ], [ 745512.229893434909172, 2574512.305928148794919 ], [ 745509.009241153602488, 2574512.002817326691002 ], [ 745506.007911560707726, 2574511.767772132065147 ], [ 745503.118166751693934, 2574511.561479640658945 ], [ 745500.010406189714558, 2574511.328318473417312 ], [ 745496.908832303248346, 2574511.019056192133576 ], [ 745493.80885770265013, 2574510.67708688089624 ], [ 745490.925208672764711, 2574510.382821608800441 ], [ 745488.145092585938983, 2574510.169939161278307 ], [ 745485.470863901078701, 2574510.016047081444412 ], [ 745482.683836954645813, 2574509.879861596506089 ], [ 745479.674603275838308, 2574509.732167289126664 ], [ 745476.445940633304417, 2574509.545224578585476 ], [ 745473.334136479883455, 2574509.303601596038789 ], [ 745470.247712638229132, 2574509.034336891490966 ], [ 745467.293118808767758, 2574508.773535239975899 ], [ 745464.13023498468101, 2574508.542869565542787 ], [ 745461.268922213930637, 2574508.350911260116845 ], [ 745458.483535149949603, 2574508.22417050646618 ], [ 745455.776616081944667, 2574508.167298762127757 ], [ 745452.840252919704653, 2574508.158955857623369 ], [ 745449.790919010643847, 2574508.161232620943338 ], [ 745446.741624730057083, 2574508.150797306094319 ], [ 745443.809600403532386, 2574508.176099291071296 ], [ 745440.457754203118384, 2574507.975897343829274 ], [ 745437.02490359544754, 2574507.558940324466676 ], [ 745433.327833307441324, 2574506.548489033710212 ], [ 745430.77089445234742, 2574505.364672603085637 ], [ 745429.015289611998014, 2574504.006947760935873 ], [ 745428.414411824778654, 2574503.095139518845826 ], [ 745428.109646016848274, 2574502.583704357501119 ], [ 745428.100992187974043, 2574502.472642275970429 ] ] } },
{ "type": "Feature", "properties": { "osmid": "364862867", "name": "nan", "highway": "residential", "oneway": "False" }, "geometry": { "type": "LineString", "coordinates": [ [ 745515.782290455535986, 2574512.648829492274672 ], [ 745514.890511194244027, 2574512.607792493421584 ], [ 745514.11115325812716, 2574512.559172465931624 ], [ 745513.555520038004033, 2574512.511250227689743 ], [ 745513.112037715851329, 2574512.460786871146411 ], [ 745512.584136670106091, 2574514.075277804397047 ], [ 745511.769438072224148, 2574517.701590970158577 ], [ 745510.576866484712809, 2574523.694875128567219 ], [ 745509.417517008725554, 2574529.110992946196347 ], [ 745508.382465082220733, 2574533.594795661512762 ], [ 745507.562786142574623, 2574536.791134512983263 ] ] } },
{ "type": "Feature", "properties": { "osmid": [ 28691824, 28691903 ], "name": "nan", "highway": "residential", "oneway": "False" }, "geometry": { "type": "LineString", "coordinates": [ [ 745515.782290455535986, 2574512.648829492274672 ], [ 745518.796071633580141, 2574512.671623418107629 ], [ 745521.809891893179156, 2574512.687117118854076 ], [ 745524.823753800708801, 2574512.692503574769944 ], [ 745527.837637408752926, 2574512.691369686275721 ], [ 745530.962646937579848, 2574512.670116763096303 ], [ 745534.086928240838461, 2574512.623597521334887 ], [ 745537.210474277846515, 2574512.552866280544549 ], [ 745540.222004416049458, 2574512.476427583489567 ], [ 745543.343754673493095, 2574512.382013397291303 ], [ 745546.464103953563608, 2574512.266491706017405 ], [ 745549.360424798331223, 2574512.153394615277648 ], [ 745552.031096338294446, 2574512.152649688068777 ], [ 745554.810828012879938, 2574512.264487950131297 ], [ 745557.922530816984363, 2574512.45133655006066 ], [ 745561.150140534038655, 2574512.561388339847326 ], [ 745564.258072723052464, 2574512.595919545274228 ], [ 745567.473498778883368, 2574512.525562040973455 ], [ 745570.793527629342861, 2574512.384473920334131 ], [ 745574.135969854542054, 2574512.150549959391356 ], [ 745577.162318527698517, 2574511.890799839515239 ], [ 745580.096588130574673, 2574511.630884857382625 ], [ 745582.920921925338916, 2574511.414863330777735 ], [ 745585.747191934846342, 2574511.249568499624729 ], [ 745588.576298790983856, 2574511.177402860950679 ], [ 745591.845420764293522, 2574511.061280300840735 ], [ 745595.318979011499323, 2574510.81848755851388 ], [ 745598.653104790486395, 2574510.42994116153568 ], [ 745601.30839262472, 2574510.171386429574341 ], [ 745603.75172362010926, 2574510.172959569841623 ], [ 745606.324506004690193, 2574510.426298433914781 ], [ 745609.242323325597681, 2574510.763659982476383 ], [ 745612.387652353849262, 2574511.055185576435179 ], [ 745615.537362505565397, 2574511.257104684598744 ], [ 745618.803797408356331, 2574511.369585269596428 ], [ 745621.959958450286649, 2574511.454623353201896 ], [ 745625.117032952606678, 2574511.52579305274412 ], [ 745628.049841096624732, 2574511.58342315768823 ], [ 745630.870982624124736, 2574511.623536940664053 ], [ 745633.806226671789773, 2574511.671497290488333 ], [ 745636.948386017698795, 2574511.723537901882082 ], [ 745640.29469655349385, 2574511.770418969914317 ], [ 745643.503379842150025, 2574511.80593795189634 ], [ 745646.610654322896153, 2574511.828278720378876 ], [ 745649.618792283348739, 2574511.821041021961719 ], [ 745652.643133476260118, 2574511.766054025385529 ], [ 745655.666614242945798, 2574511.689072772394866 ], [ 745658.690074212965555, 2574511.632660870440304 ], [ 745661.602086804923601, 2574511.632826298009604 ], [ 745664.290225970675237, 2574511.68175050476566 ], [ 745666.971372631029226, 2574511.805399153847247 ], [ 745669.757013807189651, 2574511.974323266651481 ], [ 745672.870847329962999, 2574512.199488130863756 ], [ 745675.877435181639157, 2574512.399766039568931 ], [ 745678.88930669426918, 2574512.598958741407841 ], [ 745681.684576091356575, 2574512.752245972398669 ], [ 745684.146163891186006, 2574512.865481257904321 ], [ 745685.825812966446392, 2574512.915418484713882 ], [ 745686.610076288576238, 2574512.928683204110712 ], [ 745686.72213284636382, 2574512.930281742010266 ], [ 745686.497999925981276, 2574512.929632024373859 ], [ 745686.161800545291044, 2574512.928657447453588 ], [ 745685.887854280881584, 2574514.861837475094944 ], [ 745685.647384097799659, 2574519.065191360656172 ], [ 745685.411612961092032, 2574525.874738357961178 ], [ 745685.139324063085951, 2574531.758513370063156 ], [ 745684.859294438967481, 2574536.380497142672539 ] ] } },
{ "type": "Feature", "properties": { "osmid": "28691825", "name": "nan", "highway": "residential", "oneway": "False" }, "geometry": { "type": "LineString", "coordinates": [ [ 746042.761000000056811, 2574514.927999999839813 ], [ 746041.552672784775496, 2574515.782363974954933 ], [ 746041.332102117245086, 2574516.107629711274058 ], [ 746041.886621366254985, 2574515.975098118185997 ], [ 746043.556232083705254, 2574517.202028345316648 ], [ 746045.994428616133519, 2574520.324025079607964 ], [ 746049.663705478422344, 2574525.495021486189216 ], [ 746053.040470763109624, 2574529.872787661850452 ], [ 746055.977992825093679, 2574533.187841121573001 ], [ 746058.226443780702539, 2574535.214947791304439 ], [ 746060.474894736311398, 2574537.242054460104555 ], [ 746062.723345691803843, 2574539.269161129370332 ], [ 746064.971796647296287, 2574541.296267798636109 ] ] } },
{ "type": "Feature", "properties": { "osmid": "28691825", "name": "nan", "highway": "residential", "oneway": "False" }, "geometry": { "type": "LineString", "coordinates": [ [ 746042.761000000056811, 2574514.927999999839813 ], [ 746037.259997879038565, 2574516.502300708089024 ], [ 746032.639076703111641, 2574517.481017958838493 ], [ 746028.916791973519139, 2574517.73256127582863 ], [ 746025.608487625955604, 2574517.494742969516665 ], [ 746022.440732139628381, 2574517.109731469769031 ], [ 746019.376685020048171, 2574516.822278270963579 ], [ 746016.396043027867563, 2574516.722914716228843 ], [ 746013.389282531104982, 2574516.74484885064885 ], [ 746010.376617168541998, 2574516.736875026021153 ], [ 746007.367070987005718, 2574516.617699159774929 ], [ 746004.356828949879855, 2574516.454062692821026 ], [ 746001.342677783104591, 2574516.3417485258542 ], [ 745998.325562314596027, 2574516.323480250313878 ], [ 745995.309365009772591, 2574516.337723547592759 ], [ 745992.295422053895891, 2574516.280841775238514 ], [ 745989.283572877757251, 2574516.123040324542671 ], [ 745986.270877843140624, 2574515.910987725947052 ], [ 745983.25720967061352, 2574515.69165657972917 ], [ 745980.242832998395897, 2574515.48009997792542 ], [ 745977.229528316413052, 2574515.257326353341341 ], [ 745974.216796194552444, 2574515.034815595950931 ], [ 745971.203664605040103, 2574514.824414422735572 ], [ 745968.077228542068042, 2574514.6653290851973 ], [ 745964.841857371851802, 2574514.60576608357951 ], [ 745961.610674038063735, 2574514.648049958515912 ], [ 745958.502013079822063, 2574514.696176454424858 ], [ 745955.508953320910223, 2574514.660702830180526 ], [ 745952.406261439085938, 2574514.563988770358264 ], [ 745949.294542260817252, 2574514.494334255810827 ], [ 745946.176600754843093, 2574514.461481189820915 ], [ 745943.164905207115225, 2574514.401801323052496 ], [ 745940.151465526665561, 2574514.330165517050773 ], [ 745937.138093249872327, 2574514.27508434234187 ], [ 745934.127064747270197, 2574514.252582839224488 ], [ 745931.122444217209704, 2574514.265554197132587 ], [ 745929.459883245173842, 2574514.240503560751677 ], [ 745930.473663257900625, 2574514.175546147860587 ], [ 745934.160999999963678, 2574514.028 ] ] } },
{ "type": "Feature", "properties": { "osmid": "238505281", "name": "nan", "highway": "residential", "oneway": "False" }, "geometry": { "type": "LineString", "coordinates": [ [ 746042.761000000056811, 2574514.927999999839813 ], [ 746041.448825996369123, 2574513.322019668295979 ], [ 746040.989275571075268, 2574510.564065855462104 ], [ 746040.923574094194919, 2574507.166164657566696 ], [ 746040.921964891604148, 2574503.8046516738832 ], [ 746040.63905885850545, 2574501.276551306713372 ], [ 746040.647903684177436, 2574499.192494743037969 ], [ 746040.928251917008311, 2574497.463312901556492 ], [ 746041.391095882747322, 2574495.869743441231549 ] ] } },
{ "type": "Feature", "properties": { "osmid": "28691634", "name": "nan", "highway": "residential", "oneway": "False" }, "geometry": { "type": "LineString", "coordinates": [ [ 745809.637262555886991, 2574499.600833194795996 ], [ 745809.608856163802557, 2574507.980798455420882 ], [ 745809.591812328435481, 2574513.008777612354606 ], [ 745809.586131049902178, 2574514.684770664200187 ], [ 745809.586131050018594, 2574514.684770664200187 ] ] } },
{ "type": "Feature", "properties": { "osmid": "28691634", "name": "nan", "highway": "residential", "oneway": "False" }, "geometry": { "type": "LineString", "coordinates": [ [ 745809.637262555886991, 2574499.600833194795996 ], [ 745809.681193146738224, 2574496.522138500120491 ], [ 745809.725123737589456, 2574493.443443804979324 ], [ 745809.769054328440689, 2574490.364749109838158 ], [ 745809.812984919175506, 2574487.286054415162653 ], [ 745809.856915509910323, 2574484.207359720487148 ], [ 745809.90084610087797, 2574481.128665025811642 ], [ 745810.794928039307706, 2574476.650239115115255 ], [ 745812.534280147985555, 2574471.114159176591784 ], [ 745815.114021250861697, 2574464.86250239983201 ], [ 745816.828967475797981, 2574461.036808403674513 ], [ 745817.627888888935558, 2574459.306111110839993 ], [ 745817.459555555600673, 2574459.33944444404915 ], [ 745817.179, 2574459.395 ] ] } },
{ "type": "Feature", "properties": { "osmid": "967840297", "name": "nan", "highway": "residential", "oneway": "False" }, "geometry": { "type": "LineString", "coordinates": [ [ 745809.637262555886991, 2574499.600833194795996 ], [ 745812.861544243409298, 2574504.512089570984244 ], [ 745816.002383643412031, 2574507.777570553123951 ], [ 745818.914953772793524, 2574509.41448169387877 ], [ 745821.904456263873726, 2574507.770556093193591 ], [ 745824.893958755186759, 2574506.126630492508411 ], [ 745828.089672925299965, 2574502.802518393844366 ], [ 745831.246920914505608, 2574501.118824664503336 ], [ 745834.404168903827667, 2574499.435130935627967 ], [ 745837.500032197334804, 2574499.414418153464794 ], [ 745840.595895490958355, 2574499.393705371301621 ], [ 745843.691758784465492, 2574499.372992588672787 ], [ 745846.787622077856213, 2574499.352279806043953 ], [ 745849.883485371246934, 2574499.331567023415118 ], [ 745852.97934866475407, 2574499.310854241251945 ], [ 745856.075211958377622, 2574499.290141459088773 ], [ 745859.171075251768343, 2574499.269428676459938 ] ] } },
{ "type": "Feature", "properties": { "osmid": "967840297", "name": "nan", "highway": "residential", "oneway": "False" }, "geometry": { "type": "LineString", "coordinates": [ [ 745809.637262555886991, 2574499.600833194795996 ], [ 745806.719250353402458, 2574508.013429489452392 ], [ 745803.924774626269937, 2574513.095334507059306 ], [ 745801.254422577680089, 2574514.858839219436049 ], [ 745798.59464539133478, 2574515.019317447207868 ], [ 745795.717415866325609, 2574515.245540156494826 ], [ 745792.621760767535307, 2574515.519019542727619 ], [ 745789.412945632240735, 2574515.776181599125266 ], [ 745786.757582346908748, 2574515.984720423351973 ], [ 745783.928867597947828, 2574516.214447604957968 ], [ 745780.81971360987518, 2574516.450786184053868 ], [ 745776.982191518414766, 2574516.667103531304747 ], [ 745774.638396366499364, 2574516.836478075012565 ], [ 745774.330454297713004, 2574517.14239333756268 ], [ 745776.060999999986961, 2574517.628 ] ] } },
{ "type": "Feature", "properties": { "osmid": "28691825", "name": "nan", "highway": "residential", "oneway": "False" }, "geometry": { "type": "LineString", "coordinates": [ [ 746064.971796647296287, 2574541.296267798636109 ], [ 746062.723345691803843, 2574539.269161129370332 ], [ 746060.474894736311398, 2574537.242054460104555 ], [ 746058.226443780702539, 2574535.214947790373117 ], [ 746055.977992825093679, 2574533.187841121573001 ], [ 746053.040470763109624, 2574529.872787661850452 ], [ 746049.663705478422344, 2574525.495021486189216 ], [ 746045.994428616133519, 2574520.324025079607964 ], [ 746043.556232083705254, 2574517.20202834578231 ], [ 746041.88662136613857, 2574515.975098118185997 ], [ 746041.332102117245086, 2574516.107629711274058 ], [ 746041.552672784775496, 2574515.782363974954933 ], [ 746042.761000000056811, 2574514.927999999839813 ] ] } },
{ "type": "Feature", "properties": { "osmid": "28691863", "name": "nan", "highway": "tertiary", "oneway": "False" }, "geometry": { "type": "LineString", "coordinates": [ [ 746064.971796647296287, 2574541.296267798636109 ], [ 746062.272259876597673, 2574543.083035802468657 ], [ 746059.572723106015474, 2574544.869803806301206 ], [ 746056.873186335433275, 2574546.656571809668094 ], [ 746054.17364956473466, 2574548.443339813500643 ], [ 746051.47411279391963, 2574550.230107817798853 ], [ 746048.774576023221016, 2574552.016875821631402 ], [ 746046.075039252638817, 2574553.803643824998289 ], [ 746043.375502482056618, 2574555.590411828830838 ], [ 746040.675965711474419, 2574557.377179832663387 ], [ 746037.976428940659389, 2574559.163947836495936 ] ] } },
{ "type": "Feature", "properties": { "osmid": "28691863", "name": "nan", "highway": "tertiary", "oneway": "False" }, "geometry": { "type": "LineString", "coordinates": [ [ 746064.971796647296287, 2574541.296267798636109 ], [ 746067.987656182725914, 2574540.004217100795358 ], [ 746071.003515718155541, 2574538.712166402954608 ], [ 746074.019375253585167, 2574537.420115705113858 ], [ 746077.035234789014794, 2574536.128065006807446 ], [ 746080.051094324444421, 2574534.836014308501035 ], [ 746083.066953860106878, 2574533.543963610660285 ], [ 746086.082813395536505, 2574532.251912912819535 ], [ 746089.098672930849716, 2574530.959862214513123 ] ] } },
{ "type": "Feature", "properties": { "osmid": "28691863", "name": "nan", "highway": "tertiary", "oneway": "False" }, "geometry": { "type": "LineString", "coordinates": [ [ 746033.387750958558172, 2574564.860590493306518 ], [ 746035.68208994960878, 2574562.012269164901227 ], [ 746037.976428940659389, 2574559.163947836495936 ] ] } },
{ "type": "Feature", "properties": { "osmid": "28692003", "name": "nan", "highway": "residential", "oneway": "False" }, "geometry": { "type": "LineString", "coordinates": [ [ 746033.387750958558172, 2574564.860590493306518 ], [ 746035.759699189569801, 2574566.833002213388681 ], [ 746038.135144710191526, 2574568.796986320521683 ], [ 746040.591821526526473, 2574570.565222864504904 ], [ 746043.207463644095697, 2574571.950391896534711 ], [ 746046.052810489782132, 2574572.782028692308813 ], [ 746049.050128057482652, 2574573.24745320295915 ], [ 746052.121682341210544, 2574573.533985375892371 ], [ 746055.193236624938436, 2574573.820517549291253 ], [ 746058.264790908782743, 2574574.107049722690135 ], [ 746061.33634519262705, 2574574.393581896554679 ], [ 746064.407899476471357, 2574574.6801140694879 ], [ 746067.479453760199249, 2574574.966646242886782 ], [ 746070.551008043927141, 2574575.253178416285664 ], [ 746073.622562327771448, 2574575.539710590150207 ], [ 746076.694116611499339, 2574575.826242763549089 ], [ 746079.765670895227231, 2574576.11277493648231 ], [ 746082.837225179071538, 2574576.399307109881192 ], [ 746085.908779462915845, 2574576.685839283745736 ], [ 746088.980333746760152, 2574576.972371457144618 ], [ 746092.051888030488044, 2574577.2589036305435 ], [ 746095.123442314215936, 2574577.545435804408044 ], [ 746098.194996598060243, 2574577.831967977341264 ], [ 746101.26655088190455, 2574578.118500150740147 ], [ 746104.338105165748857, 2574578.405032324139029 ], [ 746107.409659449476749, 2574578.691564498003572 ], [ 746110.48121373320464, 2574578.978096670936793 ], [ 746113.552768017048948, 2574579.264628844335675 ], [ 746116.624322300776839, 2574579.551161017734557 ], [ 746119.695876584504731, 2574579.837693191599101 ], [ 746122.767430868349038, 2574580.124225364532322 ], [ 746125.838985152193345, 2574580.410757537931204 ] ] } },
{ "type": "Feature", "properties": { "osmid": "28691863", "name": "nan", "highway": "tertiary", "oneway": "False" }, "geometry": { "type": "LineString", "coordinates": [ [ 746037.976428940659389, 2574559.163947836495936 ], [ 746035.68208994960878, 2574562.012269164901227 ], [ 746033.387750958558172, 2574564.860590493306518 ] ] } },
{ "type": "Feature", "properties": { "osmid": "28691863", "name": "nan", "highway": "tertiary", "oneway": "False" }, "geometry": { "type": "LineString", "coordinates": [ [ 746037.976428940659389, 2574559.163947836495936 ], [ 746040.675965711358003, 2574557.377179832663387 ], [ 746043.375502482056618, 2574555.590411828830838 ], [ 746046.075039252638817, 2574553.803643824998289 ], [ 746048.774576023337431, 2574552.016875821631402 ], [ 746051.474112794152461, 2574550.230107817798853 ], [ 746054.17364956473466, 2574548.443339813966304 ], [ 746056.873186335316859, 2574546.656571810599416 ], [ 746059.572723106015474, 2574544.869803806301206 ], [ 746062.272259876597673, 2574543.083035802468657 ], [ 746064.971796647296287, 2574541.296267798636109 ] ] } },
{ "type": "Feature", "properties": { "osmid": "28691844", "name": "nan", "highway": "tertiary", "oneway": "False" }, "geometry": { "type": "LineString", "coordinates": [ [ 746037.976428940659389, 2574559.163947836495936 ], [ 746034.931026550359093, 2574559.086036080494523 ], [ 746031.885624159942381, 2574559.008124324027449 ], [ 746028.84022176952567, 2574558.930212568026036 ], [ 746025.794819379108958, 2574558.852300811558962 ], [ 746022.749416988692246, 2574558.774389055091888 ], [ 746019.70401459839195, 2574558.696477299090475 ], [ 746016.658612207975239, 2574558.618565543089062 ], [ 746013.613209817558527, 2574558.540653787087649 ], [ 746010.567807427141815, 2574558.462742030620575 ], [ 746007.524752233992331, 2574558.408024645410478 ], [ 746004.492638841620646, 2574558.461431190371513 ], [ 746001.48006185318809, 2574558.707891223486513 ], [ 745998.490921477903612, 2574559.185945560690016 ], [ 745995.516623112489469, 2574559.810664643067867 ], [ 745992.548572153202258, 2574560.497118912637234 ], [ 745989.580521193915047, 2574561.183573182206601 ], [ 745986.612470234744251, 2574561.870027451310307 ], [ 745983.644419275573455, 2574562.556481721345335 ], [ 745980.676368316286243, 2574563.242935990914702 ], [ 745977.708317356999032, 2574563.929390260949731 ], [ 745974.732078945729882, 2574564.545925042126328 ], [ 745971.738953553023748, 2574565.018247792031616 ], [ 745968.720241649542004, 2574565.272065965924412 ], [ 745965.6836186099099, 2574565.372925997246057 ], [ 745962.637783963698894, 2574565.395120428409427 ], [ 745959.591437240247615, 2574565.412941804155707 ], [ 745956.545090516912751, 2574565.430763179901987 ], [ 745953.498743793345056, 2574565.448584556113929 ], [ 745950.452397069893777, 2574565.466405931394547 ], [ 745947.406050346326083, 2574565.484227307140827 ], [ 745944.359703622758389, 2574565.502048682421446 ], [ 745941.313356899307109, 2574565.519870058167726 ], [ 745938.267010175972246, 2574565.537691434379667 ], [ 745935.220663452520967, 2574565.555512809660286 ], [ 745932.174316728953272, 2574565.573334185406566 ], [ 745929.127970005385578, 2574565.591155561152846 ], [ 745926.081623281934299, 2574565.608976937364787 ], [ 745923.035276558599435, 2574565.626798312645406 ], [ 745919.988929835148156, 2574565.644619688391685 ], [ 745916.942583111580461, 2574565.662441064137965 ], [ 745913.896236388012767, 2574565.680262440349907 ], [ 745910.849889664561488, 2574565.698083815630525 ], [ 745907.803542941226624, 2574565.715905191376805 ], [ 745904.75719621765893, 2574565.733726567123085 ], [ 745901.710849494091235, 2574565.751547943335027 ], [ 745898.664502770639956, 2574565.769369318615645 ], [ 745895.622179468162358, 2574565.738017551600933 ], [ 745892.588703455054201, 2574565.59853665297851 ], [ 745889.568898599711247, 2574565.291970634832978 ], [ 745886.559541928465478, 2574564.857709793839604 ], [ 745883.555809572688304, 2574564.354710118845105 ], [ 745880.552877664216794, 2574563.841927597764879 ], [ 745877.549945755628869, 2574563.329145076684654 ] ] } },
{ "type": "Feature", "properties": { "osmid": "28691844", "name": "nan", "highway": "tertiary", "oneway": "False" }, "geometry": { "type": "LineString", "coordinates": [ [ 745739.273276678868569, 2574558.467063593678176 ], [ 745736.201301695662551, 2574558.445722534321249 ], [ 745733.129326712340117, 2574558.424381474964321 ], [ 745730.057351728901267, 2574558.403040416073054 ], [ 745726.985376745462418, 2574558.381699356716126 ], [ 745723.913401762139983, 2574558.360358297359198 ], [ 745720.841426778933965, 2574558.33901723800227 ], [ 745717.769451795495115, 2574558.317676178645343 ], [ 745714.697476812172681, 2574558.296335119288415 ], [ 745711.625501828850247, 2574558.274994059931487 ], [ 745708.553526845644228, 2574558.253653000574559 ], [ 745705.481551862321794, 2574558.232311941217631 ], [ 745702.409576878882945, 2574558.210970881860703 ], [ 745699.337601895444095, 2574558.189629822503775 ], [ 745696.265626912121661, 2574558.168288763612509 ], [ 745693.193651928915642, 2574558.146947704255581 ], [ 745690.121676945476793, 2574558.125606644898653 ], [ 745687.049701962154359, 2574558.104265585541725 ], [ 745683.977726978831924, 2574558.082924526184797 ] ] } },
{ "type": "Feature", "properties": { "osmid": "28691844", "name": "nan", "highway": "tertiary", "oneway": "False" }, "geometry": { "type": "LineString", "coordinates": [ [ 745739.273276678868569, 2574558.467063593678176 ], [ 745742.28541012655478, 2574558.413164032157511 ], [ 745745.297543574124575, 2574558.359264470171183 ], [ 745748.309677021577954, 2574558.305364908184856 ], [ 745751.321810469147749, 2574558.25146534666419 ], [ 745754.33394391683396, 2574558.197565784677863 ], [ 745757.346077364287339, 2574558.143666222691536 ], [ 745760.358210811857134, 2574558.08976666117087 ], [ 745763.370344259426929, 2574558.035867100115865 ], [ 745766.382477707113139, 2574557.981967538129538 ], [ 745769.394611154682934, 2574557.928067976143211 ], [ 745772.406744602136314, 2574557.874168414156884 ], [ 745775.418878049706109, 2574557.820268852636218 ], [ 745778.431011497392319, 2574557.766369290649891 ], [ 745781.443144944845699, 2574557.712469728663564 ], [ 745784.455278392415494, 2574557.658570166677237 ], [ 745787.467411839868873, 2574557.604670605156571 ], [ 745790.479545287438668, 2574557.550771044101566 ], [ 745793.491678735124879, 2574557.496871482115239 ], [ 745796.503812182694674, 2574557.442971920128912 ], [ 745799.515945630148053, 2574557.389072358142585 ], [ 745802.528079077717848, 2574557.335172796621919 ], [ 745805.540212525404058, 2574557.281273234635592 ], [ 745808.551302864798345, 2574557.260123055428267 ], [ 745811.560290597728454, 2574557.304986227769405 ], [ 745814.56611622555647, 2574557.449126722291112 ], [ 745817.569806466344744, 2574557.660309743136168 ], [ 745820.572420818381943, 2574557.905271321069449 ], [ 745823.575018780305982, 2574558.150747485924512 ], [ 745826.577616742346436, 2574558.396223650779575 ], [ 745829.58021470438689, 2574558.641699815634638 ], [ 745832.582812666310929, 2574558.887175980955362 ], [ 745835.585410628118552, 2574559.132652146276087 ], [ 745838.588008590042591, 2574559.37812831113115 ], [ 745841.590606552083045, 2574559.623604476451874 ], [ 745844.592419028864242, 2574559.877388867549598 ], [ 745847.592646428267471, 2574560.147938924375921 ], [ 745850.590489157824777, 2574560.443712085485458 ], [ 745853.586718595703132, 2574560.756549338810146 ], [ 745856.582134334370494, 2574561.077993244864047 ], [ 745859.577535965945572, 2574561.399586363695562 ], [ 745862.572937597520649, 2574561.721179482527077 ], [ 745865.568339229212143, 2574562.042772601358593 ], [ 745868.56374086078722, 2574562.364365720190108 ], [ 745871.559142492362298, 2574562.685958839021623 ], [ 745874.554544124170206, 2574563.007551957853138 ], [ 745877.549945755628869, 2574563.329145076684654 ] ] } },
{ "type": "Feature", "properties": { "osmid": "28691872", "name": "nan", "highway": "tertiary", "oneway": "False" }, "geometry": { "type": "LineString", "coordinates": [ [ 745739.273276678868569, 2574558.467063593678176 ], [ 745740.497959918924607, 2574561.298442487139255 ], [ 745741.72264315886423, 2574564.129821380134672 ], [ 745742.947326398920268, 2574566.961200273130089 ], [ 745744.172009638976306, 2574569.792579166591167 ], [ 745745.396692879032344, 2574572.623958060052246 ], [ 745746.621376119088382, 2574575.455336953047663 ], [ 745747.846059359028004, 2574578.286715846508741 ], [ 745749.070742599084042, 2574581.11809473996982 ], [ 745750.29542583914008, 2574583.949473632965237 ], [ 745751.540001532062888, 2574586.76899466663599 ], [ 745752.880399703513831, 2574589.531396073754877 ], [ 745754.392550379387103, 2574592.191416085232049 ], [ 745756.112598678679205, 2574594.727508653420955 ], [ 745757.964614576310851, 2574597.184935546014458 ], [ 745759.872668046504259, 2574599.608958530705422 ], [ 745761.780721516697668, 2574602.032981515396386 ], [ 745763.688774986774661, 2574604.457004500087351 ], [ 745765.596828456968069, 2574606.881027484778315 ], [ 745767.504881927161478, 2574609.30505046993494 ] ] } },
{ "type": "Feature", "properties": { "osmid": "28691844", "name": "nan", "highway": "tertiary", "oneway": "False" }, "geometry": { "type": "LineString", "coordinates": [ [ 745683.977726978831924, 2574558.082924526184797 ], [ 745687.049701962154359, 2574558.104265585541725 ], [ 745690.121676945476793, 2574558.125606644898653 ], [ 745693.193651928682812, 2574558.146947704255581 ], [ 745696.265626912005246, 2574558.168288763612509 ], [ 745699.337601895444095, 2574558.189629822969437 ], [ 745702.409576878882945, 2574558.210970882326365 ], [ 745705.481551862205379, 2574558.232311941217631 ], [ 745708.553526845411398, 2574558.253653000574559 ], [ 745711.625501828850247, 2574558.274994059931487 ], [ 745714.697476812172681, 2574558.296335119288415 ], [ 745717.769451795495115, 2574558.317676178645343 ], [ 745720.841426778701134, 2574558.33901723800227 ], [ 745723.913401762023568, 2574558.360358297359198 ], [ 745726.985376745462418, 2574558.381699356250465 ], [ 745730.057351728901267, 2574558.403040415607393 ], [ 745733.129326712223701, 2574558.424381474964321 ], [ 745736.20130169542972, 2574558.445722534321249 ], [ 745739.273276678868569, 2574558.467063593678176 ] ] } },
{ "type": "Feature", "properties": { "osmid": "28691903", "name": "nan", "highway": "residential", "oneway": "False" }, "geometry": { "type": "LineString", "coordinates": [ [ 745683.977726978831924, 2574558.082924526184797 ], [ 745684.103665187372826, 2574554.982577757444233 ], [ 745684.229603395913728, 2574551.882230988238007 ], [ 745684.355541604571044, 2574548.781884219031781 ], [ 745684.481479813228361, 2574545.681537449825555 ], [ 745684.607418021769263, 2574542.581190680619329 ], [ 745684.733356230310164, 2574539.480843911413103 ], [ 745684.859294438967481, 2574536.380497142672539 ] ] } },
{ "type": "Feature", "properties": { "osmid": "28691844", "name": "nan", "highway": "tertiary", "oneway": "False" }, "geometry": { "type": "LineString", "coordinates": [ [ 745683.977726978831924, 2574558.082924526184797 ], [ 745680.928529733326286, 2574558.058949722442776 ], [ 745677.879332487820648, 2574558.034974919166416 ], [ 745674.830135242198594, 2574558.011000114958733 ], [ 745671.78093799657654, 2574557.987025311216712 ], [ 745668.731740750954486, 2574557.963050507474691 ], [ 745665.682543505448848, 2574557.939075704198331 ], [ 745662.63334625994321, 2574557.915100900456309 ], [ 745659.584149014321156, 2574557.891126096714288 ], [ 745656.534951768815517, 2574557.867151293437928 ], [ 745653.485754523309879, 2574557.843176489230245 ], [ 745650.436557277687825, 2574557.819201685488224 ], [ 745647.387360032182187, 2574557.795226881746203 ], [ 745644.338162786676548, 2574557.771252078469843 ], [ 745641.288965541054495, 2574557.74727727426216 ], [ 745638.239768295548856, 2574557.723302470520139 ], [ 745635.190571050043218, 2574557.699327666778117 ], [ 745632.141373804421164, 2574557.675352863501757 ], [ 745629.092176558915526, 2574557.651378059759736 ], [ 745626.042979313409887, 2574557.627403256017715 ], [ 745622.993782067787834, 2574557.603428452741355 ], [ 745619.945555325481109, 2574557.563579611014575 ], [ 745616.900497890077531, 2574557.471891986671835 ], [ 745613.860808565630578, 2574557.292400835547596 ], [ 745610.826745149563067, 2574557.020889490377158 ], [ 745607.796108838170767, 2574556.693322693929076 ], [ 745604.766700827516615, 2574556.345665191765875 ], [ 745601.737292816862464, 2574555.998007689137012 ], [ 745598.707884806208313, 2574555.650350187439471 ], [ 745595.678476795670576, 2574555.30269268527627 ], [ 745592.649068785249256, 2574554.955035183113068 ], [ 745589.619660774595104, 2574554.607377680484205 ], [ 745586.590252763940953, 2574554.259720178321004 ], [ 745583.560844753403217, 2574553.912062676157802 ], [ 745580.531436742749065, 2574553.564405173528939 ], [ 745577.502028732094914, 2574553.216747671365738 ], [ 745574.472620721557178, 2574552.869090169202536 ], [ 745571.443212711135857, 2574552.521432666573673 ], [ 745568.413804700598121, 2574552.173775164410472 ], [ 745565.384396689943969, 2574551.826117662712932 ], [ 745562.354988679289818, 2574551.47846016054973 ], [ 745559.325580668635666, 2574551.130802657920867 ], [ 745556.29617265809793, 2574550.783145155757666 ] ] } },
{ "type": "Feature", "properties": { "osmid": "28691863", "name": "nan", "highway": "tertiary", "oneway": "False" }, "geometry": { "type": "LineString", "coordinates": [ [ 746226.050310404389165, 2574464.579921602737159 ], [ 746223.30038387759123, 2574465.885188293177634 ], [ 746220.55045735090971, 2574467.190454984549433 ], [ 746217.80053082422819, 2574468.495721675921232 ], [ 746215.050604297430255, 2574469.80098836729303 ], [ 746212.300677770632319, 2574471.106255058199167 ], [ 746209.550751243834384, 2574472.411521749570966 ], [ 746206.800824717152864, 2574473.716788440477103 ], [ 746204.050898190471344, 2574475.022055130917579 ], [ 746201.300971663673408, 2574476.327321822289377 ], [ 746198.551045136991888, 2574477.632588513661176 ], [ 746195.801118610310368, 2574478.937855204567313 ], [ 746193.051192083512433, 2574480.243121895939112 ], [ 746190.301265556714498, 2574481.54838858731091 ], [ 746187.551339029916562, 2574482.853655278217047 ], [ 746184.801412503235042, 2574484.158921968657523 ], [ 746182.051485976553522, 2574485.464188660029322 ], [ 746179.301559449755587, 2574486.76945535140112 ], [ 746176.551632923074067, 2574488.074722042307258 ], [ 746173.801706396392547, 2574489.379988733679056 ], [ 746171.051779869594611, 2574490.685255424585193 ], [ 746168.301853342796676, 2574491.990522115025669 ], [ 746165.55192681599874, 2574493.295788806397468 ], [ 746162.80200028931722, 2574494.601055497769266 ], [ 746160.0520737626357, 2574495.906322188675404 ], [ 746157.302147235837765, 2574497.211588880047202 ], [ 746154.55222070903983, 2574498.516855571419001 ], [ 746151.802294182241894, 2574499.822122262325138 ], [ 746149.052367655560374, 2574501.127388952765614 ], [ 746146.302441128878854, 2574502.432655644137412 ], [ 746143.552514602080919, 2574503.737922335509211 ], [ 746140.802588075399399, 2574505.043189026415348 ], [ 746138.052661548717879, 2574506.348455717787147 ], [ 746135.302735021919943, 2574507.653722408693284 ], [ 746132.552808495122008, 2574508.95898909913376 ], [ 746129.802881968324073, 2574510.264255790505558 ], [ 746127.052955441642553, 2574511.569522481877357 ], [ 746124.303028914961033, 2574512.874789173249155 ], [ 746121.553102388163097, 2574514.180055864155293 ] ] } },
{ "type": "Feature", "properties": { "osmid": "365242628", "name": "nan", "highway": "residential", "oneway": "False" }, "geometry": { "type": "LineString", "coordinates": [ [ 746226.050310404389165, 2574464.579921602737159 ], [ 746225.589416052331217, 2574461.578199405688792 ], [ 746225.128521700389683, 2574458.576477209571749 ], [ 746224.66762734844815, 2574455.574755012989044 ], [ 746224.206732996390201, 2574452.573032816406339 ], [ 746223.745838644448668, 2574449.571310619357973 ], [ 746223.284944292507134, 2574446.56958842324093 ], [ 746222.824049940449186, 2574443.567866227123886 ], [ 746222.363155588391237, 2574440.566144030541182 ], [ 746221.902261236333288, 2574437.564421833958477 ], [ 746221.441366884391755, 2574434.562699636910111 ], [ 746220.980472532450221, 2574431.560977440793067 ], [ 746220.519578180392273, 2574428.559255244210362 ], [ 746220.058683828450739, 2574425.557533047627658 ], [ 746219.597789476509206, 2574422.555810850579292 ], [ 746219.136895124451257, 2574419.554088654462248 ], [ 746218.676000772393309, 2574416.552366458345205 ], [ 746218.21510642033536, 2574413.5506442617625 ], [ 746217.697606427711435, 2574410.565563390497118 ], [ 746217.037270614528097, 2574407.622474402189255 ], [ 746216.147868800559081, 2574404.746727852616459 ], [ 746215.056382087175734, 2574401.93039164878428 ], [ 746213.849040654487908, 2574399.148115232121199 ], [ 746212.612074682372622, 2574396.374548046384007 ], [ 746211.375108710140921, 2574393.600980860646814 ], [ 746210.138142738025635, 2574390.827413674909621 ], [ 746208.90117676591035, 2574388.05384648963809 ], [ 746207.664210793678649, 2574385.280279304366559 ], [ 746206.427244821563363, 2574382.506712118629366 ], [ 746205.190278849448077, 2574379.733144933357835 ], [ 746203.953312877216376, 2574376.959577748086303 ], [ 746202.716346905101091, 2574374.186010562349111 ], [ 746201.479380932985805, 2574371.412443376611918 ], [ 746200.242414960754104, 2574368.638876190874726 ], [ 746199.005448988638818, 2574365.865309005603194 ], [ 746197.768483016523533, 2574363.091741820331663 ], [ 746196.531517044291832, 2574360.31817463459447 ], [ 746195.271965339314193, 2574357.557338248472661 ], [ 746193.934783572680317, 2574354.840259252581745 ], [ 746192.458239964791574, 2574352.20634728576988 ], [ 746190.711956147686578, 2574349.812226895708591 ], [ 746188.6240628156811, 2574347.827312064822763 ], [ 746186.120657954714261, 2574346.522981638554484 ], [ 746183.33288992755115, 2574345.897992249112576 ], [ 746180.387672369135544, 2574345.751903322059661 ] ] } },
{ "type": "Feature", "properties": { "osmid": "28692003", "name": "nan", "highway": "residential", "oneway": "False" }, "geometry": { "type": "LineString", "coordinates": [ [ 746219.931678043911234, 2574582.792297306470573 ], [ 746217.088260635384358, 2574581.827340383082628 ], [ 746214.244843226857483, 2574580.862383459694684 ], [ 746211.401425818330608, 2574579.897426536306739 ], [ 746208.558008409687318, 2574578.932469612918794 ], [ 746205.704403244424611, 2574578.032549684867263 ], [ 746202.822957935859449, 2574577.310356739908457 ], [ 746199.896020097308792, 2574576.878580766264349 ], [ 746196.931492621544749, 2574576.756391286384314 ], [ 746193.958640573080629, 2574576.91304879123345 ], [ 746191.006729016662575, 2574577.3178137736395 ], [ 746188.084475728683174, 2574577.931876672431827 ], [ 746185.180268030962907, 2574578.673287007957697 ], [ 746182.282493245205842, 2574579.460094299633056 ], [ 746179.384718459448777, 2574580.246901591774076 ], [ 746176.486943673691712, 2574581.033708883449435 ], [ 746173.587654797360301, 2574581.805427381303161 ], [ 746170.675901157897897, 2574582.452927269041538 ], [ 746167.740732083213516, 2574582.867078730370849 ], [ 746164.774225082364865, 2574582.968929536640644 ], [ 746161.787330827559344, 2574582.867609504144639 ], [ 746158.790999991004355, 2574582.672248449642211 ], [ 746155.794669154565781, 2574582.476887394674122 ], [ 746152.798380522173829, 2574582.280903497245163 ], [ 746149.802249086555094, 2574582.082599712535739 ], [ 746146.806389839970507, 2574581.880278998985887 ], [ 746143.810833366587758, 2574581.67348999902606 ], [ 746140.815464673913084, 2574581.463929755147547 ], [ 746137.820168769569136, 2574581.253295311704278 ], [ 746134.824872865225188, 2574581.042660868261009 ], [ 746131.829576960881241, 2574580.832026425283402 ], [ 746128.834281056537293, 2574580.621391981374472 ], [ 746125.838985152193345, 2574580.410757537931204 ] ] } },
{ "type": "Feature", "properties": { "osmid": "28691599", "name": "nan", "highway": "residential", "oneway": "False" }, "geometry": { "type": "LineString", "coordinates": [ [ 745553.933806415414438, 2573782.438740944489837 ], [ 745554.178675067960285, 2573785.523587826639414 ], [ 745554.423543720389716, 2573788.608434708788991 ], [ 745554.668412372819148, 2573791.693281590938568 ], [ 745554.91328102524858, 2573794.778128472622484 ], [ 745555.158149677678011, 2573797.862975354772061 ], [ 745555.403018330223858, 2573800.947822236455977 ], [ 745555.64788698265329, 2573804.032669118139893 ], [ 745555.892755635082722, 2573807.11751600028947 ], [ 745556.137624287512153, 2573810.202362882439047 ], [ 745556.382492939941585, 2573813.287209764588624 ], [ 745556.627361592487432, 2573816.372056646738201 ], [ 745556.872230244916864, 2573819.456903528887779 ], [ 745557.117098897346295, 2573822.541750410571694 ], [ 745557.361967550008558, 2573825.626597292721272 ], [ 745557.606836202437989, 2573828.711444174870849 ], [ 745557.851704854867421, 2573831.796291057020426 ], [ 745558.096573507296853, 2573834.881137939170003 ], [ 745558.341442159726284, 2573837.965984820853919 ], [ 745558.586310812272131, 2573841.050831703003496 ], [ 745558.831179464701563, 2573844.135678584687412 ], [ 745559.076048117130995, 2573847.220525466836989 ] ] } },
{ "type": "Feature", "properties": { "osmid": "28691599", "name": "nan", "highway": "residential", "oneway": "False" }, "geometry": { "type": "LineString", "coordinates": [ [ 745553.933806415414438, 2573782.438740944489837 ], [ 745551.75984863343183, 2573780.023314215242863 ], [ 745549.585890851449221, 2573777.607887485995889 ], [ 745547.411933069466613, 2573775.192460756748915 ], [ 745545.237975287484005, 2573772.777034027036279 ] ] } },
{ "type": "Feature", "properties": { "osmid": "28692088", "name": "nan", "highway": "residential", "oneway": "False" }, "geometry": { "type": "LineString", "coordinates": [ [ 745553.933806415414438, 2573782.438740944489837 ], [ 745556.884873651782982, 2573781.743309050332755 ], [ 745559.835940888267942, 2573781.047877155710012 ], [ 745562.787008124752901, 2573780.352445262018591 ], [ 745565.738075361121446, 2573779.657013367861509 ], [ 745568.68914259748999, 2573778.961581473704427 ], [ 745571.64020983397495, 2573778.266149579081684 ], [ 745574.591277070343494, 2573777.570717685390264 ], [ 745577.542344306712039, 2573776.875285791233182 ], [ 745580.493411543196999, 2573776.1798538970761 ], [ 745583.444478779565543, 2573775.484422002453357 ], [ 745586.395546015934087, 2573774.788990108761936 ], [ 745589.346613252419047, 2573774.093558214604855 ], [ 745592.297680488787591, 2573773.398126320447773 ], [ 745595.248747725156136, 2573772.70269442582503 ], [ 745598.199814961641096, 2573772.007262532133609 ], [ 745601.15088219800964, 2573771.311830637976527 ], [ 745604.101949434378184, 2573770.616398744285107 ], [ 745607.053016670863144, 2573769.920966850128025 ], [ 745610.004083907231688, 2573769.225534955505282 ], [ 745612.955151143600233, 2573768.530103061813861 ], [ 745615.906218380085193, 2573767.834671167656779 ], [ 745618.857285616570152, 2573767.139239273499697 ], [ 745621.808352853055112, 2573766.443807378876954 ], [ 745624.759420089423656, 2573765.748375485185534 ], [ 745627.716721346252598, 2573765.107999868690968 ], [ 745630.689232219010592, 2573764.60194925731048 ], [ 745633.685928302933462, 2573764.30949237709865 ], [ 745636.701656117103994, 2573764.182493528351188 ], [ 745639.720899643725716, 2573764.073596234433353 ], [ 745642.728142864652909, 2573763.835444018244743 ], [ 745645.717425853013992, 2573763.410320422146469 ], [ 745648.693146922742017, 2573762.860612253192812 ], [ 745651.623631543363445, 2573762.152703134343028 ], [ 745654.475544148590416, 2573761.23568481579423 ], [ 745657.214954001829028, 2573760.019255054648966 ], [ 745659.810561520163901, 2573758.529886236879975 ], [ 745662.198775872937404, 2573756.759103716351092 ], [ 745664.313864120398648, 2573754.692731902003288 ], [ 745666.193049550871365, 2573752.371055502444506 ], [ 745667.938137948396616, 2573749.904253292828798 ], [ 745669.650935097597539, 2573747.402504049241543 ], [ 745671.363732246682048, 2573744.900754805654287 ], [ 745673.076529395766556, 2573742.399005561601371 ], [ 745674.789326544851065, 2573739.897256317548454 ] ] } },
{ "type": "Feature", "properties": { "osmid": "28692088", "name": "nan", "highway": "residential", "oneway": "False" }, "geometry": { "type": "LineString", "coordinates": [ [ 745674.789326544851065, 2573739.897256317548454 ], [ 745677.34735529369209, 2573737.923031368758529 ], [ 745679.90538404264953, 2573735.948806419502944 ], [ 745682.463412791490555, 2573733.974581470713019 ], [ 745685.02144154033158, 2573732.000356521457434 ], [ 745687.57947028928902, 2573730.026131572667509 ], [ 745690.137499038130045, 2573728.051906623877585 ] ] } },
{ "type": "Feature", "properties": { "osmid": "28692088", "name": "nan", "highway": "residential", "oneway": "False" }, "geometry": { "type": "LineString", "coordinates": [ [ 745674.789326544851065, 2573739.897256317548454 ], [ 745673.076529395766556, 2573742.399005561601371 ], [ 745671.363732246682048, 2573744.900754805188626 ], [ 745669.650935097481124, 2573747.402504049241543 ], [ 745667.938137948163785, 2573749.904253292828798 ], [ 745666.193049550638534, 2573752.371055502444506 ], [ 745664.313864120398648, 2573754.692731902003288 ], [ 745662.198775872937404, 2573756.759103716816753 ], [ 745659.810561520163901, 2573758.529886236879975 ], [ 745657.214954001829028, 2573760.019255054648966 ], [ 745654.475544148590416, 2573761.23568481579423 ], [ 745651.623631543363445, 2573762.152703134343028 ], [ 745648.693146922742017, 2573762.860612253192812 ], [ 745645.717425853013992, 2573763.410320422146469 ], [ 745642.728142864652909, 2573763.835444018244743 ], [ 745639.720899643725716, 2573764.073596234899014 ], [ 745636.701656117103994, 2573764.182493528351188 ], [ 745633.685928302933462, 2573764.30949237709865 ], [ 745630.689232219010592, 2573764.60194925731048 ], [ 745627.716721346252598, 2573765.107999868690968 ], [ 745624.759420089307241, 2573765.748375485185534 ], [ 745621.808352852822281, 2573766.443807379808277 ], [ 745618.857285616453737, 2573767.139239273499697 ], [ 745615.906218380085193, 2573767.834671167656779 ], [ 745612.955151143600233, 2573768.530103061813861 ], [ 745610.004083907231688, 2573769.225534956436604 ], [ 745607.053016670863144, 2573769.920966850128025 ], [ 745604.101949434378184, 2573770.616398744285107 ], [ 745601.15088219800964, 2573771.311830637976527 ], [ 745598.199814961641096, 2573772.007262532133609 ], [ 745595.248747725156136, 2573772.702694426756352 ], [ 745592.297680488787591, 2573773.398126320447773 ], [ 745589.346613252419047, 2573774.093558214604855 ], [ 745586.395546015934087, 2573774.788990108761936 ], [ 745583.444478779565543, 2573775.48442200338468 ], [ 745580.493411543196999, 2573776.1798538970761 ], [ 745577.542344306712039, 2573776.875285791233182 ], [ 745574.591277070343494, 2573777.570717685390264 ], [ 745571.64020983397495, 2573778.266149580013007 ], [ 745568.68914259748999, 2573778.961581473704427 ], [ 745565.738075361121446, 2573779.657013367861509 ], [ 745562.787008124752901, 2573780.352445262018591 ], [ 745559.835940888267942, 2573781.047877156641334 ], [ 745556.884873651899397, 2573781.743309050332755 ], [ 745553.933806415414438, 2573782.438740944489837 ] ] } },
{ "type": "Feature", "properties": { "osmid": "28692092", "name": "nan", "highway": "residential", "oneway": "False" }, "geometry": { "type": "LineString", "coordinates": [ [ 745674.789326544851065, 2573739.897256317548454 ], [ 745672.438578581088223, 2573737.911712713073939 ], [ 745670.087830617441796, 2573735.926169108599424 ], [ 745667.737082653795369, 2573733.94062550412491 ], [ 745665.386334690148942, 2573731.955081900116056 ], [ 745663.035586726502515, 2573729.96953829517588 ], [ 745660.684838762856089, 2573727.983994690701365 ], [ 745658.330252540181391, 2573726.003922782838345 ], [ 745655.936666825204156, 2573724.079447278752923 ], [ 745653.468920384999365, 2573722.260692884679884 ], [ 745650.899528504465707, 2573720.586840913165361 ], [ 745648.263652416528203, 2573719.007766658440232 ], [ 745645.596453354577534, 2573717.473345413338393 ], [ 745642.92925429251045, 2573715.938924167770892 ], [ 745640.243146394961514, 2573714.44852500455454 ], [ 745637.506800494738854, 2573713.075086057186127 ], [ 745634.688887424883433, 2573711.891545457299799 ], [ 745631.795895688817836, 2573710.882797175552696 ], [ 745628.859154454083182, 2573709.975903077516705 ], [ 745625.909992887638509, 2573709.09792503202334 ], [ 745622.960831321310252, 2573708.219946986064315 ], [ 745620.011669754981995, 2573707.341968940105289 ], [ 745617.062508188537322, 2573706.463990893680602 ], [ 745614.113346621976234, 2573705.586012848187238 ], [ 745611.164185055531561, 2573704.708034802693874 ], [ 745608.215023489203304, 2573703.830056756734848 ], [ 745605.265861922875047, 2573702.952078710775822 ], [ 745602.316700356430374, 2573702.074100664351135 ], [ 745599.367538789869286, 2573701.196122618857771 ], [ 745596.418377223541029, 2573700.318144572898746 ] ] } },
{ "type": "Feature", "properties": { "osmid": "28692092", "name": "nan", "highway": "residential", "oneway": "False" }, "geometry": { "type": "LineString", "coordinates": [ [ 745674.789326544851065, 2573739.897256317548454 ], [ 745676.788211533799767, 2573742.206013211980462 ], [ 745678.787096522632055, 2573744.514770106878132 ], [ 745680.785981511347927, 2573746.82352700131014 ], [ 745682.78486650029663, 2573749.132283895742148 ], [ 745684.769617801532149, 2573751.451209304388613 ], [ 745686.690765209961683, 2573753.815894681494683 ], [ 745688.498838520026766, 2573756.261931478511542 ], [ 745690.172634902060963, 2573758.804574121255428 ], [ 745691.761624561157078, 2573761.408231156412512 ], [ 745693.315277702757157, 2573764.037311131134629 ], [ 745694.868930844473653, 2573766.666391105856746 ], [ 745696.356536582461558, 2573769.324972540140152 ], [ 745697.707822187221609, 2573772.044444224331528 ], [ 745698.852514928788878, 2573774.856194949243218 ], [ 745699.852436885121278, 2573777.732610585168004 ], [ 745700.777860785485245, 2573780.642302341759205 ], [ 745701.69905935972929, 2573783.553881429601461 ], [ 745702.62025793408975, 2573786.465460517909378 ], [ 745703.54145650845021, 2573789.377039605285972 ], [ 745704.507113809115253, 2573792.266435133758932 ], [ 745705.611812827177346, 2573795.086453053634614 ], [ 745706.950136554427445, 2573797.78989931428805 ], [ 745708.527750529232435, 2573800.373946982901543 ], [ 745710.250071760267019, 2573802.885790110100061 ], [ 745712.022517256438732, 2573805.372622746508569 ], [ 745713.79496275249403, 2573807.859455382451415 ], [ 745715.567408248432912, 2573810.346288018394262 ], [ 745717.339853744604625, 2573812.833120654802769 ], [ 745719.112299240776338, 2573815.319953291211277 ], [ 745720.884744736948051, 2573817.806785927619785 ], [ 745722.657190233119763, 2573820.293618563562632 ], [ 745724.429635729175061, 2573822.780451199505478 ], [ 745726.202081225346774, 2573825.267283835913986 ], [ 745727.974526721518487, 2573827.754116471856833 ], [ 745730.029654083191417, 2573831.860436399001628 ], [ 745732.279978904058225, 2573837.290174425113946 ], [ 745734.528562795836478, 2573843.767015811987221 ], [ 745736.013103638892062, 2573847.775671240873635 ], [ 745736.711631857324392, 2573849.631964358966798 ], [ 745736.707187412888743, 2573849.643075470346957 ], [ 745736.36549213307444, 2573849.735672168899328 ], [ 745735.796000000089407, 2573849.890000000130385 ] ] } },
{ "type": "Feature", "properties": { "osmid": "28692092", "name": "nan", "highway": "residential", "oneway": "False" }, "geometry": { "type": "LineString", "coordinates": [ [ 745596.418377223541029, 2573700.318144572898746 ], [ 745595.011112657259218, 2573697.353086858056486 ], [ 745593.603848090860993, 2573694.388029143214226 ], [ 745592.196583524462767, 2573691.422971428371966 ], [ 745590.789318958180957, 2573688.457913713529706 ] ] } },
{ "type": "Feature", "properties": { "osmid": "28692107", "name": "nan", "highway": "residential", "oneway": "False" }, "geometry": { "type": "LineString", "coordinates": [ [ 745596.418377223541029, 2573700.318144572898746 ], [ 745594.653535777586512, 2573702.816726967692375 ], [ 745592.888694331399165, 2573705.315309362486005 ], [ 745591.123852885328233, 2573707.813891757745296 ], [ 745589.359011439257301, 2573710.312474153004587 ], [ 745587.594169993302785, 2573712.811056548263878 ], [ 745585.829328547231853, 2573715.309638943057507 ], [ 745584.064487101044506, 2573717.808221337851137 ], [ 745582.299645654973574, 2573720.306803732644767 ], [ 745580.534804209019057, 2573722.805386127438396 ], [ 745578.76996276283171, 2573725.303968522697687 ], [ 745577.005121316760778, 2573727.802550917491317 ], [ 745575.240279870689847, 2573730.301133312284946 ], [ 745573.47543842473533, 2573732.799715707078576 ], [ 745571.710596978664398, 2573735.298298102337867 ], [ 745569.945755532477051, 2573737.796880497597158 ], [ 745568.180914086406119, 2573740.295462892856449 ], [ 745566.416072640451603, 2573742.794045287650079 ], [ 745564.651231194264255, 2573745.292627682443708 ], [ 745562.886389748193324, 2573747.791210077237338 ], [ 745561.121548302122392, 2573750.289792472496629 ], [ 745559.356706856167875, 2573752.788374867290258 ], [ 745557.591865410096943, 2573755.286957262083888 ], [ 745555.827023963909596, 2573757.785539656877518 ], [ 745554.062182517838664, 2573760.284122051671147 ], [ 745552.297341071884148, 2573762.782704446930438 ], [ 745550.532499625696801, 2573765.281286842655391 ], [ 745548.767658179625869, 2573767.77986923744902 ], [ 745547.002816733554937, 2573770.27845163224265 ], [ 745545.237975287484005, 2573772.777034027036279 ] ] } },
{ "type": "Feature", "properties": { "osmid": "28692092", "name": "nan", "highway": "residential", "oneway": "False" }, "geometry": { "type": "LineString", "coordinates": [ [ 745596.418377223541029, 2573700.318144572898746 ], [ 745599.367538790102117, 2573701.196122618857771 ], [ 745602.316700356430374, 2573702.074100665282458 ], [ 745605.265861922875047, 2573702.952078710775822 ], [ 745608.215023489203304, 2573703.830056756734848 ], [ 745611.164185055647977, 2573704.708034802228212 ], [ 745614.113346622209065, 2573705.586012848187238 ], [ 745617.062508188537322, 2573706.463990894611925 ], [ 745620.011669754981995, 2573707.341968940105289 ], [ 745622.960831321310252, 2573708.219946986064315 ], [ 745625.909992887754925, 2573709.09792503202334 ], [ 745628.859154454316013, 2573709.975903078448027 ], [ 745631.795895689050667, 2573710.882797175552696 ], [ 745634.688887424767017, 2573711.891545457299799 ], [ 745637.506800494738854, 2573713.075086057186127 ], [ 745640.243146394961514, 2573714.448525005485862 ], [ 745642.92925429251045, 2573715.938924168702215 ], [ 745645.596453354577534, 2573717.473345413338393 ], [ 745648.263652416528203, 2573719.007766658440232 ], [ 745650.899528504465707, 2573720.586840913165361 ], [ 745653.46892038511578, 2573722.260692884679884 ], [ 745655.936666825320572, 2573724.079447278752923 ], [ 745658.330252540181391, 2573726.003922782838345 ], [ 745660.684838762856089, 2573727.983994690701365 ], [ 745663.035586726502515, 2573729.96953829517588 ], [ 745665.386334690148942, 2573731.955081899184734 ], [ 745667.737082653795369, 2573733.94062550412491 ], [ 745670.087830617441796, 2573735.926169108599424 ], [ 745672.438578581088223, 2573737.911712713073939 ], [ 745674.789326544851065, 2573739.897256317548454 ] ] } },
{ "type": "Feature", "properties": { "osmid": "28692092", "name": "nan", "highway": "residential", "oneway": "False" }, "geometry": { "type": "LineString", "coordinates": [ [ 745590.789318958180957, 2573688.457913713529706 ], [ 745592.196583524462767, 2573691.422971428371966 ], [ 745593.603848090860993, 2573694.388029143214226 ], [ 745595.011112657259218, 2573697.353086858056486 ], [ 745596.418377223541029, 2573700.318144572898746 ] ] } },
{ "type": "Feature", "properties": { "osmid": "364864001", "name": "nan", "highway": "residential", "oneway": "False" }, "geometry": { "type": "LineString", "coordinates": [ [ 745522.60964056418743, 2573705.50098874187097 ], [ 745519.615628704545088, 2573706.008225585799664 ], [ 745516.621616845019162, 2573706.51546243019402 ], [ 745513.627604985609651, 2573707.022699274122715 ], [ 745510.633593126083724, 2573707.52993611805141 ], [ 745507.639581266441382, 2573708.037172961980104 ], [ 745504.645569406915456, 2573708.544409805908799 ], [ 745501.65155754738953, 2573709.051646649837494 ], [ 745498.657545687863603, 2573709.55888349423185 ] ] } },
{ "type": "Feature", "properties": { "osmid": "419201624", "name": "nan", "highway": "residential", "oneway": "False" }, "geometry": { "type": "LineString", "coordinates": [ [ 745522.60964056418743, 2573705.50098874187097 ], [ 745523.158281672745943, 2573708.553926986176521 ], [ 745523.706922781188041, 2573711.606865230482072 ], [ 745524.255563889746554, 2573714.659803474787623 ], [ 745524.804204998421483, 2573717.712741719093174 ], [ 745525.352846106863581, 2573720.765679963398725 ], [ 745525.901487215422094, 2573723.818618207704276 ], [ 745526.450128323864192, 2573726.871556452009827 ], [ 745526.99876943230629, 2573729.924494696781039 ], [ 745527.547410540864803, 2573732.97743294108659 ], [ 745528.096051649539731, 2573736.030371185392141 ], [ 745528.644692758098245, 2573739.083309429697692 ], [ 745529.193333866540343, 2573742.136247674003243 ], [ 745529.74197497498244, 2573745.189185918308794 ], [ 745530.290616083540954, 2573748.242124162614346 ], [ 745530.839257192215882, 2573751.295062407385558 ], [ 745531.38789830065798, 2573754.348000651691109 ], [ 745531.936539409100078, 2573757.40093889599666 ], [ 745532.485180517658591, 2573760.453877140302211 ], [ 745533.033821626100689, 2573763.506815384607762 ], [ 745533.582462734542787, 2573766.559753628913313 ], [ 745534.131103843217716, 2573769.612691873218864 ] ] } },
{ "type": "Feature", "properties": { "osmid": "28691599", "name": "nan", "highway": "residential", "oneway": "False" }, "geometry": { "type": "LineString", "coordinates": [ [ 745559.076048117130995, 2573847.220525466836989 ], [ 745559.079814607859589, 2573850.457084234338254 ], [ 745559.083581098704599, 2573853.693643001839519 ], [ 745559.087347589549609, 2573856.930201768875122 ], [ 745559.273624518769793, 2573861.585404391866177 ], [ 745559.641993387136608, 2573867.299633229151368 ], [ 745560.081121992319822, 2573873.731572668999434 ], [ 745560.225570958224125, 2573877.684317359700799 ], [ 745559.964857106213458, 2573879.53584783570841 ], [ 745559.410324665135704, 2573879.627540572546422 ], [ 745558.74490257166326, 2573879.737657066434622 ] ] } },
{ "type": "Feature", "properties": { "osmid": "28691599", "name": "nan", "highway": "residential", "oneway": "False" }, "geometry": { "type": "LineString", "coordinates": [ [ 745559.076048117130995, 2573847.220525466836989 ], [ 745558.831179464701563, 2573844.135678585153073 ], [ 745558.586310812272131, 2573841.050831703003496 ], [ 745558.3414421598427, 2573837.965984820853919 ], [ 745558.096573507296853, 2573834.881137938704342 ], [ 745557.851704854867421, 2573831.796291056554765 ], [ 745557.606836202437989, 2573828.711444174870849 ], [ 745557.361967549775727, 2573825.626597292721272 ], [ 745557.117098897346295, 2573822.541750410571694 ], [ 745556.872230244916864, 2573819.456903528422117 ], [ 745556.627361592487432, 2573816.37205664627254 ], [ 745556.382492940058, 2573813.287209764588624 ], [ 745556.137624287628569, 2573810.202362882439047 ], [ 745555.892755635082722, 2573807.117516000755131 ], [ 745555.64788698265329, 2573804.032669119071215 ], [ 745555.403018330223858, 2573800.947822236921638 ], [ 745555.158149677794427, 2573797.862975354772061 ], [ 745554.913281025364995, 2573794.778128472622484 ], [ 745554.668412372819148, 2573791.693281590472907 ], [ 745554.423543720389716, 2573788.60843470832333 ], [ 745554.178675067960285, 2573785.523587826639414 ], [ 745553.933806415414438, 2573782.438740944489837 ] ] } },
{ "type": "Feature", "properties": { "osmid": "28692098", "name": "nan", "highway": "residential", "oneway": "False" }, "geometry": { "type": "LineString", "coordinates": [ [ 745559.076048117130995, 2573847.220525466836989 ], [ 745562.154045475996099, 2573847.261534962803125 ], [ 745565.232042834628373, 2573847.302544458303601 ], [ 745568.310040193260647, 2573847.343553954269737 ], [ 745571.388037552125752, 2573847.384563450235873 ], [ 745574.466034910990857, 2573847.42557294620201 ], [ 745577.544032269623131, 2573847.466582442168146 ], [ 745580.622029628255405, 2573847.507591938134283 ], [ 745583.700026987120509, 2573847.548601433634758 ], [ 745586.778024345985614, 2573847.589610929135233 ], [ 745589.856021704617888, 2573847.63062042510137 ], [ 745592.934019063250162, 2573847.671629921067506 ], [ 745596.012016422115266, 2573847.712639417033643 ], [ 745599.090013780980371, 2573847.753648912999779 ], [ 745602.168011139612645, 2573847.794658408965915 ], [ 745605.229822452994995, 2573847.887010682374239 ], [ 745608.216226816643029, 2573848.218556792009622 ], [ 745611.068003326188773, 2573848.977147796656936 ], [ 745613.758303167414851, 2573850.247949197422713 ], [ 745616.346347245271318, 2573851.843109937384725 ], [ 745619.61301566392649, 2573854.917287439107895 ], [ 745623.421364764682949, 2573859.085585105698556 ], [ 745627.596768969204277, 2573864.111019633244723 ], [ 745630.526155529543757, 2573867.08581175794825 ], [ 745632.402293195133097, 2573868.295868339948356 ], [ 745633.63309232739266, 2573867.976539130788296 ], [ 745634.868901346228085, 2573867.756954714655876 ], [ 745635.853298831614666, 2573867.651563820894808 ], [ 745636.353, 2573867.662 ] ] } },
{ "type": "Feature", "properties": { "osmid": "238505256", "name": "nan", "highway": "secondary", "oneway": "False" }, "geometry": { "type": "LineString", "coordinates": [ [ 745636.353, 2573867.662 ], [ 745640.963465699926019, 2573867.185136900749058 ], [ 745644.661132366512902, 2573867.311136900447309 ], [ 745647.446, 2573868.04 ] ] } },
{ "type": "Feature", "properties": { "osmid": "28692098", "name": "nan", "highway": "residential", "oneway": "False" }, "geometry": { "type": "LineString", "coordinates": [ [ 745636.353, 2573867.662 ], [ 745635.853298831614666, 2573867.651563820894808 ], [ 745634.868901346228085, 2573867.756954714190215 ], [ 745633.63309232739266, 2573867.976539130788296 ], [ 745632.402293195133097, 2573868.295868339948356 ], [ 745630.526155529543757, 2573867.08581175794825 ], [ 745627.596768969204277, 2573864.111019633244723 ], [ 745623.421364764682949, 2573859.085585104767233 ], [ 745619.61301566392649, 2573854.917287439107895 ], [ 745616.346347245271318, 2573851.843109937384725 ], [ 745613.758303167414851, 2573850.247949197422713 ], [ 745611.068003326072358, 2573848.977147795725614 ], [ 745608.216226816643029, 2573848.218556792009622 ], [ 745605.229822452994995, 2573847.887010681908578 ], [ 745602.168011139612645, 2573847.794658408500254 ], [ 745599.090013780980371, 2573847.753648912534118 ], [ 745596.012016422115266, 2573847.712639417033643 ], [ 745592.934019063250162, 2573847.671629921067506 ], [ 745589.856021704617888, 2573847.63062042510137 ], [ 745586.778024345985614, 2573847.589610929135233 ], [ 745583.700026987120509, 2573847.548601433169097 ], [ 745580.622029628255405, 2573847.507591937668622 ], [ 745577.544032269623131, 2573847.466582441702485 ], [ 745574.466034910990857, 2573847.42557294620201 ], [ 745571.388037552125752, 2573847.384563450235873 ], [ 745568.310040193260647, 2573847.343553954269737 ], [ 745565.232042834628373, 2573847.302544458303601 ], [ 745562.154045475996099, 2573847.261534962337464 ], [ 745559.076048117130995, 2573847.220525466836989 ] ] } },
{ "type": "Feature", "properties": { "osmid": "238505256", "name": "nan", "highway": "secondary", "oneway": "False" }, "geometry": { "type": "LineString", "coordinates": [ [ 745636.353, 2573867.662 ], [ 745635.082058491650969, 2573867.873742614407092 ], [ 745633.144792155944742, 2573868.389517496805638 ], [ 745630.564370939391665, 2573869.258870905265212 ], [ 745627.682920364197344, 2573870.300646353513002 ], [ 745624.799135103705339, 2573871.273965045344085 ], [ 745621.888009111280553, 2573872.121958418283612 ], [ 745618.945352641749196, 2573872.861254076939076 ], [ 745615.987119707162492, 2573873.528356675989926 ], [ 745613.009917727205902, 2573874.104769902769476 ], [ 745610.021654762793332, 2573874.627368816640228 ], [ 745607.027808302664198, 2573875.112185609992594 ], [ 745604.030070504755713, 2573875.554157029371709 ], [ 745601.019570951466449, 2573875.886492624878883 ], [ 745597.997738000121899, 2573876.122507885564119 ], [ 745594.967692341189831, 2573876.286378825083375 ], [ 745591.937554773059674, 2573876.451483315322548 ], [ 745588.909305383567698, 2573876.640755722764879 ], [ 745585.884077107650228, 2573876.872133231256157 ], [ 745582.860663049854338, 2573877.130145441740751 ], [ 745579.837459078524262, 2573877.395150204654783 ], [ 745576.812779659987427, 2573877.636574963573366 ], [ 745573.788033729768358, 2573877.865843974519521 ], [ 745570.765323438565247, 2573878.103897689841688 ], [ 745567.750020336941816, 2573878.417081314604729 ], [ 745564.742468495038338, 2573878.805357140954584 ], [ 745561.742230279836804, 2573879.261217049788684 ], [ 745558.74490257166326, 2573879.737657066434622 ] ] } },
{ "type": "Feature", "properties": { "osmid": "28691599", "name": "nan", "highway": "residential", "oneway": "False" }, "geometry": { "type": "LineString", "coordinates": [ [ 745545.237975287484005, 2573772.777034027036279 ], [ 745547.411933069466613, 2573775.192460756283253 ], [ 745549.585890851449221, 2573777.607887485995889 ], [ 745551.75984863343183, 2573780.023314215242863 ], [ 745553.933806415414438, 2573782.438740944489837 ] ] } },
{ "type": "Feature", "properties": { "osmid": "28691599", "name": "nan", "highway": "residential", "oneway": "False" }, "geometry": { "type": "LineString", "coordinates": [ [ 745545.237975287484005, 2573772.777034027036279 ], [ 745541.535684806178324, 2573771.722253309097141 ], [ 745537.833394324756227, 2573770.667472591158003 ], [ 745534.131103843217716, 2573769.612691873218864 ] ] } },
{ "type": "Feature", "properties": { "osmid": "28692107", "name": "nan", "highway": "residential", "oneway": "False" }, "geometry": { "type": "LineString", "coordinates": [ [ 745545.237975287484005, 2573772.777034027036279 ], [ 745547.002816733554937, 2573770.27845163224265 ], [ 745548.767658179625869, 2573767.779869236517698 ], [ 745550.532499625696801, 2573765.281286841724068 ], [ 745552.297341071651317, 2573762.782704446930438 ], [ 745554.062182517722249, 2573760.284122052136809 ], [ 745555.827023963909596, 2573757.785539657343179 ], [ 745557.591865409980528, 2573755.286957262083888 ], [ 745559.356706855935045, 2573752.788374867290258 ], [ 745561.121548302122392, 2573750.289792472496629 ], [ 745562.886389748193324, 2573747.791210077702999 ], [ 745564.651231194264255, 2573745.292627682443708 ], [ 745566.416072640218772, 2573742.794045287184417 ], [ 745568.180914086289704, 2573740.295462891925126 ], [ 745569.945755532477051, 2573737.796880497131497 ], [ 745571.710596978547983, 2573735.298298102337867 ], [ 745573.475438424502499, 2573732.799715707544237 ], [ 745575.240279870689847, 2573730.301133312750608 ], [ 745577.005121316760778, 2573727.802550917491317 ], [ 745578.76996276283171, 2573725.303968522697687 ], [ 745580.534804208786227, 2573722.805386127904058 ], [ 745582.299645654857159, 2573720.306803733110428 ], [ 745584.064487101044506, 2573717.808221337851137 ], [ 745585.829328547115438, 2573715.309638942591846 ], [ 745587.594169993069954, 2573712.811056547332555 ], [ 745589.359011439257301, 2573710.312474152538925 ], [ 745591.123852885328233, 2573707.813891757745296 ], [ 745592.888694331399165, 2573705.315309362951666 ], [ 745594.653535777353682, 2573702.816726967692375 ], [ 745596.418377223541029, 2573700.318144572898746 ] ] } },
{ "type": "Feature", "properties": { "osmid": "28692088", "name": "nan", "highway": "residential", "oneway": "False" }, "geometry": { "type": "LineString", "coordinates": [ [ 745690.137499038130045, 2573728.051906623877585 ], [ 745687.57947028928902, 2573730.026131572667509 ], [ 745685.02144154033158, 2573732.000356521923095 ], [ 745682.463412791490555, 2573733.974581470713019 ], [ 745679.90538404264953, 2573735.948806419968605 ], [ 745677.34735529369209, 2573737.923031368758529 ], [ 745674.789326544851065, 2573739.897256317548454 ] ] } },
{ "type": "Feature", "properties": { "osmid": "28692132", "name": "nan", "highway": "residential", "oneway": "False" }, "geometry": { "type": "LineString", "coordinates": [ [ 745690.137499038130045, 2573728.051906623877585 ], [ 745692.162927411030978, 2573730.420204578433186 ], [ 745694.188355783931911, 2573732.788502532988787 ], [ 745696.256960968952626, 2573735.053805650211871 ], [ 745698.48911609640345, 2573736.928973441943526 ], [ 745701.005194296711124, 2573738.126865418627858 ], [ 745703.839215076062828, 2573738.566330765839666 ], [ 745706.870805304031819, 2573738.534509972203523 ], [ 745709.979591850191355, 2573738.318543526809663 ], [ 745713.088378396234475, 2573738.102577081415802 ], [ 745716.19716494216118, 2573737.886610636021942 ], [ 745719.305951488320716, 2573737.670644190628082 ], [ 745722.414738034480251, 2573737.454677745234221 ], [ 745725.523524580523372, 2573737.238711299840361 ], [ 745728.632311126682907, 2573737.022744854446501 ], [ 745731.741097672842443, 2573736.80677840905264 ], [ 745734.849884219001979, 2573736.59081196365878 ], [ 745737.958670765161514, 2573736.37484551826492 ], [ 745741.067457311204635, 2573736.158879072871059 ], [ 745744.17624385713134, 2573735.942912627477199 ], [ 745747.285030403290875, 2573735.726946182083338 ], [ 745750.393816949450411, 2573735.510979736689478 ], [ 745753.502603495493531, 2573735.295013291295618 ] ] } },
{ "type": "Feature", "properties": { "osmid": "28692132", "name": "nan", "highway": "residential", "oneway": "False" }, "geometry": { "type": "LineString", "coordinates": [ [ 745848.538000229629688, 2573717.545582644641399 ], [ 745845.527359381783754, 2573718.313314906787127 ], [ 745842.516718533937819, 2573719.081047168467194 ], [ 745839.5060776862083, 2573719.84877943014726 ], [ 745836.495436838245951, 2573720.616511691827327 ], [ 745833.484795990400016, 2573721.384243953507394 ], [ 745830.474155142554082, 2573722.15197621518746 ], [ 745827.463444109074771, 2573722.919392764102668 ], [ 745824.448028716142289, 2573723.66564789833501 ], [ 745821.423274790286086, 2573724.369895917829126 ], [ 745818.384688529069535, 2573725.011922547128052 ], [ 745815.336904106196016, 2573725.612573487684131 ], [ 745812.284555695485324, 2573726.192694440949708 ], [ 745809.232207284774631, 2573726.772815394680947 ], [ 745806.179858874063939, 2573727.352936347946525 ], [ 745803.127510463469662, 2573727.933057301212102 ], [ 745800.0751620529918, 2573728.513178254943341 ], [ 745797.022455310449004, 2573729.091367856599391 ], [ 745793.968839973327704, 2573729.664660281036049 ], [ 745790.91376577957999, 2573730.230089701712132 ], [ 745787.857399130240083, 2573730.788552995305508 ], [ 745784.800290287821554, 2573731.343015987891704 ], [ 745781.742989514837973, 2573731.896444506011903 ], [ 745778.685430177487433, 2573732.447372304275632 ], [ 745775.622217173338868, 2573732.943620345089585 ], [ 745772.547955399379134, 2573733.333009589929134 ], [ 745769.457766881794669, 2573733.568362440448254 ], [ 745766.357046723132953, 2573733.701857933308929 ] ] } },
{ "type": "Feature", "properties": { "osmid": "417583222", "name": "nan", "highway": "residential", "oneway": "False" }, "geometry": { "type": "LineString", "coordinates": [ [ 745848.538000229629688, 2573717.545582644641399 ], [ 745849.574207977391779, 2573720.457407792564481 ], [ 745850.610415725153871, 2573723.369232940021902 ], [ 745851.646623473032378, 2573726.281058087944984 ], [ 745852.682831220910884, 2573729.192883235868067 ], [ 745853.719038968789391, 2573732.104708383325487 ], [ 745854.755246716551483, 2573735.016533531248569 ], [ 745855.791454464313574, 2573737.928358679171652 ], [ 745856.827662212192081, 2573740.840183826629072 ], [ 745857.863869959954172, 2573743.752008974552155 ], [ 745858.900077707716264, 2573746.663834122475237 ], [ 745859.936285455594771, 2573749.575659269932657 ], [ 745860.972493203356862, 2573752.48748441785574 ], [ 745862.008700951118954, 2573755.399309565778822 ], [ 745862.978600201196969, 2573758.327513994649053 ], [ 745863.815810323227197, 2573761.288494803477079 ], [ 745864.453950686380267, 2573764.298649091739208 ], [ 745864.959257655777037, 2573767.341615395620465 ], [ 745865.398111861781217, 2573770.400996616575867 ], [ 745865.836893935105763, 2573773.460395656060427 ], [ 745866.275676008081064, 2573776.519794694613665 ] ] } },
{ "type": "Feature", "properties": { "osmid": "417583218", "name": "nan", "highway": "residential", "oneway": "False" }, "geometry": { "type": "LineString", "coordinates": [ [ 745866.275676008081064, 2573776.519794694613665 ], [ 745866.448802916682325, 2573780.03506168210879 ], [ 745866.621929825167172, 2573783.550328669603914 ], [ 745866.795056733652018, 2573787.065595657099038 ], [ 745866.96818364225328, 2573790.580862644594163 ], [ 745867.141310550738126, 2573794.096129631623626 ] ] } },
{ "type": "Feature", "properties": { "osmid": "28692136", "name": "nan", "highway": "residential", "oneway": "False" }, "geometry": { "type": "LineString", "coordinates": [ [ 745866.275676008081064, 2573776.519794694613665 ], [ 745869.330074661411345, 2573776.308813856448978 ], [ 745872.384473314625211, 2573776.097833018284291 ], [ 745875.438871967955492, 2573775.886852180119604 ], [ 745878.493174859322608, 2573775.690353706479073 ], [ 745881.5470423103543, 2573775.559708127286285 ], [ 745884.600134642794728, 2573775.546285971999168 ], [ 745887.65230370266363, 2573775.672493042889982 ], [ 745890.703889167751186, 2573775.886958810035139 ], [ 745893.755230716546066, 2573776.138312742579728 ], [ 745896.806572265457362, 2573776.389666675124317 ], [ 745899.855370223987848, 2573776.662745778914541 ], [ 745902.898906606249511, 2573776.980764759704471 ], [ 745905.934463426354341, 2573777.366938324645162 ], [ 745908.962753720697947, 2573777.810084337834269 ], [ 745911.982820752426051, 2573778.307076205965132 ], [ 745914.99370778456796, 2573778.854787332937121 ], [ 745917.995226807543077, 2573779.453709293156862 ], [ 745920.989113643649034, 2573780.091941140592098 ], [ 745923.975658408016898, 2573780.76368654333055 ], [ 745926.953495057183318, 2573781.472202672157437 ], [ 745929.923116784542799, 2573782.215406977571547 ], [ 745932.88790819759015, 2573782.979007678106427 ], [ 745935.851253903820179, 2573783.748712994158268 ], [ 745938.814599610050209, 2573784.518418309744447 ], [ 745941.777945316280238, 2573785.288123624864966 ], [ 745945.229041764861904, 2573787.5725756008178 ], [ 745949.157674611429684, 2573791.184921206906438 ], [ 745953.550858235917985, 2573795.930150351952761 ], [ 745957.50254988623783, 2573798.493775852024555 ], [ 745960.799164681578986, 2573799.105857792310417 ], [ 745963.137413228512742, 2573798.070893544238061 ], [ 745964.800406010472216, 2573797.350019284058362 ], [ 745966.140686614555307, 2573796.927707318682224 ], [ 745967.693964266800322, 2573796.640666621271521 ], [ 745969.551316864672117, 2573796.311773184686899 ], [ 745971.584000046364963, 2573795.913347648922354 ] ] } },
{ "type": "Feature", "properties": { "osmid": "417583222", "name": "nan", "highway": "residential", "oneway": "False" }, "geometry": { "type": "LineString", "coordinates": [ [ 745866.275676008081064, 2573776.519794694613665 ], [ 745865.836893934872933, 2573773.460395655129105 ], [ 745865.398111861781217, 2573770.400996616575867 ], [ 745864.959257655777037, 2573767.341615395620465 ], [ 745864.453950686380267, 2573764.298649091739208 ], [ 745863.815810323227197, 2573761.288494803477079 ], [ 745862.978600201196969, 2573758.327513994649053 ], [ 745862.008700951118954, 2573755.399309565778822 ], [ 745860.972493203356862, 2573752.48748441785574 ], [ 745859.936285455594771, 2573749.575659269932657 ], [ 745858.900077707716264, 2573746.663834122475237 ], [ 745857.863869959837757, 2573743.752008974552155 ], [ 745856.82766221195925, 2573740.840183826629072 ], [ 745855.791454464197159, 2573737.928358679171652 ], [ 745854.755246716435067, 2573735.016533531248569 ], [ 745853.719038968556561, 2573732.104708383325487 ], [ 745852.682831220794469, 2573729.192883235868067 ], [ 745851.646623473032378, 2573726.281058087944984 ], [ 745850.610415725153871, 2573723.369232940021902 ], [ 745849.574207977391779, 2573720.457407792564481 ], [ 745848.538000229629688, 2573717.545582644641399 ] ] } },
{ "type": "Feature", "properties": { "osmid": "238505256", "name": "nan", "highway": "secondary", "oneway": "False" }, "geometry": { "type": "LineString", "coordinates": [ [ 745971.584000046364963, 2573795.913347648922354 ], [ 745968.826499558403157, 2573796.599906899500638 ], [ 745965.862962405779399, 2573797.452467636670917 ], [ 745962.81650376401376, 2573798.484005179721862 ], [ 745959.822457619011402, 2573799.563405562192202 ], [ 745956.958638623706065, 2573800.585771472658962 ], [ 745954.101291636005044, 2573801.536202421877533 ], [ 745951.232837964780629, 2573802.457376803737134 ], [ 745948.361673696315847, 2573803.369752579834312 ], [ 745945.4830086362781, 2573804.256468545179814 ], [ 745942.596605184837244, 2573805.116655584424734 ], [ 745939.708791799028404, 2573805.970747189596295 ], [ 745936.831871166010387, 2573806.860684525221586 ], [ 745933.970628572511487, 2573807.800549688283354 ], [ 745930.834518449497409, 2573808.98327836766839 ], [ 745927.13024857675191, 2573810.591782886534929 ], [ 745922.853, 2573812.61200000019744 ] ] } },
{ "type": "Feature", "properties": { "osmid": "238505256", "name": "nan", "highway": "secondary", "oneway": "False" }, "geometry": { "type": "LineString", "coordinates": [ [ 745971.584000046364963, 2573795.913347648922354 ], [ 745974.466371302842163, 2573794.914961815346032 ], [ 745977.339543740381487, 2573793.889461427461356 ], [ 745980.214320965926163, 2573792.870768473017961 ], [ 745983.103403691551648, 2573791.900822665542364 ], [ 745986.009555201046169, 2573790.988493613433093 ], [ 745988.922223110683262, 2573790.099696521181613 ], [ 745991.838731518830173, 2573789.226224322337657 ], [ 745994.769543399568647, 2573788.399073349311948 ], [ 745997.593193679000251, 2573787.61436126800254 ], [ 746000.517026189598255, 2573786.78825108660385 ], [ 746003.546451586182229, 2573785.982579531148076 ], [ 746006.935663472046144, 2573785.276934572961181 ], [ 746010.038863228284754, 2573784.853531393688172 ], [ 746012.813530677580275, 2573784.46503773983568 ], [ 746015.112301736604422, 2573783.914880385156721 ], [ 746017.58034313749522, 2573782.956966503057629 ], [ 746020.781380268279463, 2573782.111285539809614 ], [ 746024.459963266854174, 2573781.741959320381284 ], [ 746028.133408613502979, 2573782.217855303082615 ], [ 746031.266591958352365, 2573783.178520190529525 ] ] } },
{ "type": "Feature", "properties": { "osmid": "28692136", "name": "nan", "highway": "residential", "oneway": "False" }, "geometry": { "type": "LineString", "coordinates": [ [ 745971.584000046364963, 2573795.913347648922354 ], [ 745969.551316864672117, 2573796.311773184686899 ], [ 745967.693964266800322, 2573796.640666621271521 ], [ 745966.140686614555307, 2573796.927707318682224 ], [ 745964.800406010472216, 2573797.350019284058362 ], [ 745963.137413228512742, 2573798.070893544238061 ], [ 745960.799164681578986, 2573799.105857792776078 ], [ 745957.502549886354245, 2573798.493775852024555 ], [ 745953.550858235917985, 2573795.930150351952761 ], [ 745949.157674611546099, 2573791.184921207372099 ], [ 745945.229041764629073, 2573787.572575601283461 ], [ 745941.777945316047408, 2573785.288123625796288 ], [ 745938.814599609933794, 2573784.518418309744447 ], [ 745935.851253903820179, 2573783.748712993692607 ], [ 745932.88790819759015, 2573782.979007678106427 ], [ 745929.923116784542799, 2573782.215406977105886 ], [ 745926.953495057183318, 2573781.472202672157437 ], [ 745923.975658408016898, 2573780.76368654333055 ], [ 745920.989113643649034, 2573780.091941140126437 ], [ 745917.995226807543077, 2573779.453709293156862 ], [ 745914.99370778456796, 2573778.854787332937121 ], [ 745911.982820752542466, 2573778.307076205965132 ], [ 745908.962753720697947, 2573777.810084337834269 ], [ 745905.934463426354341, 2573777.3669383241795 ], [ 745902.898906606133096, 2573776.980764759704471 ], [ 745899.855370223871432, 2573776.662745778914541 ], [ 745896.806572265457362, 2573776.389666675124317 ], [ 745893.755230716546066, 2573776.138312742579728 ], [ 745890.703889167751186, 2573775.886958810035139 ], [ 745887.65230370266363, 2573775.672493042889982 ], [ 745884.600134642911144, 2573775.546285971999168 ], [ 745881.5470423103543, 2573775.559708127286285 ], [ 745878.493174859322608, 2573775.690353706479073 ], [ 745875.438871967955492, 2573775.886852180119604 ], [ 745872.384473314625211, 2573776.097833018284291 ], [ 745869.330074661411345, 2573776.308813856448978 ], [ 745866.275676008081064, 2573776.519794694613665 ] ] } },
{ "type": "Feature", "properties": { "osmid": "28692194", "name": "nan", "highway": "residential", "oneway": "False" }, "geometry": { "type": "LineString", "coordinates": [ [ 746142.773928011651151, 2573738.002208692952991 ], [ 746146.194606901262887, 2573736.385851512197405 ], [ 746149.615285790874623, 2573734.76949433144182 ] ] } },
{ "type": "Feature", "properties": { "osmid": "28692194", "name": "nan", "highway": "residential", "oneway": "False" }, "geometry": { "type": "LineString", "coordinates": [ [ 746142.773928011651151, 2573738.002208692952991 ], [ 746140.314113434986211, 2573739.724169693887234 ], [ 746137.854298858554102, 2573741.446130694355816 ], [ 746135.394484282005578, 2573743.168091694358736 ], [ 746132.934669705457054, 2573744.890052695292979 ], [ 746130.474855128792115, 2573746.612013696227223 ], [ 746128.01504055224359, 2573748.333974697161466 ], [ 746125.555225975695066, 2573750.055935697630048 ], [ 746123.095411399030127, 2573751.777896698564291 ], [ 746120.635596822598018, 2573753.499857699032873 ], [ 746118.175782246049494, 2573755.221818699035794 ], [ 746115.667103682062589, 2573756.835322719067335 ], [ 746113.058483593049459, 2573758.226999649312347 ], [ 746110.298844441305846, 2573759.283479382749647 ], [ 746107.434836664237082, 2573760.108305773232132 ], [ 746104.517537799314596, 2573760.81484892917797 ], [ 746101.598025384242646, 2573761.516478957608342 ], [ 746098.678512969170697, 2573762.218108986038715 ], [ 746095.759000554098748, 2573762.919739014934748 ], [ 746092.839488139026798, 2573763.621369043830782 ], [ 746089.919975724071264, 2573764.322999072726816 ], [ 746087.00046330911573, 2573765.02462910162285 ], [ 746084.080950893927366, 2573765.726259130053222 ] ] } },
{ "type": "Feature", "properties": { "osmid": "365240251", "name": "nan", "highway": "residential", "oneway": "False" }, "geometry": { "type": "LineString", "coordinates": [ [ 746084.080950893927366, 2573765.726259130053222 ], [ 746084.377147450926714, 2573769.031469707377255 ], [ 746084.673344007809646, 2573772.336680284235626 ], [ 746084.969540564692579, 2573775.641890861559659 ], [ 746085.265737121575512, 2573778.947101438883692 ], [ 746085.56193367857486, 2573782.252312016207725 ], [ 746085.858130235574208, 2573785.557522593531758 ], [ 746086.154326792457141, 2573788.86273317085579 ] ] } },
{ "type": "Feature", "properties": { "osmid": "365240251", "name": "nan", "highway": "residential", "oneway": "False" }, "geometry": { "type": "LineString", "coordinates": [ [ 746084.080950893927366, 2573765.726259130053222 ], [ 746083.962376920040697, 2573762.724448181223124 ], [ 746083.843802946154028, 2573759.722637231927365 ], [ 746083.725228972267359, 2573756.720826282631606 ], [ 746083.606654998497106, 2573753.719015333335847 ], [ 746083.488081024610437, 2573750.717204384040087 ], [ 746083.369507050956599, 2573747.71539343520999 ], [ 746083.250933077069931, 2573744.71358248591423 ], [ 746083.132359103299677, 2573741.711771536618471 ], [ 746083.013785129413009, 2573738.709960587322712 ], [ 746082.89521115552634, 2573735.708149638026953 ], [ 746082.776637181639671, 2573732.706338688731194 ], [ 746082.658063207753003, 2573729.704527739901096 ], [ 746082.539489233866334, 2573726.702716790605336 ], [ 746082.420915260096081, 2573723.700905841775239 ], [ 746082.302341286442243, 2573720.699094892479479 ], [ 746082.183767312555574, 2573717.697283943649381 ], [ 746082.065193338668905, 2573714.695472994353622 ], [ 746081.946619364782237, 2573711.693662045057863 ], [ 746081.828045390895568, 2573708.691851095762104 ], [ 746081.709471417008899, 2573705.690040146466345 ], [ 746081.590897443238646, 2573702.688229197170585 ], [ 746081.472323469351977, 2573699.686418248340487 ], [ 746081.353749495465308, 2573696.684607299044728 ], [ 746081.23517552157864, 2573693.682796349748969 ], [ 746081.116601547808386, 2573690.68098540045321 ], [ 746080.998027573921718, 2573687.679174451157451 ], [ 746080.879453600151464, 2573684.677363502327353 ] ] } },
{ "type": "Feature", "properties": { "osmid": "28692194", "name": "nan", "highway": "residential", "oneway": "False" }, "geometry": { "type": "LineString", "coordinates": [ [ 746084.080950893927366, 2573765.726259130053222 ], [ 746087.00046330911573, 2573765.024629101157188 ], [ 746089.919975724071264, 2573764.322999072726816 ], [ 746092.839488139026798, 2573763.621369043830782 ], [ 746095.759000554098748, 2573762.919739014934748 ], [ 746098.678512969170697, 2573762.218108986038715 ], [ 746101.598025384242646, 2573761.516478957608342 ], [ 746104.517537799314596, 2573760.81484892917797 ], [ 746107.434836664237082, 2573760.108305773232132 ], [ 746110.298844441305846, 2573759.283479382749647 ], [ 746113.058483593049459, 2573758.226999649312347 ], [ 746115.667103682062589, 2573756.835322719532996 ], [ 746118.175782246049494, 2573755.221818699967116 ], [ 746120.635596822598018, 2573753.499857699032873 ], [ 746123.095411399262957, 2573751.77789669809863 ], [ 746125.555225975811481, 2573750.055935697630048 ], [ 746128.01504055224359, 2573748.333974696695805 ], [ 746130.474855128792115, 2573746.612013696227223 ], [ 746132.934669705457054, 2573744.890052696224302 ], [ 746135.394484282005578, 2573743.168091695290059 ], [ 746137.854298858554102, 2573741.446130694355816 ], [ 746140.314113435219042, 2573739.724169693421572 ], [ 746142.773928011651151, 2573738.002208692952991 ] ] } },
{ "type": "Feature", "properties": { "osmid": "365509244", "name": "nan", "highway": "secondary", "oneway": "False" }, "geometry": { "type": "LineString", "coordinates": [ [ 746094.03066877531819, 2573789.890855165198445 ], [ 746090.092497783829458, 2573789.376794168259948 ], [ 746086.154326792457141, 2573788.86273317085579 ] ] } },
{ "type": "Feature", "properties": { "osmid": "365241578", "name": "nan", "highway": "residential", "oneway": "False" }, "geometry": { "type": "LineString", "coordinates": [ [ 746094.03066877531819, 2573789.890855165198445 ], [ 746095.01609148492571, 2573792.761084430385381 ], [ 746096.001514194649644, 2573795.631313696037978 ], [ 746096.986936904373579, 2573798.501542961224914 ], [ 746097.972359613981098, 2573801.371772226411849 ], [ 746098.957782323588617, 2573804.242001492064446 ], [ 746099.943205033312552, 2573807.112230757717043 ], [ 746100.928627742920071, 2573809.98246002336964 ], [ 746101.908451722585596, 2573812.854354784358293 ], [ 746102.855811223736964, 2573815.735906995367259 ], [ 746103.743840497569181, 2573818.63510860921815 ], [ 746104.556871255394071, 2573821.556620589923114 ], [ 746105.321769245900214, 2573824.492450981866568 ], [ 746106.065400217776187, 2573827.434607831761241 ], [ 746106.809031189768575, 2573830.376764681655914 ], [ 746107.535970992292278, 2573833.321877826470882 ], [ 746108.198273901478387, 2573836.278439282439649 ], [ 746108.747994193225168, 2573839.254941066261381 ], [ 746109.170568481902592, 2573842.253962604794651 ], [ 746109.513942491612397, 2573845.267011882271618 ], [ 746109.826061946456321, 2573848.285596881527454 ], [ 746110.138181401300244, 2573851.30418188078329 ], [ 746110.450300856144167, 2573854.322766880039126 ], [ 746110.762420310988091, 2573857.341351879760623 ], [ 746111.074539765832014, 2573860.35993687948212 ], [ 746111.386659220675938, 2573863.378521878737956 ], [ 746111.591184132732451, 2573866.389908155892044 ], [ 746111.574383401195519, 2573869.386486418079585 ], [ 746111.222525925259106, 2573872.360647369176149 ], [ 746110.637069689226337, 2573875.319179159123451 ], [ 746109.931745794485323, 2573878.26969108171761 ], [ 746109.220285341260023, 2573881.219792431686074 ], [ 746108.520164573681541, 2573884.172265583649278 ], [ 746107.851486082770862, 2573887.131315181497484 ], [ 746107.23435246059671, 2573890.101145870983601 ], [ 746106.666186927934177, 2573893.081218694802374 ], [ 746106.12688689341303, 2573896.067329007666558 ], [ 746105.634192632162012, 2573899.05962607357651 ], [ 746105.22030288958922, 2573902.060989780817181 ], [ 746104.926179317175411, 2573905.076132862363011 ], [ 746104.717097832239233, 2573908.101060232147574 ], [ 746104.552096783183515, 2573911.131059158127755 ], [ 746104.390214518760331, 2573914.16141690639779 ], [ 746104.228332254453562, 2573917.191774654667825 ], [ 746104.066449989913963, 2573920.222132403403521 ], [ 746103.904567725490779, 2573923.252490152139217 ], [ 746103.742685461067595, 2573926.282847901340574 ], [ 746103.580803196760826, 2573929.313205649610609 ], [ 746103.418920932337642, 2573932.343563398346305 ], [ 746103.257038667798042, 2573935.373921147082001 ], [ 746103.095156403374858, 2573938.404278895817697 ] ] } },
{ "type": "Feature", "properties": { "osmid": "365509244", "name": "nan", "highway": "secondary", "oneway": "False" }, "geometry": { "type": "LineString", "coordinates": [ [ 746094.03066877531819, 2573789.890855165198445 ], [ 746097.026823843363672, 2573790.281539478339255 ], [ 746100.02297891152557, 2573790.672223791480064 ], [ 746103.019133979571052, 2573791.062908105086535 ], [ 746106.015289047616534, 2573791.453592418227345 ], [ 746109.011444115662016, 2573791.844276731368154 ], [ 746112.007599183823913, 2573792.234961044508964 ], [ 746115.003754251985811, 2573792.625645357649773 ], [ 746117.999909320031293, 2573793.016329670790583 ], [ 746120.996064388076775, 2573793.407013984397054 ], [ 746123.992219456122257, 2573793.797698298003525 ], [ 746126.98757624567952, 2573794.192069116979837 ], [ 746129.970270982943475, 2573794.644914170261472 ], [ 746132.928439893876202, 2573795.211021187249571 ], [ 746135.851815762114711, 2573795.937804885674268 ], [ 746138.752262361347675, 2573796.770477537065744 ], [ 746141.641643465380184, 2573797.654251411091536 ], [ 746144.531024569296278, 2573798.538025284651667 ], [ 746147.420405673328787, 2573799.42179915914312 ], [ 746150.309786777477711, 2573800.305573033168912 ], [ 746153.19916788151022, 2573801.189346907194704 ], [ 746156.088548985426314, 2573802.073120780754834 ], [ 746158.977930089458823, 2573802.956894655246288 ] ] } },
{ "type": "Feature", "properties": { "osmid": "28692212", "name": "nan", "highway": "residential", "oneway": "False" }, "geometry": { "type": "LineString", "coordinates": [ [ 746191.525147600565106, 2573921.976904914714396 ], [ 746191.16716149833519, 2573926.275602518580854 ], [ 746190.80917539622169, 2573930.574300122447312 ] ] } },
{ "type": "Feature", "properties": { "osmid": "365241343", "name": "nan", "highway": "residential", "oneway": "False" }, "geometry": { "type": "LineString", "coordinates": [ [ 746191.525147600565106, 2573921.976904914714396 ], [ 746189.744705234188586, 2573919.2982849762775 ], [ 746187.964262867695652, 2573916.619665037840605 ], [ 746186.183820501086302, 2573913.941045099403709 ], [ 746184.403378134593368, 2573911.262425160501152 ], [ 746182.622935768216848, 2573908.583805222064257 ], [ 746180.842493401723914, 2573905.905185283627361 ], [ 746179.062051035114564, 2573903.226565344724804 ], [ 746177.281608668738045, 2573900.547945406287909 ], [ 746175.50116630224511, 2573897.869325468316674 ], [ 746173.720723935868591, 2573895.190705529879779 ], [ 746171.940281569375657, 2573892.512085590977222 ], [ 746170.159839202882722, 2573889.833465652540326 ] ] } },
{ "type": "Feature", "properties": { "osmid": "28691618", "name": "nan", "highway": "tertiary", "oneway": "False" }, "geometry": { "type": "LineString", "coordinates": [ [ 746112.701379342470318, 2574129.529898746870458 ], [ 746114.239331804797985, 2574132.373463036958128 ], [ 746115.777284267242067, 2574135.217027327045798 ], [ 746117.315236729686148, 2574138.060591617133468 ], [ 746118.85318919213023, 2574140.904155906755477 ], [ 746120.391141654574312, 2574143.747720196843147 ], [ 746121.929094116901979, 2574146.591284486930817 ] ] } },
{ "type": "Feature", "properties": { "osmid": "28692212", "name": "nan", "highway": "residential", "oneway": "False" }, "geometry": { "type": "LineString", "coordinates": [ [ 746112.701379342470318, 2574129.529898746870458 ], [ 746114.650431612622924, 2574127.135066356509924 ], [ 746116.599483882891946, 2574124.740233966615051 ], [ 746118.548536153160967, 2574122.345401576254517 ], [ 746120.497588423429988, 2574119.950569185893983 ], [ 746122.44664069369901, 2574117.555736795533448 ], [ 746124.395692963968031, 2574115.160904405172914 ], [ 746126.344745234237053, 2574112.76607201481238 ], [ 746128.293797504506074, 2574110.371239624917507 ], [ 746130.24284977465868, 2574107.976407235022634 ], [ 746132.191902044811286, 2574105.5815748446621 ], [ 746134.140954315080307, 2574103.186742454301566 ], [ 746136.090006585349329, 2574100.791910063941032 ], [ 746138.03905885561835, 2574098.397077673580498 ], [ 746139.988111125887372, 2574096.002245283219963 ], [ 746141.937163396156393, 2574093.60741289332509 ], [ 746143.886215666308999, 2574091.212580503430218 ], [ 746145.835267936461605, 2574088.817748113069683 ], [ 746147.784320206730627, 2574086.422915722709149 ] ] } },
{ "type": "Feature", "properties": { "osmid": "28691618", "name": "nan", "highway": "tertiary", "oneway": "False" }, "geometry": { "type": "LineString", "coordinates": [ [ 746112.701379342470318, 2574129.529898746870458 ], [ 746111.706240619183518, 2574126.664502907078713 ], [ 746110.711101896013133, 2574123.799107067286968 ], [ 746109.715963172842748, 2574120.933711227495223 ], [ 746108.720824449672364, 2574118.06831538816914 ], [ 746107.725685726385564, 2574115.202919547911733 ], [ 746106.730547003098764, 2574112.337523708119988 ], [ 746105.735408279928379, 2574109.472127868328243 ], [ 746104.740269556757994, 2574106.60673202900216 ], [ 746103.745130833587609, 2574103.741336188744754 ], [ 746102.749992110300809, 2574100.875940348953009 ], [ 746101.754853387014009, 2574098.010544509161264 ], [ 746100.759714663843624, 2574095.14514866983518 ], [ 746099.76457594067324, 2574092.279752829577774 ], [ 746098.769437217502855, 2574089.414356989320368 ], [ 746097.774298494216055, 2574086.548961149528623 ], [ 746096.779159770929255, 2574083.683565309736878 ], [ 746095.78402104775887, 2574080.818169470410794 ], [ 746094.788882324588485, 2574077.952773630153388 ], [ 746093.7937436014181, 2574075.087377790361643 ], [ 746092.798604878247716, 2574072.221981950569898 ], [ 746091.803466155077331, 2574069.356586111243814 ], [ 746090.808327431790531, 2574066.491190270986408 ], [ 746089.813188708503731, 2574063.625794431194663 ], [ 746088.818049985333346, 2574060.760398591402918 ], [ 746087.822911262162961, 2574057.895002752076834 ], [ 746086.827772538992576, 2574055.029606911819428 ], [ 746085.832633815705776, 2574052.164211072027683 ], [ 746084.837495092418976, 2574049.298815232235938 ], [ 746083.842356369248591, 2574046.433419392909855 ], [ 746082.847217646078207, 2574043.568023552652448 ], [ 746081.852078922907822, 2574040.702627712860703 ], [ 746080.856940199621022, 2574037.837231873068959 ], [ 746079.861801476334222, 2574034.971836033742875 ], [ 746078.866662753163837, 2574032.106440193485469 ], [ 746077.918472900637425, 2574029.230673002544791 ], [ 746077.093965466949157, 2574026.327583454083651 ], [ 746076.469874000060372, 2574023.380220541730523 ], [ 746076.029034306644462, 2574020.39237596327439 ], [ 746075.694712838507257, 2574017.381000724155456 ], [ 746075.390176047687419, 2574014.36304583074525 ], [ 746075.085639256983995, 2574011.345090936869383 ], [ 746074.781102466396987, 2574008.327136043459177 ], [ 746074.476565675809979, 2574005.30918114958331 ], [ 746072.559571953373961, 2574002.117309377528727 ], [ 746069.093888752162457, 2573998.74891720013693 ], [ 746064.143335120403208, 2573995.201397835742682 ], [ 746060.998607355169952, 2573991.820158744230866 ], [ 746059.587986627593637, 2573988.720632221084088 ], [ 746059.84696673694998, 2573985.905373215675354 ], [ 746060.086609576828778, 2573983.089756031986326 ], [ 746060.604084802791476, 2573979.683649128302932 ], [ 746061.370785093982704, 2573976.025091267656535 ], [ 746062.376162919797935, 2573972.678107300307602 ], [ 746063.331, 2573970.120000000111759 ] ] } },
{ "type": "Feature", "properties": { "osmid": "28691630", "name": "nan", "highway": "residential", "oneway": "False" }, "geometry": { "type": "LineString", "coordinates": [ [ 746058.378000000026077, 2573930.586999999824911 ], [ 746060.1916549828602, 2573929.839714908972383 ], [ 746060.292654982767999, 2573929.432048242073506 ], [ 746058.680999999982305, 2573929.364 ] ] } },
{ "type": "Feature", "properties": { "osmid": "28692217", "name": "nan", "highway": "tertiary", "oneway": "False" }, "geometry": { "type": "LineString", "coordinates": [ [ 746058.378000000026077, 2573930.586999999824911 ], [ 746058.615843639359809, 2573933.232217557262629 ], [ 746058.78935574227944, 2573936.093786795157939 ], [ 746058.919175190967508, 2573939.170614705886692 ], [ 746059.066666300757788, 2573942.239085162524134 ], [ 746059.28068412700668, 2573945.303750848397613 ], [ 746059.572724692639895, 2573948.361275676637888 ], [ 746059.952947062090971, 2573951.291691579390317 ], [ 746060.407221734174527, 2573954.323704276699573 ], [ 746060.856091225985438, 2573957.353044013027102 ], [ 746061.248965632170439, 2573960.50341988960281 ], [ 746061.494554388453253, 2573963.792994827032089 ], [ 746061.546358732623048, 2573967.312930826097727 ], [ 746061.265872055082582, 2573970.936450326815248 ], [ 746060.742511995951645, 2573974.417810234706849 ] ] } },
{ "type": "Feature", "properties": { "osmid": "28691630", "name": "nan", "highway": "residential", "oneway": "False" }, "geometry": { "type": "LineString", "coordinates": [ [ 746058.378000000026077, 2573930.586999999824911 ], [ 746054.806168413255364, 2573930.260071993339807 ], [ 746051.504064995213412, 2573930.088563796598464 ], [ 746048.479100319207646, 2573930.055635242257267 ], [ 746045.642655724775977, 2573930.096250874456018 ], [ 746042.668630447355099, 2573930.190495796035975 ], [ 746039.636155759333633, 2573930.323841872159392 ], [ 746036.537940271664411, 2573930.475584679748863 ], [ 746033.610060466569848, 2573930.490013262722641 ], [ 746030.681509611080401, 2573930.395652664359659 ], [ 746027.752549659460783, 2573930.203530630562454 ], [ 746024.71417123998981, 2573930.023561000358313 ], [ 746021.639240705291741, 2573929.910023509990424 ], [ 746018.516334248706698, 2573929.895089137367904 ], [ 746015.41206875408534, 2573929.955986853223294 ], [ 746012.340858142008074, 2573930.040316375438124 ], [ 746009.316470594145358, 2573930.125564077869058 ], [ 746006.27523334894795, 2573930.208178541157395 ], [ 746003.214074286981486, 2573930.276289710309356 ], [ 746000.108375560841523, 2573930.323989842552692 ], [ 745996.989950359915383, 2573930.36080303741619 ], [ 745993.868456616881303, 2573930.407833905890584 ], [ 745990.796872614417225, 2573930.478738128673285 ], [ 745987.775896660168655, 2573930.643598291557282 ], [ 745984.841934866737574, 2573930.949704971164465 ], [ 745982.008922390639782, 2573931.426592169795185 ], [ 745979.267, 2573932.000999999698251 ] ] } },
{ "type": "Feature", "properties": { "osmid": "28692217", "name": "nan", "highway": "tertiary", "oneway": "False" }, "geometry": { "type": "LineString", "coordinates": [ [ 746058.378000000026077, 2573930.586999999824911 ], [ 746058.309683484374546, 2573927.134907199535519 ], [ 746058.028917048708536, 2573923.903815106954426 ], [ 746057.576580388355069, 2573920.999960213433951 ], [ 746057.117113015730865, 2573918.133791588246822 ], [ 746056.791717813001014, 2573915.249099999200553 ], [ 746056.562498224899173, 2573912.239223012700677 ], [ 746056.34576342755463, 2573909.227076423820108 ], [ 746056.073203234933317, 2573906.218398427125067 ], [ 746055.723877328331582, 2573903.102962588891387 ], [ 746055.327074241708033, 2573899.87883911235258 ], [ 746054.902402174542658, 2573896.545287247747183 ], [ 746054.461659882217646, 2573893.32753775594756 ], [ 746053.966911721392535, 2573890.233426949009299 ], [ 746053.411748724873178, 2573887.26435574144125 ], [ 746052.82478292984888, 2573884.301996641326696 ], [ 746052.300468900590204, 2573881.328500582370907 ], [ 746051.910881866118871, 2573878.336565328296274 ], [ 746051.692796744522639, 2573875.330244954209775 ], [ 746051.642925390391611, 2573872.320388516876847 ], [ 746051.702999999979511, 2573869.312 ] ] } },
{ "type": "Feature", "properties": { "osmid": "28692222", "name": "nan", "highway": "tertiary", "oneway": "False" }, "geometry": { "type": "LineString", "coordinates": [ [ 746109.647895652335137, 2574222.411745807155967 ], [ 746109.832849854486994, 2574221.529582811985165 ], [ 746109.96766744449269, 2574220.867186300922185 ], [ 746110.043875075760297, 2574220.423370945733041 ], [ 746110.086541054421104, 2574220.088253503199667 ], [ 746110.1207336866064, 2574219.751950730103999 ], [ 746111.980172633193433, 2574219.648964559193701 ], [ 746116.021448346436955, 2574219.783032837789506 ], [ 746122.601151278126054, 2574220.157893413677812 ], [ 746128.413981706486084, 2574220.422751856967807 ], [ 746133.103349179844372, 2574220.573870319407433 ], [ 746136.312663246295415, 2574220.607510952744633 ], [ 746139.521977312862873, 2574220.641151586081833 ], [ 746142.731291379313916, 2574220.674792218953371 ] ] } },
{ "type": "Feature", "properties": { "osmid": "1304613360", "name": "nan", "highway": "tertiary", "oneway": "False" }, "geometry": { "type": "LineString", "coordinates": [ [ 746109.647895652335137, 2574222.411745807155967 ], [ 746108.564272764720954, 2574225.872309825848788 ], [ 746107.246606323868036, 2574229.20567528763786 ], [ 746105.764632905251347, 2574231.83352024294436 ], [ 746104.231000000028871, 2574233.815 ] ] } },
{ "type": "Feature", "properties": { "osmid": "1304613360", "name": "nan", "highway": "tertiary", "oneway": "False" }, "geometry": { "type": "LineString", "coordinates": [ [ 746109.647895652335137, 2574222.411745807155967 ], [ 746107.413509943638928, 2574215.928846275433898 ], [ 746105.242420406546444, 2574210.674992006272078 ], [ 746104.044409983907826, 2574207.57838412374258 ], [ 746103.755999999935739, 2574205.963999999687076 ] ] } },
{ "type": "Feature", "properties": { "osmid": "495798978", "name": "Berasia Road", "highway": "tertiary", "oneway": "False" }, "geometry": { "type": "LineString", "coordinates": [ [ 745417.419420368503779, 2574616.228435650467873 ], [ 745416.908702027634718, 2574613.189210377633572 ], [ 745416.397983686998487, 2574610.149985104333609 ], [ 745415.887265346362256, 2574607.110759830567986 ], [ 745415.376547005493194, 2574604.071534557733685 ], [ 745414.865828664624132, 2574601.032309284899384 ], [ 745414.355110323987901, 2574597.993084011599422 ], [ 745413.84439198335167, 2574594.953858738765121 ], [ 745413.333673642482609, 2574591.914633465465158 ], [ 745412.822955301613547, 2574588.875408191699535 ], [ 745412.312236960977316, 2574585.836182918865234 ], [ 745411.801518620341085, 2574582.796957646030933 ], [ 745411.290800279472023, 2574579.75773237273097 ], [ 745410.780081938602962, 2574576.718507099896669 ], [ 745410.269363597966731, 2574573.679281826596707 ], [ 745409.7586452573305, 2574570.640056552831084 ], [ 745409.247926916461438, 2574567.600831279996783 ], [ 745408.737208575592376, 2574564.561606007162482 ], [ 745408.226490234956145, 2574561.522380734328181 ], [ 745407.715771894319914, 2574558.483155461028218 ], [ 745407.205053553450853, 2574555.443930188193917 ], [ 745406.694335212581791, 2574552.404704914893955 ], [ 745406.18361687194556, 2574549.365479641128331 ], [ 745405.672898531309329, 2574546.32625436829403 ], [ 745405.162180190440267, 2574543.287029095459729 ], [ 745404.651461849571206, 2574540.247803822159767 ], [ 745404.140743508934975, 2574537.208578549325466 ], [ 745403.630025168298744, 2574534.169353276025504 ], [ 745403.119306827429682, 2574531.13012800225988 ], [ 745402.60858848656062, 2574528.090902729425579 ], [ 745402.097870145924389, 2574525.051677456591278 ] ] } },
{ "type": "Feature", "properties": { "osmid": "28691785", "name": "nan", "highway": "residential", "oneway": "False" }, "geometry": { "type": "LineString", "coordinates": [ [ 746035.128999999957159, 2574336.245000000111759 ], [ 746035.481154760345817, 2574338.62282465910539 ], [ 746035.736423575435765, 2574340.122415602672845 ], [ 746035.858159812749363, 2574340.683026040438563 ], [ 746035.82871684001293, 2574340.211020294111222 ], [ 746035.6304480250692, 2574338.612762683536857 ], [ 746035.300000000046566, 2574335.949 ] ] } },
{ "type": "Feature", "properties": { "osmid": "28691785", "name": "nan", "highway": "residential", "oneway": "False" }, "geometry": { "type": "LineString", "coordinates": [ [ 746035.128999999957159, 2574336.245000000111759 ], [ 746029.418865000247024, 2574335.754450557753444 ], [ 746024.7837765236618, 2574335.444615653716028 ], [ 746021.223630588501692, 2574335.322734709363431 ], [ 746018.20092381851282, 2574335.30216903379187 ], [ 746015.066151818609796, 2574335.299073114525527 ], [ 746011.819405910442583, 2574335.308428016025573 ], [ 746008.460666188388132, 2574335.324475668370724 ], [ 746005.213883686461486, 2574335.343373428564519 ], [ 746002.079081760253757, 2574335.361809149384499 ], [ 745999.056267817504704, 2574335.37831652071327 ], [ 745996.033481247839518, 2574335.392265253234655 ], [ 745993.01074069191236, 2574335.410080602392554 ], [ 745989.988192578661256, 2574335.443395738489926 ], [ 745986.966732445289381, 2574335.479383849073201 ], [ 745983.948196686222218, 2574335.478152151685208 ], [ 745980.934192443848588, 2574335.392579467501491 ], [ 745977.923807155922987, 2574335.234402765519917 ] ] } },
{ "type": "Feature", "properties": { "osmid": "28691791", "name": "nan", "highway": "residential", "oneway": "False" }, "geometry": { "type": "LineString", "coordinates": [ [ 746035.128999999957159, 2574336.245000000111759 ], [ 746035.452350672218017, 2574341.831186913419515 ], [ 746035.66346427903045, 2574346.53957667062059 ], [ 746035.760539207141846, 2574350.257117854431272 ], [ 746035.79807165870443, 2574353.42271706322208 ], [ 746035.820114599657245, 2574356.475206045433879 ], [ 746035.83542069979012, 2574359.527419547084719 ], [ 746035.852050505694933, 2574362.579227535054088 ], [ 746035.897269077249803, 2574365.6306895413436 ], [ 746035.979724105913192, 2574368.681072697043419 ], [ 746036.129157087416388, 2574371.790203161537647 ], [ 746036.335140460170805, 2574374.957799825351685 ], [ 746035.907335295691155, 2574378.724706364329904 ], [ 746034.765117255505174, 2574382.632448876276612 ], [ 746032.890989390667528, 2574386.342515341937542 ], [ 746032.220910177216865, 2574388.540445603430271 ], [ 746033.412717712111771, 2574389.728339791763574 ], [ 746036.479000000050291, 2574390.244999999646097 ] ] } },
{ "type": "Feature", "properties": { "osmid": "28691791", "name": "nan", "highway": "residential", "oneway": "False" }, "geometry": { "type": "LineString", "coordinates": [ [ 746035.128999999957159, 2574336.245000000111759 ], [ 746032.441084614489228, 2574335.813843679148704 ], [ 746031.364154865848832, 2574334.738025763537735 ], [ 746031.889422562089749, 2574332.683034322690219 ], [ 746033.474815189838409, 2574329.228042473550886 ], [ 746034.506229216582142, 2574325.586475223768502 ], [ 746034.99882923765108, 2574322.092741459142417 ], [ 746034.954011938069016, 2574318.969982295762748 ], [ 746034.910464630927891, 2574315.735708054620773 ], [ 746034.858525142422877, 2574312.390057538170367 ], [ 746034.803298059967346, 2574309.155954098794609 ], [ 746034.748628741013817, 2574306.033315309789032 ], [ 746034.69740271999035, 2574303.022113760001957 ], [ 746034.642328682937659, 2574300.011011344846338 ], [ 746033.874928276520222, 2574296.562060549389571 ], [ 746033.066833797958679, 2574293.077441696077585 ], [ 746032.899308820720762, 2574289.959092354867607 ], [ 746034.079000000027008, 2574287.645 ] ] } },
{ "type": "Feature", "properties": { "osmid": "28691863", "name": "nan", "highway": "tertiary", "oneway": "False" }, "geometry": { "type": "LineString", "coordinates": [ [ 746095.704943745862693, 2574526.449042630847543 ], [ 746098.57696137286257, 2574525.085821878630668 ], [ 746101.448978999746032, 2574523.722601126879454 ], [ 746104.320996626629494, 2574522.359380375128239 ], [ 746107.193014253512956, 2574520.996159622911364 ], [ 746110.065031880512834, 2574519.63293887116015 ], [ 746112.937049507512711, 2574518.269718119874597 ], [ 746115.809067134396173, 2574516.906497368123382 ], [ 746118.681084761279635, 2574515.543276615906507 ], [ 746121.553102388163097, 2574514.180055864155293 ] ] } },
{ "type": "Feature", "properties": { "osmid": "328226553", "name": "nan", "highway": "tertiary", "oneway": "False" }, "geometry": { "type": "LineString", "coordinates": [ [ 746095.704943745862693, 2574526.449042630847543 ], [ 746096.180574130732566, 2574523.336948435753584 ], [ 746096.65620451560244, 2574520.224854240193963 ], [ 746097.131834900472313, 2574517.112760044634342 ], [ 746097.607465285342187, 2574514.000665849540383 ], [ 746098.08309567021206, 2574510.888571654912084 ], [ 746098.558726055081934, 2574507.776477459352463 ], [ 746099.034356439951807, 2574504.664383263792843 ], [ 746099.509986824821681, 2574501.552289068698883 ], [ 746099.985617209691554, 2574498.440194873139262 ], [ 746100.461247594561428, 2574495.328100677579641 ], [ 746100.936877979431301, 2574492.216006482485682 ], [ 746101.412508364301175, 2574489.103912287391722 ] ] } },
{ "type": "Feature", "properties": { "osmid": "28691863", "name": "nan", "highway": "tertiary", "oneway": "False" }, "geometry": { "type": "LineString", "coordinates": [ [ 746095.704943745862693, 2574526.449042630847543 ], [ 746092.417091469629668, 2574528.731008853297681 ], [ 746089.098672930849716, 2574530.959862214513123 ] ] } },
{ "type": "Feature", "properties": { "osmid": "28691806", "name": "nan", "highway": "residential", "oneway": "False" }, "geometry": { "type": "LineString", "coordinates": [ [ 745535.159279335755855, 2574491.841651014517993 ], [ 745538.215909591526724, 2574492.032035133335739 ], [ 745541.272539847414009, 2574492.222419252153486 ], [ 745544.329170103184879, 2574492.412803370971233 ], [ 745547.385800358955748, 2574492.603187489788979 ], [ 745550.442430614843033, 2574492.793571608606726 ], [ 745553.499060870613903, 2574492.983955727890134 ], [ 745556.555691126384772, 2574493.17433984670788 ], [ 745559.612321382272057, 2574493.364723965525627 ], [ 745562.668951638042927, 2574493.555108084809035 ], [ 745565.725581893813796, 2574493.745492203626782 ], [ 745568.782212149701081, 2574493.935876322444528 ], [ 745571.838842405588366, 2574494.126260441262275 ], [ 745574.895472661475651, 2574494.316644560080022 ], [ 745577.952102917246521, 2574494.507028678897768 ], [ 745581.00873317301739, 2574494.697412797715515 ], [ 745584.065363428904675, 2574494.887796916533262 ], [ 745587.121993684675545, 2574495.078181035351008 ], [ 745590.720192334614694, 2574496.840416999533772 ], [ 745594.520333794876933, 2574500.153351018670946 ], [ 745598.18279248138424, 2574504.995829300489277 ], [ 745600.620994939352386, 2574508.246077454183251 ], [ 745602.511124733835459, 2574509.965339731890708 ], [ 745604.529810557025485, 2574510.210871046874672 ], [ 745607.222247700556181, 2574510.530963903758675 ], [ 745610.251699351356365, 2574510.886890433263034 ], [ 745613.281162401544861, 2574511.242549512535334 ] ] } },
{ "type": "Feature", "properties": { "osmid": "28691806", "name": "nan", "highway": "residential", "oneway": "False" }, "geometry": { "type": "LineString", "coordinates": [ [ 745535.159279335755855, 2574491.841651014517993 ], [ 745532.139844133635052, 2574491.775577897205949 ], [ 745529.120408931630664, 2574491.709504779893905 ], [ 745526.100973729393445, 2574491.643431663047522 ], [ 745523.081538527272642, 2574491.577358545269817 ], [ 745520.062103325151838, 2574491.511285427492112 ], [ 745517.04266812314745, 2574491.445212310180068 ], [ 745514.023232921026647, 2574491.379139192868024 ], [ 745511.003797718905844, 2574491.313066076021641 ], [ 745507.984362516901456, 2574491.246992958243936 ], [ 745504.964927314780653, 2574491.180919840466231 ], [ 745501.945492112543434, 2574491.114846723154187 ], [ 745498.926056910422631, 2574491.048773605842143 ], [ 745495.906621708418243, 2574490.982700488995761 ], [ 745492.887186506181024, 2574490.916627371218055 ], [ 745489.867751304060221, 2574490.850554253906012 ], [ 745486.848316101939417, 2574490.784481136128306 ], [ 745483.828880899935029, 2574490.718408018816262 ], [ 745480.809445697814226, 2574490.65233490196988 ], [ 745477.790010495693423, 2574490.586261784192175 ], [ 745474.770575293689035, 2574490.520188666880131 ], [ 745471.751140091568232, 2574490.454115549102426 ], [ 745468.731704889331013, 2574490.388042431790382 ], [ 745465.71226968721021, 2574490.321969314943999 ], [ 745462.692834485205822, 2574490.255896197166294 ], [ 745459.673399282968603, 2574490.18982307985425 ], [ 745456.6539640808478, 2574490.123749962542206 ], [ 745453.634528878726996, 2574490.057676845695823 ], [ 745450.615093676722609, 2574489.991603727918118 ], [ 745445.996871519368142, 2574490.001592683140188 ], [ 745440.115355207002722, 2574490.094985169824213 ], [ 745433.297254228964448, 2574490.168070847634226 ], [ 745429.057764401542954, 2574489.853987628594041 ], [ 745427.042775961686857, 2574488.923378720413893 ], [ 745426.908420786261559, 2574487.36973606608808 ], [ 745426.728519134572707, 2574485.261516687925905 ], [ 745426.516014755587094, 2574482.709468971937895 ], [ 745426.290687250322662, 2574479.823514781426638 ], [ 745426.050997021258809, 2574476.82657767413184 ], [ 745425.798987404443324, 2574473.830179201439023 ], [ 745425.523653753451072, 2574470.723497912753373 ], [ 745425.243735507596284, 2574467.617089638020843 ], [ 745424.960140640498139, 2574464.510939004365355 ], [ 745424.683070772327483, 2574461.515992362517864 ], [ 745424.410051441285759, 2574458.520680883899331 ], [ 745424.149430992896669, 2574455.524295325856656 ], [ 745423.903964341036044, 2574452.526627549901605 ], [ 745423.67007025226485, 2574449.528002798557281 ], [ 745423.442466822336428, 2574446.528865204658359 ], [ 745423.216565199662, 2574443.529595946427435 ], [ 745422.990741746034473, 2574440.530321336816996 ], [ 745422.763068391941488, 2574437.531188381370157 ], [ 745422.524925027508289, 2574434.533005880657583 ], [ 745422.265368728432804, 2574431.536809022072703 ], [ 745421.987499330658466, 2574428.654226856306195 ], [ 745421.677781603415497, 2574425.887505505699664 ], [ 745421.322738948627375, 2574423.126647448167205 ], [ 745420.9176507886732, 2574420.148292313795537 ], [ 745420.512001870083623, 2574416.945802395697683 ], [ 745420.16084195964504, 2574413.736473878379911 ], [ 745419.872308126185089, 2574410.64258033502847 ], [ 745419.617329846718349, 2574407.656752683687955 ], [ 745419.366020205081441, 2574404.659487199503928 ], [ 745419.114097521756776, 2574401.617953020613641 ], [ 745418.867121450952254, 2574398.542790186125785 ], [ 745418.62720111280214, 2574395.444928039330989 ], [ 745418.388558718492277, 2574392.364723666105419 ], [ 745418.151006093714386, 2574389.312425696756691 ], [ 745417.916571366600692, 2574386.298121304716915 ], [ 745417.689282958395779, 2574383.296103735920042 ], [ 745417.459852560423315, 2574380.296873416285962 ], [ 745417.218215791857801, 2574377.290982162114233 ], [ 745416.972544868593104, 2574374.397463201079518 ], [ 745416.710468013887294, 2574371.61795468442142 ], [ 745416.425309740938246, 2574368.84104876825586 ], [ 745416.109840819612145, 2574365.843198226764798 ], [ 745415.79918206401635, 2574362.62034556036815 ], [ 745415.520066725672223, 2574359.506476937327534 ], [ 745415.268190649920143, 2574356.72614837018773 ], [ 745415.026478742482141, 2574354.281340569723397 ] ] } },
{ "type": "Feature", "properties": { "osmid": "323202270", "name": "nan", "highway": "residential", "oneway": "False" }, "geometry": { "type": "LineString", "coordinates": [ [ 745535.159279335755855, 2574491.841651014517993 ], [ 745535.437016124255024, 2574488.843484997283667 ], [ 745535.665579904918559, 2574485.84969294955954 ], [ 745535.72493697295431, 2574482.87095193983987 ], [ 745535.495053623686545, 2574479.91793904080987 ], [ 745534.954242167179473, 2574476.992583384271711 ], [ 745534.222536308690906, 2574474.084207899868488 ], [ 745533.419969752896577, 2574471.182135516777635 ], [ 745532.617403197218664, 2574468.280063134152442 ], [ 745531.814836641657166, 2574465.377990751992911 ], [ 745531.012270085862838, 2574462.475918369367719 ], [ 745530.209703530184925, 2574459.573845986742526 ], [ 745529.407136974507011, 2574456.671773604582995 ], [ 745528.604570418945514, 2574453.769701221957803 ], [ 745527.802003863267601, 2574450.86762883933261 ], [ 745526.999437307589687, 2574447.965556457173079 ], [ 745526.19687075202819, 2574445.063484074082226 ], [ 745525.394304196350276, 2574442.161411691457033 ], [ 745524.591737640555948, 2574439.259339308831841 ], [ 745523.823840823024511, 2574436.351111762691289 ], [ 745523.152516203932464, 2574433.425739072728902 ], [ 745522.639666243456304, 2574430.472231257241219 ], [ 745522.277853925246745, 2574427.49190866202116 ], [ 745522.005176789243706, 2574424.495761268306524 ], [ 745521.759732375387102, 2574421.49477905780077 ], [ 745521.569998259656131, 2574418.494189639110118 ], [ 745521.495216646348126, 2574415.494410704821348 ], [ 745521.594629739993252, 2574412.495859950780869 ], [ 745521.816059148986824, 2574409.498169485479593 ], [ 745523.468303117784671, 2574405.629632990341634 ], [ 745526.460148838814348, 2574401.222857545595616 ], [ 745530.756093802978285, 2574396.610843022819608 ], [ 745533.526177490944974, 2574393.35550236236304 ], [ 745534.747088083997369, 2574390.904493606183678 ], [ 745534.40846359077841, 2574388.702518742531538 ], [ 745533.980540838441812, 2574386.237527237739414 ], [ 745533.55118238076102, 2574383.723051880951971 ], [ 745533.195125918020494, 2574381.3776153489016 ], [ 745532.947719467687421, 2574379.131735371891409 ], [ 745532.776382896932773, 2574376.991196342278272 ] ] } },
{ "type": "Feature", "properties": { "osmid": "28691800", "name": "nan", "highway": "residential", "oneway": "False" }, "geometry": { "type": "LineString", "coordinates": [ [ 745532.776382896932773, 2574376.991196342278272 ], [ 745530.833359166863374, 2574376.965695047285408 ], [ 745526.588480313774198, 2574376.92332181846723 ], [ 745519.682914945180528, 2574376.872706016525626 ], [ 745513.643879128503613, 2574376.873479592148215 ], [ 745508.830204256344587, 2574376.917013184633106 ], [ 745505.600721721653827, 2574376.994677432347089 ] ] } },
{ "type": "Feature", "properties": { "osmid": "323202270", "name": "nan", "highway": "residential", "oneway": "False" }, "geometry": { "type": "LineString", "coordinates": [ [ 745532.776382896932773, 2574376.991196342278272 ], [ 745533.030283934087493, 2574374.299316258169711 ], [ 745533.340765162371099, 2574371.95417281286791 ], [ 745533.659554628306068, 2574370.173814278095961 ], [ 745533.904000000096858, 2574368.944999999832362 ] ] } },
{ "type": "Feature", "properties": { "osmid": "28691800", "name": "nan", "highway": "residential", "oneway": "False" }, "geometry": { "type": "LineString", "coordinates": [ [ 745532.776382896932773, 2574376.991196342278272 ], [ 745532.947719467687421, 2574379.131735371891409 ], [ 745533.220039674895816, 2574381.487967348657548 ], [ 745533.63857816439122, 2574384.050442161504179 ], [ 745534.205780324409716, 2574386.577796218916774 ], [ 745534.943742177798413, 2574388.857984022703022 ], [ 745536.052350142155774, 2574390.802602459676564 ], [ 745537.679994906648062, 2574392.501499001402408 ], [ 745539.880013760644943, 2574394.018207354471087 ], [ 745542.379204197321087, 2574395.509394386317581 ], [ 745544.971681952942163, 2574397.037123530637473 ], [ 745547.529220356256701, 2574398.63632463151589 ], [ 745550.086608239565976, 2574400.236510945018381 ], [ 745552.670488097239286, 2574401.791085917502642 ], [ 745555.265652460511774, 2574403.322685188148171 ], [ 745557.87554115569219, 2574404.822168205399066 ], [ 745560.491302212351002, 2574406.315260196104646 ], [ 745563.143301933654584, 2574407.766387845855206 ], [ 745565.811986896325834, 2574409.227132934611291 ], [ 745568.479438447044231, 2574410.720829426776618 ], [ 745571.123205410898663, 2574412.271968188229948 ], [ 745573.745102628599852, 2574413.861614732537419 ], [ 745576.431758532766253, 2574415.55118603259325 ], [ 745579.104858648148365, 2574417.247741183266044 ], [ 745581.782633503898978, 2574418.924154391977936 ], [ 745584.314246945083141, 2574420.416348995640874 ], [ 745586.862358720158227, 2574421.902168263215572 ], [ 745589.411561452434398, 2574423.405071441549808 ], [ 745592.048936975072138, 2574424.985196627676487 ], [ 745594.702005206723697, 2574426.53739559231326 ], [ 745597.385997566743754, 2574428.035334879066795 ], [ 745600.289498148951679, 2574429.519020521547645 ], [ 745603.607320028007962, 2574431.016186775173992 ], [ 745607.329000000027008, 2574432.545 ] ] } },
{ "type": "Feature", "properties": { "osmid": "323202270", "name": "nan", "highway": "residential", "oneway": "False" }, "geometry": { "type": "LineString", "coordinates": [ [ 745532.776382896932773, 2574376.991196342278272 ], [ 745532.947719467687421, 2574379.131735371891409 ], [ 745533.195125918020494, 2574381.3776153489016 ], [ 745533.55118238076102, 2574383.723051880951971 ], [ 745533.980540838441812, 2574386.237527237739414 ], [ 745534.40846359077841, 2574388.702518742997199 ], [ 745534.747088083997369, 2574390.904493606183678 ], [ 745533.526177490944974, 2574393.355502362828702 ], [ 745530.756093802978285, 2574396.61084302328527 ], [ 745526.460148838814348, 2574401.222857545595616 ], [ 745523.468303117784671, 2574405.629632990807295 ], [ 745521.816059148986824, 2574409.498169485479593 ], [ 745521.594629739993252, 2574412.495859950780869 ], [ 745521.495216646348126, 2574415.494410705287009 ], [ 745521.569998259656131, 2574418.494189639110118 ], [ 745521.759732375387102, 2574421.494779058266431 ], [ 745522.005176789243706, 2574424.495761269237846 ], [ 745522.277853925246745, 2574427.49190866202116 ], [ 745522.639666243456304, 2574430.472231257241219 ], [ 745523.152516203932464, 2574433.425739072728902 ], [ 745523.823840823024511, 2574436.351111762691289 ], [ 745524.591737640555948, 2574439.259339308831841 ], [ 745525.394304196233861, 2574442.161411691457033 ], [ 745526.196870751795359, 2574445.063484074082226 ], [ 745526.999437307589687, 2574447.965556456241757 ], [ 745527.802003863267601, 2574450.867628838866949 ], [ 745528.604570418945514, 2574453.769701221957803 ], [ 745529.407136974507011, 2574456.671773604582995 ], [ 745530.209703530184925, 2574459.573845986742526 ], [ 745531.012270085862838, 2574462.475918369367719 ], [ 745531.814836641424336, 2574465.377990751992911 ], [ 745532.617403197102249, 2574468.280063134152442 ], [ 745533.419969752896577, 2574471.182135516777635 ], [ 745534.22253630857449, 2574474.084207899402827 ], [ 745534.954242167063057, 2574476.992583383340389 ], [ 745535.495053623453714, 2574479.917939040344208 ], [ 745535.72493697295431, 2574482.87095193983987 ], [ 745535.665579904918559, 2574485.84969294955954 ], [ 745535.437016124255024, 2574488.843484997749329 ], [ 745535.159279335755855, 2574491.841651014517993 ] ] } },
{ "type": "Feature", "properties": { "osmid": "28691777", "name": "nan", "highway": "residential", "oneway": "False" }, "geometry": { "type": "LineString", "coordinates": [ [ 745542.979000000050291, 2574288.694999999832362 ], [ 745544.449022803921252, 2574288.66727547114715 ], [ 745546.551097285817377, 2574288.637357229366899 ], [ 745549.284520106273703, 2574288.570672939997166 ], [ 745552.442256685812026, 2574288.404995582532138 ], [ 745555.695795327075757, 2574288.077700965572149 ], [ 745559.036055831122212, 2574287.564973667263985 ], [ 745562.129391010967083, 2574286.948342207353562 ], [ 745564.9993433811469, 2574286.351509431377053 ], [ 745567.664100632420741, 2574285.876381715759635 ], [ 745570.462087383959442, 2574285.499149744864553 ], [ 745573.492395506124012, 2574285.145001954864711 ], [ 745576.518602230935358, 2574284.7790831127204 ], [ 745579.617124404176138, 2574284.390678023453802 ], [ 745582.455821404699236, 2574284.040539814159274 ], [ 745585.491775410366245, 2574283.727354621514678 ], [ 745588.344525623018853, 2574283.480054463725537 ], [ 745591.35014276264701, 2574283.267248713411391 ], [ 745594.280336702358909, 2574283.092937612440437 ], [ 745597.325674173771404, 2574282.947851449716836 ], [ 745600.373027626425028, 2574282.839758586138487 ], [ 745603.421720762155019, 2574282.762090628501028 ], [ 745606.471276773954742, 2574282.708778284024447 ], [ 745609.521142193465494, 2574282.679664256982505 ], [ 745612.571284638252109, 2574282.682389177847654 ], [ 745615.621580122620799, 2574282.715178452432156 ], [ 745618.671821165946312, 2574282.767576585989445 ], [ 745621.721895481459796, 2574282.829512195661664 ], [ 745624.851808106643148, 2574282.764615483116359 ], [ 745627.852847565780394, 2574282.584647660609335 ], [ 745630.810671366169117, 2574282.404379528015852 ], [ 745633.558838597615249, 2574282.506829839199781 ], [ 745636.509138642810285, 2574282.867179736960679 ], [ 745639.484694597311318, 2574283.253392082173377 ], [ 745642.572566779446788, 2574283.506412898655981 ], [ 745645.569841096759774, 2574283.631752372253686 ], [ 745648.567918626940809, 2574283.73648341698572 ], [ 745651.566654288792051, 2574283.814340213313699 ], [ 745654.565948158851825, 2574283.869770345278084 ] ] } },
{ "type": "Feature", "properties": { "osmid": "28691777", "name": "nan", "highway": "residential", "oneway": "False" }, "geometry": { "type": "LineString", "coordinates": [ [ 745542.979000000050291, 2574288.694999999832362 ], [ 745543.092888888902962, 2574288.639444443862885 ], [ 745541.651131985359825, 2574287.733260890468955 ], [ 745538.3534199539572, 2574285.822185764089227 ], [ 745532.922221237211488, 2574282.740844377782196 ], [ 745528.10018475074321, 2574280.069562485441566 ], [ 745524.187619830365293, 2574277.96260366262868 ], [ 745521.484835811075754, 2574276.574231484904885 ], [ 745518.782051792019047, 2574275.18585930718109 ], [ 745516.079267772962339, 2574273.797487128991634 ], [ 745513.376483753905632, 2574272.409114951267838 ], [ 745510.673699734848924, 2574271.020742773544043 ], [ 745508.074788771569729, 2574269.550905328709632 ], [ 745505.801811378565617, 2574267.825445624068379 ], [ 745504.076828070101328, 2574265.670206667389721 ], [ 745502.914153248886578, 2574263.073961997870356 ], [ 745502.09172640030738, 2574260.210868610534817 ], [ 745501.387487010098994, 2574257.255083497148007 ], [ 745500.683247619890608, 2574254.299298382829875 ], [ 745499.979008229798637, 2574251.343513268511742 ], [ 745499.274768839706667, 2574248.387728154659271 ], [ 745498.570529449614696, 2574245.4319430408068 ], [ 745497.738434016238898, 2574242.581309301313013 ], [ 745496.549594767391682, 2574240.024068830069155 ], [ 745494.775123930885457, 2574237.94846352096647 ], [ 745492.441845820751041, 2574236.332432521507144 ], [ 745489.928322051535361, 2574234.869070755783468 ], [ 745487.712651495356113, 2574233.178260784596205 ], [ 745486.187660367577337, 2574230.979825927875936 ], [ 745485.345795469358563, 2574228.314006386790425 ], [ 745484.980429087183438, 2574225.367467096075416 ], [ 745484.957289916928858, 2574220.832276731263846 ], [ 745485.037531158304773, 2574215.116540852934122 ], [ 745485.193911532289349, 2574208.56273490563035 ], [ 745485.01461439661216, 2574204.511230305302888 ], [ 745484.708434171508998, 2574202.639926722738892 ], [ 745484.260028749704361, 2574202.611559325829148 ], [ 745484.03580397774931, 2574202.597702562343329 ], [ 745483.923691591597162, 2574202.59077418083325 ], [ 745483.923691591480747, 2574202.59077418083325 ] ] } },
{ "type": "Feature", "properties": { "osmid": "323202270", "name": "nan", "highway": "residential", "oneway": "False" }, "geometry": { "type": "LineString", "coordinates": [ [ 745542.979000000050291, 2574288.694999999832362 ], [ 745542.777910791803151, 2574291.065503594931215 ], [ 745542.600657462724485, 2574293.68718753522262 ], [ 745542.42300385015551, 2574296.669038960710168 ], [ 745542.149527984205633, 2574299.877568379510194 ], [ 745541.750924045220017, 2574303.185645345132798 ], [ 745541.2819087858079, 2574306.376092316117138 ], [ 745540.818483227980323, 2574309.456698733847588 ] ] } },
{ "type": "Feature", "properties": { "osmid": "328226553", "name": "nan", "highway": "tertiary", "oneway": "False" }, "geometry": { "type": "LineString", "coordinates": [ [ 746101.412508364301175, 2574489.103912287391722 ], [ 746101.425660833367147, 2574486.022062079515308 ], [ 746101.438813302549534, 2574482.940211871638894 ], [ 746101.451965771615505, 2574479.85836166376248 ], [ 746101.465118240565062, 2574476.776511456351727 ], [ 746101.478270709514618, 2574473.694661248009652 ], [ 746101.49142317858059, 2574470.612811040133238 ], [ 746101.504575647762977, 2574467.530960832256824 ], [ 746101.517728116712533, 2574464.449110624846071 ], [ 746101.530880585778505, 2574461.367260416969657 ], [ 746101.544033054728061, 2574458.285410209093243 ], [ 746101.557185523794033, 2574455.20356000168249 ], [ 746101.57033799297642, 2574452.121709793340415 ], [ 746101.583490462042391, 2574449.039859585464001 ], [ 746101.596642930991948, 2574445.958009377587587 ], [ 746101.609795400057919, 2574442.876159170176834 ], [ 746101.622947869240306, 2574439.794308961834759 ], [ 746101.636100338189863, 2574436.712458753958344 ], [ 746101.649252807255834, 2574433.63060854608193 ], [ 746101.662405276205391, 2574430.548758338671178 ], [ 746101.675557745271362, 2574427.466908130329102 ], [ 746101.688710214453749, 2574424.385057922452688 ], [ 746101.701862683519721, 2574421.303207714576274 ], [ 746101.715015152469277, 2574418.221357507165521 ], [ 746101.728167621535249, 2574415.139507299289107 ], [ 746101.741320090717636, 2574412.057657091412693 ], [ 746101.754472559667192, 2574408.97580688400194 ], [ 746101.767625028733164, 2574405.893956675659865 ], [ 746101.78077749768272, 2574402.812106467783451 ], [ 746101.793929966748692, 2574399.730256259907037 ], [ 746101.807082435931079, 2574396.648406052496284 ], [ 746101.820234904880635, 2574393.566555844154209 ] ] } },
{ "type": "Feature", "properties": { "osmid": "328226553", "name": "nan", "highway": "tertiary", "oneway": "False" }, "geometry": { "type": "LineString", "coordinates": [ [ 746101.412508364301175, 2574489.103912287391722 ], [ 746100.936877979431301, 2574492.216006482485682 ], [ 746100.461247594561428, 2574495.328100678045303 ], [ 746099.985617209691554, 2574498.440194873139262 ], [ 746099.509986824821681, 2574501.552289068698883 ], [ 746099.034356439951807, 2574504.664383263792843 ], [ 746098.558726055081934, 2574507.776477458421141 ], [ 746098.08309567021206, 2574510.888571653980762 ], [ 746097.607465285342187, 2574514.000665849540383 ], [ 746097.131834900472313, 2574517.112760045100003 ], [ 746096.65620451560244, 2574520.224854240193963 ], [ 746096.180574130732566, 2574523.336948435753584 ], [ 746095.704943745862693, 2574526.449042630847543 ] ] } },
{ "type": "Feature", "properties": { "osmid": "1304613614", "name": "nan", "highway": "residential", "oneway": "False" }, "geometry": { "type": "LineString", "coordinates": [ [ 746101.412508364301175, 2574489.103912287391722 ], [ 746103.426567766699009, 2574491.611526645254344 ], [ 746105.440627168980427, 2574494.119141002651304 ], [ 746107.454686571494676, 2574496.626755360513926 ], [ 746109.46874597389251, 2574499.134369717910886 ], [ 746111.482805376290344, 2574501.641984075773507 ], [ 746113.496864778571762, 2574504.14959843410179 ], [ 746115.510924180969596, 2574506.65721279149875 ], [ 746117.52498358336743, 2574509.164827148895711 ], [ 746119.539042985648848, 2574511.672441506292671 ], [ 746121.553102388163097, 2574514.180055864155293 ] ] } },
{ "type": "Feature", "properties": { "osmid": "364473877", "name": "nan", "highway": "secondary", "oneway": "True" }, "geometry": { "type": "LineString", "coordinates": [ [ 745390.362718018470332, 2573869.19328885152936 ], [ 745390.477332211099565, 2573872.308900651056319 ], [ 745390.740985325071961, 2573875.4154720781371 ] ] } },
{ "type": "Feature", "properties": { "osmid": "238505256", "name": "nan", "highway": "secondary", "oneway": "False" }, "geometry": { "type": "LineString", "coordinates": [ [ 745404.859423727961257, 2573874.142088388558477 ], [ 745411.070213007275015, 2573880.307347753550857 ], [ 745415.022097857086919, 2573883.864509722683579 ], [ 745416.7150782776298, 2573884.813574297819287 ] ] } },
{ "type": "Feature", "properties": { "osmid": "364473877", "name": "nan", "highway": "secondary", "oneway": "True" }, "geometry": { "type": "LineString", "coordinates": [ [ 745404.859423727961257, 2573874.142088388558477 ], [ 745403.938226470374502, 2573870.196771265473217 ], [ 745402.767235942417756, 2573866.318184639327228 ] ] } },
{ "type": "Feature", "properties": { "osmid": "364473876", "name": "Sadar Manzil Road", "highway": "secondary", "oneway": "True" }, "geometry": { "type": "LineString", "coordinates": [ [ 745390.740985325071961, 2573875.4154720781371 ], [ 745388.185588330030441, 2573877.109471791889518 ], [ 745385.630191334988922, 2573878.803471505641937 ], [ 745383.074794339947402, 2573880.497471219394356 ], [ 745380.519397344905883, 2573882.191470933612436 ], [ 745377.953477268689312, 2573883.868285313714296 ], [ 745375.364242192357779, 2573885.507023768499494 ], [ 745372.738900196389295, 2573887.086795706301928 ], [ 745370.085705524194054, 2573888.62108120135963 ], [ 745367.417450094479136, 2573890.130770844873041 ], [ 745364.746925826766528, 2573891.636755229905248 ], [ 745362.07640155905392, 2573893.142739614937454 ], [ 745359.405877291224897, 2573894.648724000435323 ], [ 745356.735353023395874, 2573896.154708385001868 ], [ 745354.064828755683266, 2573897.660692769568413 ], [ 745351.394304487970658, 2573899.16667715460062 ], [ 745348.72378022025805, 2573900.672661539632827 ], [ 745346.053255952545442, 2573902.178645925130695 ], [ 745343.382731684832834, 2573903.684630309697241 ], [ 745340.71220741700381, 2573905.190614694729447 ], [ 745338.041683149174787, 2573906.696599079295993 ], [ 745335.371158881462179, 2573908.2025834643282 ], [ 745332.700634613749571, 2573909.708567849826068 ], [ 745330.030110346036963, 2573911.214552234392613 ], [ 745327.359586078324355, 2573912.72053661942482 ], [ 745324.689061810611747, 2573914.226521004457027 ], [ 745322.018537542782724, 2573915.732505389954895 ], [ 745319.348013274953701, 2573917.23848977452144 ], [ 745316.677489007241093, 2573918.744474159087986 ], [ 745314.006964739412069, 2573920.250458544120193 ], [ 745311.336440471583046, 2573921.756442929152399 ], [ 745308.665916203870438, 2573923.262427314650267 ], [ 745305.99539193615783, 2573924.768411699216813 ], [ 745303.324867668445222, 2573926.27439608424902 ], [ 745300.654343400732614, 2573927.780380469281226 ], [ 745297.983819133020006, 2573929.286364854779094 ], [ 745295.313294865190983, 2573930.79234923934564 ], [ 745292.64277059736196, 2573932.298333623912185 ], [ 745289.972246329649352, 2573933.804318008944392 ], [ 745287.301722061936744, 2573935.310302393976599 ] ] } },
{ "type": "Feature", "properties": { "osmid": "364473877", "name": "nan", "highway": "secondary", "oneway": "True" }, "geometry": { "type": "LineString", "coordinates": [ [ 745390.740985325071961, 2573875.4154720781371 ], [ 745393.564061669167131, 2573877.253592449706048 ], [ 745396.577003237442113, 2573878.271772554609925 ], [ 745399.625355003518052, 2573877.996194744482636 ], [ 745402.408684544614516, 2573876.454865649342537 ], [ 745404.859423727961257, 2573874.142088388558477 ] ] } },
{ "type": "Feature", "properties": { "osmid": "364864001", "name": "nan", "highway": "residential", "oneway": "False" }, "geometry": { "type": "LineString", "coordinates": [ [ 745498.657545687863603, 2573709.55888349423185 ], [ 745501.65155754738953, 2573709.051646650303155 ], [ 745504.645569406915456, 2573708.544409805908799 ], [ 745507.639581266441382, 2573708.037172961980104 ], [ 745510.633593126083724, 2573707.52993611805141 ], [ 745513.627604985609651, 2573707.022699274122715 ], [ 745516.621616845135577, 2573706.51546243019402 ], [ 745519.615628704777919, 2573706.008225586265326 ], [ 745522.60964056418743, 2573705.50098874187097 ] ] } },
{ "type": "Feature", "properties": { "osmid": "364863725", "name": "nan", "highway": "residential", "oneway": "False" }, "geometry": { "type": "LineString", "coordinates": [ [ 745498.657545687863603, 2573709.55888349423185 ], [ 745499.303153105196543, 2573712.599431397393346 ], [ 745499.948760522529483, 2573715.639979301020503 ], [ 745500.594367939978838, 2573718.680527204181999 ], [ 745501.239975357428193, 2573721.721075106877834 ], [ 745501.885582774877548, 2573724.761623010504991 ], [ 745502.531190192326903, 2573727.802170913666487 ], [ 745503.176797609659843, 2573730.842718817293644 ], [ 745503.822405026876368, 2573733.88326672045514 ], [ 745504.473948922473937, 2573736.921449837740511 ], [ 745505.239903136272915, 2573739.914057793561369 ], [ 745506.228741508559324, 2573742.817880215588957 ], [ 745507.519210418802686, 2573745.60332370409742 ], [ 745508.949057928752154, 2573748.340367656666785 ], [ 745510.356032100156881, 2573751.098991469014436 ], [ 745511.619526482769288, 2573753.929034946020693 ], [ 745512.793319174437784, 2573756.803729065228254 ], [ 745513.93118827289436, 2573759.696304804179817 ], [ 745515.069057371467352, 2573762.58888054266572 ], [ 745516.206926470040344, 2573765.481456281617284 ], [ 745517.34479556849692, 2573768.374032020568848 ], [ 745518.482664667069912, 2573771.26660775905475 ], [ 745519.620533765759319, 2573774.159183497540653 ] ] } },
{ "type": "Feature", "properties": { "osmid": "28691599", "name": "nan", "highway": "residential", "oneway": "False" }, "geometry": { "type": "LineString", "coordinates": [ [ 745519.620533765759319, 2573774.159183497540653 ], [ 745522.522647781297565, 2573773.249885173048824 ], [ 745525.42476179683581, 2573772.340586848091334 ], [ 745528.326875812374055, 2573771.431288523133844 ], [ 745531.228989827795886, 2573770.521990198176354 ], [ 745534.131103843217716, 2573769.612691873218864 ] ] } },
{ "type": "Feature", "properties": { "osmid": "28691599", "name": "nan", "highway": "residential", "oneway": "False" }, "geometry": { "type": "LineString", "coordinates": [ [ 745519.620533765759319, 2573774.159183497540653 ], [ 745516.862495295819826, 2573775.451346115674824 ], [ 745514.104456825996749, 2573776.743508733808994 ], [ 745511.346418355940841, 2573778.035671351943165 ], [ 745508.588379886001348, 2573779.327833970542997 ], [ 745505.830341415945441, 2573780.619996588211507 ], [ 745503.072302946005948, 2573781.912159205880016 ], [ 745500.314264476182871, 2573783.204321824014187 ], [ 745497.556226006126963, 2573784.496484442148358 ], [ 745494.79818753618747, 2573785.78864706074819 ], [ 745492.040149066247977, 2573787.080809678416699 ], [ 745489.2821105964249, 2573788.37297229655087 ], [ 745486.524072126368992, 2573789.665134914219379 ], [ 745483.766033656313084, 2573790.95729753235355 ], [ 745481.007995186373591, 2573792.249460150953382 ], [ 745478.249956716434099, 2573793.541622768621892 ], [ 745475.491918246611021, 2573794.833785386756063 ], [ 745472.733879776671529, 2573796.125948004890233 ], [ 745469.975841306615621, 2573797.418110623490065 ], [ 745467.217802836559713, 2573798.710273241158575 ], [ 745464.45976436662022, 2573800.002435859292746 ], [ 745461.701725896797143, 2573801.294598476961255 ], [ 745458.94368742685765, 2573802.586761095095426 ], [ 745456.185648956801742, 2573803.878923713695258 ], [ 745453.42761048686225, 2573805.171086331363767 ], [ 745450.669572017039172, 2573806.463248949497938 ], [ 745447.911533546983264, 2573807.755411567632109 ], [ 745445.153495077043772, 2573809.047574186231941 ], [ 745442.395456607104279, 2573810.33973680390045 ], [ 745439.637418137281202, 2573811.631899422034621 ], [ 745436.879379667225294, 2573812.924062039703131 ], [ 745434.121341197169386, 2573814.216224657837301 ], [ 745431.363302727229893, 2573815.508387276437134 ], [ 745428.605264257290401, 2573816.800549894105643 ], [ 745425.847225787467323, 2573818.092712512239814 ], [ 745423.089187317527831, 2573819.384875130373985 ], [ 745420.331148847471923, 2573820.677037748973817 ], [ 745417.573110377416015, 2573821.969200366642326 ], [ 745414.815071907476522, 2573823.261362984310836 ], [ 745412.057033437653445, 2573824.553525602445006 ], [ 745409.298994967713952, 2573825.845688220579177 ], [ 745406.540956497658044, 2573827.137850839179009 ], [ 745403.782918027718551, 2573828.430013456847519 ] ] } },
{ "type": "Feature", "properties": { "osmid": "364863725", "name": "nan", "highway": "residential", "oneway": "False" }, "geometry": { "type": "LineString", "coordinates": [ [ 745519.620533765759319, 2573774.159183497540653 ], [ 745518.482664667186327, 2573771.26660775905475 ], [ 745517.344795568729751, 2573768.374032020103186 ], [ 745516.206926470040344, 2573765.481456281617284 ], [ 745515.069057371583767, 2573762.58888054266572 ], [ 745513.931188273127191, 2573759.696304804179817 ], [ 745512.793319174437784, 2573756.803729066159576 ], [ 745511.619526482769288, 2573753.929034946020693 ], [ 745510.356032100156881, 2573751.098991468548775 ], [ 745508.949057928752154, 2573748.340367656201124 ], [ 745507.519210418802686, 2573745.60332370409742 ], [ 745506.228741508559324, 2573742.817880215588957 ], [ 745505.239903136156499, 2573739.914057794492692 ], [ 745504.473948922473937, 2573736.921449837740511 ], [ 745503.822405027109198, 2573733.88326672045514 ], [ 745503.176797609776258, 2573730.842718817293644 ], [ 745502.531190192326903, 2573727.802170913666487 ], [ 745501.885582774877548, 2573724.761623010504991 ], [ 745501.239975357428193, 2573721.721075107809156 ], [ 745500.594367939978838, 2573718.680527204181999 ], [ 745499.948760522645898, 2573715.639979300554842 ], [ 745499.303153105429374, 2573712.599431397393346 ], [ 745498.657545687863603, 2573709.55888349423185 ] ] } },
{ "type": "Feature", "properties": { "osmid": "364863421", "name": "nan", "highway": "residential", "oneway": "False" }, "geometry": { "type": "LineString", "coordinates": [ [ 745274.024595865979791, 2574034.323972693644464 ], [ 745275.186981925158761, 2574037.257250924129039 ], [ 745276.349367984104902, 2574040.190529154613614 ], [ 745277.511754043051042, 2574043.123807385098189 ], [ 745278.674140102230012, 2574046.057085615117103 ], [ 745279.836526161408983, 2574048.990363846067339 ], [ 745280.998912220355123, 2574051.923642076551914 ], [ 745282.161298279301263, 2574054.856920307036489 ], [ 745283.323684338480234, 2574057.790198537055403 ], [ 745284.486070397659205, 2574060.723476767539978 ], [ 745285.648456456605345, 2574063.656754998024553 ], [ 745286.810842515551485, 2574066.590033228043467 ], [ 745287.973228574730456, 2574069.523311458993703 ], [ 745289.135614633909427, 2574072.456589689478278 ], [ 745290.298000692855567, 2574075.389867919962853 ], [ 745291.460386751801707, 2574078.323146149981767 ], [ 745292.622772810980678, 2574081.256424380932003 ], [ 745293.785158870159648, 2574084.189702611416578 ], [ 745294.947544929105788, 2574087.122980841901153 ] ] } },
{ "type": "Feature", "properties": { "osmid": "364863421", "name": "nan", "highway": "residential", "oneway": "False" }, "geometry": { "type": "LineString", "coordinates": [ [ 745294.947544929105788, 2574087.122980841901153 ], [ 745293.785158870159648, 2574084.189702611416578 ], [ 745292.622772810980678, 2574081.256424380932003 ], [ 745291.460386751801707, 2574078.32314615091309 ], [ 745290.298000692855567, 2574075.389867919962853 ], [ 745289.135614633909427, 2574072.456589689478278 ], [ 745287.973228574730456, 2574069.523311458993703 ], [ 745286.810842515551485, 2574066.590033228974789 ], [ 745285.648456456605345, 2574063.656754998490214 ], [ 745284.486070397659205, 2574060.723476767539978 ], [ 745283.323684338480234, 2574057.790198537055403 ], [ 745282.161298279301263, 2574054.856920307036489 ], [ 745280.998912220355123, 2574051.923642076551914 ], [ 745279.836526161408983, 2574048.990363846067339 ], [ 745278.674140102230012, 2574046.057085616048425 ], [ 745277.511754043051042, 2574043.123807385098189 ], [ 745276.349367984104902, 2574040.190529154613614 ], [ 745275.186981925158761, 2574037.257250924129039 ], [ 745274.024595865979791, 2574034.323972693644464 ] ] } },
{ "type": "Feature", "properties": { "osmid": "1304590472", "name": "nan", "highway": "residential", "oneway": "True" }, "geometry": { "type": "LineString", "coordinates": [ [ 745294.947544929105788, 2574087.122980841901153 ], [ 745300.476779702934437, 2574085.208906714338809 ] ] } },
{ "type": "Feature", "properties": { "osmid": "364863797", "name": "nan", "highway": "residential", "oneway": "False" }, "geometry": { "type": "LineString", "coordinates": [ [ 745382.344249721500091, 2574548.303320808336139 ], [ 745383.59149959415663, 2574545.350480879656971 ], [ 745384.838749466813169, 2574542.397640950977802 ], [ 745386.100478174048476, 2574539.454768302384764 ], [ 745387.495116141275503, 2574536.603390848729759 ], [ 745389.170612486428581, 2574533.965848515275866 ], [ 745391.274061254807748, 2574531.683400811627507 ], [ 745393.744653310161084, 2574529.754185974597931 ], [ 745396.462542132008821, 2574528.094718222972006 ], [ 745399.266154840239324, 2574526.5537707679905 ], [ 745402.097870145924389, 2574525.051677456591278 ] ] } },
{ "type": "Feature", "properties": { "osmid": "364862984", "name": "nan", "highway": "residential", "oneway": "False" }, "geometry": { "type": "LineString", "coordinates": [ [ 745485.934248977573588, 2574301.546143020968884 ], [ 745489.240203740890138, 2574302.055136175360531 ], [ 745492.546158504206687, 2574302.564129330217838 ], [ 745495.852113267406821, 2574303.073122484609485 ], [ 745499.158068030839786, 2574303.582115639001131 ] ] } },
{ "type": "Feature", "properties": { "osmid": "364862984", "name": "nan", "highway": "residential", "oneway": "False" }, "geometry": { "type": "LineString", "coordinates": [ [ 745499.158068030839786, 2574303.582115639001131 ], [ 745495.852113267523237, 2574303.073122484609485 ], [ 745492.546158504206687, 2574302.564129330217838 ], [ 745489.240203741006553, 2574302.055136175826192 ], [ 745485.934248977573588, 2574301.546143020968884 ] ] } },
{ "type": "Feature", "properties": { "osmid": "364862984", "name": "nan", "highway": "residential", "oneway": "False" }, "geometry": { "type": "LineString", "coordinates": [ [ 745499.158068030839786, 2574303.582115639001131 ], [ 745502.29789177980274, 2574304.077285003848374 ], [ 745505.437715528649278, 2574304.572454368695617 ], [ 745508.577539277612232, 2574305.067623733077198 ], [ 745511.717363026575185, 2574305.562793097924441 ], [ 745514.857186775538139, 2574306.057962462771684 ], [ 745517.997010524384677, 2574306.553131827618927 ], [ 745522.625945546198636, 2574307.205863282550126 ], [ 745528.395122535643168, 2574307.961138009559363 ], [ 745534.955672187265009, 2574308.763937190175056 ], [ 745538.980502649559639, 2574309.244117825757712 ], [ 745540.818483227980323, 2574309.456698733847588 ], [ 745540.818483227980323, 2574309.456698733847588 ] ] } },
{ "type": "Feature", "properties": { "osmid": "364863226", "name": "nan", "highway": "residential", "oneway": "False" }, "geometry": { "type": "LineString", "coordinates": [ [ 745499.158068030839786, 2574303.582115639001131 ], [ 745499.06170309369918, 2574306.621315552387387 ], [ 745498.965338156558573, 2574309.660515466239303 ], [ 745498.868973219301552, 2574312.69971538009122 ], [ 745498.77260828204453, 2574315.738915293943137 ], [ 745498.676243344787508, 2574318.778115207329392 ], [ 745498.579878407530487, 2574321.817315120715648 ], [ 745498.48351347038988, 2574324.856515034567565 ], [ 745498.387148533365689, 2574327.895714948419482 ], [ 745498.290783596225083, 2574330.934914862271398 ], [ 745498.194418658968061, 2574333.974114775657654 ], [ 745498.09805372171104, 2574337.013314689043909 ], [ 745498.001688784454018, 2574340.052514602895826 ], [ 745497.905323847196996, 2574343.091714516282082 ], [ 745497.80895891005639, 2574346.130914429668337 ], [ 745497.712593973032199, 2574349.170114343520254 ], [ 745497.616229035775177, 2574352.209314257372171 ] ] } },
{ "type": "Feature", "properties": { "osmid": "28691561", "name": "nan", "highway": "residential", "oneway": "False" }, "geometry": { "type": "LineString", "coordinates": [ [ 745271.079122678842396, 2574190.194135810248554 ], [ 745274.157660943106748, 2574189.988672104198486 ], [ 745277.236199207487516, 2574189.783208398148417 ], [ 745280.314737471751869, 2574189.577744692098349 ], [ 745283.393275736016221, 2574189.37228098558262 ], [ 745286.471814000396989, 2574189.166817279998213 ], [ 745289.550352264661342, 2574188.961353573948145 ], [ 745292.628890528925695, 2574188.755889867898077 ], [ 745295.707428793306462, 2574188.550426161382347 ], [ 745298.785967057570815, 2574188.34496245579794 ], [ 745301.864505321718752, 2574188.139498749747872 ], [ 745304.943043585983105, 2574187.934035043697804 ], [ 745308.021581850363873, 2574187.728571337182075 ], [ 745311.100120114628226, 2574187.523107631597668 ], [ 745314.178658378892578, 2574187.3176439255476 ], [ 745317.257196643273346, 2574187.112180219963193 ], [ 745320.335734907537699, 2574186.906716513913125 ], [ 745323.414273171802051, 2574186.701252807397395 ], [ 745326.492811436182819, 2574186.495789101812989 ], [ 745329.571349700447172, 2574186.29032539576292 ], [ 745332.649887964711525, 2574186.084861689712852 ], [ 745335.728426229092292, 2574185.879397983197123 ], [ 745338.806964493356645, 2574185.673934277612716 ], [ 745341.885502757620998, 2574185.468470571562648 ], [ 745344.964041022001766, 2574185.26300686551258 ], [ 745348.042579286266118, 2574185.05754315899685 ], [ 745351.121117550414056, 2574184.852079453412443 ], [ 745354.199655814678408, 2574184.646615747362375 ], [ 745357.278194079059176, 2574184.441152041312307 ], [ 745360.356732343323529, 2574184.235688335262239 ] ] } },
{ "type": "Feature", "properties": { "osmid": "28691561", "name": "nan", "highway": "residential", "oneway": "False" }, "geometry": { "type": "LineString", "coordinates": [ [ 745387.135532521642745, 2574189.343321850523353 ], [ 745384.160110279568471, 2574188.77580701559782 ], [ 745381.184688037610613, 2574188.208292180672288 ], [ 745378.209265795536339, 2574187.640777345746756 ], [ 745375.233843553462066, 2574187.073262510821223 ], [ 745372.258421311504208, 2574186.50574767543003 ], [ 745369.282999069429934, 2574185.938232840504497 ], [ 745366.30757682735566, 2574185.370718005113304 ], [ 745363.332154585397802, 2574184.803203170187771 ], [ 745360.356732343323529, 2574184.235688335262239 ] ] } },
{ "type": "Feature", "properties": { "osmid": "1338869936", "name": "nan", "highway": "secondary_link", "oneway": "False" }, "geometry": { "type": "LineString", "coordinates": [ [ 745387.135532521642745, 2574189.343321850523353 ], [ 745385.642805719398893, 2574191.998779247980565 ], [ 745384.150078917387873, 2574194.654236644972116 ], [ 745382.657352115376852, 2574197.309694042429328 ], [ 745381.164625313249417, 2574199.96515143988654 ], [ 745379.671898511121981, 2574202.620608836878091 ], [ 745378.179171708994545, 2574205.276066234335303 ], [ 745376.686444906983525, 2574207.931523631792516 ], [ 745375.193718104972504, 2574210.586981028784066 ], [ 745373.627207479788922, 2574213.182143677491695 ], [ 745371.896671863622032, 2574215.643268197309226 ], [ 745369.911870088428259, 2574217.896611206233501 ], [ 745367.730128632392734, 2574219.989018821623176 ], [ 745365.441688663209789, 2574221.994234424084425 ], [ 745363.136791348806582, 2574223.986001394689083 ], [ 745360.831894034519792, 2574225.977768365293741 ], [ 745358.526996720116585, 2574227.969535335898399 ], [ 745356.222099405829795, 2574229.961302306503057 ] ] } },
{ "type": "Feature", "properties": { "osmid": "364863452", "name": "nan", "highway": "residential", "oneway": "False" }, "geometry": { "type": "LineString", "coordinates": [ [ 745336.93240343767684, 2574448.606950616464019 ], [ 745335.765491551719606, 2574451.42202004045248 ], [ 745334.598579665762372, 2574454.237089464440942 ], [ 745333.431667779921554, 2574457.052158888429403 ], [ 745332.264755894080736, 2574459.867228312883526 ], [ 745331.097844008239917, 2574462.682297737337649 ], [ 745329.930932122282684, 2574465.497367161791772 ], [ 745328.76402023632545, 2574468.312436585780233 ], [ 745327.597108350484632, 2574471.127506009768695 ], [ 745326.430196464527398, 2574473.942575433757156 ], [ 745325.263284578570165, 2574476.757644857745618 ], [ 745324.127982552046888, 2574479.582067357376218 ], [ 745323.092528888490051, 2574482.436034094542265 ], [ 745322.225162091315724, 2574485.339736233931035 ], [ 745321.530900945537724, 2574488.294658788014203 ], [ 745320.941506947739981, 2574491.280610594898462 ], [ 745320.388741593924351, 2574494.277400489896536 ], [ 745319.835976240341552, 2574497.274190385360271 ], [ 745319.283210886642337, 2574500.270980281289667 ], [ 745318.730445533059537, 2574503.26777017628774 ], [ 745318.177680179476738, 2574506.264560071285814 ], [ 745317.624914825893939, 2574509.261349966283888 ] ] } },
{ "type": "Feature", "properties": { "osmid": "28691806", "name": "nan", "highway": "residential", "oneway": "False" }, "geometry": { "type": "LineString", "coordinates": [ [ 745613.281162401544861, 2574511.242549512535334 ], [ 745617.000704326550476, 2574511.312734469305724 ], [ 745620.326334320590831, 2574509.722068537026644 ], [ 745623.375353701878339, 2574506.468898680061102 ], [ 745626.605302176554687, 2574501.509920443873852 ], [ 745629.905617765034549, 2574498.174446039833128 ], [ 745633.158999149105512, 2574496.464128504507244 ], [ 745636.246888009482063, 2574496.409543571062386 ], [ 745639.334776869858615, 2574496.354958637617528 ], [ 745642.422665730235167, 2574496.300373704172671 ], [ 745645.510554590611719, 2574496.245788770727813 ], [ 745648.598443450871855, 2574496.191203837282956 ], [ 745651.686332311131991, 2574496.136618903838098 ], [ 745654.774221171624959, 2574496.08203397039324 ], [ 745657.862110032117926, 2574496.027449036948383 ], [ 745660.949998892378062, 2574495.972864103503525 ], [ 745664.037887752638198, 2574495.918279170058668 ], [ 745667.12577661301475, 2574495.863694236148149 ], [ 745671.855505118495785, 2574495.842004921287298 ], [ 745677.88397450663615, 2574495.859276216477156 ], [ 745684.868086015456356, 2574495.921573115512729 ], [ 745689.181061592535116, 2574495.969169374089688 ], [ 745691.284111110959202, 2574495.94588888855651 ], [ 745691.63844444451388, 2574495.795555555727333 ], [ 745692.229000000050291, 2574495.545 ] ] } },
{ "type": "Feature", "properties": { "osmid": "28691806", "name": "nan", "highway": "residential", "oneway": "False" }, "geometry": { "type": "LineString", "coordinates": [ [ 745613.281162401544861, 2574511.242549512535334 ], [ 745610.251699351356365, 2574510.886890433263034 ], [ 745607.222247700556181, 2574510.530963903758675 ], [ 745604.529810557025485, 2574510.210871046874672 ], [ 745602.511124733835459, 2574509.965339732356369 ], [ 745600.620994939352386, 2574508.246077454183251 ], [ 745598.18279248138424, 2574504.995829300489277 ], [ 745594.520333794876933, 2574500.153351018670946 ], [ 745590.720192334614694, 2574496.840417 ], [ 745587.121993684675545, 2574495.078181035816669 ], [ 745584.065363428904675, 2574494.887796916533262 ], [ 745581.00873317301739, 2574494.697412797715515 ], [ 745577.952102917130105, 2574494.507028678897768 ], [ 745574.89547266124282, 2574494.316644560080022 ], [ 745571.838842405471951, 2574494.126260441262275 ], [ 745568.782212149701081, 2574493.935876322444528 ], [ 745565.725581893813796, 2574493.745492203626782 ], [ 745562.668951638042927, 2574493.555108084809035 ], [ 745559.612321382272057, 2574493.364723965991288 ], [ 745556.555691126384772, 2574493.17433984670788 ], [ 745553.499060870613903, 2574492.983955727890134 ], [ 745550.442430614843033, 2574492.793571609072387 ], [ 745547.385800358955748, 2574492.603187490254641 ], [ 745544.329170103184879, 2574492.412803370971233 ], [ 745541.272539847414009, 2574492.222419252153486 ], [ 745538.215909591526724, 2574492.032035133335739 ], [ 745535.159279335755855, 2574491.841651014517993 ] ] } },
{ "type": "Feature", "properties": { "osmid": "364862960", "name": "nan", "highway": "residential", "oneway": "False" }, "geometry": { "type": "LineString", "coordinates": [ [ 745613.281162401544861, 2574511.242549512535334 ], [ 745614.049207071424462, 2574500.137968016322702 ], [ 745614.517139833420515, 2574492.244700165465474 ], [ 745614.684960687649436, 2574487.562745960894972 ], [ 745614.702725587994792, 2574484.486448579933494 ], [ 745614.720490488223732, 2574481.410151198040694 ], [ 745614.738255388452671, 2574478.333853816147894 ], [ 745614.738898857845925, 2574475.272017147392035 ], [ 745614.38312386488542, 2574472.511210514698178 ], [ 745613.331633377820253, 2574470.338003242854029 ], [ 745611.50655613921117, 2574468.804230438079685 ], [ 745609.562754964921623, 2574467.337440907489508 ], [ 745608.155092671164311, 2574465.365183458197862 ], [ 745607.466944818734191, 2574462.741093196440488 ], [ 745607.182745622820221, 2574459.751051990780979 ], [ 745606.885317832813598, 2574456.745523820165545 ], [ 745606.20841684367042, 2574453.981180832255632 ], [ 745604.874180922401138, 2574451.634626099374145 ], [ 745602.984221535269171, 2574449.64127751160413 ] ] } },
{ "type": "Feature", "properties": { "osmid": "1196732250", "name": "nan", "highway": "tertiary", "oneway": "False" }, "geometry": { "type": "LineString", "coordinates": [ [ 745263.643955612904392, 2574508.003048715181649 ], [ 745266.819306154851802, 2574508.077066435944289 ], [ 745269.994656696799211, 2574508.151084156706929 ], [ 745273.170007238746621, 2574508.225101877003908 ], [ 745276.34535778069403, 2574508.299119597766548 ], [ 745279.52070832264144, 2574508.37313731899485 ], [ 745282.696058864588849, 2574508.447155039291829 ], [ 745285.871409406536259, 2574508.521172759588808 ], [ 745289.046759948483668, 2574508.595190480351448 ], [ 745292.222110490314662, 2574508.669208201114088 ], [ 745295.397461032145657, 2574508.74322592234239 ], [ 745298.572811574209481, 2574508.817243642639369 ], [ 745301.748162116273306, 2574508.891261362936348 ], [ 745304.9235126581043, 2574508.965279083698988 ], [ 745308.098863199935295, 2574509.039296803995967 ], [ 745311.27421374199912, 2574509.113314524758607 ], [ 745314.449564284062944, 2574509.187332245986909 ], [ 745317.624914825893939, 2574509.261349966283888 ] ] } },
{ "type": "Feature", "properties": { "osmid": "364862815", "name": "nan", "highway": "residential", "oneway": "False" }, "geometry": { "type": "LineString", "coordinates": [ [ 745263.643955612904392, 2574508.003048715181649 ], [ 745263.746504315990023, 2574504.8644680082798 ], [ 745263.849053019075654, 2574501.725887301843613 ], [ 745263.951601722161286, 2574498.587306594941765 ], [ 745264.321338126435876, 2574495.600243485998362 ], [ 745265.160165728535503, 2574492.875084714498371 ], [ 745266.494495339808054, 2574490.413698319811374 ], [ 745267.816362369805574, 2574487.914917143527418 ], [ 745268.748370636138134, 2574485.159835741389543 ], [ 745269.264109327574261, 2574482.146586076822132 ], [ 745269.604355333722197, 2574479.024817708414048 ], [ 745269.944601339753717, 2574475.903049340471625 ], [ 745270.284847345785238, 2574472.781280972063541 ], [ 745270.625093351933174, 2574469.659512604121119 ] ] } },
{ "type": "Feature", "properties": { "osmid": "1196732250", "name": "nan", "highway": "tertiary", "oneway": "False" }, "geometry": { "type": "LineString", "coordinates": [ [ 745317.624914825893939, 2574509.261349966283888 ], [ 745320.657375788665377, 2574509.287708606105298 ], [ 745323.689836751320399, 2574509.314067244995385 ], [ 745326.722297714208253, 2574509.340425884816796 ], [ 745329.754758677096106, 2574509.366784524638206 ], [ 745332.787219639867544, 2574509.393143164459616 ], [ 745335.819680602755398, 2574509.419501804281026 ], [ 745338.852141565526836, 2574509.445860443636775 ], [ 745341.884602528181858, 2574509.472219083458185 ], [ 745344.917063491069712, 2574509.498577723279595 ], [ 745347.94952445384115, 2574509.524936363101006 ], [ 745350.981985416729003, 2574509.551295002456754 ], [ 745354.014446379500441, 2574509.577653641346842 ], [ 745357.046907342155464, 2574509.604012281168252 ], [ 745360.079368305043317, 2574509.630370920989662 ], [ 745363.111829267814755, 2574509.656729560811073 ], [ 745366.144290230702609, 2574509.683088200166821 ], [ 745369.176751193474047, 2574509.709446839988232 ], [ 745372.20921215612907, 2574509.735805479809642 ], [ 745375.241673119016923, 2574509.762164119631052 ], [ 745378.274134081788361, 2574509.788522758986801 ], [ 745381.306595044676214, 2574509.81488139834255 ], [ 745384.339056007447653, 2574509.841240037698299 ], [ 745387.371516970102675, 2574509.867598677519709 ], [ 745390.403977932990529, 2574509.893957317341119 ], [ 745393.436438895761967, 2574509.920315957162529 ], [ 745396.46889985864982, 2574509.946674596518278 ], [ 745399.501360821421258, 2574509.973033236339688 ] ] } },
{ "type": "Feature", "properties": { "osmid": "1196732250", "name": "nan", "highway": "tertiary", "oneway": "False" }, "geometry": { "type": "LineString", "coordinates": [ [ 745317.624914825893939, 2574509.261349966283888 ], [ 745314.449564284062944, 2574509.187332245055586 ], [ 745311.27421374199912, 2574509.113314524758607 ], [ 745308.098863199935295, 2574509.039296804461628 ], [ 745304.9235126581043, 2574508.965279083698988 ], [ 745301.748162116273306, 2574508.891261362936348 ], [ 745298.572811574209481, 2574508.817243641708046 ], [ 745295.397461032145657, 2574508.743225921411067 ], [ 745292.222110490314662, 2574508.669208201114088 ], [ 745289.046759948483668, 2574508.595190480351448 ], [ 745285.871409406536259, 2574508.521172760054469 ], [ 745282.696058864588849, 2574508.447155039291829 ], [ 745279.52070832264144, 2574508.373137318063527 ], [ 745276.34535778069403, 2574508.299119597766548 ], [ 745273.170007238746621, 2574508.225101877003908 ], [ 745269.994656696799211, 2574508.151084156706929 ], [ 745266.819306154851802, 2574508.077066435944289 ], [ 745263.643955612904392, 2574508.003048715181649 ] ] } },
{ "type": "Feature", "properties": { "osmid": "364863452", "name": "nan", "highway": "residential", "oneway": "False" }, "geometry": { "type": "LineString", "coordinates": [ [ 745317.624914825893939, 2574509.261349966283888 ], [ 745318.177680179476738, 2574506.264560071285814 ], [ 745318.730445533059537, 2574503.267770175356418 ], [ 745319.283210886642337, 2574500.270980280358344 ], [ 745319.835976240341552, 2574497.274190385360271 ], [ 745320.388741594157182, 2574494.277400490362197 ], [ 745320.941506947739981, 2574491.280610594898462 ], [ 745321.530900945537724, 2574488.294658788014203 ], [ 745322.225162091199309, 2574485.339736233931035 ], [ 745323.092528888373636, 2574482.436034094542265 ], [ 745324.127982552046888, 2574479.582067357376218 ], [ 745325.263284578570165, 2574476.757644858211279 ], [ 745326.430196464527398, 2574473.942575434222817 ], [ 745327.597108350484632, 2574471.127506009768695 ], [ 745328.76402023632545, 2574468.312436585314572 ], [ 745329.930932122282684, 2574465.497367160860449 ], [ 745331.097844008239917, 2574462.682297736871988 ], [ 745332.264755894080736, 2574459.867228312883526 ], [ 745333.431667779921554, 2574457.052158888895065 ], [ 745334.598579665762372, 2574454.237089464906603 ], [ 745335.765491551719606, 2574451.42202004045248 ], [ 745336.93240343767684, 2574448.606950616464019 ] ] } },
{ "type": "Feature", "properties": { "osmid": "323202270", "name": "nan", "highway": "residential", "oneway": "False" }, "geometry": { "type": "LineString", "coordinates": [ [ 745540.818483227980323, 2574309.456698733847588 ], [ 745540.43793813616503, 2574312.777131707873195 ], [ 745540.091286287293769, 2574315.876671681180596 ], [ 745539.782334274728782, 2574318.867396276909858 ], [ 745539.516440611798316, 2574321.638146494049579 ], [ 745539.186271918821149, 2574324.729634309187531 ], [ 745538.757646732963622, 2574327.912436796817929 ], [ 745538.234053588355891, 2574331.18574441364035 ], [ 745537.832581633352675, 2574334.025380082894117 ], [ 745537.601445731357671, 2574336.776910707354546 ], [ 745537.491966453497298, 2574339.661644135136157 ], [ 745537.325132744968869, 2574342.883704068604857 ], [ 745537.080084090935998, 2574346.102740582078695 ], [ 745536.784364420338534, 2574349.208345203194767 ], [ 745536.506068176706322, 2574352.091765405610204 ], [ 745536.241282139904797, 2574355.086360996123403 ], [ 745535.819791467511095, 2574358.610635185148567 ], [ 745535.03838617389556, 2574363.303925346583128 ], [ 745533.904000000096858, 2574368.944999999832362 ] ] } },
{ "type": "Feature", "properties": { "osmid": "364862984", "name": "nan", "highway": "residential", "oneway": "False" }, "geometry": { "type": "LineString", "coordinates": [ [ 745540.818483227980323, 2574309.456698733847588 ], [ 745540.818483227980323, 2574309.456698733847588 ], [ 745538.980502649559639, 2574309.244117825292051 ], [ 745534.955672187265009, 2574308.763937190175056 ], [ 745528.395122535643168, 2574307.961138009559363 ], [ 745522.625945546315052, 2574307.205863282550126 ], [ 745517.997010524384677, 2574306.553131827618927 ], [ 745514.857186775538139, 2574306.057962462771684 ], [ 745511.717363026575185, 2574305.562793097924441 ], [ 745508.577539277612232, 2574305.067623733077198 ], [ 745505.437715528649278, 2574304.572454368229955 ], [ 745502.29789177980274, 2574304.077285003848374 ], [ 745499.158068030839786, 2574303.582115639001131 ] ] } },
{ "type": "Feature", "properties": { "osmid": "323202270", "name": "nan", "highway": "residential", "oneway": "False" }, "geometry": { "type": "LineString", "coordinates": [ [ 745540.818483227980323, 2574309.456698733847588 ], [ 745541.2819087858079, 2574306.376092316117138 ], [ 745541.750924045220017, 2574303.185645345132798 ], [ 745542.149527984205633, 2574299.877568379975855 ], [ 745542.42300385015551, 2574296.669038960710168 ], [ 745542.600657462724485, 2574293.68718753522262 ], [ 745542.777910791803151, 2574291.065503594931215 ], [ 745542.979000000050291, 2574288.694999999832362 ] ] } },
{ "type": "Feature", "properties": { "osmid": "364863226", "name": "nan", "highway": "residential", "oneway": "False" }, "geometry": { "type": "LineString", "coordinates": [ [ 745497.616229035775177, 2574352.209314257372171 ], [ 745497.712593973032199, 2574349.170114343520254 ], [ 745497.80895891005639, 2574346.130914429668337 ], [ 745497.905323847313412, 2574343.091714516282082 ], [ 745498.001688784570433, 2574340.052514602895826 ], [ 745498.09805372171104, 2574337.013314689043909 ], [ 745498.194418658968061, 2574333.974114775191993 ], [ 745498.290783596225083, 2574330.934914861340076 ], [ 745498.387148533365689, 2574327.89571494795382 ], [ 745498.48351347038988, 2574324.856515034567565 ], [ 745498.579878407646902, 2574321.817315120715648 ], [ 745498.676243344903924, 2574318.778115207329392 ], [ 745498.77260828204453, 2574315.738915293943137 ], [ 745498.868973219301552, 2574312.69971538009122 ], [ 745498.965338156558573, 2574309.660515466239303 ], [ 745499.06170309369918, 2574306.621315552387387 ], [ 745499.158068030839786, 2574303.582115639001131 ] ] } },
{ "type": "Feature", "properties": { "osmid": "364863894", "name": "nan", "highway": "residential", "oneway": "False" }, "geometry": { "type": "LineString", "coordinates": [ [ 745497.616229035775177, 2574352.209314257372171 ], [ 745500.520962039474398, 2574353.300026145298034 ], [ 745503.425695043173619, 2574354.390738033223897 ], [ 745506.330428046989255, 2574355.48144992114976 ], [ 745509.23516105057206, 2574356.572161809075624 ], [ 745512.139894054271281, 2574357.662873697467148 ], [ 745516.669156481511891, 2574359.000861514359713 ], [ 745522.48028529912699, 2574360.574565484654158 ], [ 745529.095907553099096, 2574362.79588799411431 ], [ 745532.789591442327946, 2574365.582179574295878 ], [ 745533.904000000096858, 2574368.944999999832362 ] ] } },
{ "type": "Feature", "properties": { "osmid": "364863894", "name": "nan", "highway": "residential", "oneway": "False" }, "geometry": { "type": "LineString", "coordinates": [ [ 745497.616229035775177, 2574352.209314257372171 ], [ 745494.502898584585637, 2574352.220724385231733 ], [ 745491.389568133396097, 2574352.232134513091296 ], [ 745488.276237682322972, 2574352.243544640485197 ], [ 745485.162907231133431, 2574352.25495476834476 ], [ 745482.049590222421102, 2574352.267961682286114 ], [ 745478.936314339749515, 2574352.285853853914887 ], [ 745475.823107266915031, 2574352.311919757630676 ], [ 745472.709969802876003, 2574352.346254294272512 ], [ 745469.596874263952486, 2574352.385568990837783 ], [ 745466.483792966348119, 2574352.426575373392552 ], [ 745463.370711668743752, 2574352.467581755947322 ], [ 745460.257630371022969, 2574352.508588138967752 ], [ 745457.144549073302187, 2574352.549594521988183 ], [ 745454.03146777569782, 2574352.590600905474275 ], [ 745450.918386478093453, 2574352.631607288029045 ], [ 745447.805305180489086, 2574352.672613670583814 ], [ 745444.692223882768303, 2574352.713620053604245 ], [ 745441.579142585047521, 2574352.754626436159015 ], [ 745438.466061287443154, 2574352.795632819179446 ], [ 745433.78627569519449, 2574352.988049047067761 ], [ 745427.885683730244637, 2574353.327318854164332 ], [ 745421.110183314420283, 2574353.808885976672173 ], [ 745416.939080959185958, 2574354.125374460127205 ], [ 745415.026478742482141, 2574354.281340569723397 ] ] } },
{ "type": "Feature", "properties": { "osmid": "28691806", "name": "nan", "highway": "residential", "oneway": "False" }, "geometry": { "type": "LineString", "coordinates": [ [ 745415.026478742482141, 2574354.281340569723397 ], [ 745415.268190649803728, 2574356.72614837018773 ], [ 745415.520066725555807, 2574359.506476937327534 ], [ 745415.79918206401635, 2574362.620345560833812 ], [ 745416.109840819612145, 2574365.843198226764798 ], [ 745416.425309740938246, 2574368.84104876825586 ], [ 745416.710468013887294, 2574371.617954683955759 ], [ 745416.972544868593104, 2574374.397463201079518 ], [ 745417.218215791857801, 2574377.290982162114233 ], [ 745417.459852560423315, 2574380.296873416751623 ], [ 745417.689282958512194, 2574383.296103735920042 ], [ 745417.916571366717108, 2574386.298121303785592 ], [ 745418.151006093830802, 2574389.312425696756691 ], [ 745418.388558718492277, 2574392.364723665639758 ], [ 745418.62720111280214, 2574395.444928039330989 ], [ 745418.867121450952254, 2574398.542790186125785 ], [ 745419.114097521756776, 2574401.617953020613641 ], [ 745419.366020205081441, 2574404.659487199503928 ], [ 745419.617329846718349, 2574407.656752683687955 ], [ 745419.872308126185089, 2574410.64258033502847 ], [ 745420.16084195964504, 2574413.736473878379911 ], [ 745420.512001870083623, 2574416.945802395697683 ], [ 745420.9176507886732, 2574420.148292313329875 ], [ 745421.322738948627375, 2574423.126647448167205 ], [ 745421.677781603415497, 2574425.887505505699664 ], [ 745421.987499330658466, 2574428.654226856306195 ], [ 745422.265368728432804, 2574431.536809022538364 ], [ 745422.524925027624704, 2574434.533005881123245 ], [ 745422.763068391941488, 2574437.531188381370157 ], [ 745422.990741746034473, 2574440.530321336816996 ], [ 745423.216565199662, 2574443.529595946427435 ], [ 745423.442466822336428, 2574446.528865204658359 ], [ 745423.67007025226485, 2574449.528002798557281 ], [ 745423.903964341036044, 2574452.526627549435943 ], [ 745424.149430992896669, 2574455.524295325856656 ], [ 745424.410051441285759, 2574458.520680883899331 ], [ 745424.683070772327483, 2574461.515992362517864 ], [ 745424.960140640498139, 2574464.510939004365355 ], [ 745425.243735507596284, 2574467.617089638020843 ], [ 745425.523653753451072, 2574470.723497912753373 ], [ 745425.798987404443324, 2574473.830179201439023 ], [ 745426.050997021491639, 2574476.82657767413184 ], [ 745426.290687250322662, 2574479.823514780960977 ], [ 745426.516014755587094, 2574482.709468972403556 ], [ 745426.728519134572707, 2574485.261516687925905 ], [ 745426.908420786261559, 2574487.36973606608808 ], [ 745427.042775961570442, 2574488.923378720413893 ], [ 745429.057764401542954, 2574489.85398762812838 ], [ 745433.297254228964448, 2574490.168070848565549 ], [ 745440.115355207002722, 2574490.094985169824213 ], [ 745445.996871519251727, 2574490.001592684071511 ], [ 745450.615093676489778, 2574489.991603727918118 ], [ 745453.634528878726996, 2574490.057676844764501 ], [ 745456.6539640808478, 2574490.123749962542206 ], [ 745459.673399282968603, 2574490.18982307985425 ], [ 745462.692834484972991, 2574490.255896197166294 ], [ 745465.712269687093794, 2574490.321969314012676 ], [ 745468.731704889331013, 2574490.388042431790382 ], [ 745471.751140091451816, 2574490.454115549568087 ], [ 745474.770575293456204, 2574490.520188666880131 ], [ 745477.790010495693423, 2574490.586261784192175 ], [ 745480.809445697814226, 2574490.652334901038557 ], [ 745483.828880899935029, 2574490.718408018816262 ], [ 745486.848316101939417, 2574490.784481136128306 ], [ 745489.867751304060221, 2574490.850554253906012 ], [ 745492.887186506181024, 2574490.916627371218055 ], [ 745495.906621708185412, 2574490.982700488064438 ], [ 745498.926056910306215, 2574491.048773605842143 ], [ 745501.945492112543434, 2574491.114846723154187 ], [ 745504.964927314664237, 2574491.180919840931892 ], [ 745507.984362516668625, 2574491.246992958243936 ], [ 745511.003797718905844, 2574491.313066075090319 ], [ 745514.023232921026647, 2574491.379139192868024 ], [ 745517.04266812314745, 2574491.445212310180068 ], [ 745520.062103325151838, 2574491.511285427492112 ], [ 745523.081538527272642, 2574491.577358544338495 ], [ 745526.100973729393445, 2574491.6434316621162 ], [ 745529.120408931397833, 2574491.709504779893905 ], [ 745532.139844133518636, 2574491.775577897205949 ], [ 745535.159279335755855, 2574491.841651014517993 ] ] } },
{ "type": "Feature", "properties": { "osmid": "28691806", "name": "nan", "highway": "residential", "oneway": "False" }, "geometry": { "type": "LineString", "coordinates": [ [ 745415.026478742482141, 2574354.281340569723397 ], [ 745414.714920912403613, 2574350.834138751961291 ], [ 745414.426342039718293, 2574347.501439388841391 ], [ 745414.172556610661559, 2574344.394672778900713 ], [ 745413.927564075798728, 2574341.179514199495316 ], [ 745413.708104924648069, 2574338.182153027504683 ], [ 745413.480730987619609, 2574335.180449135601521 ], [ 745413.253060857299715, 2574332.286008848343045 ], [ 745413.000425400678068, 2574329.281063798349351 ], [ 745412.742776656406932, 2574326.276478014886379 ], [ 745412.478194977040403, 2574323.272439604625106 ], [ 745412.209773846319877, 2574320.268743522465229 ], [ 745411.938592700869776, 2574317.265291700605303 ], [ 745411.666493798024021, 2574314.261930752079934 ], [ 745411.395118095446378, 2574311.258545928169042 ], [ 745411.111851650406606, 2574308.144428433850408 ], [ 745410.834703989326954, 2574305.030395619571209 ], [ 745410.557513713720255, 2574301.917086904402822 ], [ 745410.300432348274626, 2574298.914288004860282 ], [ 745410.02921827242244, 2574295.80024173669517 ], [ 745409.764173745294102, 2574292.57294760691002 ], [ 745409.513922933372669, 2574289.344035231042653 ], [ 745409.293592916219495, 2574286.224544058553874 ], [ 745409.105878700152971, 2574283.215127674862742 ], [ 745408.938675108947791, 2574280.31694354955107 ], [ 745408.770649926154874, 2574277.419853094965219 ], [ 745408.569013385451399, 2574274.525144022889435 ], [ 745408.326296753599308, 2574271.409015217330307 ], [ 745408.082046767114662, 2574268.291957027744502 ], [ 745407.852105844416656, 2574265.173363423440605 ], [ 745407.639469248591922, 2574262.165190919302404 ], [ 745407.417171768494882, 2574259.27055803546682 ], [ 745407.173861129209399, 2574256.717738265637308 ], [ 745406.88366506237071, 2574254.741652581840754 ], [ 745406.525994526571594, 2574253.356372638139874 ], [ 745407.447998953983188, 2574251.165148092899472 ], [ 745409.590284213423729, 2574247.781351265031844 ], [ 745411.484330826904625, 2574244.155831030104309 ], [ 745410.3432178767398, 2574242.566926000174135 ], [ 745406.151191714336164, 2574243.173945193644613 ], [ 745401.624495071009733, 2574242.6113784420304 ], [ 745398.365754495491274, 2574239.933866887819022 ], [ 745396.716402277466841, 2574235.376888683531433 ], [ 745395.457513713161461, 2574231.227599026169628 ] ] } },
{ "type": "Feature", "properties": { "osmid": "364863894", "name": "nan", "highway": "residential", "oneway": "False" }, "geometry": { "type": "LineString", "coordinates": [ [ 745415.026478742482141, 2574354.281340569723397 ], [ 745416.939080959185958, 2574354.125374460127205 ], [ 745421.110183314420283, 2574353.808885976672173 ], [ 745427.885683730128221, 2574353.327318854164332 ], [ 745433.786275695078075, 2574352.9880490466021 ], [ 745438.466061287443154, 2574352.795632819179446 ], [ 745441.579142585047521, 2574352.754626436624676 ], [ 745444.692223882768303, 2574352.713620053604245 ], [ 745447.805305180489086, 2574352.672613670583814 ], [ 745450.918386478093453, 2574352.631607287097722 ], [ 745454.03146777569782, 2574352.590600904542953 ], [ 745457.144549073302187, 2574352.549594521988183 ], [ 745460.257630371022969, 2574352.508588138967752 ], [ 745463.370711668743752, 2574352.467581756412983 ], [ 745466.483792966348119, 2574352.426575373392552 ], [ 745469.596874263952486, 2574352.38556898990646 ], [ 745472.709969802876003, 2574352.346254294272512 ], [ 745475.823107266915031, 2574352.311919757630676 ], [ 745478.936314339749515, 2574352.285853853914887 ], [ 745482.049590222421102, 2574352.267961682286114 ], [ 745485.162907231133431, 2574352.25495476834476 ], [ 745488.276237682322972, 2574352.243544640485197 ], [ 745491.389568133396097, 2574352.232134513091296 ], [ 745494.502898584585637, 2574352.220724385231733 ], [ 745497.616229035775177, 2574352.209314257372171 ] ] } },
{ "type": "Feature", "properties": { "osmid": "364863894", "name": "nan", "highway": "residential", "oneway": "False" }, "geometry": { "type": "LineString", "coordinates": [ [ 745553.920800168300048, 2574362.182590552140027 ], [ 745547.240302183199674, 2574361.878180608619004 ], [ 745541.232822496560402, 2574361.550712823867798 ], [ 745537.541003813385032, 2574361.4298169859685 ], [ 745535.804622444324195, 2574361.63588880142197 ], [ 745535.687169240205549, 2574362.18045719107613 ], [ 745535.549427949823439, 2574362.834577859845012 ], [ 745535.284202809561975, 2574363.91360983485356 ], [ 745534.736868977430277, 2574365.9506457131356 ], [ 745533.904000000096858, 2574368.944999999832362 ] ] } },
{ "type": "Feature", "properties": { "osmid": "28691800", "name": "nan", "highway": "residential", "oneway": "False" }, "geometry": { "type": "LineString", "coordinates": [ [ 745607.329000000027008, 2574432.545 ], [ 745609.821042311727069, 2574433.391597725450993 ], [ 745612.448476583114825, 2574434.363993228878826 ], [ 745615.196741168270819, 2574435.438629040494561 ], [ 745618.208444291376509, 2574436.593009492848068 ], [ 745621.194253369118087, 2574437.712541293352842 ], [ 745624.164896435686387, 2574438.835395567584783 ], [ 745627.024509628652595, 2574439.927048340905458 ], [ 745630.006931283394806, 2574441.018850718159229 ], [ 745633.12261241406668, 2574442.074487266596407 ], [ 745636.374602358788252, 2574443.077097601722926 ], [ 745639.541247915825807, 2574443.966790351551026 ], [ 745642.615015942952596, 2574444.768476687837392 ], [ 745645.582108596223406, 2574445.532141185831279 ], [ 745648.542946824338287, 2574446.320212011691183 ], [ 745651.49844636733178, 2574447.129479770548642 ] ] } },
{ "type": "Feature", "properties": { "osmid": "364862960", "name": "nan", "highway": "residential", "oneway": "False" }, "geometry": { "type": "LineString", "coordinates": [ [ 745607.329000000027008, 2574432.545 ], [ 745607.039668139070272, 2574432.393647383432835 ], [ 745607.229939094395377, 2574432.412265182007104 ], [ 745607.689349955529906, 2574432.547744202893227 ], [ 745607.613370070117526, 2574434.600863305386156 ], [ 745605.974839626462199, 2574440.281004677060992 ], [ 745602.984221535269171, 2574449.64127751160413 ] ] } },
{ "type": "Feature", "properties": { "osmid": "28691800", "name": "nan", "highway": "residential", "oneway": "False" }, "geometry": { "type": "LineString", "coordinates": [ [ 745607.329000000027008, 2574432.545 ], [ 745603.607320028007962, 2574431.016186775173992 ], [ 745600.289498148951679, 2574429.519020521547645 ], [ 745597.385997566743754, 2574428.035334879066795 ], [ 745594.702005206723697, 2574426.537395591847599 ], [ 745592.048936975072138, 2574424.985196627676487 ], [ 745589.411561452434398, 2574423.405071441549808 ], [ 745586.862358720158227, 2574421.902168263215572 ], [ 745584.314246944966726, 2574420.416348995640874 ], [ 745581.782633503782563, 2574418.924154392443597 ], [ 745579.10485864803195, 2574417.247741183266044 ], [ 745576.431758532766253, 2574415.55118603259325 ], [ 745573.745102628599852, 2574413.861614732537419 ], [ 745571.123205410898663, 2574412.271968188229948 ], [ 745568.479438447044231, 2574410.720829426776618 ], [ 745565.811986896325834, 2574409.227132934611291 ], [ 745563.143301933654584, 2574407.766387845855206 ], [ 745560.491302212351002, 2574406.315260196104646 ], [ 745557.87554115569219, 2574404.822168205399066 ], [ 745555.265652460511774, 2574403.322685188148171 ], [ 745552.670488097239286, 2574401.791085917968303 ], [ 745550.086608239798807, 2574400.236510944087058 ], [ 745547.529220356256701, 2574398.63632463151589 ], [ 745544.971681952942163, 2574397.037123530637473 ], [ 745542.379204197204672, 2574395.509394386317581 ], [ 745539.880013760528527, 2574394.018207354936749 ], [ 745537.679994906648062, 2574392.501499001402408 ], [ 745536.052350142155774, 2574390.802602459210902 ], [ 745534.943742177798413, 2574388.85798402223736 ], [ 745534.205780324409716, 2574386.577796218916774 ], [ 745533.63857816439122, 2574384.050442161504179 ], [ 745533.220039674895816, 2574381.487967348191887 ], [ 745532.947719467687421, 2574379.131735371891409 ], [ 745532.776382896932773, 2574376.991196342278272 ] ] } },
{ "type": "Feature", "properties": { "osmid": "419824039", "name": "nan", "highway": "residential", "oneway": "False" }, "geometry": { "type": "LineString", "coordinates": [ [ 745590.339253443526104, 2574449.132755281869322 ], [ 745593.500495466403663, 2574449.25988583965227 ], [ 745596.661737489397638, 2574449.387016396969557 ], [ 745599.822979512275197, 2574449.514146954286844 ], [ 745602.984221535269171, 2574449.64127751160413 ] ] } },
{ "type": "Feature", "properties": { "osmid": "364862960", "name": "nan", "highway": "residential", "oneway": "False" }, "geometry": { "type": "LineString", "coordinates": [ [ 745602.984221535269171, 2574449.64127751160413 ], [ 745605.974839626462199, 2574440.28100467659533 ], [ 745607.613370070233941, 2574434.600863305386156 ], [ 745607.689349955529906, 2574432.547744202893227 ], [ 745607.229939094395377, 2574432.412265182007104 ], [ 745607.039668139070272, 2574432.393647383432835 ], [ 745607.329000000027008, 2574432.545 ] ] } },
{ "type": "Feature", "properties": { "osmid": "419824039", "name": "nan", "highway": "residential", "oneway": "False" }, "geometry": { "type": "LineString", "coordinates": [ [ 745602.984221535269171, 2574449.64127751160413 ], [ 745599.822979512275197, 2574449.514146954286844 ], [ 745596.661737489397638, 2574449.387016396969557 ], [ 745593.500495466403663, 2574449.25988583965227 ], [ 745590.339253443526104, 2574449.132755281869322 ] ] } },
{ "type": "Feature", "properties": { "osmid": "364862960", "name": "nan", "highway": "residential", "oneway": "False" }, "geometry": { "type": "LineString", "coordinates": [ [ 745602.984221535269171, 2574449.64127751160413 ], [ 745604.874180922401138, 2574451.634626099839807 ], [ 745606.20841684367042, 2574453.981180832255632 ], [ 745606.885317832813598, 2574456.745523820165545 ], [ 745607.182745622820221, 2574459.751051990780979 ], [ 745607.466944818734191, 2574462.741093196440488 ], [ 745608.155092671164311, 2574465.365183458197862 ], [ 745609.562754964921623, 2574467.337440907489508 ], [ 745611.50655613921117, 2574468.804230438079685 ], [ 745613.331633377820253, 2574470.338003242854029 ], [ 745614.38312386488542, 2574472.511210514698178 ], [ 745614.73889885796234, 2574475.272017147392035 ], [ 745614.738255388452671, 2574478.333853816613555 ], [ 745614.720490488223732, 2574481.410151198040694 ], [ 745614.702725587878376, 2574484.486448579002172 ], [ 745614.684960687649436, 2574487.562745960894972 ], [ 745614.51713983353693, 2574492.244700165465474 ], [ 745614.049207071424462, 2574500.137968016322702 ], [ 745613.281162401544861, 2574511.242549512535334 ] ] } },
{ "type": "Feature", "properties": { "osmid": "28691844", "name": "nan", "highway": "tertiary", "oneway": "False" }, "geometry": { "type": "LineString", "coordinates": [ [ 745507.562786142574623, 2574536.791134512983263 ], [ 745504.34993511531502, 2574535.762910665478557 ], [ 745501.137084087939002, 2574534.734686817508191 ], [ 745497.924233060795814, 2574533.706462969537824 ], [ 745494.711382033652626, 2574532.678239121567458 ], [ 745491.498531006276608, 2574531.650015274062753 ], [ 745488.285679979017004, 2574530.621791426092386 ] ] } },
{ "type": "Feature", "properties": { "osmid": "364862867", "name": "nan", "highway": "residential", "oneway": "False" }, "geometry": { "type": "LineString", "coordinates": [ [ 745507.562786142574623, 2574536.791134512983263 ], [ 745508.382465082104318, 2574533.594795661512762 ], [ 745509.417517008725554, 2574529.110992946196347 ], [ 745510.576866484829225, 2574523.694875128567219 ], [ 745511.769438072224148, 2574517.701590969692916 ], [ 745512.584136670106091, 2574514.075277803931385 ], [ 745513.112037715851329, 2574512.460786871146411 ], [ 745513.555520038004033, 2574512.511250227689743 ], [ 745514.11115325812716, 2574512.559172465931624 ], [ 745514.890511194244027, 2574512.607792493421584 ], [ 745515.782290455535986, 2574512.648829492274672 ] ] } },
{ "type": "Feature", "properties": { "osmid": "28691844", "name": "nan", "highway": "tertiary", "oneway": "False" }, "geometry": { "type": "LineString", "coordinates": [ [ 745507.562786142574623, 2574536.791134512983263 ], [ 745510.136626425082795, 2574538.348002478480339 ], [ 745512.736757595208474, 2574539.838987475726753 ], [ 745515.403705155011266, 2574541.162535676732659 ], [ 745518.177994606434368, 2574542.217093251179904 ], [ 745521.047569675836712, 2574543.032872303854674 ], [ 745523.971904861275107, 2574543.711426664609462 ], [ 745526.910474660922773, 2574544.35431016376242 ], [ 745529.849044460686855, 2574544.997193662915379 ], [ 745532.787614260450937, 2574545.640077162068337 ], [ 745535.726184060215019, 2574546.282960661221296 ], [ 745538.664753859862685, 2574546.925844160374254 ], [ 745541.603323659510352, 2574547.568727659527212 ], [ 745544.541893459274434, 2574548.211611158680171 ], [ 745547.4804632589221, 2574548.854494657833129 ], [ 745550.419033058569767, 2574549.497378157451749 ], [ 745553.357602858333848, 2574550.140261656604707 ], [ 745556.29617265809793, 2574550.783145155757666 ] ] } },
{ "type": "Feature", "properties": { "osmid": "365241465", "name": "nan", "highway": "residential", "oneway": "False" }, "geometry": { "type": "LineString", "coordinates": [ [ 746174.436453069443814, 2573777.695784364361316 ], [ 746174.827063859440386, 2573780.933235407341272 ], [ 746175.217674649320543, 2573784.170686450321227 ], [ 746175.608285439200699, 2573787.408137493301183 ], [ 746175.998896229080856, 2573790.645588536281139 ], [ 746176.389507018961012, 2573793.883039579261094 ], [ 746176.780117808841169, 2573797.12049062224105 ], [ 746177.170728598721325, 2573800.357941665221006 ], [ 746177.561339388717897, 2573803.595392708200961 ], [ 746177.951950178830884, 2573806.832843751180917 ], [ 746178.342560968594626, 2573810.070294794160873 ] ] } },
{ "type": "Feature", "properties": { "osmid": "419836078", "name": "nan", "highway": "residential", "oneway": "False" }, "geometry": { "type": "LineString", "coordinates": [ [ 746174.436453069443814, 2573777.695784364361316 ], [ 746177.409137640497647, 2573777.143825334962457 ], [ 746180.381822211667895, 2573776.591866305097938 ], [ 746183.354506782721728, 2573776.039907275233418 ], [ 746186.327191353775561, 2573775.487948245834559 ], [ 746189.299875924945809, 2573774.935989215504378 ], [ 746192.272560496232472, 2573774.384030185639858 ], [ 746195.245245067286305, 2573773.832071155775338 ], [ 746198.217929638340138, 2573773.28011212637648 ], [ 746201.190614209510386, 2573772.72815309651196 ], [ 746204.163298780564219, 2573772.17619406664744 ], [ 746207.135983351618052, 2573771.624235037248582 ], [ 746210.108667922671884, 2573771.072276007384062 ], [ 746213.081352493725717, 2573770.520316977519542 ], [ 746216.054037064895965, 2573769.968357948120683 ], [ 746219.026721636066213, 2573769.416398917790502 ] ] } },
{ "type": "Feature", "properties": { "osmid": "365241465", "name": "nan", "highway": "residential", "oneway": "False" }, "geometry": { "type": "LineString", "coordinates": [ [ 746174.436453069443814, 2573777.695784364361316 ], [ 746172.98500701377634, 2573774.955885989125818 ], [ 746171.53356095822528, 2573772.215987613424659 ], [ 746170.082114902674221, 2573769.4760892377235 ], [ 746168.630668847006746, 2573766.736190862488002 ], [ 746167.171173822600394, 2573764.000886477064341 ], [ 746165.684795389068313, 2573761.280925933737308 ], [ 746164.152699105907232, 2573758.587059086188674 ], [ 746162.572148470557295, 2573755.920847806613892 ], [ 746160.961977923172526, 2573753.271542242262512 ], [ 746159.34102190413978, 2573750.628392541315407 ], [ 746157.720065885339864, 2573747.985242839436978 ], [ 746156.099109866539948, 2573745.34209313755855 ], [ 746154.478153847507201, 2573742.698943436145782 ], [ 746152.85719782859087, 2573740.055793734267354 ], [ 746151.236241809674539, 2573737.412644032854587 ], [ 746149.615285790874623, 2573734.76949433144182 ] ] } },
{ "type": "Feature", "properties": { "osmid": "365240068", "name": "nan", "highway": "secondary", "oneway": "True" }, "geometry": { "type": "LineString", "coordinates": [ [ 746032.886031548376195, 2573777.040160585194826 ], [ 746031.806026712409221, 2573780.149467482231557 ], [ 746031.266591958352365, 2573783.178520190529525 ] ] } },
{ "type": "Feature", "properties": { "osmid": "417583217", "name": "nan", "highway": "residential", "oneway": "False" }, "geometry": { "type": "LineString", "coordinates": [ [ 745814.724274975131266, 2573773.660174097400159 ], [ 745815.174816093523987, 2573776.633080307859927 ], [ 745815.625357211916707, 2573779.605986519251019 ], [ 745816.075898330309428, 2573782.57889273064211 ], [ 745816.526439448702149, 2573785.55179894156754 ], [ 745816.97698056709487, 2573788.52470515249297 ], [ 745817.427521685487591, 2573791.497611362952739 ], [ 745817.878062803880312, 2573794.47051757434383 ], [ 745818.328603922273032, 2573797.44342378526926 ], [ 745818.779145040665753, 2573800.416329996660352 ], [ 745819.229686159058474, 2573803.389236207585782 ], [ 745819.680227277451195, 2573806.362142418511212 ] ] } },
{ "type": "Feature", "properties": { "osmid": "28691618", "name": "nan", "highway": "tertiary", "oneway": "False" }, "geometry": { "type": "LineString", "coordinates": [ [ 746043.555741909425706, 2573788.073408381547779 ], [ 746044.95803589373827, 2573788.963791725691408 ], [ 746047.003472161013633, 2573791.104662799742073 ], [ 746049.7468135926174, 2573794.725634402129799 ], [ 746051.723147261422127, 2573798.253371745813638 ], [ 746053.086407754919492, 2573801.538375975098461 ], [ 746053.617921284050681, 2573804.783374301623553 ], [ 746053.95726256724447, 2573808.553722143638879 ], [ 746053.909644153551199, 2573812.316951407585293 ], [ 746053.798525821999647, 2573815.200085766147822 ], [ 746053.853152705705725, 2573817.646307273302227 ], [ 746054.218577557126991, 2573820.097652914468199 ], [ 746054.731569947325625, 2573823.110601569991559 ], [ 746055.23222803499084, 2573826.128552108537406 ], [ 746055.666537932585925, 2573829.325643110554665 ], [ 746055.979688548133709, 2573832.476003460586071 ], [ 746056.206191541743465, 2573835.805112669244409 ], [ 746056.439537520054728, 2573838.731164518278092 ], [ 746056.822340887971222, 2573841.470679329242557 ], [ 746057.414210095186718, 2573844.125171426683664 ], [ 746058.123039160505868, 2573846.995375963393599 ], [ 746058.856669922242872, 2573849.859943231102079 ], [ 746059.595408214256167, 2573852.723734343890101 ], [ 746060.313779568765312, 2573855.699135261122137 ], [ 746060.667153652873822, 2573859.207517060916871 ], [ 746060.508446222753264, 2573862.541610619053245 ], [ 746059.902839425485581, 2573864.961942646186799 ], [ 746059.202999999979511, 2573866.162 ] ] } },
{ "type": "Feature", "properties": { "osmid": "365240068", "name": "nan", "highway": "secondary", "oneway": "True" }, "geometry": { "type": "LineString", "coordinates": [ [ 746043.555741909425706, 2573788.073408381547779 ], [ 746049.792844083742239, 2573781.873925909865648 ] ] } },
{ "type": "Feature", "properties": { "osmid": "28691825", "name": "nan", "highway": "residential", "oneway": "False" }, "geometry": { "type": "LineString", "coordinates": [ [ 745934.160999999963678, 2574514.028 ], [ 745930.473663257900625, 2574514.175546147394925 ], [ 745929.459883245173842, 2574514.240503560751677 ], [ 745931.122444217209704, 2574514.265554197132587 ], [ 745934.127064747270197, 2574514.252582839224488 ], [ 745937.138093249872327, 2574514.275084342807531 ], [ 745940.151465526665561, 2574514.330165517050773 ], [ 745943.164905207115225, 2574514.401801323052496 ], [ 745946.176600754843093, 2574514.461481190286577 ], [ 745949.294542260817252, 2574514.494334255810827 ], [ 745952.406261439085938, 2574514.563988769892603 ], [ 745955.508953320793808, 2574514.660702830180526 ], [ 745958.502013079705648, 2574514.696176454424858 ], [ 745961.610674037947319, 2574514.648049958515912 ], [ 745964.841857371735387, 2574514.60576608357951 ], [ 745968.077228542068042, 2574514.6653290851973 ], [ 745971.203664605040103, 2574514.824414422269911 ], [ 745974.216796194552444, 2574515.034815596416593 ], [ 745977.229528316413052, 2574515.25732635287568 ], [ 745980.242832998395897, 2574515.480099977459759 ], [ 745983.25720967061352, 2574515.69165657972917 ], [ 745986.270877843140624, 2574515.910987725947052 ], [ 745989.283572877640836, 2574516.123040324542671 ], [ 745992.295422053895891, 2574516.280841775704175 ], [ 745995.309365009772591, 2574516.33772354805842 ], [ 745998.325562314596027, 2574516.323480250313878 ], [ 746001.342677783104591, 2574516.341748525388539 ], [ 746004.356828949879855, 2574516.454062692821026 ], [ 746007.367070987005718, 2574516.617699159309268 ], [ 746010.376617168541998, 2574516.736875026021153 ], [ 746013.389282531104982, 2574516.74484885064885 ], [ 746016.396043027867563, 2574516.722914716228843 ], [ 746019.376685020048171, 2574516.822278270963579 ], [ 746022.440732139628381, 2574517.109731469769031 ], [ 746025.608487625955604, 2574517.494742969516665 ], [ 746028.916791973519139, 2574517.73256127582863 ], [ 746032.639076703111641, 2574517.481017958838493 ], [ 746037.259997879038565, 2574516.502300708089024 ], [ 746042.761000000056811, 2574514.927999999839813 ] ] } },
{ "type": "Feature", "properties": { "osmid": "28691825", "name": "nan", "highway": "residential", "oneway": "False" }, "geometry": { "type": "LineString", "coordinates": [ [ 745934.160999999963678, 2574514.028 ], [ 745924.447914498043247, 2574514.125606996938586 ], [ 745917.411403023637831, 2574514.174733061809093 ], [ 745913.052845921250992, 2574514.152397309895605 ], [ 745910.035033052787185, 2574514.084728646092117 ], [ 745907.022558437194675, 2574514.039567159488797 ], [ 745904.008924645022489, 2574514.060925825033337 ], [ 745900.988222798914649, 2574514.139286508318037 ], [ 745897.950887691345997, 2574514.194035614375025 ], [ 745894.902237889706157, 2574514.224606912117451 ], [ 745891.854397655115463, 2574514.304092339705676 ], [ 745888.824567391071469, 2574514.553365277592093 ], [ 745885.814986324054189, 2574514.980936831329018 ], [ 745882.811151960399002, 2574515.457711385097355 ], [ 745879.79220375965815, 2574515.829978266730905 ], [ 745876.753014359041117, 2574516.031389460433275 ], [ 745873.704308069427498, 2574516.109882251359522 ], [ 745870.660338802845217, 2574516.120894296560436 ], [ 745867.516154030687176, 2574516.088044343981892 ], [ 745864.381152957677841, 2574516.019431020598859 ], [ 745861.251482217106968, 2574515.939985875505954 ], [ 745858.346445679082535, 2574515.871406436432153 ], [ 745855.442082424066029, 2574515.862569757271558 ], [ 745852.427543880417943, 2574515.915977369993925 ], [ 745849.191408201120794, 2574516.012189924251288 ], [ 745845.844913444365375, 2574516.050028245896101 ], [ 745842.60995419556275, 2574515.988660169299692 ], [ 745839.486184500041418, 2574515.842578958254308 ], [ 745836.471906960825436, 2574515.696645768824965 ], [ 745833.467292836750858, 2574515.527982246596366 ], [ 745830.478939678985626, 2574515.293632023502141 ], [ 745827.510726589127444, 2574514.983175167348236 ], [ 745824.543157104286365, 2574514.686971202027053 ], [ 745821.565714783035219, 2574514.511867728549987 ], [ 745818.576046709320508, 2574514.444563437253237 ], [ 745815.581087665981613, 2574514.487760741729289 ], [ 745812.58445298357401, 2574514.568824131507427 ], [ 745809.586131050018594, 2574514.684770664200187 ] ] } },
{ "type": "Feature", "properties": { "osmid": "365240519", "name": "nan", "highway": "residential", "oneway": "False" }, "geometry": { "type": "LineString", "coordinates": [ [ 745934.160999999963678, 2574514.028 ], [ 745927.132471912889741, 2574514.200964286457747 ], [ 745922.781335247331299, 2574514.296008526813239 ], [ 745921.107590003171936, 2574514.31313272099942 ] ] } },
{ "type": "Feature", "properties": { "osmid": "365241586", "name": "nan", "highway": "residential", "oneway": "False" }, "geometry": { "type": "LineString", "coordinates": [ [ 746046.586861202027649, 2573681.936994288116693 ], [ 746043.445206856704317, 2573682.328110463917255 ], [ 746040.303552511148155, 2573682.719226640183479 ], [ 746037.161898165591992, 2573683.110342816915363 ], [ 746034.020243820268661, 2573683.501458992715925 ], [ 746030.878589474945329, 2573683.892575168516487 ], [ 746027.736935129389167, 2573684.28369134478271 ], [ 746024.595280783833005, 2573684.674807521048933 ], [ 746021.453626438393258, 2573685.065923697780818 ], [ 746018.311972092953511, 2573685.45703987358138 ], [ 746015.170317747513764, 2573685.848156049381942 ], [ 746012.028663402074017, 2573686.239272225648165 ], [ 746008.88700905663427, 2573686.630388401448727 ], [ 746005.745354711194523, 2573687.02150457771495 ] ] } },
{ "type": "Feature", "properties": { "osmid": "419836082", "name": "nan", "highway": "residential", "oneway": "False" }, "geometry": { "type": "LineString", "coordinates": [ [ 746046.586861202027649, 2573681.936994288116693 ], [ 746048.18602714559529, 2573684.526838292833418 ], [ 746050.179544668761082, 2573686.567026568111032 ], [ 746052.724781612516381, 2573687.735730358865112 ], [ 746055.665386024280451, 2573688.019542280118912 ], [ 746058.791704998468049, 2573687.78138442710042 ], [ 746061.946370693738572, 2573687.343085556756705 ], [ 746065.101884511415847, 2573686.898798547685146 ], [ 746068.257398329209536, 2573686.454511538613588 ], [ 746071.412912147003226, 2573686.01022453000769 ], [ 746074.5684259646805, 2573685.56593752047047 ], [ 746077.723939782357775, 2573685.121650511398911 ], [ 746080.879453600151464, 2573684.677363502327353 ] ] } },
{ "type": "Feature", "properties": { "osmid": "365241586", "name": "nan", "highway": "residential", "oneway": "False" }, "geometry": { "type": "LineString", "coordinates": [ [ 746005.745354711194523, 2573687.02150457771495 ], [ 746008.88700905663427, 2573686.630388401448727 ], [ 746012.028663402074017, 2573686.239272225648165 ], [ 746015.170317747513764, 2573685.848156049381942 ], [ 746018.311972092953511, 2573685.457039872650057 ], [ 746021.453626438393258, 2573685.065923696849495 ], [ 746024.595280783833005, 2573684.674807521048933 ], [ 746027.736935129389167, 2573684.28369134478271 ], [ 746030.878589474945329, 2573683.892575168982148 ], [ 746034.020243820268661, 2573683.501458992715925 ], [ 746037.161898165591992, 2573683.11034281598404 ], [ 746040.303552511148155, 2573682.719226640183479 ], [ 746043.445206856704317, 2573682.328110464382917 ], [ 746046.586861202027649, 2573681.936994288116693 ] ] } },
{ "type": "Feature", "properties": { "osmid": "28692132", "name": "nan", "highway": "residential", "oneway": "False" }, "geometry": { "type": "LineString", "coordinates": [ [ 745766.357046723132953, 2573733.701857933308929 ], [ 745763.143435916281305, 2573734.100146772805601 ], [ 745759.929825109429657, 2573734.498435612302274 ], [ 745756.716214302461594, 2573734.896724451798946 ], [ 745753.502603495493531, 2573735.295013291295618 ] ] } },
{ "type": "Feature", "properties": { "osmid": "28692132", "name": "nan", "highway": "residential", "oneway": "False" }, "geometry": { "type": "LineString", "coordinates": [ [ 745766.357046723132953, 2573733.701857933308929 ], [ 745769.457766881794669, 2573733.568362439982593 ], [ 745772.547955399379134, 2573733.333009589929134 ], [ 745775.622217173338868, 2573732.943620345089585 ], [ 745778.685430177603848, 2573732.447372303809971 ], [ 745781.742989514954388, 2573731.896444505546242 ], [ 745784.800290287821554, 2573731.343015987891704 ], [ 745787.857399130123667, 2573730.788552995305508 ], [ 745790.913765779347159, 2573730.230089701712132 ], [ 745793.968839973327704, 2573729.664660281036049 ], [ 745797.022455310332589, 2573729.091367856133729 ], [ 745800.075162052758969, 2573728.513178254012018 ], [ 745803.127510463469662, 2573727.933057300746441 ], [ 745806.179858874180354, 2573727.352936347480863 ], [ 745809.232207284891047, 2573726.772815393749624 ], [ 745812.284555695485324, 2573726.192694440949708 ], [ 745815.336904106196016, 2573725.612573487684131 ], [ 745818.384688529069535, 2573725.011922547128052 ], [ 745821.423274790286086, 2573724.369895916897804 ], [ 745824.448028716142289, 2573723.66564789833501 ], [ 745827.463444108958356, 2573722.919392764102668 ], [ 745830.474155142554082, 2573722.15197621518746 ], [ 745833.484795990400016, 2573721.384243953507394 ], [ 745836.495436838245951, 2573720.616511691827327 ], [ 745839.50607768597547, 2573719.84877943014726 ], [ 745842.516718533821404, 2573719.081047168467194 ], [ 745845.527359381783754, 2573718.313314906787127 ], [ 745848.538000229629688, 2573717.545582644641399 ] ] } },
{ "type": "Feature", "properties": { "osmid": "28692217", "name": "nan", "highway": "tertiary", "oneway": "False" }, "geometry": { "type": "LineString", "coordinates": [ [ 746034.752999999909662, 2573790.86200000019744 ], [ 746034.519666666630656, 2573789.66366666695103 ], [ 746034.492754058912396, 2573788.928406356368214 ], [ 746034.882804689579643, 2573790.326929047238082 ], [ 746035.714889152324758, 2573793.953116102609783 ], [ 746036.787903255783021, 2573799.933369508478791 ], [ 746039.348322779987939, 2573805.55920058907941 ], [ 746043.245269290055148, 2573810.276608175132424 ], [ 746048.461784773971885, 2573813.514835547655821 ], [ 746051.897140190936625, 2573815.789686291944236 ], [ 746053.743506668601185, 2573817.65003140643239 ], [ 746054.098657526541501, 2573819.65507372841239 ], [ 746054.609609143808484, 2573822.441196005791426 ], [ 746055.102521391236223, 2573825.460911810398102 ], [ 746055.515853150631301, 2573828.772936178836972 ], [ 746055.820602039457299, 2573832.151460064109415 ], [ 746056.051674928865395, 2573835.705473114270717 ], [ 746056.316055399482138, 2573838.630092602223158 ], [ 746056.677110579446889, 2573841.147284867241979 ], [ 746057.213629453093745, 2573843.471195192541927 ], [ 746057.831700902781449, 2573846.01211997680366 ], [ 746058.506008665426634, 2573848.657047845423222 ], [ 746058.428160590468906, 2573852.783039015252143 ], [ 746057.391408265451901, 2573858.000973256770521 ], [ 746055.331914147711359, 2573864.091216126456857 ], [ 746053.580548884463497, 2573867.827603904530406 ], [ 746052.353749692556448, 2573869.493838232941926 ], [ 746051.702999999979511, 2573869.312 ] ] } },
{ "type": "Feature", "properties": { "osmid": "365240068", "name": "nan", "highway": "secondary", "oneway": "True" }, "geometry": { "type": "LineString", "coordinates": [ [ 746034.752999999909662, 2573790.86200000019744 ], [ 746037.589090151828714, 2573789.385501474142075 ], [ 746040.523337455000728, 2573788.455970935057849 ], [ 746043.555741909425706, 2573788.073408381547779 ] ] } },
{ "type": "Feature", "properties": { "osmid": "365240756", "name": "nan", "highway": "residential", "oneway": "False" }, "geometry": { "type": "LineString", "coordinates": [ [ 745867.141310550738126, 2573794.096129631623626 ], [ 745867.319277495495044, 2573797.381010493263602 ], [ 745867.497244440135546, 2573800.665891354903579 ], [ 745867.675211384892464, 2573803.950772216543555 ], [ 745868.234636588022113, 2573808.633005330804735 ], [ 745869.155745944473892, 2573814.347603934817016 ], [ 745870.311853557708673, 2573820.763009840156883 ], [ 745870.814149481826462, 2573824.755420139525086 ], [ 745870.575772376148961, 2573826.724130487069488 ], [ 745869.72368448227644, 2573827.001579385716468 ], [ 745868.765237487736158, 2573827.314217490144074 ] ] } },
{ "type": "Feature", "properties": { "osmid": "417583218", "name": "nan", "highway": "residential", "oneway": "False" }, "geometry": { "type": "LineString", "coordinates": [ [ 745867.141310550738126, 2573794.096129631623626 ], [ 745866.96818364225328, 2573790.580862644128501 ], [ 745866.795056733768433, 2573787.065595656633377 ], [ 745866.621929825283587, 2573783.550328669603914 ], [ 745866.448802916682325, 2573780.03506168210879 ], [ 745866.275676008081064, 2573776.519794694613665 ] ] } },
{ "type": "Feature", "properties": { "osmid": [ 417583217, 365242082, 417583221 ], "name": "nan", "highway": "residential", "oneway": "False" }, "geometry": { "type": "LineString", "coordinates": [ [ 745867.141310550738126, 2573794.096129631623626 ], [ 745864.173846891033463, 2573794.872740926686674 ], [ 745861.206383231212385, 2573795.649352222215384 ], [ 745858.238919571391307, 2573796.425963517278433 ], [ 745855.271455911570229, 2573797.202574812341481 ], [ 745852.303992251865566, 2573797.979186107870191 ], [ 745849.336528592160903, 2573798.755797402467579 ], [ 745846.374546057661064, 2573799.55096587119624 ], [ 745843.424073863425292, 2573800.385104326996952 ], [ 745840.491141224745661, 2573801.278625584207475 ], [ 745837.570815105456859, 2573802.214828107971698 ], [ 745834.646325100562535, 2573803.131957221310586 ], [ 745831.700639028684236, 2573803.967250694986433 ], [ 745828.722205834463239, 2573804.676503473427147 ], [ 745825.719606644823216, 2573805.289241119753569 ], [ 745822.701946137007326, 2573805.837004296481609 ], [ 745819.680227277451195, 2573806.362142418511212 ] ] } },
{ "type": "Feature", "properties": { "osmid": "419836078", "name": "nan", "highway": "residential", "oneway": "False" }, "geometry": { "type": "LineString", "coordinates": [ [ 746219.026721636066213, 2573769.416398917790502 ], [ 746216.054037064895965, 2573769.968357947189361 ], [ 746213.081352493842132, 2573770.520316977053881 ], [ 746210.1086679227883, 2573771.072276006918401 ], [ 746207.135983351618052, 2573771.624235036317259 ], [ 746204.163298780564219, 2573772.17619406664744 ], [ 746201.190614209510386, 2573772.72815309651196 ], [ 746198.217929638340138, 2573773.28011212637648 ], [ 746195.245245067053474, 2573773.832071155775338 ], [ 746192.272560495999642, 2573774.384030185639858 ], [ 746189.299875924945809, 2573774.935989215504378 ], [ 746186.327191353775561, 2573775.487948244903237 ], [ 746183.354506782721728, 2573776.039907274767756 ], [ 746180.381822211667895, 2573776.591866304632276 ], [ 746177.409137640614063, 2573777.143825334031135 ], [ 746174.436453069443814, 2573777.695784364361316 ] ] } },
{ "type": "Feature", "properties": { "osmid": "365240960", "name": "nan", "highway": "residential", "oneway": "False" }, "geometry": { "type": "LineString", "coordinates": [ [ 745776.713787990272976, 2573814.292863132432103 ], [ 745776.553266367409378, 2573817.597002685535699 ], [ 745776.39274474454578, 2573820.901142239104956 ], [ 745776.146092024282552, 2573825.513775025960058 ], [ 745775.831143942661583, 2573831.067774428520352 ], [ 745775.465736235491931, 2573837.19601383106783 ], [ 745775.239966833149083, 2573840.914380149915814 ], [ 745775.081555555574596, 2573842.634444444905967 ], [ 745774.918222222360782, 2573842.767777778208256 ], [ 745774.646000000066124, 2573842.990000000223517 ] ] } },
{ "type": "Feature", "properties": { "osmid": "966373003", "name": "nan", "highway": "residential", "oneway": "False" }, "geometry": { "type": "LineString", "coordinates": [ [ 745776.713787990272976, 2573814.292863132432103 ], [ 745779.782819367945194, 2573813.726383081171662 ], [ 745782.851850745617412, 2573813.159903030376881 ], [ 745785.920882123173214, 2573812.593422979582101 ], [ 745788.989913500845432, 2573812.026942928787321 ], [ 745792.05894487851765, 2573811.460462877526879 ], [ 745795.127976256073453, 2573810.893982826266438 ], [ 745798.19700763374567, 2573810.327502775471658 ], [ 745801.266039011534303, 2573809.761022724676877 ], [ 745804.335070389206521, 2573809.194542673882097 ], [ 745807.404101766762324, 2573808.628062622621655 ], [ 745810.473133144434541, 2573808.061582571361214 ], [ 745813.542164522106759, 2573807.495102520566434 ], [ 745816.611195899662562, 2573806.928622469771653 ], [ 745819.680227277451195, 2573806.362142418511212 ] ] } },
{ "type": "Feature", "properties": { "osmid": "966373003", "name": "nan", "highway": "residential", "oneway": "False" }, "geometry": { "type": "LineString", "coordinates": [ [ 745776.713787990272976, 2573814.292863132432103 ], [ 745773.730234740185551, 2573815.036944736260921 ], [ 745770.792129208450206, 2573815.407552337739617 ], [ 745768.101877470035106, 2573815.000467902049422 ], [ 745765.911957229953259, 2573813.580672457348555 ], [ 745764.353765961830504, 2573811.282538174185902 ], [ 745763.259876823867671, 2573808.490703716874123 ], [ 745762.385358309256844, 2573805.534577273298055 ], [ 745761.547562779742293, 2573802.558460807427764 ], [ 745760.740726334392093, 2573799.575053474400192 ], [ 745759.986687878030352, 2573796.579161821398884 ], [ 745759.286253885715269, 2573793.570425685029477 ], [ 745758.585287673282437, 2573790.561424020677805 ], [ 745757.84440541092772, 2573787.561362262349576 ], [ 745757.12323207128793, 2573784.560971580911428 ], [ 745756.515706984791905, 2573781.543408660683781 ], [ 745756.108393054571934, 2573778.493516948074102 ], [ 745755.845957859419286, 2573775.42023116024211 ], [ 745755.65938342071604, 2573772.334695872385055 ], [ 745755.479651760309935, 2573769.248055657371879 ], [ 745755.299920099787414, 2573766.161415442358702 ], [ 745755.120188439381309, 2573763.074775226879865 ], [ 745754.940456779091619, 2573759.988135011866689 ], [ 745754.760725118569098, 2573756.901494797319174 ], [ 745754.580993458046578, 2573753.814854582305998 ], [ 745754.401261797640473, 2573750.72821436682716 ], [ 745754.221530137117952, 2573747.641574151813984 ], [ 745754.041798476711847, 2573744.554933936800808 ], [ 745753.862066816422157, 2573741.46829372132197 ], [ 745753.682335156016052, 2573738.381653506308794 ], [ 745753.502603495493531, 2573735.295013291295618 ] ] } },
{ "type": "Feature", "properties": { "osmid": "238505256", "name": "nan", "highway": "secondary", "oneway": "False" }, "geometry": { "type": "LineString", "coordinates": [ [ 745774.646000000066124, 2573842.990000000223517 ], [ 745771.934053916018456, 2573844.152056204620749 ], [ 745768.95433393586427, 2573844.965890420600772 ], [ 745765.708735831547529, 2573845.44485367834568 ], [ 745762.411606028210372, 2573845.768675844650716 ], [ 745759.151180685381405, 2573846.203746630810201 ], [ 745755.926055281423032, 2573846.741240656469017 ], [ 745752.800841497723013, 2573847.351193761453032 ], [ 745749.658275828231126, 2573847.987553840503097 ], [ 745746.474751285160892, 2573848.529860165435821 ], [ 745743.047282638493925, 2573849.016648781951517 ], [ 745739.479993631015532, 2573849.431383701041341 ], [ 745735.796000000089407, 2573849.890000000130385 ] ] } },
{ "type": "Feature", "properties": { "osmid": "238505256", "name": "nan", "highway": "secondary", "oneway": "False" }, "geometry": { "type": "LineString", "coordinates": [ [ 745774.646000000066124, 2573842.990000000223517 ], [ 745778.017609352595173, 2573843.161672937683761 ], [ 745781.258065378642641, 2573843.039087226614356 ], [ 745784.454500493477099, 2573842.716217389795929 ], [ 745787.660515831434168, 2573842.323512964416295 ], [ 745790.931743377936073, 2573842.005762957036495 ], [ 745794.094072521547787, 2573841.644733163993806 ], [ 745797.230863623321056, 2573841.201311004813761 ], [ 745800.393765614950098, 2573840.737806878518313 ], [ 745803.669788538478315, 2573840.278746783733368 ], [ 745806.91828731528949, 2573839.950259395409375 ], [ 745810.057070534792729, 2573839.644041682127863 ], [ 745813.086831056512892, 2573839.367537988815457 ], [ 745816.076782134361565, 2573839.049970566760749 ] ] } },
{ "type": "Feature", "properties": { "osmid": "365240960", "name": "nan", "highway": "residential", "oneway": "False" }, "geometry": { "type": "LineString", "coordinates": [ [ 745774.646000000066124, 2573842.990000000223517 ], [ 745774.918222222360782, 2573842.767777777742594 ], [ 745775.081555555574596, 2573842.634444444905967 ], [ 745775.239966833149083, 2573840.914380149915814 ], [ 745775.465736235491931, 2573837.196013831999153 ], [ 745775.831143942661583, 2573831.067774428520352 ], [ 745776.146092024282552, 2573825.513775025960058 ], [ 745776.39274474454578, 2573820.901142239104956 ], [ 745776.553266367409378, 2573817.597002685535699 ], [ 745776.713787990272976, 2573814.292863132432103 ] ] } },
{ "type": "Feature", "properties": { "osmid": "28691630", "name": "nan", "highway": "residential", "oneway": "False" }, "geometry": { "type": "LineString", "coordinates": [ [ 745868.252999999909662, 2573929.61200000019744 ], [ 745869.014712601783685, 2573929.210857885424048 ], [ 745870.664063611184247, 2573928.995338358450681 ], [ 745873.116238306625746, 2573928.876760274171829 ], [ 745876.054000513977371, 2573928.810167104005814 ], [ 745878.991609770222567, 2573928.695331277325749 ], [ 745882.01394222676754, 2573928.624370980542153 ], [ 745885.036490601487458, 2573928.562265157699585 ], [ 745888.058993451413698, 2573928.500593589618802 ], [ 745891.081329746055417, 2573928.432272544130683 ], [ 745894.103605180978775, 2573928.359476259443909 ], [ 745897.125933006871492, 2573928.286309403833002 ], [ 745900.14845911890734, 2573928.2232536226511 ], [ 745903.17121837195009, 2573928.175277401693165 ], [ 745906.194189795409329, 2573928.142469642683864 ], [ 745909.217184027074836, 2573928.110525922384113 ], [ 745912.240023138583638, 2573928.067279519978911 ], [ 745915.262679202947766, 2573928.011626939754933 ], [ 745918.672655715607107, 2573928.131032679695636 ], [ 745922.857433017692529, 2573928.611229807138443 ], [ 745927.8169999999227, 2573929.450999999884516 ] ] } },
{ "type": "Feature", "properties": { "osmid": "28691630", "name": "nan", "highway": "residential", "oneway": "False" }, "geometry": { "type": "LineString", "coordinates": [ [ 745868.252999999909662, 2573929.61200000019744 ], [ 745862.72852307127323, 2573928.309661047998816 ], [ 745858.347313240519725, 2573927.636225918773562 ], [ 745854.987891261582263, 2573927.542472063098103 ], [ 745851.96582636423409, 2573927.702880514785647 ], [ 745848.822289418894798, 2573927.784225119743496 ], [ 745845.573108850629069, 2573927.763682046439499 ], [ 745842.445602640626021, 2573927.678055233787745 ], [ 745839.214472399442457, 2573927.569911563303322 ], [ 745836.090932354331017, 2573927.580941382795572 ], [ 745832.957814144785516, 2573927.652942552696913 ], [ 745829.93310866120737, 2573927.792252672836185 ], [ 745826.941361452336423, 2573928.070653472561389 ], [ 745824.372715578996576, 2573928.405182568822056 ], [ 745822.60429807996843, 2573928.633439976722002 ], [ 745821.605999999912456, 2573928.614 ] ] } },
{ "type": "Feature", "properties": { "osmid": "365240697", "name": "nan", "highway": "residential", "oneway": "False" }, "geometry": { "type": "LineString", "coordinates": [ [ 745868.252999999909662, 2573929.61200000019744 ], [ 745867.637087889946997, 2573929.668791979551315 ], [ 745867.695949958986603, 2573930.081470140721649 ], [ 745868.072578427847475, 2573930.534532004967332 ], [ 745867.970067429239862, 2573932.543873004149646 ], [ 745867.057364654261619, 2573936.268855857197195 ], [ 745865.697812663274817, 2573942.36228885455057 ], [ 745864.816783792688511, 2573947.773800763767213 ], [ 745864.40794326167088, 2573952.166085774078965 ], [ 745864.464956289506517, 2573955.201838074717671 ], [ 745864.521969317342155, 2573958.237590375822037 ], [ 745864.578982345177792, 2573961.273342676460743 ], [ 745864.635995373129845, 2573964.309094977099448 ], [ 745864.693008400965482, 2573967.344847278203815 ], [ 745864.750021428801119, 2573970.380599578842521 ], [ 745864.807034456636757, 2573973.416351879481226 ], [ 745864.864047484472394, 2573976.452104180585593 ], [ 745864.921060512424447, 2573979.487856480758637 ], [ 745864.978073540260084, 2573982.523608781397343 ], [ 745865.035086568328552, 2573985.559361082036048 ], [ 745865.092099596164189, 2573988.595113383140415 ], [ 745865.149112623999827, 2573991.63086568377912 ], [ 745865.049179761786945, 2573996.212725058197975 ], [ 745864.785966228693724, 2574002.003385695163161 ], [ 745864.464475929155014, 2574008.679281482473016 ], [ 745864.392265862436034, 2574012.810892461333424 ], [ 745864.575670809485018, 2574014.735524444375187 ], [ 745864.988049639738165, 2574014.799032337963581 ], [ 745865.668492703232914, 2574014.920857523102313 ], [ 745866.616999999969266, 2574015.100999999791384 ] ] } },
{ "type": "Feature", "properties": { "osmid": "365240697", "name": "nan", "highway": "residential", "oneway": "False" }, "geometry": { "type": "LineString", "coordinates": [ [ 745868.252999999909662, 2573929.61200000019744 ], [ 745864.761023359256797, 2573927.477756343316287 ], [ 745862.428949829773046, 2573926.028878892306238 ], [ 745861.454185699229129, 2573925.405643694568425 ], [ 745861.517776590771973, 2573923.522314031142741 ], [ 745862.033361966838129, 2573919.697277497965842 ], [ 745862.797126558143646, 2573913.45132874744013 ], [ 745863.280667025246657, 2573907.931645708158612 ], [ 745863.490392349776812, 2573903.477157682646066 ], [ 745863.432711513713002, 2573900.426793972030282 ], [ 745863.375030677649193, 2573897.376430261414498 ], [ 745863.317349841468967, 2573894.326066550333053 ], [ 745863.259669005405158, 2573891.275702839717269 ], [ 745863.201988169341348, 2573888.225339129101485 ], [ 745863.144307333277538, 2573885.174975418485701 ] ] } },
{ "type": "Feature", "properties": { "osmid": "365241578", "name": "nan", "highway": "residential", "oneway": "False" }, "geometry": { "type": "LineString", "coordinates": [ [ 746103.095156403374858, 2573938.404278895817697 ], [ 746099.927745545632206, 2573938.866467090323567 ], [ 746096.760334687889554, 2573939.328655285295099 ], [ 746093.592923830263317, 2573939.790843479800969 ], [ 746090.42551297263708, 2573940.25303167430684 ], [ 746087.258102114894427, 2573940.71521986881271 ], [ 746084.090691257151775, 2573941.17740806331858 ], [ 746080.923280399409123, 2573941.639596257824451 ], [ 746076.391326539567672, 2573942.203827252611518 ], [ 746070.720413016504608, 2573942.226241687778383 ], [ 746064.136123169213533, 2573941.062980203423649 ], [ 746058.002999999909662, 2573938.61200000019744 ] ] } },
{ "type": "Feature", "properties": { "osmid": "966373008", "name": "nan", "highway": "residential", "oneway": "False" }, "geometry": { "type": "LineString", "coordinates": [ [ 746103.095156403374858, 2573938.404278895817697 ], [ 746102.957180447294377, 2573941.486854622606188 ], [ 746102.81920449109748, 2573944.56943034986034 ], [ 746102.681228534900583, 2573947.652006077114493 ], [ 746102.543252578820102, 2573950.734581804368645 ], [ 746102.405276622623205, 2573953.817157531157136 ], [ 746102.267300666426308, 2573956.899733258411288 ], [ 746102.129324710345827, 2573959.982308985665441 ], [ 746101.99134875414893, 2573963.064884712919593 ], [ 746101.853372797952034, 2573966.147460440173745 ], [ 746101.715396841871552, 2573969.230036167427897 ], [ 746101.577420885791071, 2573972.312611894216388 ], [ 746101.439444929710589, 2573975.395187621004879 ], [ 746101.301468973513693, 2573978.47776334779337 ], [ 746101.163493017316796, 2573981.560339075047523 ], [ 746101.025517061236314, 2573984.642914802301675 ], [ 746100.887541105039418, 2573987.725490529555827 ], [ 746100.749565148842521, 2573990.80806625680998 ], [ 746100.61158919276204, 2573993.890641983598471 ], [ 746100.473613236565143, 2573996.973217710852623 ], [ 746100.335637280368246, 2574000.055793438106775 ], [ 746100.197661324287765, 2574003.138369165360928 ], [ 746100.059685368090868, 2574006.22094489261508 ], [ 746099.921709411893971, 2574009.303520619403571 ], [ 746099.78373345581349, 2574012.386096346657723 ], [ 746099.645757499616593, 2574015.468672073446214 ], [ 746099.507781543419696, 2574018.551247800234705 ], [ 746099.369805587339215, 2574021.633823527488858 ], [ 746099.231829631142318, 2574024.71639925474301 ], [ 746099.093853675061837, 2574027.798974981997162 ] ] } },
{ "type": "Feature", "properties": { "osmid": "365241578", "name": "nan", "highway": "residential", "oneway": "False" }, "geometry": { "type": "LineString", "coordinates": [ [ 746103.095156403374858, 2573938.404278895817697 ], [ 746103.257038667798042, 2573935.373921147082001 ], [ 746103.418920932221226, 2573932.343563398346305 ], [ 746103.580803196527995, 2573929.313205649610609 ], [ 746103.742685461067595, 2573926.282847900409251 ], [ 746103.904567725490779, 2573923.252490152139217 ], [ 746104.066449989913963, 2573920.222132403403521 ], [ 746104.228332254220732, 2573917.191774654667825 ], [ 746104.390214518643916, 2573914.161416905466467 ], [ 746104.552096783183515, 2573911.131059157196432 ], [ 746104.717097832006402, 2573908.101060232147574 ], [ 746104.92617931694258, 2573905.076132862363011 ], [ 746105.220302889472805, 2573902.060989780817181 ], [ 746105.634192632162012, 2573899.059626074042171 ], [ 746106.12688689341303, 2573896.067329007666558 ], [ 746106.666186927934177, 2573893.081218694802374 ], [ 746107.23435246059671, 2573890.101145870983601 ], [ 746107.851486082770862, 2573887.131315181497484 ], [ 746108.520164573681541, 2573884.172265583649278 ], [ 746109.220285341260023, 2573881.219792431686074 ], [ 746109.931745794485323, 2573878.26969108171761 ], [ 746110.637069689226337, 2573875.319179159123451 ], [ 746111.222525925259106, 2573872.360647369176149 ], [ 746111.574383401195519, 2573869.386486418079585 ], [ 746111.591184132732451, 2573866.389908155892044 ], [ 746111.386659220675938, 2573863.378521878737956 ], [ 746111.074539765832014, 2573860.35993687948212 ], [ 746110.762420310988091, 2573857.341351880226284 ], [ 746110.450300856144167, 2573854.322766880504787 ], [ 746110.138181401300244, 2573851.304181881248951 ], [ 746109.826061946456321, 2573848.285596881527454 ], [ 746109.513942491612397, 2573845.267011882271618 ], [ 746109.170568481902592, 2573842.253962604794651 ], [ 746108.747994193225168, 2573839.254941066261381 ], [ 746108.198273901478387, 2573836.27843928290531 ], [ 746107.535970992292278, 2573833.321877826470882 ], [ 746106.809031189535744, 2573830.376764681655914 ], [ 746106.065400217659771, 2573827.434607831761241 ], [ 746105.321769245900214, 2573824.492450981866568 ], [ 746104.556871255394071, 2573821.556620589923114 ], [ 746103.743840497569181, 2573818.63510860921815 ], [ 746102.855811223736964, 2573815.735906995367259 ], [ 746101.908451722585596, 2573812.854354784358293 ], [ 746100.928627742920071, 2573809.98246002336964 ], [ 746099.943205033312552, 2573807.112230757717043 ], [ 746098.957782323588617, 2573804.242001492064446 ], [ 746097.972359613981098, 2573801.371772226411849 ], [ 746096.986936904373579, 2573798.501542961224914 ], [ 746096.001514194649644, 2573795.631313696037978 ], [ 746095.01609148492571, 2573792.761084430385381 ], [ 746094.03066877531819, 2573789.890855165198445 ] ] } },
{ "type": "Feature", "properties": { "osmid": "365241343", "name": "nan", "highway": "residential", "oneway": "False" }, "geometry": { "type": "LineString", "coordinates": [ [ 746170.159839202882722, 2573889.833465652540326 ], [ 746171.940281569375657, 2573892.512085590977222 ], [ 746173.720723935868591, 2573895.190705529879779 ], [ 746175.50116630224511, 2573897.869325468316674 ], [ 746177.281608668738045, 2573900.54794540675357 ], [ 746179.062051035347395, 2573903.226565345656127 ], [ 746180.842493401840329, 2573905.905185283627361 ], [ 746182.622935768216848, 2573908.583805222064257 ], [ 746184.403378134709783, 2573911.262425160501152 ], [ 746186.183820501319133, 2573913.941045099403709 ], [ 746187.964262867695652, 2573916.619665037840605 ], [ 746189.744705234072171, 2573919.2982849762775 ], [ 746191.525147600565106, 2573921.976904914714396 ] ] } },
{ "type": "Feature", "properties": { "osmid": "365240697", "name": "nan", "highway": "residential", "oneway": "False" }, "geometry": { "type": "LineString", "coordinates": [ [ 745863.144307333277538, 2573885.174975418485701 ], [ 745863.201988169341348, 2573888.225339129101485 ], [ 745863.259669005521573, 2573891.275702839717269 ], [ 745863.317349841701798, 2573894.326066550333053 ], [ 745863.375030677765608, 2573897.376430261414498 ], [ 745863.432711513713002, 2573900.426793972030282 ], [ 745863.490392349776812, 2573903.477157682646066 ], [ 745863.280667025246657, 2573907.931645708158612 ], [ 745862.797126558143646, 2573913.45132874744013 ], [ 745862.033361966721714, 2573919.697277498897165 ], [ 745861.517776590771973, 2573923.522314031142741 ], [ 745861.454185699229129, 2573925.405643694568425 ], [ 745862.428949829773046, 2573926.028878892306238 ], [ 745864.761023359256797, 2573927.477756343316287 ], [ 745868.252999999909662, 2573929.61200000019744 ] ] } },
{ "type": "Feature", "properties": { "osmid": "28692212", "name": "nan", "highway": "residential", "oneway": "False" }, "geometry": { "type": "LineString", "coordinates": [ [ 746190.80917539622169, 2573930.574300122447312 ], [ 746191.16716149833519, 2573926.275602518580854 ], [ 746191.525147600565106, 2573921.976904914714396 ] ] } },
{ "type": "Feature", "properties": { "osmid": "28692212", "name": "nan", "highway": "residential", "oneway": "False" }, "geometry": { "type": "LineString", "coordinates": [ [ 746190.80917539622169, 2573930.574300122447312 ], [ 746190.516772125847638, 2573933.594514813274145 ], [ 746190.224368855473585, 2573936.614729503635317 ], [ 746189.931965585215949, 2573939.63494419446215 ], [ 746189.639562314725481, 2573942.655158885288984 ], [ 746189.347159044235013, 2573945.675373576115817 ], [ 746189.054755773860961, 2573948.69558826694265 ], [ 746188.762352503486909, 2573951.715802957769483 ], [ 746188.469949233229272, 2573954.736017648596317 ], [ 746188.17754596285522, 2573957.75623233942315 ], [ 746187.885142692364752, 2573960.776447029784322 ], [ 746187.592739421874285, 2573963.796661720611155 ], [ 746187.300336151500233, 2573966.816876411437988 ], [ 746187.007932881242596, 2573969.83709110179916 ], [ 746186.715529610752128, 2573972.857305792625993 ], [ 746186.423126340378076, 2573975.877520483452827 ], [ 746186.130723069887608, 2573978.89773517427966 ], [ 746185.838319799513556, 2573981.917949865106493 ], [ 746185.545916529255919, 2573984.938164555933326 ], [ 746185.253513258881867, 2573987.95837924676016 ], [ 746184.961109988391399, 2573990.978593937121332 ], [ 746184.668706718017347, 2573993.998808627948165 ], [ 746184.37630344775971, 2573997.019023318309337 ], [ 746184.083900177269243, 2574000.03923800913617 ], [ 746183.791496906778775, 2574003.059452699963003 ], [ 746183.499093636404723, 2574006.079667390789837 ], [ 746183.206690366030671, 2574009.09988208161667 ], [ 746182.914287095773034, 2574012.120096772443503 ], [ 746182.621883825398982, 2574015.140311463270336 ], [ 746182.329480554908514, 2574018.16052615409717 ], [ 746182.037077284418046, 2574021.180740844458342 ], [ 746181.744674014043994, 2574024.200955535285175 ], [ 746181.452270743786357, 2574027.221170226112008 ], [ 746181.15986747329589, 2574030.24138491647318 ], [ 746180.867464202921838, 2574033.261599607300013 ], [ 746180.487852603662759, 2574036.25694180233404 ], [ 746179.904102920670994, 2574039.194062221795321 ], [ 746178.999285399331711, 2574042.039611588697881 ], [ 746177.830886941985227, 2574044.809985614847392 ], [ 746176.515837303712033, 2574047.538533579092473 ], [ 746175.171066239476204, 2574050.258604761213064 ], [ 746173.785650804988109, 2574052.952556282281876 ], [ 746172.296170808258466, 2574055.579631846863776 ], [ 746170.639206057297997, 2574058.099075161386281 ], [ 746168.832625100389123, 2574060.522369253449142 ], [ 746166.939848129753955, 2574062.890270417556167 ], [ 746165.024295337498188, 2574065.243534948211163 ], [ 746163.108742545242421, 2574067.596799478400499 ], [ 746161.193189752870239, 2574069.950064009055495 ], [ 746159.277636960498057, 2574072.303328539710492 ], [ 746157.362084168125875, 2574074.656593069899827 ], [ 746155.446531375870109, 2574077.009857600554824 ], [ 746153.530978583614342, 2574079.363122131209821 ], [ 746151.61542579124216, 2574081.716386661399156 ], [ 746149.699872998986393, 2574084.069651192054152 ], [ 746147.784320206730627, 2574086.422915722709149 ] ] } },
{ "type": "Feature", "properties": { "osmid": "28691634", "name": "nan", "highway": "residential", "oneway": "False" }, "geometry": { "type": "LineString", "coordinates": [ [ 745819.500015425379388, 2573959.468024793080986 ], [ 745819.539246845641173, 2573962.475266298279166 ], [ 745819.507920509204268, 2573965.481794280931354 ], [ 745819.388320037629455, 2573968.486966683063656 ], [ 745819.221915836562403, 2573971.491143280174583 ], [ 745819.073372957878746, 2573974.496268320828676 ], [ 745818.978785834158771, 2573977.50371986720711 ], [ 745818.935203249217011, 2573980.513112878426909 ], [ 745818.924293041229248, 2573983.634670399595052 ], [ 745818.908356238622218, 2573986.866977335419506 ], [ 745818.872283126227558, 2573990.209985678549856 ], [ 745818.80694884096738, 2573993.440828041639179 ], [ 745818.755639748764224, 2573996.560812805779278 ], [ 745818.73245851660613, 2573999.570029303431511 ], [ 745818.746733246953227, 2574002.57996178464964 ], [ 745818.797343914047815, 2574005.588485240470618 ], [ 745818.849020103923976, 2574008.607471657916903 ], [ 745818.86785394011531, 2574011.648811338003725 ], [ 745818.831, 2574014.713999999687076 ] ] } },
{ "type": "Feature", "properties": { "osmid": "28691634", "name": "nan", "highway": "residential", "oneway": "False" }, "geometry": { "type": "LineString", "coordinates": [ [ 745819.500015425379388, 2573959.468024793080986 ], [ 745819.642995908507146, 2573956.46322133531794 ], [ 745819.747447378002107, 2573953.456406218465418 ], [ 745819.811703344807029, 2573950.44757650885731 ], [ 745819.853197840624489, 2573947.437708357814699 ], [ 745819.893949898891151, 2573944.427827407140285 ], [ 745819.940273596788757, 2573941.417967439163476 ], [ 745820.010182171477936, 2573938.409281944390386 ], [ 745820.244744183146395, 2573935.315649770200253 ], [ 745820.782607088796794, 2573932.050937343854457 ], [ 745821.605999999912456, 2573928.614 ] ] } },
{ "type": "Feature", "properties": { "osmid": "365241041", "name": "nan", "highway": "residential", "oneway": "False" }, "geometry": { "type": "LineString", "coordinates": [ [ 745819.500015425379388, 2573959.468024793080986 ], [ 745819.500015425379388, 2573959.468024793080986 ], [ 745819.500015425379388, 2573959.468024793080986 ], [ 745817.555226165684871, 2573959.457546721678227 ], [ 745813.322332157753408, 2573959.441983545664698 ], [ 745806.458017913508229, 2573959.426728232763708 ], [ 745800.508546464028768, 2573959.438129892107099 ], [ 745795.817233297624625, 2573959.470795557368547 ], [ 745792.72739390283823, 2573959.519332261290401 ], [ 745789.637554508051835, 2573959.567868964746594 ], [ 745786.547715113149025, 2573959.616405668202788 ], [ 745783.457875718246214, 2573959.664942372124642 ], [ 745780.368036323343404, 2573959.713479075580835 ], [ 745777.278196928557009, 2573959.762015779037029 ], [ 745774.188357533770613, 2573959.810552482958883 ], [ 745771.098518138867803, 2573959.859089186415076 ], [ 745768.008678743964992, 2573959.907625889871269 ], [ 745764.918839349062182, 2573959.956162593793124 ], [ 745761.828999954275787, 2573960.004699297249317 ], [ 745757.247662585112266, 2573960.224312733393162 ], [ 745751.518142729648389, 2573960.609609934967011 ], [ 745744.983755876426585, 2573961.155197934713215 ], [ 745740.97081346262712, 2573961.513530300464481 ], [ 745739.102448078221641, 2573961.565044628456235 ], [ 745738.997785045299679, 2573961.184533701278269 ], [ 745738.784451711922884, 2573960.417867034673691 ], [ 745738.496000000042841, 2573959.390000000130385 ] ] } },
{ "type": "Feature", "properties": { "osmid": "365241041", "name": "nan", "highway": "residential", "oneway": "False" }, "geometry": { "type": "LineString", "coordinates": [ [ 745738.496000000042841, 2573959.390000000130385 ], [ 745738.784451711922884, 2573960.417867034673691 ], [ 745738.997785045299679, 2573961.184533700812608 ], [ 745739.102448078221641, 2573961.565044628456235 ], [ 745740.970813462859951, 2573961.513530300464481 ], [ 745744.983755876659416, 2573961.155197934713215 ], [ 745751.518142729648389, 2573960.609609934967011 ], [ 745757.247662585112266, 2573960.224312733393162 ], [ 745761.828999954275787, 2573960.004699297249317 ], [ 745764.918839349062182, 2573959.956162593793124 ], [ 745768.008678743964992, 2573959.907625889871269 ], [ 745771.098518138867803, 2573959.859089186415076 ], [ 745774.188357533770613, 2573959.810552482958883 ], [ 745777.278196928557009, 2573959.762015779037029 ], [ 745780.368036323343404, 2573959.713479075580835 ], [ 745783.457875718246214, 2573959.664942372124642 ], [ 745786.547715113149025, 2573959.616405668202788 ], [ 745789.637554508051835, 2573959.567868964746594 ], [ 745792.72739390283823, 2573959.519332261290401 ], [ 745795.817233297624625, 2573959.470795557368547 ], [ 745800.508546464028768, 2573959.438129892107099 ], [ 745806.458017913508229, 2573959.426728233229369 ], [ 745813.322332157753408, 2573959.441983546130359 ], [ 745817.555226165684871, 2573959.457546721678227 ], [ 745819.500015425379388, 2573959.468024793080986 ], [ 745819.500015425379388, 2573959.468024793080986 ], [ 745819.500015425379388, 2573959.468024793080986 ] ] } },
{ "type": "Feature", "properties": { "osmid": "421001885", "name": "nan", "highway": "residential", "oneway": "False" }, "geometry": { "type": "LineString", "coordinates": [ [ 745738.496000000042841, 2573959.390000000130385 ], [ 745738.598443601280451, 2573963.130406683310866 ], [ 745738.642467711004429, 2573966.593028111383319 ], [ 745738.639830498839729, 2573969.778798047918826 ], [ 745738.598697956302203, 2573972.826391295995563 ], [ 745738.543130972888321, 2573975.874509116634727 ], [ 745738.457791752181947, 2573978.92212947877124 ], [ 745738.36920799582731, 2573981.969695940148085 ], [ 745738.293645310332067, 2573985.017518028616905 ], [ 745738.233899088692851, 2573988.065657777246088 ], [ 745738.173293848522007, 2573991.18456420628354 ], [ 745738.09125301335007, 2573994.376148471608758 ], [ 745737.983068000525236, 2573997.642567354720086 ], [ 745737.85252493142616, 2574000.844483722466975 ], [ 745737.706292269169353, 2574003.979522603098303 ], [ 745737.543125713244081, 2574007.12598863709718 ], [ 745737.361365889082663, 2574010.433038239832968 ], [ 745737.166999999899417, 2574013.900999999605119 ] ] } },
{ "type": "Feature", "properties": { "osmid": "421001885", "name": "nan", "highway": "residential", "oneway": "False" }, "geometry": { "type": "LineString", "coordinates": [ [ 745738.496000000042841, 2573959.390000000130385 ], [ 745738.435605994425714, 2573956.720266650896519 ], [ 745738.512782841105945, 2573953.745948679745197 ], [ 745738.656284555792809, 2573950.457947439048439 ], [ 745738.778993044863455, 2573947.176772381644696 ], [ 745738.833412854000926, 2573943.998688154388219 ], [ 745738.902668753173202, 2573940.819591568782926 ], [ 745738.982326366589405, 2573937.527603149879724 ], [ 745739.04522752284538, 2573934.282338704913855 ], [ 745739.053744303411804, 2573931.469894527923316 ], [ 745739.020999999949709, 2573929.089999999850988 ] ] } },
{ "type": "Feature", "properties": { "osmid": "28692217", "name": "nan", "highway": "tertiary", "oneway": "False" }, "geometry": { "type": "LineString", "coordinates": [ [ 746060.742511995951645, 2573974.417810234706849 ], [ 746061.265872055082582, 2573970.936450326815248 ], [ 746061.546358732623048, 2573967.312930826097727 ], [ 746061.494554388453253, 2573963.792994826566428 ], [ 746061.248965632170439, 2573960.50341988960281 ], [ 746060.856091225985438, 2573957.353044013027102 ], [ 746060.407221734174527, 2573954.323704276699573 ], [ 746059.952947061974555, 2573951.291691579390317 ], [ 746059.572724692639895, 2573948.361275676637888 ], [ 746059.28068412700668, 2573945.303750848397613 ], [ 746059.066666300757788, 2573942.239085162524134 ], [ 746058.919175190967508, 2573939.170614705886692 ], [ 746058.78935574227944, 2573936.093786795157939 ], [ 746058.615843639359809, 2573933.232217557262629 ], [ 746058.378000000026077, 2573930.586999999824911 ] ] } },
{ "type": "Feature", "properties": { "osmid": "365240822", "name": "nan", "highway": "tertiary_link", "oneway": "False" }, "geometry": { "type": "LineString", "coordinates": [ [ 746060.742511995951645, 2573974.417810234706849 ], [ 746061.376195909571834, 2573973.115903796628118 ], [ 746062.095027665956877, 2573971.857566613238305 ], [ 746062.784819933003746, 2573970.837149185594171 ], [ 746063.331, 2573970.120000000111759 ] ] } },
{ "type": "Feature", "properties": { "osmid": "28692217", "name": "nan", "highway": "tertiary", "oneway": "False" }, "geometry": { "type": "LineString", "coordinates": [ [ 746060.742511995951645, 2573974.417810234706849 ], [ 746060.512922705966048, 2573977.117940843570977 ], [ 746060.309591068420559, 2573979.820612518582493 ], [ 746060.103885492193513, 2573982.637645587325096 ], [ 746059.868602836038917, 2573985.567030860111117 ], [ 746059.597886471427046, 2573988.607978493906558 ], [ 746059.31433536845725, 2573991.648043783847243 ], [ 746059.029617703170516, 2573994.687779956962913 ], [ 746058.777503141202033, 2573997.728257999289781 ], [ 746058.605722344829701, 2574000.772212033160031 ], [ 746058.551183338277042, 2574003.820464888121933 ], [ 746058.593361538252793, 2574006.871205362025648 ], [ 746058.711376464460045, 2574009.921458269935101 ], [ 746058.874759883969091, 2574012.969823470339179 ], [ 746059.071266592130996, 2574016.01667099725455 ], [ 746059.275268599041738, 2574019.059336499776691 ], [ 746059.47386002948042, 2574022.106234828010201 ], [ 746059.630240296362899, 2574025.165913181379437 ], [ 746059.724053043988533, 2574028.253981111105531 ], [ 746059.741985319764353, 2574031.247322502080351 ], [ 746059.729993740445934, 2574034.137829234357923 ], [ 746059.721312359091826, 2574036.913507472723722 ], [ 746059.735685572144575, 2574039.80516328336671 ], [ 746059.762054706923664, 2574042.80140963755548 ], [ 746059.805893731652759, 2574045.890756472479552 ], [ 746059.850211555254646, 2574048.946684124413878 ], [ 746059.892867582500912, 2574051.980753431562334 ], [ 746059.907962541212328, 2574055.005035769660026 ], [ 746059.925303047872148, 2574058.03051965823397 ], [ 746059.954934382927604, 2574061.0566111584194 ], [ 746060.018786709173582, 2574064.082397866528481 ], [ 746060.108869722113013, 2574067.107538440264761 ], [ 746060.219768656417727, 2574070.132070884574205 ], [ 746060.364166505634785, 2574073.154511565808207 ], [ 746060.477902633487247, 2574076.283361343666911 ], [ 746060.508294866303913, 2574079.404226295184344 ], [ 746060.370627034804784, 2574082.519744265358895 ], [ 746060.151297808275558, 2574085.413306989241391 ], [ 746059.918593601905741, 2574088.313936049584299 ], [ 746059.727318127988838, 2574091.332469148095697 ], [ 746059.538360539940186, 2574094.46442200569436 ], [ 746059.316590152564459, 2574097.594201291445643 ], [ 746059.083983835182153, 2574100.498751021455973 ], [ 746058.863614534609951, 2574103.403952740132809 ], [ 746058.692067266558297, 2574106.312196876853704 ], [ 746058.559028838411905, 2574109.335052978713065 ], [ 746058.417563326773234, 2574112.46962354471907 ], [ 746058.23285041435156, 2574115.601283597294241 ], [ 746057.998023873195052, 2574118.72959804860875 ], [ 746057.774577302508987, 2574121.634095622226596 ], [ 746057.59809648944065, 2574124.541574324015528 ], [ 746057.495981346233748, 2574127.452726714778692 ], [ 746057.460524593596347, 2574130.477968223392963 ], [ 746057.492816946003586, 2574133.503370774444193 ], [ 746057.579657165450044, 2574136.52801668504253 ], [ 746057.191093695000745, 2574139.79180708900094 ], [ 746056.593314013443887, 2574142.908455546479672 ], [ 746056.065551830106415, 2574145.491524140816182 ], [ 746056.116999999969266, 2574147.300999999511987 ] ] } },
{ "type": "Feature", "properties": { "osmid": "28691618", "name": "nan", "highway": "tertiary", "oneway": "False" }, "geometry": { "type": "LineString", "coordinates": [ [ 746063.331, 2573970.120000000111759 ], [ 746062.980624114279635, 2573969.03855049284175 ], [ 746062.478749956586398, 2573966.950270912609994 ], [ 746061.880442399648018, 2573963.842776668723673 ], [ 746061.368465234874748, 2573960.373618888203055 ], [ 746060.922902448917739, 2573957.230993375647813 ], [ 746060.468103239312768, 2573954.20038864063099 ], [ 746059.833303962252103, 2573950.352908569388092 ], [ 746059.004740905947983, 2573945.081146996002644 ], [ 746058.002999999909662, 2573938.61200000019744 ] ] } },
{ "type": "Feature", "properties": { "osmid": "365240822", "name": "nan", "highway": "tertiary_link", "oneway": "False" }, "geometry": { "type": "LineString", "coordinates": [ [ 746063.331, 2573970.120000000111759 ], [ 746062.784819933003746, 2573970.837149185594171 ], [ 746062.095027665956877, 2573971.857566613703966 ], [ 746061.376195909571834, 2573973.115903796628118 ], [ 746060.742511995951645, 2573974.417810234706849 ] ] } },
{ "type": "Feature", "properties": { "osmid": "28691618", "name": "nan", "highway": "tertiary", "oneway": "False" }, "geometry": { "type": "LineString", "coordinates": [ [ 746063.331, 2573970.120000000111759 ], [ 746062.376162919681519, 2573972.678107300307602 ], [ 746061.370785094215535, 2573976.025091267656535 ], [ 746060.604084802907892, 2573979.68364912783727 ], [ 746060.086609576828778, 2573983.089756031986326 ], [ 746059.846966736833565, 2573985.905373215675354 ], [ 746059.587986627477221, 2573988.720632220618427 ], [ 746060.998607355053537, 2573991.820158744230866 ], [ 746064.143335120403208, 2573995.201397835742682 ], [ 746069.093888752162457, 2573998.74891720013693 ], [ 746072.559571953373961, 2574002.117309377994388 ], [ 746074.476565675809979, 2574005.30918114958331 ], [ 746074.781102466396987, 2574008.327136042993516 ], [ 746075.085639257100411, 2574011.345090936869383 ], [ 746075.390176047920249, 2574014.363045830279589 ], [ 746075.694712838507257, 2574017.381000724155456 ], [ 746076.029034306644462, 2574020.39237596327439 ], [ 746076.469874000060372, 2574023.380220541730523 ], [ 746077.093965466949157, 2574026.327583454083651 ], [ 746077.918472900637425, 2574029.230673002544791 ], [ 746078.866662753163837, 2574032.106440193485469 ], [ 746079.861801476334222, 2574034.971836032811552 ], [ 746080.856940199621022, 2574037.837231873068959 ], [ 746081.852078922907822, 2574040.702627712860703 ], [ 746082.847217646078207, 2574043.568023552652448 ], [ 746083.842356369248591, 2574046.433419391978532 ], [ 746084.837495092418976, 2574049.298815232235938 ], [ 746085.832633815705776, 2574052.164211072027683 ], [ 746086.827772538992576, 2574055.029606911819428 ], [ 746087.822911262162961, 2574057.895002751145512 ], [ 746088.818049985333346, 2574060.760398591402918 ], [ 746089.813188708503731, 2574063.625794431194663 ], [ 746090.808327431790531, 2574066.491190270986408 ], [ 746091.803466155077331, 2574069.356586110312492 ], [ 746092.798604878247716, 2574072.221981950569898 ], [ 746093.7937436014181, 2574075.087377790361643 ], [ 746094.788882324588485, 2574077.952773630153388 ], [ 746095.78402104775887, 2574080.818169469479471 ], [ 746096.779159770929255, 2574083.683565309736878 ], [ 746097.774298494216055, 2574086.548961149528623 ], [ 746098.769437217502855, 2574089.414356989320368 ], [ 746099.76457594067324, 2574092.279752828646451 ], [ 746100.759714663843624, 2574095.145148668903857 ], [ 746101.754853387014009, 2574098.010544509161264 ], [ 746102.749992110300809, 2574100.875940348953009 ], [ 746103.745130833587609, 2574103.741336188744754 ], [ 746104.740269556757994, 2574106.606732028070837 ], [ 746105.735408279928379, 2574109.472127868328243 ], [ 746106.730547003098764, 2574112.337523708119988 ], [ 746107.725685726385564, 2574115.202919547911733 ], [ 746108.720824449672364, 2574118.068315387237817 ], [ 746109.715963172842748, 2574120.933711227495223 ], [ 746110.711101896013133, 2574123.799107067286968 ], [ 746111.706240619183518, 2574126.664502907078713 ], [ 746112.701379342470318, 2574129.529898746870458 ] ] } },
{ "type": "Feature", "properties": { "osmid": "28691634", "name": "nan", "highway": "residential", "oneway": "False" }, "geometry": { "type": "LineString", "coordinates": [ [ 745818.872992065153085, 2574068.590507575310767 ], [ 745819.254683659994043, 2574072.499063159804791 ], [ 745819.452772250049748, 2574076.201103863306344 ], [ 745819.470650129136629, 2574079.583576155826449 ], [ 745819.401957851368934, 2574082.749772544950247 ], [ 745819.335227035568096, 2574085.794649874791503 ], [ 745819.282418382703327, 2574088.828800240531564 ], [ 745819.249768424313515, 2574091.849896772298962 ], [ 745819.277040185872465, 2574094.871562100481242 ], [ 745819.332214367925189, 2574098.008307666052133 ], [ 745819.396459402167238, 2574101.262256547808647 ], [ 745819.417255458422005, 2574104.628874809481204 ], [ 745819.42278002446983, 2574107.884203549940139 ], [ 745818.950845990795642, 2574111.387872621882707 ], [ 745818.463301188894548, 2574114.87694072490558 ], [ 745818.394542134017684, 2574118.201141583267599 ], [ 745819.216999999945983, 2574121.000999999698251 ] ] } },
{ "type": "Feature", "properties": { "osmid": "28691634", "name": "nan", "highway": "residential", "oneway": "False" }, "geometry": { "type": "LineString", "coordinates": [ [ 745818.872992065153085, 2574068.590507575310767 ], [ 745818.804627246689051, 2574066.38943978631869 ], [ 745818.840713781421073, 2574063.724781690631062 ], [ 745818.882735998020507, 2574060.709984444081783 ], [ 745818.925235731061548, 2574057.576553888153285 ], [ 745818.840306096361019, 2574054.553374928887933 ], [ 745818.780039039324038, 2574051.524641675874591 ], [ 745818.723034787341021, 2574048.491288434248418 ], [ 745818.735257931053638, 2574045.455084621906281 ], [ 745818.748350752633996, 2574042.418130295816809 ], [ 745818.738990988698788, 2574039.381441941019148 ], [ 745818.699351995252073, 2574036.346095152199268 ], [ 745818.710440457216464, 2574033.318705044221133 ], [ 745818.831527482136153, 2574030.297689393162727 ], [ 745819.035421483567916, 2574027.169651739764959 ], [ 745819.183589071966708, 2574024.034820741042495 ], [ 745819.193146379548125, 2574020.844070181716233 ], [ 745819.051513972692192, 2574017.772659632377326 ], [ 745818.831, 2574014.713999999687076 ] ] } },
{ "type": "Feature", "properties": { "osmid": "365240682", "name": "nan", "highway": "residential", "oneway": "False" }, "geometry": { "type": "LineString", "coordinates": [ [ 745818.872992065153085, 2574068.590507575310767 ], [ 745819.124547990853898, 2574069.458458337467164 ], [ 745819.32232853770256, 2574070.223311085253954 ], [ 745819.440787267289124, 2574070.774916027206928 ], [ 745821.217774138320237, 2574071.030405916273594 ], [ 745825.008529125130735, 2574070.872932886704803 ], [ 745831.191237848834135, 2574070.412103667389601 ], [ 745836.712806217838079, 2574070.028110244777054 ], [ 745841.236786314635538, 2574069.833398221060634 ], [ 745844.410538956872188, 2574069.828510659281164 ], [ 745847.584291599108838, 2574069.823623097967356 ], [ 745850.758044241345488, 2574069.818735536653548 ], [ 745853.931796883582138, 2574069.813847975339741 ], [ 745857.105549525818788, 2574069.808960413560271 ], [ 745860.279302168171853, 2574069.804072851780802 ], [ 745863.453054810408503, 2574069.799185290466994 ], [ 745866.626807452645153, 2574069.794297728687525 ] ] } },
{ "type": "Feature", "properties": { "osmid": "365240218", "name": "nan", "highway": "residential", "oneway": "False" }, "geometry": { "type": "LineString", "coordinates": [ [ 746189.849448435474187, 2574140.183730656746775 ], [ 746187.378009099047631, 2574141.939275898039341 ], [ 746184.906569762621075, 2574143.694821139331907 ], [ 746182.435130426194519, 2574145.450366380158812 ], [ 746179.963691089767963, 2574147.205911621451378 ], [ 746177.492251753341407, 2574148.961456862743944 ], [ 746175.02081241691485, 2574150.717002103570849 ], [ 746172.549373080488294, 2574152.472547344863415 ], [ 746170.077933744061738, 2574154.228092586155981 ], [ 746167.606494407635182, 2574155.983637826982886 ], [ 746165.133152652415447, 2574157.735961116384715 ], [ 746162.629083551000804, 2574159.436244314070791 ], [ 746160.065462176338769, 2574161.035669282078743 ], [ 746157.417268439079635, 2574162.491861786693335 ], [ 746154.713327266159467, 2574163.853639966342598 ], [ 746151.98246358463075, 2574165.169821960385889 ], [ 746149.251599903218448, 2574166.486003954429179 ], [ 746146.520736221689731, 2574167.80218594847247 ], [ 746143.789872540161014, 2574169.118367942050099 ], [ 746141.059008858748712, 2574170.434549935627729 ], [ 746138.328145177452825, 2574171.750731929671019 ], [ 746135.597281495924108, 2574173.06691392371431 ] ] } },
{ "type": "Feature", "properties": { "osmid": "28691643", "name": "nan", "highway": "residential", "oneway": "False" }, "geometry": { "type": "LineString", "coordinates": [ [ 746033.116999999969266, 2574147.850999999791384 ], [ 746035.057268220814876, 2574147.833180835936219 ], [ 746037.425375674967654, 2574147.762550016399473 ], [ 746040.227878607809544, 2574147.705081864725798 ], [ 746043.251068560406566, 2574147.685605815146118 ], [ 746046.700504061416723, 2574147.673708820249885 ], [ 746050.989188980427571, 2574147.545482934918255 ], [ 746056.116999999969266, 2574147.300999999511987 ] ] } },
{ "type": "Feature", "properties": { "osmid": "28691643", "name": "nan", "highway": "residential", "oneway": "False" }, "geometry": { "type": "LineString", "coordinates": [ [ 746033.116999999969266, 2574147.850999999791384 ], [ 746028.620246475678869, 2574146.816954015288502 ], [ 746024.73258911666926, 2574145.887351857032627 ], [ 746021.403502821107395, 2574144.881694052368402 ], [ 746018.489002587622963, 2574143.670252790674567 ], [ 746015.65744005877059, 2574142.234964489936829 ], [ 746013.032547788345255, 2574140.82576764235273 ], [ 746010.359362486866303, 2574139.420295857358724 ], [ 746007.563919137232006, 2574138.030908294487745 ], [ 746004.576080072205514, 2574136.638449899852276 ], [ 746001.458649984677322, 2574135.438148066401482 ], [ 745998.433305464219302, 2574134.356518933083862 ], [ 745995.497871601139195, 2574133.340603763703257 ], [ 745992.690459622070193, 2574132.274650075938553 ], [ 745989.870977079495788, 2574131.251234440132976 ], [ 745987.016720386222005, 2574130.370196239557117 ], [ 745983.995192992617376, 2574129.246098725125194 ], [ 745981.238185811322182, 2574128.064303874503821 ], [ 745979.193257578299381, 2574126.911622480954975 ], [ 745977.991999999852851, 2574126.176 ] ] } },
{ "type": "Feature", "properties": { "osmid": "365240824", "name": "nan", "highway": "residential", "oneway": "False" }, "geometry": { "type": "LineString", "coordinates": [ [ 746033.116999999969266, 2574147.850999999791384 ], [ 746032.776286971871741, 2574147.990811172872782 ], [ 746032.822286971844733, 2574148.185811173170805 ], [ 746033.04631015250925, 2574148.34340558713302 ], [ 746032.905577839934267, 2574150.349179502110928 ], [ 746032.197407713159919, 2574154.510444661602378 ], [ 746031.121163813048042, 2574161.254701636265963 ], [ 746030.366364653105848, 2574167.090497578028589 ], [ 746029.942336040083319, 2574171.682926330715418 ], [ 746029.858403780497611, 2574174.697081738617271 ], [ 746029.774471520911902, 2574177.711237146053463 ], [ 746029.690539261326194, 2574180.725392553489655 ], [ 746029.512059907312505, 2574185.256095109973103 ], [ 746029.24835926538799, 2574190.968438659328967 ], [ 746028.908763142302632, 2574197.52751704538241 ], [ 746028.691691533545963, 2574201.56532981293276 ], [ 746028.587818632484414, 2574203.416783119086176 ], [ 746028.67303482722491, 2574203.444222130347043 ], [ 746028.928683411679231, 2574203.526539164129645 ], [ 746029.354764385498129, 2574203.663734219968319 ] ] } },
{ "type": "Feature", "properties": { "osmid": "365241978", "name": "nan", "highway": "residential", "oneway": "False" }, "geometry": { "type": "LineString", "coordinates": [ [ 746135.597281495924108, 2574173.06691392371431 ], [ 746136.16497204231564, 2574176.041783191729337 ], [ 746136.732662588707171, 2574179.016652460675687 ], [ 746137.300353134982288, 2574181.991521728690714 ], [ 746137.868043681257404, 2574184.966390996705741 ], [ 746138.435734227648936, 2574187.941260264720768 ], [ 746139.003424773924053, 2574190.916129533201456 ], [ 746139.571115320199169, 2574193.890998801216483 ], [ 746140.138805866590701, 2574196.86586806923151 ], [ 746140.706496412982233, 2574199.840737337712198 ], [ 746141.274186959373765, 2574202.815606606192887 ], [ 746141.841877505648881, 2574205.790475874207914 ] ] } },
{ "type": "Feature", "properties": { "osmid": "365241978", "name": "nan", "highway": "residential", "oneway": "False" }, "geometry": { "type": "LineString", "coordinates": [ [ 746135.597281495924108, 2574173.06691392371431 ], [ 746134.078594009391963, 2574170.125177319627255 ], [ 746132.559906522743404, 2574167.1834407155402 ], [ 746131.04121903621126, 2574164.241704111453146 ], [ 746129.522531549795531, 2574161.299967507366091 ], [ 746128.003844063146971, 2574158.358230903279036 ], [ 746126.485156576614827, 2574155.416494299191982 ], [ 746124.966469089966267, 2574152.474757695104927 ], [ 746123.447781603434123, 2574149.533021091017872 ], [ 746121.929094116901979, 2574146.591284486930817 ] ] } },
{ "type": "Feature", "properties": { "osmid": "365240218", "name": "nan", "highway": "residential", "oneway": "False" }, "geometry": { "type": "LineString", "coordinates": [ [ 746135.597281495924108, 2574173.06691392371431 ], [ 746138.328145177452825, 2574171.750731929671019 ], [ 746141.059008858748712, 2574170.434549935627729 ], [ 746143.789872540161014, 2574169.118367942050099 ], [ 746146.520736221689731, 2574167.80218594847247 ], [ 746149.251599903218448, 2574166.486003954429179 ], [ 746151.98246358463075, 2574165.169821960385889 ], [ 746154.713327265926637, 2574163.853639966342598 ], [ 746157.417268439079635, 2574162.491861786693335 ], [ 746160.065462176338769, 2574161.035669282078743 ], [ 746162.629083551000804, 2574159.436244314070791 ], [ 746165.133152652415447, 2574157.735961116384715 ], [ 746167.606494407518767, 2574155.983637827914208 ], [ 746170.077933744061738, 2574154.228092586621642 ], [ 746172.549373080488294, 2574152.472547345329076 ], [ 746175.02081241691485, 2574150.717002104502171 ], [ 746177.492251753341407, 2574148.961456862743944 ], [ 746179.963691089767963, 2574147.205911621451378 ], [ 746182.435130426194519, 2574145.450366380158812 ], [ 746184.906569762621075, 2574143.694821139331907 ], [ 746187.378009099047631, 2574141.939275898039341 ], [ 746189.849448435474187, 2574140.183730656746775 ] ] } },
{ "type": "Feature", "properties": { "osmid": "365240697", "name": "nan", "highway": "residential", "oneway": "False" }, "geometry": { "type": "LineString", "coordinates": [ [ 745868.676594893797301, 2574178.380257578101009 ], [ 745868.6183568170527, 2574175.305173029657453 ], [ 745868.560118740424514, 2574172.230088481213897 ], [ 745868.501880663912743, 2574169.155003932770342 ], [ 745868.443642587400973, 2574166.079919384326786 ], [ 745868.385404510772787, 2574163.004834836348891 ], [ 745868.327166434028186, 2574159.929750287905335 ], [ 745868.2689283574, 2574156.85466573946178 ], [ 745868.21069028088823, 2574153.779581191018224 ], [ 745868.152452204376459, 2574150.704496642574668 ], [ 745868.094214127748273, 2574147.629412094131112 ], [ 745868.035976051003672, 2574144.554327545687556 ], [ 745868.188153327559121, 2574140.129179230425507 ], [ 745868.445954519789666, 2574134.678220810368657 ], [ 745868.815850525046699, 2574128.543128345627338 ], [ 745868.772282878053375, 2574124.747866581659764 ], [ 745868.531305351760238, 2574122.985604257788509 ], [ 745868.086447048583068, 2574122.914665311574936 ], [ 745867.752851080382243, 2574122.861148764844984 ] ] } },
{ "type": "Feature", "properties": { "osmid": "365241978", "name": "nan", "highway": "residential", "oneway": "False" }, "geometry": { "type": "LineString", "coordinates": [ [ 746141.841877505648881, 2574205.790475874207914 ], [ 746142.064230974181555, 2574209.511554960161448 ], [ 746142.286584442481399, 2574213.232634046580642 ], [ 746142.508937910781242, 2574216.953713132534176 ], [ 746142.731291379313916, 2574220.674792218953371 ] ] } },
{ "type": "Feature", "properties": { "osmid": "365241978", "name": "nan", "highway": "residential", "oneway": "False" }, "geometry": { "type": "LineString", "coordinates": [ [ 746141.841877505648881, 2574205.790475874207914 ], [ 746141.274186959373765, 2574202.815606605727226 ], [ 746140.706496412982233, 2574199.840737337712198 ], [ 746140.138805866590701, 2574196.865868069697171 ], [ 746139.571115320199169, 2574193.890998801216483 ], [ 746139.003424773924053, 2574190.916129533201456 ], [ 746138.435734227648936, 2574187.941260265186429 ], [ 746137.868043681257404, 2574184.966390996705741 ], [ 746137.300353134982288, 2574181.991521727759391 ], [ 746136.732662588707171, 2574179.016652459744364 ], [ 746136.16497204231564, 2574176.041783191729337 ], [ 746135.597281495924108, 2574173.06691392371431 ] ] } },
{ "type": "Feature", "properties": { "osmid": "28691623", "name": "nan", "highway": "residential", "oneway": "False" }, "geometry": { "type": "LineString", "coordinates": [ [ 745977.740982168819755, 2574203.699513566680253 ], [ 745980.506436603143811, 2574203.660822866950184 ], [ 745983.435144933406264, 2574203.591758705209941 ], [ 745986.43554426881019, 2574203.550567455589771 ], [ 745989.427296511363238, 2574203.533917848020792 ], [ 745992.328821742092259, 2574203.566787483170629 ], [ 745995.267797811771743, 2574203.577408294659108 ], [ 745998.275608159136027, 2574203.57824256690219 ], [ 746001.351338884327561, 2574203.588729870971292 ], [ 746004.538220643531531, 2574203.625354493502527 ], [ 746007.771467486862093, 2574203.681958060245961 ], [ 746011.052183993626386, 2574203.714766267687082 ], [ 746014.221706892014481, 2574203.706867554690689 ], [ 746017.312477486557327, 2574203.664775199722499 ], [ 746020.324051893316209, 2574203.615454601123929 ], [ 746023.335251173004508, 2574203.592195564415306 ], [ 746026.345518442452885, 2574203.609749345574528 ], [ 746029.354764385498129, 2574203.663734219968319 ] ] } },
{ "type": "Feature", "properties": { "osmid": "365240615", "name": "nan", "highway": "residential", "oneway": "False" }, "geometry": { "type": "LineString", "coordinates": [ [ 745977.740982168819755, 2574203.699513566680253 ], [ 745978.165745519916527, 2574203.835642237216234 ], [ 745978.69713843788486, 2574204.0042913290672 ], [ 745979.229116328177042, 2574204.170924760401249 ], [ 745979.214005003683269, 2574206.194153550546616 ], [ 745978.637383121065795, 2574210.410155214369297 ], [ 745977.590873931651004, 2574217.18964334949851 ], [ 745976.835515765589662, 2574223.054012167733163 ], [ 745976.38572996633593, 2574227.667084153275937 ], [ 745976.255937877111137, 2574230.692681790795177 ], [ 745976.126145788002759, 2574233.718279428780079 ], [ 745975.996353698777966, 2574236.743877066764981 ], [ 745975.866561609436758, 2574239.769474705215544 ], [ 745975.73676952032838, 2574242.795072342734784 ], [ 745975.606977431103587, 2574245.820669980254024 ], [ 745975.477185341995209, 2574248.846267618238926 ], [ 745975.347393252770416, 2574251.871865256223828 ], [ 745975.217601163429208, 2574254.897462894674391 ], [ 745975.08780907432083, 2574257.923060532193631 ], [ 745975.532526547438465, 2574262.37616711622104 ], [ 745976.566174926236272, 2574267.920605130959302 ], [ 745977.628719095257111, 2574274.409465109929442 ], [ 745977.585561273270287, 2574278.651551644783467 ], [ 745976.422280116938055, 2574280.983042249921709 ], [ 745975.160608439822681, 2574281.367047636304051 ], [ 745974.360634461045265, 2574281.567254265304655 ], [ 745974.022358180605806, 2574281.583662137389183 ], [ 745973.684081900166348, 2574281.60007000900805 ] ] } },
{ "type": "Feature", "properties": { "osmid": "1069960949", "name": "nan", "highway": "residential", "oneway": "False" }, "geometry": { "type": "LineString", "coordinates": [ [ 745977.740982168819755, 2574203.699513566680253 ], [ 745977.192844629636966, 2574203.599150768946856 ], [ 745976.863962106057443, 2574203.538933090399951 ], [ 745976.791377599467523, 2574201.808504401240498 ], [ 745976.857989266864024, 2574198.046977749560028 ], [ 745976.946695265360177, 2574191.893466182053089 ], [ 745976.975935257971287, 2574186.427867565769702 ], [ 745976.953183579724282, 2574181.990996293257922 ], [ 745976.885914565529674, 2574178.92366675613448 ], [ 745976.818645551218651, 2574175.8563372194767 ], [ 745976.751376536791213, 2574172.789007682353258 ], [ 745976.68410752248019, 2574169.721678145695478 ], [ 745976.616838508169167, 2574166.654348609503359 ], [ 745976.549569493741728, 2574163.587019072379917 ], [ 745976.482300479430705, 2574160.519689535722136 ], [ 745976.415031465119682, 2574157.452359999064356 ], [ 745976.347762450692244, 2574154.385030462872237 ], [ 745976.419917759019881, 2574149.735400557518005 ], [ 745976.638971725013107, 2574143.844284677412361 ], [ 745977.012398683466017, 2574137.052497215569019 ], [ 745977.268824324011803, 2574132.865453300531954 ], [ 745977.400774311739951, 2574130.942338539753109 ], [ 745977.327404868439771, 2574130.858807930257171 ], [ 745977.235153360292315, 2574130.329686478246003 ], [ 745977.208593595190905, 2574129.270971855614334 ], [ 745977.479038267745636, 2574127.765722951851785 ], [ 745977.991999999852851, 2574126.176 ] ] } },
{ "type": "Feature", "properties": { "osmid": "28691623", "name": "nan", "highway": "residential", "oneway": "False" }, "geometry": { "type": "LineString", "coordinates": [ [ 745977.740982168819755, 2574203.699513566680253 ], [ 745974.329597824718803, 2574203.585706170182675 ], [ 745971.111403147340752, 2574203.469440739136189 ], [ 745968.086744796135463, 2574203.351810327265412 ], [ 745965.116519909934141, 2574203.277523933909833 ], [ 745962.118332448066212, 2574203.237811363767833 ], [ 745959.053719260846265, 2574203.214548221323639 ], [ 745955.952728829928674, 2574203.168659210670739 ], [ 745952.816935326554812, 2574203.087300981860608 ], [ 745949.724169750348665, 2574203.006743628531694 ], [ 745946.592787055298686, 2574202.941070178989321 ], [ 745943.419596366235055, 2574202.898422291502357 ], [ 745940.163332080934197, 2574202.854701007250696 ], [ 745936.98222702241037, 2574202.809086859226227 ], [ 745933.878466031979769, 2574202.78811326995492 ], [ 745930.85703014023602, 2574202.765862964559346 ], [ 745928.122516365139745, 2574202.700459049548954 ], [ 745925.95664963114541, 2574202.506245567929 ], [ 745924.355999999912456, 2574202.213999999687076 ] ] } },
{ "type": "Feature", "properties": { "osmid": "28691623", "name": "nan", "highway": "residential", "oneway": "False" }, "geometry": { "type": "LineString", "coordinates": [ [ 746029.354764385498129, 2574203.663734219968319 ], [ 746026.345518442452885, 2574203.609749345574528 ], [ 746023.335251173004508, 2574203.592195563483983 ], [ 746020.324051893316209, 2574203.615454601123929 ], [ 746017.312477486557327, 2574203.664775199722499 ], [ 746014.221706892014481, 2574203.706867554690689 ], [ 746011.052183993626386, 2574203.714766267687082 ], [ 746007.771467486862093, 2574203.681958060245961 ], [ 746004.538220643531531, 2574203.625354493502527 ], [ 746001.351338884211145, 2574203.588729870971292 ], [ 745998.275608159136027, 2574203.578242566436529 ], [ 745995.267797811771743, 2574203.577408294659108 ], [ 745992.328821742092259, 2574203.56678748363629 ], [ 745989.427296511363238, 2574203.533917848020792 ], [ 745986.43554426881019, 2574203.550567455589771 ], [ 745983.435144933406264, 2574203.591758705209941 ], [ 745980.506436603143811, 2574203.660822867415845 ], [ 745977.740982168819755, 2574203.699513566680253 ] ] } },
{ "type": "Feature", "properties": { "osmid": "365240824", "name": "nan", "highway": "residential", "oneway": "False" }, "geometry": { "type": "LineString", "coordinates": [ [ 746029.354764385498129, 2574203.663734219968319 ], [ 746028.928683411679231, 2574203.526539163663983 ], [ 746028.67303482722491, 2574203.444222129881382 ], [ 746028.587818632484414, 2574203.416783119086176 ], [ 746028.691691533545963, 2574201.565329813398421 ], [ 746028.908763142302632, 2574197.52751704538241 ], [ 746029.24835926538799, 2574190.968438659328967 ], [ 746029.512059907312505, 2574185.256095109973103 ], [ 746029.690539261326194, 2574180.725392553489655 ], [ 746029.774471520911902, 2574177.711237146053463 ], [ 746029.858403780497611, 2574174.697081738617271 ], [ 746029.942336040083319, 2574171.682926331181079 ], [ 746030.366364653105848, 2574167.090497578028589 ], [ 746031.121163812931627, 2574161.254701636265963 ], [ 746032.197407713043503, 2574154.510444662068039 ], [ 746032.905577839817852, 2574150.349179502110928 ], [ 746033.04631015250925, 2574148.34340558713302 ], [ 746032.822286971844733, 2574148.185811173170805 ], [ 746032.776286971871741, 2574147.990811173338443 ], [ 746033.116999999969266, 2574147.850999999791384 ] ] } },
{ "type": "Feature", "properties": { "osmid": "28691623", "name": "nan", "highway": "residential", "oneway": "False" }, "geometry": { "type": "LineString", "coordinates": [ [ 746029.354764385498129, 2574203.663734219968319 ], [ 746032.427463085972704, 2574203.738151762634516 ], [ 746035.409819887136109, 2574203.878618129063398 ], [ 746038.255976582877338, 2574204.06758360657841 ], [ 746041.217695097904652, 2574204.232817956712097 ], [ 746044.268946178839542, 2574204.351508288178593 ], [ 746047.525081961415708, 2574204.450681617483497 ], [ 746050.796320667490363, 2574204.567952681798488 ], [ 746054.095424397964962, 2574204.699528312776238 ], [ 746057.271234819316305, 2574204.825999783817679 ], [ 746060.366171808447689, 2574204.91910252859816 ], [ 746063.379785962053575, 2574204.974095250945538 ], [ 746066.393887339741923, 2574204.976635163184255 ], [ 746069.40805711178109, 2574204.941131677012891 ], [ 746072.533926349016838, 2574204.890144451986998 ], [ 746075.771451916662045, 2574204.865073923021555 ], [ 746079.120770335779525, 2574204.882979800458997 ], [ 746082.358598362188786, 2574204.929012426640838 ], [ 746085.483895169920288, 2574205.002959897276014 ], [ 746088.497056248947047, 2574205.124249344225973 ], [ 746091.501611071988009, 2574205.350701693445444 ], [ 746094.499243985395879, 2574205.653606919106096 ], [ 746097.518253432004713, 2574205.930098116397858 ], [ 746100.604087450657971, 2574206.02963057346642 ], [ 746103.755999999935739, 2574205.963999999687076 ] ] } },
{ "type": "Feature", "properties": { "osmid": "365242315", "name": "nan", "highway": "living_street", "oneway": "False" }, "geometry": { "type": "LineString", "coordinates": [ [ 746177.929003426921554, 2574278.609695827588439 ], [ 746180.878294231253676, 2574277.991975528653711 ], [ 746183.827585035352968, 2574277.374255229253322 ], [ 746186.77687583968509, 2574276.756534929852933 ], [ 746189.716143327415921, 2574276.115890766959637 ], [ 746192.590585302212276, 2574275.326987168285996 ], [ 746195.345399567740969, 2574274.264488564338535 ], [ 746197.945830560405739, 2574272.84890711074695 ], [ 746200.446680476889014, 2574271.205578378867358 ], [ 746202.902751513407566, 2574269.459837940521538 ], [ 746205.273961527273059, 2574267.650046292226762 ], [ 746207.399142747744918, 2574265.654557591769844 ], [ 746209.117127403616905, 2574263.35172599600628 ], [ 746210.436469769570976, 2574260.748008080292493 ], [ 746211.518337616231292, 2574257.965049687772989 ], [ 746212.523898714687675, 2574255.124496661592275 ], [ 746213.529459813144058, 2574252.283943635877222 ], [ 746214.535020911484025, 2574249.443390610162169 ], [ 746215.540582009823993, 2574246.602837583981454 ] ] } },
{ "type": "Feature", "properties": { "osmid": "365242315", "name": "nan", "highway": "living_street", "oneway": "False" }, "geometry": { "type": "LineString", "coordinates": [ [ 746177.929003426921554, 2574278.609695827588439 ], [ 746174.846928888000548, 2574277.922979958355427 ], [ 746171.877156349830329, 2574277.038467860314995 ], [ 746169.123101876233704, 2574275.774014002643526 ], [ 746166.670409658574499, 2574273.978774251416326 ], [ 746164.415663632564247, 2574271.834894136991352 ], [ 746162.255447734263726, 2574269.524519189726561 ], [ 746160.128583122626878, 2574267.187944057863206 ], [ 746158.082509650266729, 2574264.787900825496763 ], [ 746156.164667169563472, 2574262.287121579516679 ], [ 746154.355792959802784, 2574259.700738773215562 ], [ 746152.608447168837301, 2574257.066020322497934 ], [ 746150.875189943355508, 2574254.420234141405672 ], [ 746149.141932718106546, 2574251.77444796031341 ], [ 746147.408675492973998, 2574249.128661779686809 ] ] } },
{ "type": "Feature", "properties": { "osmid": "28692222", "name": "nan", "highway": "tertiary", "oneway": "False" }, "geometry": { "type": "LineString", "coordinates": [ [ 746142.731291379313916, 2574220.674792218953371 ], [ 746139.521977312862873, 2574220.641151585616171 ], [ 746136.31266324641183, 2574220.607510952278972 ], [ 746133.103349179960787, 2574220.573870319407433 ], [ 746128.413981706486084, 2574220.422751856967807 ], [ 746122.601151278126054, 2574220.157893413677812 ], [ 746116.021448346436955, 2574219.783032837789506 ], [ 746111.980172633309849, 2574219.648964559193701 ], [ 746110.1207336866064, 2574219.751950730103999 ], [ 746110.086541054421104, 2574220.088253503199667 ], [ 746110.043875075876713, 2574220.423370945733041 ], [ 746109.96766744449269, 2574220.867186300922185 ], [ 746109.832849854486994, 2574221.529582811519504 ], [ 746109.647895652335137, 2574222.411745807155967 ] ] } },
{ "type": "Feature", "properties": { "osmid": "365241978", "name": "nan", "highway": "residential", "oneway": "False" }, "geometry": { "type": "LineString", "coordinates": [ [ 746142.731291379313916, 2574220.674792218953371 ], [ 746142.508937910781242, 2574216.953713132534176 ], [ 746142.286584442481399, 2574213.232634046580642 ], [ 746142.064230974181555, 2574209.511554960627109 ], [ 746141.841877505648881, 2574205.790475874207914 ] ] } },
{ "type": "Feature", "properties": { "osmid": "365242315", "name": "nan", "highway": "living_street", "oneway": "False" }, "geometry": { "type": "LineString", "coordinates": [ [ 746142.731291379313916, 2574220.674792218953371 ], [ 746143.251000725198537, 2574223.836333281360567 ], [ 746143.770710071199574, 2574226.997874343767762 ], [ 746144.290419417317025, 2574230.159415405709296 ], [ 746144.810128763318062, 2574233.320956468116492 ], [ 746145.329838109202683, 2574236.482497530523688 ], [ 746145.849547455087304, 2574239.644038592930883 ], [ 746146.369256800971925, 2574242.805579655338079 ], [ 746146.888966146856546, 2574245.967120717745274 ], [ 746147.408675492973998, 2574249.128661779686809 ] ] } },
{ "type": "Feature", "properties": { "osmid": "365242315", "name": "nan", "highway": "living_street", "oneway": "False" }, "geometry": { "type": "LineString", "coordinates": [ [ 746147.408675492973998, 2574249.128661779686809 ], [ 746146.888966146972962, 2574245.967120717279613 ], [ 746146.369256800971925, 2574242.805579654872417 ], [ 746145.849547455087304, 2574239.644038592930883 ], [ 746145.329838109202683, 2574236.482497530523688 ], [ 746144.810128763201647, 2574233.320956468116492 ], [ 746144.290419417084195, 2574230.159415405709296 ], [ 746143.770710071199574, 2574226.997874343302101 ], [ 746143.251000725314952, 2574223.836333280894905 ], [ 746142.731291379313916, 2574220.674792218953371 ] ] } },
{ "type": "Feature", "properties": { "osmid": "365242100", "name": "nan", "highway": "living_street", "oneway": "False" }, "geometry": { "type": "LineString", "coordinates": [ [ 746147.408675492973998, 2574249.128661779686809 ], [ 746144.743929430725984, 2574250.64087842265144 ], [ 746142.079183368361555, 2574252.153095066081733 ], [ 746139.414437306113541, 2574253.665311708580703 ], [ 746136.749691243865527, 2574255.177528351545334 ], [ 746134.084945181733929, 2574256.689744994509965 ], [ 746131.420199119369499, 2574258.201961637940258 ], [ 746128.755437689367682, 2574259.714151197578758 ], [ 746126.090645387186669, 2574261.226286350283772 ], [ 746123.425806708168238, 2574262.738339771982282 ], [ 746120.760936883394606, 2574264.25033830339089 ], [ 746118.09605141740758, 2574265.762309270445257 ], [ 746115.431165814748965, 2574267.274279996287078 ], [ 746112.766280211741105, 2574268.786250722128898 ] ] } },
{ "type": "Feature", "properties": { "osmid": "365242315", "name": "nan", "highway": "living_street", "oneway": "False" }, "geometry": { "type": "LineString", "coordinates": [ [ 746147.408675492973998, 2574249.128661779686809 ], [ 746149.141932718339376, 2574251.774447960779071 ], [ 746150.875189943355508, 2574254.420234141405672 ], [ 746152.608447168837301, 2574257.066020321566612 ], [ 746154.355792959802784, 2574259.700738773215562 ], [ 746156.164667169563472, 2574262.287121579051018 ], [ 746158.082509650033899, 2574264.787900825962424 ], [ 746160.128583122510463, 2574267.187944057863206 ], [ 746162.25544773414731, 2574269.524519189726561 ], [ 746164.415663632564247, 2574271.834894136060029 ], [ 746166.670409658574499, 2574273.978774251416326 ], [ 746169.123101876233704, 2574275.774014003109187 ], [ 746171.877156349830329, 2574277.038467860314995 ], [ 746174.846928888000548, 2574277.922979958821088 ], [ 746177.929003426921554, 2574278.609695827588439 ] ] } },
{ "type": "Feature", "properties": { "osmid": "365242315", "name": "nan", "highway": "living_street", "oneway": "False" }, "geometry": { "type": "LineString", "coordinates": [ [ 746215.540582009823993, 2574246.602837583981454 ], [ 746214.535020911484025, 2574249.443390610162169 ], [ 746213.529459813027643, 2574252.283943635877222 ], [ 746212.52389871457126, 2574255.124496661592275 ], [ 746211.518337616231292, 2574257.965049687772989 ], [ 746210.436469769570976, 2574260.748008080292493 ], [ 746209.117127403733321, 2574263.35172599600628 ], [ 746207.399142747744918, 2574265.654557591769844 ], [ 746205.273961527273059, 2574267.650046292226762 ], [ 746202.902751513407566, 2574269.459837940521538 ], [ 746200.446680476889014, 2574271.205578379333019 ], [ 746197.945830560405739, 2574272.84890711074695 ], [ 746195.345399567740969, 2574274.264488564338535 ], [ 746192.59058530209586, 2574275.326987168285996 ], [ 746189.716143327299505, 2574276.115890766959637 ], [ 746186.776875839568675, 2574276.756534929852933 ], [ 746183.827585035352968, 2574277.374255229253322 ], [ 746180.878294231020845, 2574277.991975528653711 ], [ 746177.929003426921554, 2574278.609695827588439 ] ] } },
{ "type": "Feature", "properties": { "osmid": "365242628", "name": "nan", "highway": "residential", "oneway": "False" }, "geometry": { "type": "LineString", "coordinates": [ [ 746180.387672369135544, 2574345.751903322059661 ], [ 746183.33288992755115, 2574345.897992249578238 ], [ 746186.120657954714261, 2574346.522981638554484 ], [ 746188.6240628156811, 2574347.827312063891441 ], [ 746190.711956147919409, 2574349.812226895708591 ], [ 746192.458239964791574, 2574352.20634728576988 ], [ 746193.934783572680317, 2574354.840259252581745 ], [ 746195.271965339314193, 2574357.557338248472661 ], [ 746196.531517044291832, 2574360.31817463459447 ], [ 746197.768483016523533, 2574363.091741820331663 ], [ 746199.005448988638818, 2574365.865309005603194 ], [ 746200.242414960754104, 2574368.638876190874726 ], [ 746201.479380932985805, 2574371.412443376611918 ], [ 746202.716346905101091, 2574374.186010562349111 ], [ 746203.953312877216376, 2574376.959577748086303 ], [ 746205.190278849448077, 2574379.733144933357835 ], [ 746206.427244821563363, 2574382.506712118629366 ], [ 746207.664210793678649, 2574385.280279304366559 ], [ 746208.90117676591035, 2574388.05384648963809 ], [ 746210.138142738025635, 2574390.827413674909621 ], [ 746211.375108710140921, 2574393.600980860646814 ], [ 746212.612074682372622, 2574396.374548046384007 ], [ 746213.849040654604323, 2574399.148115232121199 ], [ 746215.056382087408565, 2574401.93039164878428 ], [ 746216.147868800791912, 2574404.746727853547782 ], [ 746217.037270614528097, 2574407.622474402189255 ], [ 746217.697606427711435, 2574410.56556339096278 ], [ 746218.21510642033536, 2574413.5506442617625 ], [ 746218.676000772393309, 2574416.552366457879543 ], [ 746219.136895124451257, 2574419.554088654462248 ], [ 746219.597789476509206, 2574422.555810851510614 ], [ 746220.058683828450739, 2574425.557533047627658 ], [ 746220.519578180392273, 2574428.559255244210362 ], [ 746220.980472532450221, 2574431.560977440793067 ], [ 746221.441366884391755, 2574434.562699637841433 ], [ 746221.902261236333288, 2574437.564421833958477 ], [ 746222.363155588391237, 2574440.566144030541182 ], [ 746222.824049940449186, 2574443.567866227123886 ], [ 746223.284944292507134, 2574446.569588424172252 ], [ 746223.745838644448668, 2574449.571310620289296 ], [ 746224.206732996390201, 2574452.573032816406339 ], [ 746224.66762734844815, 2574455.574755012989044 ], [ 746225.128521700389683, 2574458.576477209571749 ], [ 746225.589416052331217, 2574461.578199406620115 ], [ 746226.050310404389165, 2574464.579921602737159 ] ] } },
{ "type": "Feature", "properties": { "osmid": "365240871", "name": "nan", "highway": "residential", "oneway": "False" }, "geometry": { "type": "LineString", "coordinates": [ [ 746176.347421280574054, 2574388.720170707907528 ], [ 746173.242121848277748, 2574388.922103421762586 ], [ 746170.136822415981442, 2574389.124036135617644 ], [ 746167.031522983685136, 2574389.325968849938363 ], [ 746163.92622355138883, 2574389.527901563793421 ], [ 746160.820924118976109, 2574389.729834277648479 ], [ 746157.715624686679803, 2574389.931766991969198 ], [ 746154.610325254383497, 2574390.133699705824256 ], [ 746151.505025822087191, 2574390.335632419679314 ], [ 746148.399726389790885, 2574390.537565134000033 ], [ 746145.294426957261749, 2574390.739497847855091 ], [ 746142.189127524965443, 2574390.941430561710149 ], [ 746139.083828092669137, 2574391.143363276030868 ], [ 746135.978528660372831, 2574391.345295989885926 ], [ 746132.873229228076525, 2574391.547228703740984 ], [ 746129.767929795780219, 2574391.749161418061703 ], [ 746126.662630363367498, 2574391.951094131916761 ], [ 746123.557330931071192, 2574392.153026845771819 ], [ 746120.452031498774886, 2574392.354959560092539 ], [ 746117.34673206647858, 2574392.556892273947597 ], [ 746114.241432634182274, 2574392.758824987802655 ], [ 746111.136133201885968, 2574392.960757702123374 ], [ 746108.030833769589663, 2574393.162690415978432 ], [ 746104.925534337293357, 2574393.36462312983349 ], [ 746101.820234904880635, 2574393.566555844154209 ] ] } },
{ "type": "Feature", "properties": { "osmid": "328226553", "name": "nan", "highway": "tertiary", "oneway": "False" }, "geometry": { "type": "LineString", "coordinates": [ [ 746101.820234904880635, 2574393.566555844154209 ], [ 746101.807082435698248, 2574396.648406051564962 ], [ 746101.793929966748692, 2574399.730256259907037 ], [ 746101.78077749768272, 2574402.812106467783451 ], [ 746101.767625028733164, 2574405.893956675659865 ], [ 746101.754472559667192, 2574408.975806883070618 ], [ 746101.741320090484805, 2574412.057657090947032 ], [ 746101.728167621418834, 2574415.139507299289107 ], [ 746101.715015152469277, 2574418.221357507165521 ], [ 746101.701862683403306, 2574421.303207714576274 ], [ 746101.688710214220919, 2574424.385057922452688 ], [ 746101.675557745271362, 2574427.466908130329102 ], [ 746101.662405276321806, 2574430.548758337739855 ], [ 746101.649252807255834, 2574433.63060854608193 ], [ 746101.636100338189863, 2574436.712458753958344 ], [ 746101.622947869007476, 2574439.794308961834759 ], [ 746101.609795399941504, 2574442.876159169245511 ], [ 746101.596642930991948, 2574445.958009377587587 ], [ 746101.583490461925976, 2574449.039859585464001 ], [ 746101.570337992743589, 2574452.121709793340415 ], [ 746101.557185523794033, 2574455.203560000751168 ], [ 746101.544033054844476, 2574458.285410209093243 ], [ 746101.530880585778505, 2574461.367260416969657 ], [ 746101.517728116712533, 2574464.449110624846071 ], [ 746101.504575647530146, 2574467.530960832256824 ], [ 746101.491423178464174, 2574470.612811040133238 ], [ 746101.478270709514618, 2574473.694661248009652 ], [ 746101.465118240565062, 2574476.776511455420405 ], [ 746101.45196577149909, 2574479.85836166376248 ], [ 746101.438813302316703, 2574482.940211871638894 ], [ 746101.425660833367147, 2574486.022062079515308 ], [ 746101.412508364301175, 2574489.103912287391722 ] ] } },
{ "type": "Feature", "properties": { "osmid": "365240871", "name": "nan", "highway": "residential", "oneway": "False" }, "geometry": { "type": "LineString", "coordinates": [ [ 746101.820234904880635, 2574393.566555844154209 ], [ 746104.925534337176941, 2574393.36462312983349 ], [ 746108.030833769589663, 2574393.162690415978432 ], [ 746111.136133201885968, 2574392.960757702123374 ], [ 746114.241432634182274, 2574392.758824987802655 ], [ 746117.34673206647858, 2574392.556892273947597 ], [ 746120.452031498774886, 2574392.354959560092539 ], [ 746123.557330931071192, 2574392.153026845771819 ], [ 746126.662630363367498, 2574391.951094131916761 ], [ 746129.767929795663804, 2574391.749161418061703 ], [ 746132.873229228076525, 2574391.547228703740984 ], [ 746135.978528660372831, 2574391.345295989885926 ], [ 746139.083828092669137, 2574391.143363276030868 ], [ 746142.189127525198273, 2574390.941430561710149 ], [ 746145.294426957261749, 2574390.739497847855091 ], [ 746148.399726389790885, 2574390.537565134000033 ], [ 746151.505025822087191, 2574390.335632419679314 ], [ 746154.610325254383497, 2574390.133699705824256 ], [ 746157.715624686679803, 2574389.931766991969198 ], [ 746160.820924118976109, 2574389.729834277648479 ], [ 746163.926223551272415, 2574389.527901563793421 ], [ 746167.031522983685136, 2574389.325968849938363 ], [ 746170.136822415981442, 2574389.124036135617644 ], [ 746173.242121848277748, 2574388.922103421762586 ], [ 746176.347421280574054, 2574388.720170707907528 ] ] } },
{ "type": "Feature", "properties": { "osmid": "328226553", "name": "nan", "highway": "tertiary", "oneway": "False" }, "geometry": { "type": "LineString", "coordinates": [ [ 746101.820234904880635, 2574393.566555844154209 ], [ 746101.475021465215832, 2574390.576418364886194 ], [ 746101.129808025434613, 2574387.58628088561818 ], [ 746100.784594585653394, 2574384.596143406350166 ], [ 746100.439381145872176, 2574381.606005927082151 ], [ 746100.094167706207372, 2574378.615868447814137 ], [ 746099.748954266658984, 2574375.625730968546122 ], [ 746099.403740826877765, 2574372.635593489743769 ], [ 746099.058527387096547, 2574369.645456010475755 ], [ 746098.713313947431743, 2574366.65531853120774 ], [ 746098.368100507650524, 2574363.665181051939726 ], [ 746098.023810994811356, 2574360.675074484199286 ], [ 746097.779280010610819, 2574357.68830550648272 ], [ 746097.733342156745493, 2574354.708180798217654 ], [ 746097.982984181842767, 2574351.737945214379579 ], [ 746098.429371483623981, 2574348.774292077403516 ], [ 746098.973669460508972, 2574345.813914706464857 ], [ 746099.517967437393963, 2574342.853537335991859 ], [ 746100.062265414278954, 2574339.893159965518862 ], [ 746100.606563391163945, 2574336.932782595511526 ], [ 746101.150861368048936, 2574333.972405224572867 ], [ 746101.695159344933927, 2574331.012027853634208 ], [ 746102.239457321702503, 2574328.051650483161211 ], [ 746102.783755298587494, 2574325.091273112688214 ], [ 746103.328053275472485, 2574322.130895742680877 ], [ 746103.872351252357475, 2574319.170518371742219 ], [ 746104.416649229242466, 2574316.210141001269221 ], [ 746104.960947206127457, 2574313.249763630796224 ], [ 746105.505245182779618, 2574310.289386260788888 ], [ 746106.049543159897439, 2574307.329008889850229 ], [ 746106.593841136549599, 2574304.36863151891157 ], [ 746107.138139113667421, 2574301.408254148438573 ], [ 746107.682437090319581, 2574298.447876777965575 ], [ 746108.226735067204572, 2574295.487499407958239 ], [ 746108.771033044089563, 2574292.527122037019581 ], [ 746109.315331020974554, 2574289.566744666546583 ], [ 746109.859628997859545, 2574286.606367295607924 ], [ 746110.403926974744536, 2574283.645989925134927 ], [ 746110.937526919296943, 2574280.683889237698168 ], [ 746111.445825811475515, 2574277.717712872195989 ], [ 746111.914220631937496, 2574274.745108467061073 ], [ 746112.349504425306804, 2574271.767170296981931 ], [ 746112.766280211741105, 2574268.786250722128898 ] ] } },
{ "type": "Feature", "properties": { "osmid": "238505281", "name": "nan", "highway": "residential", "oneway": "False" }, "geometry": { "type": "LineString", "coordinates": [ [ 746043.810095481225289, 2574491.488493596669286 ], [ 746044.884443356539123, 2574489.796009727288038 ], [ 746045.958649949054234, 2574488.103436220437288 ] ] } },
{ "type": "Feature", "properties": { "osmid": "238505281", "name": "nan", "highway": "residential", "oneway": "False" }, "geometry": { "type": "LineString", "coordinates": [ [ 746043.810095481225289, 2574491.488493596669286 ], [ 746042.562428672332317, 2574493.721737321000546 ], [ 746041.391095882747322, 2574495.869743441231549 ] ] } },
{ "type": "Feature", "properties": { "osmid": "28691791", "name": "nan", "highway": "residential", "oneway": "False" }, "geometry": { "type": "LineString", "coordinates": [ [ 746043.810095481225289, 2574491.488493596669286 ], [ 746042.656419898034073, 2574490.006700931116939 ], [ 746039.679962594527751, 2574487.464239453431219 ], [ 746034.708244916517287, 2574483.592287071049213 ], [ 746030.719656521454453, 2574479.975692430511117 ], [ 746028.289789964794181, 2574476.649358224123716 ], [ 746027.777547699282877, 2574473.806140197440982 ], [ 746027.716630203067325, 2574470.779010599013418 ], [ 746027.832603700808249, 2574466.030250777956098 ], [ 746027.925099248648621, 2574459.980615517590195 ], [ 746027.98017170233652, 2574452.974893257487565 ], [ 746028.827568874810822, 2574448.681005980819464 ], [ 746031.305863259243779, 2574446.785971041303128 ], [ 746035.429, 2574446.944999999832362 ] ] } },
{ "type": "Feature", "properties": { "osmid": "28691903", "name": "nan", "highway": "residential", "oneway": "False" }, "geometry": { "type": "LineString", "coordinates": [ [ 745684.859294438967481, 2574536.380497142672539 ], [ 745684.73335623042658, 2574539.480843911413103 ], [ 745684.607418021769263, 2574542.581190680619329 ], [ 745684.481479813228361, 2574545.681537449825555 ], [ 745684.355541604571044, 2574548.781884219031781 ], [ 745684.229603395913728, 2574551.882230988238007 ], [ 745684.103665187372826, 2574554.982577757444233 ], [ 745683.977726978831924, 2574558.082924526184797 ] ] } },
{ "type": "Feature", "properties": { "osmid": [ 28691824, 28691903 ], "name": "nan", "highway": "residential", "oneway": "False" }, "geometry": { "type": "LineString", "coordinates": [ [ 745684.859294438967481, 2574536.380497142672539 ], [ 745685.139324063085951, 2574531.758513370063156 ], [ 745685.411612960975617, 2574525.874738357961178 ], [ 745685.647384097799659, 2574519.065191360656172 ], [ 745685.887854280881584, 2574514.861837475094944 ], [ 745686.161800545291044, 2574512.928657447453588 ], [ 745686.497999925981276, 2574512.929632023908198 ], [ 745686.72213284636382, 2574512.930281742010266 ], [ 745686.610076288692653, 2574512.928683204576373 ], [ 745685.825812966562808, 2574512.915418484713882 ], [ 745684.146163891186006, 2574512.865481257904321 ], [ 745681.684576091356575, 2574512.752245972398669 ], [ 745678.889306694152765, 2574512.598958741407841 ], [ 745675.877435181639157, 2574512.399766039568931 ], [ 745672.870847330079414, 2574512.199488130863756 ], [ 745669.757013807189651, 2574511.974323266651481 ], [ 745666.971372631029226, 2574511.805399153847247 ], [ 745664.290225970675237, 2574511.681750505231321 ], [ 745661.602086804923601, 2574511.632826297078282 ], [ 745658.690074213198386, 2574511.632660870905966 ], [ 745655.666614243178628, 2574511.689072772394866 ], [ 745652.643133476376534, 2574511.766054025385529 ], [ 745649.618792283348739, 2574511.821041021961719 ], [ 745646.610654322896153, 2574511.828278720378876 ], [ 745643.503379842150025, 2574511.805937951430678 ], [ 745640.29469655349385, 2574511.770418970379978 ], [ 745636.948386017698795, 2574511.723537901882082 ], [ 745633.806226671789773, 2574511.671497290953994 ], [ 745630.870982624124736, 2574511.623536940198392 ], [ 745628.049841096624732, 2574511.58342315768823 ], [ 745625.117032952606678, 2574511.52579305274412 ], [ 745621.959958450286649, 2574511.454623353201896 ], [ 745618.803797408356331, 2574511.369585269596428 ], [ 745615.537362505565397, 2574511.257104685064405 ], [ 745612.387652353849262, 2574511.055185576435179 ], [ 745609.242323325597681, 2574510.763659982476383 ], [ 745606.324506004690193, 2574510.426298433914781 ], [ 745603.75172362010926, 2574510.172959569841623 ], [ 745601.30839262472, 2574510.171386429574341 ], [ 745598.653104790486395, 2574510.42994116153568 ], [ 745595.318979011732154, 2574510.81848755851388 ], [ 745591.845420764409937, 2574511.061280301306397 ], [ 745588.576298791100271, 2574511.177402860950679 ], [ 745585.747191934846342, 2574511.24956850009039 ], [ 745582.920921925338916, 2574511.414863330312073 ], [ 745580.096588130574673, 2574511.630884857382625 ], [ 745577.162318527814932, 2574511.8907998399809 ], [ 745574.135969854542054, 2574512.150549959391356 ], [ 745570.793527629342861, 2574512.384473920334131 ], [ 745567.473498778883368, 2574512.525562040973455 ], [ 745564.258072723052464, 2574512.595919545274228 ], [ 745561.150140534038655, 2574512.561388339847326 ], [ 745557.922530816984363, 2574512.45133655006066 ], [ 745554.810828012879938, 2574512.264487949665636 ], [ 745552.031096338294446, 2574512.152649688068777 ], [ 745549.360424798098393, 2574512.153394615277648 ], [ 745546.464103953447193, 2574512.266491706017405 ], [ 745543.343754673376679, 2574512.382013397291303 ], [ 745540.222004416049458, 2574512.476427583955228 ], [ 745537.210474277846515, 2574512.552866280544549 ], [ 745534.086928240838461, 2574512.623597521334887 ], [ 745530.962646937579848, 2574512.670116763096303 ], [ 745527.837637408752926, 2574512.691369686275721 ], [ 745524.823753800708801, 2574512.692503574769944 ], [ 745521.809891893411987, 2574512.687117118854076 ], [ 745518.796071633696556, 2574512.671623417641968 ], [ 745515.782290455535986, 2574512.648829492274672 ] ] } },
{ "type": "Feature", "properties": { "osmid": "365242009", "name": "nan", "highway": "residential", "oneway": "False" }, "geometry": { "type": "LineString", "coordinates": [ [ 745684.859294438967481, 2574536.380497142672539 ], [ 745687.892684631398879, 2574536.381951577961445 ], [ 745690.926074823713861, 2574536.383406013250351 ], [ 745693.959465016028844, 2574536.384860449004918 ], [ 745696.992855208343826, 2574536.386314885225147 ], [ 745700.026245400658809, 2574536.387769320514053 ], [ 745703.059635592973791, 2574536.389223755802959 ], [ 745706.093025785288773, 2574536.390678191091865 ], [ 745709.126415977603756, 2574536.392132626846433 ], [ 745712.159806169918738, 2574536.393587062135339 ], [ 745715.193196362233721, 2574536.395041497424245 ], [ 745718.226586554548703, 2574536.396495932713151 ], [ 745721.259976746980101, 2574536.397950368467718 ], [ 745724.293366939295083, 2574536.399404804687947 ], [ 745727.326757131610066, 2574536.400859239976853 ], [ 745730.360147323925048, 2574536.402313675265759 ], [ 745733.393537516240031, 2574536.403768110554665 ], [ 745736.426927708555013, 2574536.405222546309233 ], [ 745739.460317900869995, 2574536.406676981598139 ], [ 745742.493708093184978, 2574536.408131416887045 ], [ 745745.52709828549996, 2574536.409585852641612 ], [ 745748.560488477814943, 2574536.41104028839618 ], [ 745751.59387867024634, 2574536.412494724150747 ], [ 745754.627268862561323, 2574536.413949159439653 ], [ 745757.660659054876305, 2574536.415403594728559 ], [ 745760.687415812746622, 2574536.373279886320233 ], [ 745763.692225690931082, 2574536.186976823490113 ], [ 745766.438725090469234, 2574535.59056718274951 ], [ 745769.216260665562004, 2574533.008169631939381 ], [ 745771.175898336456157, 2574528.502768083009869 ], [ 745772.453321945853531, 2574522.606055380776525 ], [ 745772.152695133467205, 2574518.600367013830692 ], [ 745771.680783041170798, 2574516.661377187818289 ], [ 745771.138265424990095, 2574516.523320282343775 ], [ 745771.685235933400691, 2574516.646062473300844 ], [ 745773.326147458166815, 2574517.014289045706391 ], [ 745776.060999999986961, 2574517.628 ] ] } },
{ "type": "Feature", "properties": { "osmid": "28691634", "name": "nan", "highway": "residential", "oneway": "False" }, "geometry": { "type": "LineString", "coordinates": [ [ 745809.586131050018594, 2574514.684770664200187 ], [ 745809.586131049902178, 2574514.684770664200187 ], [ 745809.591812328435481, 2574513.008777612354606 ], [ 745809.608856163569726, 2574507.980798455420882 ], [ 745809.637262555886991, 2574499.600833194795996 ] ] } },
{ "type": "Feature", "properties": { "osmid": "28691825", "name": "nan", "highway": "residential", "oneway": "False" }, "geometry": { "type": "LineString", "coordinates": [ [ 745809.586131050018594, 2574514.684770664200187 ], [ 745812.58445298357401, 2574514.568824131507427 ], [ 745815.581087665748782, 2574514.487760741729289 ], [ 745818.576046709320508, 2574514.444563436787575 ], [ 745821.565714783035219, 2574514.511867728549987 ], [ 745824.543157104286365, 2574514.686971202027053 ], [ 745827.510726588894613, 2574514.983175167348236 ], [ 745830.47893967886921, 2574515.293632023502141 ], [ 745833.467292836750858, 2574515.527982246596366 ], [ 745836.471906960941851, 2574515.696645768824965 ], [ 745839.486184500041418, 2574515.842578957788646 ], [ 745842.609954195446335, 2574515.988660168368369 ], [ 745845.84491344448179, 2574516.05002824543044 ], [ 745849.191408201237209, 2574516.012189924251288 ], [ 745852.427543880534358, 2574515.915977370459586 ], [ 745855.442082424066029, 2574515.862569757271558 ], [ 745858.346445679082535, 2574515.871406436432153 ], [ 745861.251482217106968, 2574515.939985875040293 ], [ 745864.381152957677841, 2574516.019431020598859 ], [ 745867.516154030687176, 2574516.088044343516231 ], [ 745870.660338802845217, 2574516.120894296560436 ], [ 745873.704308069427498, 2574516.109882250893861 ], [ 745876.753014359041117, 2574516.031389460433275 ], [ 745879.79220375942532, 2574515.829978266730905 ], [ 745882.811151960515417, 2574515.457711385097355 ], [ 745885.81498632428702, 2574514.980936831329018 ], [ 745888.824567391187884, 2574514.553365277592093 ], [ 745891.854397655115463, 2574514.304092339705676 ], [ 745894.902237889706157, 2574514.224606912117451 ], [ 745897.950887691345997, 2574514.194035614375025 ], [ 745900.988222798914649, 2574514.139286508318037 ], [ 745904.008924645022489, 2574514.060925825498998 ], [ 745907.022558437194675, 2574514.039567159488797 ], [ 745910.035033052670769, 2574514.084728645626456 ], [ 745913.052845921018161, 2574514.152397309895605 ], [ 745917.411403023521416, 2574514.174733061809093 ], [ 745924.447914497926831, 2574514.125606996938586 ], [ 745934.160999999963678, 2574514.028 ] ] } },
{ "type": "Feature", "properties": { "osmid": "28691825", "name": "nan", "highway": "residential", "oneway": "False" }, "geometry": { "type": "LineString", "coordinates": [ [ 745809.586131050018594, 2574514.684770664200187 ], [ 745806.252465016557835, 2574514.731894836295396 ], [ 745802.920128078083508, 2574514.811591204255819 ], [ 745799.703831154969521, 2574514.962439013179392 ], [ 745796.604325876454823, 2574515.188983727246523 ], [ 745793.50923187925946, 2574515.467427676077932 ], [ 745790.412127723335288, 2574515.729579239618033 ], [ 745787.322473638691008, 2574516.016451993491501 ], [ 745784.054210972855799, 2574516.364220755174756 ], [ 745780.505509067792445, 2574516.718600913416594 ], [ 745777.309972786693834, 2574517.027167055755854 ], [ 745775.830622705048881, 2574517.302334422711283 ], [ 745776.060999999986961, 2574517.628 ] ] } },
{ "type": "Feature", "properties": { "osmid": "365241206", "name": "nan", "highway": "residential", "oneway": "False" }, "geometry": { "type": "LineString", "coordinates": [ [ 745859.171075251768343, 2574499.269428676459938 ], [ 745859.278224940062501, 2574496.16753714485094 ], [ 745859.385374628589489, 2574493.065645612776279 ], [ 745859.492524317000061, 2574489.963754080701619 ], [ 745859.772795003256761, 2574485.388535526115447 ], [ 745860.214281166321598, 2574479.684644562657923 ], [ 745860.805077285505831, 2574473.196735805366188 ], [ 745861.926695581409149, 2574469.310213884338737 ], [ 745864.3307013126323, 2574467.774520154111087 ], [ 745868.029000000096858, 2574468.245000000111759 ] ] } },
{ "type": "Feature", "properties": { "osmid": "967840297", "name": "nan", "highway": "residential", "oneway": "False" }, "geometry": { "type": "LineString", "coordinates": [ [ 745859.171075251768343, 2574499.269428676459938 ], [ 745856.075211958144791, 2574499.290141459088773 ], [ 745852.97934866475407, 2574499.310854241251945 ], [ 745849.883485371246934, 2574499.331567023415118 ], [ 745846.787622077856213, 2574499.352279806043953 ], [ 745843.691758784349076, 2574499.372992588672787 ], [ 745840.595895490725525, 2574499.393705371301621 ], [ 745837.500032197334804, 2574499.414418153464794 ], [ 745834.404168903827667, 2574499.435130935627967 ], [ 745831.246920914505608, 2574501.118824664503336 ], [ 745828.089672925299965, 2574502.802518393844366 ], [ 745824.893958754953928, 2574506.126630492974073 ], [ 745821.904456263873726, 2574507.770556092727929 ], [ 745818.914953772793524, 2574509.41448169387877 ], [ 745816.002383643412031, 2574507.777570553123951 ], [ 745812.861544243409298, 2574504.512089570984244 ], [ 745809.637262555886991, 2574499.600833194795996 ] ] } },
{ "type": "Feature", "properties": { "osmid": "967840297", "name": "nan", "highway": "residential", "oneway": "False" }, "geometry": { "type": "LineString", "coordinates": [ [ 745859.171075251768343, 2574499.269428676459938 ], [ 745862.166365279001184, 2574499.467344025149941 ], [ 745865.161655306466855, 2574499.665259373839945 ], [ 745868.156945333816111, 2574499.863174722064286 ], [ 745871.152235361165367, 2574500.06109007075429 ], [ 745874.147525388398208, 2574500.259005419444293 ], [ 745877.548176559736021, 2574501.986657837871462 ], [ 745881.132402788382024, 2574505.200321381445974 ], [ 745884.792828857898712, 2574509.858722712378949 ], [ 745887.612195680267178, 2574512.874640222638845 ], [ 745890.040799959446304, 2574514.313437077682465 ], [ 745892.300114220473915, 2574514.237442508805543 ], [ 745895.237584041897207, 2574514.196745316963643 ], [ 745898.506908648530953, 2574514.140421727672219 ], [ 745901.766338849440217, 2574514.04443669365719 ], [ 745904.564379431307316, 2574513.966896024066955 ], [ 745907.132822760380805, 2574513.969473264645785 ], [ 745909.92320228239987, 2574514.055870678275824 ], [ 745912.941298236488365, 2574514.143747298512608 ], [ 745915.961024135001935, 2574514.206414475571364 ], [ 745918.646398943848908, 2574514.252332650590688 ], [ 745921.107590003171936, 2574514.31313272099942 ] ] } },
{ "type": "Feature", "properties": { "osmid": "238505292", "name": "nan", "highway": "secondary", "oneway": "True" }, "geometry": { "type": "LineString", "coordinates": [ [ 746038.88635800301563, 2573773.680247553158551 ], [ 746038.88635800301563, 2573773.680247553158551 ], [ 746038.88635800301563, 2573773.680247553158551 ], [ 746038.88635800301563, 2573773.680247553158551 ], [ 746038.166439541033469, 2573771.895429309457541 ], [ 746036.608106007799506, 2573768.012035583611578 ], [ 746034.092860793578438, 2573761.716309135314077 ], [ 746031.942044212832116, 2573756.264129213988781 ], [ 746030.274152874946594, 2573751.96925305807963 ], [ 746029.207683389540762, 2573749.145437906961888 ], [ 746028.141213904134929, 2573746.321622755378485 ], [ 746027.074744418729097, 2573743.497807603795081 ], [ 746026.008274933323264, 2573740.673992452677339 ], [ 746024.941805447917432, 2573737.850177301559597 ], [ 746023.875335962628014, 2573735.026362150441855 ], [ 746022.808866477222182, 2573732.202546998858452 ], [ 746021.742396991816349, 2573729.378731847275048 ], [ 746020.675927506643347, 2573726.554916696157306 ], [ 746019.609458021237515, 2573723.731101545039564 ], [ 746018.542988535831682, 2573720.907286393921822 ], [ 746017.47651905042585, 2573718.083471242338419 ], [ 746016.410049565020017, 2573715.259656090755016 ], [ 746015.343580079614185, 2573712.435840939637274 ], [ 746014.277110594208352, 2573709.612025788519531 ], [ 746013.21064110880252, 2573706.788210637401789 ], [ 746012.144171623513103, 2573703.964395485818386 ], [ 746011.07770213810727, 2573701.140580334234983 ], [ 746010.011232652701437, 2573698.316765183117241 ], [ 746008.944763167295605, 2573695.492950031533837 ], [ 746007.878293681889772, 2573692.669134879950434 ], [ 746006.81182419648394, 2573689.845319728832692 ], [ 746005.745354711194523, 2573687.02150457771495 ] ] } },
{ "type": "Feature", "properties": { "osmid": "365240068", "name": "nan", "highway": "secondary", "oneway": "True" }, "geometry": { "type": "LineString", "coordinates": [ [ 746038.88635800301563, 2573773.680247553158551 ], [ 746035.878336719237268, 2573775.457932124380022 ], [ 746032.886031548376195, 2573777.040160585194826 ] ] } },
{ "type": "Feature", "properties": { "osmid": "365240251", "name": "nan", "highway": "residential", "oneway": "False" }, "geometry": { "type": "LineString", "coordinates": [ [ 746080.879453600151464, 2573684.677363502327353 ], [ 746080.998027573921718, 2573687.679174451623112 ], [ 746081.116601547808386, 2573690.68098540045321 ], [ 746081.235175521695055, 2573693.682796349748969 ], [ 746081.353749495581724, 2573696.684607299044728 ], [ 746081.472323469351977, 2573699.686418248340487 ], [ 746081.590897443238646, 2573702.688229197636247 ], [ 746081.709471417125314, 2573705.690040146932006 ], [ 746081.828045391011983, 2573708.691851095762104 ], [ 746081.946619364782237, 2573711.693662045057863 ], [ 746082.065193338668905, 2573714.695472993887961 ], [ 746082.183767312555574, 2573717.69728394318372 ], [ 746082.302341286209412, 2573720.699094892013818 ], [ 746082.420915259979665, 2573723.700905841309577 ], [ 746082.539489233866334, 2573726.702716790605336 ], [ 746082.658063207753003, 2573729.704527739901096 ], [ 746082.776637181639671, 2573732.706338689196855 ], [ 746082.89521115552634, 2573735.708149638492614 ], [ 746083.013785129413009, 2573738.709960587322712 ], [ 746083.132359103299677, 2573741.711771536618471 ], [ 746083.250933077069931, 2573744.71358248591423 ], [ 746083.369507050723769, 2573747.71539343520999 ], [ 746083.488081024610437, 2573750.717204384505749 ], [ 746083.606654998497106, 2573753.719015333801508 ], [ 746083.725228972383775, 2573756.720826282631606 ], [ 746083.843802946270443, 2573759.722637231927365 ], [ 746083.962376920040697, 2573762.724448180757463 ], [ 746084.080950893927366, 2573765.726259130053222 ] ] } },
{ "type": "Feature", "properties": { "osmid": "419836082", "name": "nan", "highway": "residential", "oneway": "False" }, "geometry": { "type": "LineString", "coordinates": [ [ 746080.879453600151464, 2573684.677363502327353 ], [ 746077.723939782357775, 2573685.121650511398911 ], [ 746074.5684259646805, 2573685.56593752047047 ], [ 746071.412912147003226, 2573686.010224529076368 ], [ 746068.257398329209536, 2573686.454511538613588 ], [ 746065.101884511415847, 2573686.898798547685146 ], [ 746061.946370693738572, 2573687.343085556756705 ], [ 746058.791704998468049, 2573687.78138442710042 ], [ 746055.665386024280451, 2573688.01954227918759 ], [ 746052.724781612516381, 2573687.735730358865112 ], [ 746050.179544668761082, 2573686.567026568111032 ], [ 746048.18602714559529, 2573684.526838292833418 ], [ 746046.586861202027649, 2573681.936994288116693 ] ] } },
{ "type": "Feature", "properties": { "osmid": "365240519", "name": "nan", "highway": "residential", "oneway": "False" }, "geometry": { "type": "LineString", "coordinates": [ [ 745924.75, 2574388.748999999836087 ], [ 745917.677510041627102, 2574389.396389249246567 ] ] } },
{ "type": "Feature", "properties": { "osmid": "365240519", "name": "nan", "highway": "residential", "oneway": "False" }, "geometry": { "type": "LineString", "coordinates": [ [ 745924.75, 2574388.748999999836087 ], [ 745920.820838912040927, 2574389.108660694211721 ], [ 745918.57637324987445, 2574389.320387516636401 ], [ 745918.016603013616987, 2574389.384180467110127 ], [ 745918.297994624823332, 2574387.523298827931285 ], [ 745918.419115459197201, 2574383.469289055559784 ], [ 745918.390427091042511, 2574376.873626280110329 ], [ 745918.33779381623026, 2574371.085131342988461 ], [ 745918.363785050809383, 2574366.448259522672743 ], [ 745918.45793922059238, 2574363.311535687651485 ], [ 745918.552093390491791, 2574360.174811852630228 ], [ 745918.646247560507618, 2574357.03808801760897 ], [ 745918.580283528659493, 2574352.527809733524919 ], [ 745918.454920975957066, 2574346.983295874204487 ], [ 745918.259698327980004, 2574340.753071310464293 ], [ 745918.933470685617067, 2574336.951206200290471 ], [ 745920.893417384824716, 2574335.266024053562433 ], [ 745924.150000000023283, 2574335.349 ] ] } },
{ "type": "Feature", "properties": { "osmid": "419836081", "name": "nan", "highway": "residential", "oneway": "False" }, "geometry": { "type": "LineString", "coordinates": [ [ 745924.75, 2574388.748999999836087 ], [ 745923.749076519161463, 2574388.887387390248477 ], [ 745924.305641756858677, 2574388.823159851599485 ], [ 745926.416523959022015, 2574388.601636302191764 ], [ 745929.526204124209471, 2574388.368594504892826 ], [ 745932.637014863896184, 2574388.305041488260031 ], [ 745935.751561878132634, 2574388.379170884843916 ], [ 745938.756794314831495, 2574388.544536660891026 ], [ 745941.761056346818805, 2574388.731140762101859 ], [ 745944.764751289156266, 2574388.927652782294899 ], [ 745947.768517833552323, 2574389.1216178862378 ], [ 745950.772325024125166, 2574389.312915980815887 ], [ 745953.776825386914425, 2574389.49166022753343 ], [ 745956.781874251901172, 2574389.658254834357649 ], [ 745959.788447059690952, 2574389.789753300603479 ], [ 745962.796536216512322, 2574389.87790729245171 ], [ 745965.805990583612584, 2574389.916763168759644 ], [ 745968.815907643642277, 2574389.917356096673757 ], [ 745971.825735421851277, 2574389.8866628985852 ], [ 745974.83542714943178, 2574389.837054044473916 ] ] } },
{ "type": "Feature", "properties": { "osmid": "28691824", "name": "nan", "highway": "residential", "oneway": "False" }, "geometry": { "type": "LineString", "coordinates": [ [ 745428.100992187974043, 2574502.472642275970429 ], [ 745428.109646016848274, 2574502.583704357501119 ], [ 745428.414411825011484, 2574503.095139518845826 ], [ 745429.015289612114429, 2574504.006947760935873 ], [ 745430.77089445234742, 2574505.364672603085637 ], [ 745433.327833307441324, 2574506.548489033710212 ], [ 745437.02490359544754, 2574507.558940324932337 ], [ 745440.457754203118384, 2574507.975897343829274 ], [ 745443.809600403648801, 2574508.176099291071296 ], [ 745446.741624730057083, 2574508.150797306094319 ], [ 745449.790919010643847, 2574508.161232620943338 ], [ 745452.840252919704653, 2574508.158955857623369 ], [ 745455.776616081944667, 2574508.167298761662096 ], [ 745458.483535149949603, 2574508.22417050646618 ], [ 745461.268922213930637, 2574508.350911260116845 ], [ 745464.13023498468101, 2574508.542869565542787 ], [ 745467.293118808884174, 2574508.773535239975899 ], [ 745470.247712638229132, 2574509.034336891490966 ], [ 745473.33413647999987, 2574509.303601596038789 ], [ 745476.445940633304417, 2574509.545224578585476 ], [ 745479.674603275838308, 2574509.732167289126664 ], [ 745482.683836954762228, 2574509.879861596506089 ], [ 745485.470863901078701, 2574510.016047081444412 ], [ 745488.145092585938983, 2574510.169939161278307 ], [ 745490.92520867253188, 2574510.38282160833478 ], [ 745493.808857702533714, 2574510.67708688089624 ], [ 745496.908832303248346, 2574511.019056192133576 ], [ 745500.010406189714558, 2574511.328318473882973 ], [ 745503.118166751693934, 2574511.561479640658945 ], [ 745506.007911560707726, 2574511.767772132065147 ], [ 745509.009241153835319, 2574512.002817325759679 ], [ 745512.229893434909172, 2574512.305928148794919 ], [ 745515.782290455535986, 2574512.648829492274672 ] ] } },
{ "type": "Feature", "properties": { "osmid": "1196732251", "name": "nan", "highway": "tertiary", "oneway": "True" }, "geometry": { "type": "LineString", "coordinates": [ [ 745428.100992187974043, 2574502.472642275970429 ], [ 745427.863165978691541, 2574499.474317131564021 ], [ 745427.628386339056306, 2574496.475755493622273 ], [ 745427.395077766734175, 2574493.477077953983098 ], [ 745427.144418122712523, 2574490.368199590593576 ], [ 745426.878027274389751, 2574487.260832968633622 ], [ 745426.611246109940112, 2574484.154076592531055 ], [ 745426.365343371289782, 2574481.157729767728597 ], [ 745426.135206543025561, 2574478.160312466323376 ], [ 745425.894011793658137, 2574475.16333283809945 ], [ 745425.640614132047631, 2574472.16691261716187 ], [ 745425.376463179476559, 2574469.170959009323269 ], [ 745425.109551202156581, 2574466.175175619777292 ], [ 745424.846640280797146, 2574463.290834434796125 ], [ 745424.580566328484565, 2574460.406742177903652 ], [ 745424.321452172123827, 2574457.522035559173673 ], [ 745424.066066227969714, 2574454.525199980475008 ], [ 745423.824822218040936, 2574451.527180219069123 ], [ 745423.593650118564256, 2574448.528333230875432 ], [ 745423.367140039801598, 2574445.529110749717802 ], [ 745423.141463176463731, 2574442.529824842233211 ], [ 745422.915050271782093, 2574439.530595370102674 ], [ 745422.674318105331622, 2574436.42078105872497 ], [ 745422.406578451278619, 2574433.201620386447757 ], [ 745422.101925046765245, 2574429.874049739446491 ], [ 745421.755836497992277, 2574426.663284549023956 ], [ 745421.369688452570699, 2574423.569745322689414 ], [ 745420.969088092911988, 2574420.702879572752863 ], [ 745420.60080195881892, 2574417.944415665697306 ], [ 745420.286491591483355, 2574415.179162982385606 ], [ 745419.999287676415406, 2574412.185912272427231 ], [ 745419.716489013633691, 2574408.971507461741567 ], [ 745419.447942953440361, 2574405.863958552479744 ], [ 745419.209664082736708, 2574402.962558965664357 ], [ 745418.994757374748588, 2574400.249562397133559 ], [ 745418.7752694824012, 2574397.395651387050748 ], [ 745418.547922711935826, 2574394.423237537965178 ], [ 745418.308843408129178, 2574391.357472551055253 ], [ 745418.07250641065184, 2574388.322904726024717 ], [ 745417.840047564473934, 2574385.307649959810078 ], [ 745417.613846420892514, 2574382.301353935152292 ], [ 745417.38059778790921, 2574379.294809174258262 ], [ 745417.134526110137813, 2574376.28926656069234 ], [ 745416.86473327409476, 2574373.286003565881401 ], [ 745416.567801250610501, 2574370.285664326976985 ], [ 745416.250609002076089, 2574367.287697721738368 ], [ 745415.945657280855812, 2574364.288716625422239 ], [ 745415.669290031422861, 2574361.286795409861952 ], [ 745415.403948949766345, 2574358.283612768631428 ], [ 745415.127116014831699, 2574355.281346320174634 ], [ 745414.843329369090497, 2574352.279892779421061 ], [ 745414.544808201608248, 2574349.281483912374824 ], [ 745414.256207234808244, 2574346.397295066621155 ], [ 745413.979160729446448, 2574343.516875721979886 ], [ 745413.770571052678861, 2574340.631672424729913 ], [ 745413.587756442255341, 2574337.518790103495121 ], [ 745413.39944008749444, 2574334.401346508413553 ], [ 745413.169165694154799, 2574331.284348185639828 ], [ 745412.915120191290043, 2574328.279489708598703 ], [ 745412.654625218943693, 2574325.275124011561275 ], [ 745412.389152349787764, 2574322.271164502482861 ], [ 745412.119716765941121, 2574319.267559125553817 ], [ 745411.84777530876454, 2574316.264175480697304 ], [ 745411.57627511548344, 2574313.260768992826343 ], [ 745411.301887890440412, 2574310.257752802222967 ], [ 745411.025906359311193, 2574307.255220100283623 ], [ 745410.754385108593851, 2574304.252915952820331 ], [ 745410.48887698946055, 2574301.250638234894723 ], [ 745410.233251134981401, 2574298.247647526673973 ], [ 745409.973464885726571, 2574295.244644179474562 ], [ 745409.730121023370884, 2574292.239646835718304 ], [ 745409.501570875872858, 2574289.233031244948506 ], [ 745409.293592916219495, 2574286.224544058553874 ], [ 745409.105878700152971, 2574283.215127674862742 ], [ 745408.923406831570901, 2574280.206301912665367 ], [ 745408.740113371517509, 2574277.198569820728153 ], [ 745408.523208553437144, 2574274.193219112232327 ], [ 745408.295760198961943, 2574271.187731943558902 ], [ 745408.066778489737771, 2574268.181315390858799 ], [ 745407.852105844416656, 2574265.173363423440605 ], [ 745407.639469248591922, 2574262.165190919302404 ], [ 745407.269785432145, 2574258.972134287003428 ], [ 745406.641000284813344, 2574255.743715756107122 ], [ 745405.580621485598385, 2574252.543721006717533 ], [ 745404.27715119800996, 2574249.908261754084378 ], [ 745402.80472341645509, 2574247.710650499910116 ], [ 745401.289439414977096, 2574245.911176336463541 ], [ 745399.527795581612736, 2574243.548571002203971 ], [ 745397.763296668766998, 2574240.321320159360766 ], [ 745396.349670281633735, 2574236.010947550181299 ], [ 745395.457513713161461, 2574231.227599026169628 ] ] } },
{ "type": "Feature", "properties": { "osmid": "364862815", "name": "nan", "highway": "residential", "oneway": "False" }, "geometry": { "type": "LineString", "coordinates": [ [ 745272.483458449947648, 2574452.615832735318691 ], [ 745272.111785430344753, 2574456.024568709079176 ], [ 745271.740112410741858, 2574459.433304682839662 ], [ 745271.368439391138963, 2574462.842040656600147 ], [ 745270.996766371536069, 2574466.250776630360633 ], [ 745270.625093351933174, 2574469.659512604121119 ] ] } },
{ "type": "Feature", "properties": { "osmid": "365240251", "name": "nan", "highway": "residential", "oneway": "False" }, "geometry": { "type": "LineString", "coordinates": [ [ 746086.154326792457141, 2573788.86273317085579 ], [ 746085.858130235574208, 2573785.557522593531758 ], [ 746085.56193367857486, 2573782.252312016207725 ], [ 746085.265737121575512, 2573778.947101438883692 ], [ 746084.969540564692579, 2573775.641890862025321 ], [ 746084.673344007809646, 2573772.336680284701288 ], [ 746084.377147450926714, 2573769.031469707377255 ], [ 746084.080950893927366, 2573765.726259130053222 ] ] } },
{ "type": "Feature", "properties": { "osmid": "365509244", "name": "nan", "highway": "secondary", "oneway": "False" }, "geometry": { "type": "LineString", "coordinates": [ [ 746086.154326792457141, 2573788.86273317085579 ], [ 746090.092497784062289, 2573789.376794168259948 ], [ 746094.03066877531819, 2573789.890855165198445 ] ] } },
{ "type": "Feature", "properties": { "osmid": "365509244", "name": "nan", "highway": "secondary", "oneway": "False" }, "geometry": { "type": "LineString", "coordinates": [ [ 746086.154326792457141, 2573788.86273317085579 ], [ 746083.074742125347257, 2573788.427532048430294 ], [ 746079.995157458353788, 2573787.992330925539136 ], [ 746076.915572791360319, 2573787.557129802647978 ], [ 746073.83598812436685, 2573787.121928680222481 ], [ 746069.32704411027953, 2573787.007691411767155 ], [ 746063.730916823260486, 2573787.262773677706718 ], [ 746057.314459539484233, 2573787.722877703141421 ], [ 746053.251638773479499, 2573787.684817734640092 ], [ 746051.151570959482342, 2573786.879738407209516 ], [ 746050.793519357335754, 2573785.575544513296336 ], [ 746050.424396978807636, 2573784.156876748427749 ], [ 746050.106210732948966, 2573782.957539552822709 ], [ 746049.792844083742239, 2573781.873925909865648 ] ] } },
{ "type": "Feature", "properties": { "osmid": "28691777", "name": "nan", "highway": "residential", "oneway": "False" }, "geometry": { "type": "LineString", "coordinates": [ [ 745654.565948158851825, 2574283.869770345278084 ], [ 745658.076102258521132, 2574283.660516563802958 ], [ 745661.366404111031443, 2574283.399086916353554 ], [ 745664.448767777415924, 2574283.159516701009125 ], [ 745667.434078656486236, 2574282.97884883871302 ], [ 745670.431558861746453, 2574282.905981926247478 ], [ 745673.429588338476606, 2574282.880967151373625 ], [ 745676.427715060883202, 2574282.903223723173141 ], [ 745679.426829938660376, 2574282.927561071235687 ], [ 745682.537754831369966, 2574282.938373646698892 ], [ 745685.760095970355906, 2574282.918448193464428 ], [ 745689.092577702715062, 2574282.906440415885299 ], [ 745692.274905888945796, 2574282.916399827692658 ], [ 745695.30832911003381, 2574282.975694118067622 ], [ 745698.194629970937967, 2574283.065660662949085 ], [ 745701.121390065527521, 2574283.181979978457093 ], [ 745704.197808872908354, 2574283.33527177060023 ], [ 745707.423355433973484, 2574283.513504995033145 ], [ 745710.759824750013649, 2574283.681360446847975 ], [ 745713.983473422355019, 2574283.73122750967741 ], [ 745717.093435637652874, 2574283.657550250645727 ], [ 745720.089122866163962, 2574283.51020068814978 ], [ 745723.086166765191592, 2574283.388022343162447 ], [ 745726.605776765034534, 2574283.182938982266933 ], [ 745731.1694275039481, 2574282.725548403337598 ], [ 745736.775000000023283, 2574281.997 ] ] } },
{ "type": "Feature", "properties": { "osmid": "421001883", "name": "nan", "highway": "residential", "oneway": "False" }, "geometry": { "type": "LineString", "coordinates": [ [ 745654.565948158851825, 2574283.869770345278084 ], [ 745654.565948158851825, 2574283.869770345278084 ], [ 745654.565948158851825, 2574283.869770345278084 ], [ 745654.676863805041648, 2574283.876334825530648 ], [ 745654.747639777488075, 2574285.685539312195033 ], [ 745654.767446629703045, 2574289.646535754203796 ], [ 745654.503623623750173, 2574296.095347141381353 ], [ 745654.247451953589916, 2574301.788974369410425 ], [ 745654.009761065593921, 2574306.378265489358455 ], [ 745653.912296051508747, 2574309.520633032079786 ], [ 745653.814831037423573, 2574312.663000574335456 ], [ 745653.7173660233384, 2574315.805368117056787 ], [ 745653.619901009253226, 2574318.947735659778118 ], [ 745653.522435995284468, 2574322.090103202033788 ], [ 745653.424970981199294, 2574325.232470744755119 ], [ 745653.327505967114121, 2574328.37483828747645 ], [ 745653.230040953145362, 2574331.517205830197781 ] ] } },
{ "type": "Feature", "properties": { "osmid": "28691777", "name": "nan", "highway": "residential", "oneway": "False" }, "geometry": { "type": "LineString", "coordinates": [ [ 745654.565948158851825, 2574283.869770345278084 ], [ 745651.566654288792051, 2574283.814340213313699 ], [ 745648.567918626940809, 2574283.73648341698572 ], [ 745645.569841096759774, 2574283.631752372253686 ], [ 745642.572566779446788, 2574283.506412898655981 ], [ 745639.484694597311318, 2574283.253392082173377 ], [ 745636.509138642810285, 2574282.867179736960679 ], [ 745633.558838597615249, 2574282.506829839199781 ], [ 745630.810671366169117, 2574282.404379528015852 ], [ 745627.852847565780394, 2574282.584647660609335 ], [ 745624.851808106643148, 2574282.764615483116359 ], [ 745621.721895481459796, 2574282.829512195661664 ], [ 745618.671821165946312, 2574282.767576585989445 ], [ 745615.621580122620799, 2574282.715178452897817 ], [ 745612.571284638252109, 2574282.682389177847654 ], [ 745609.521142193465494, 2574282.679664257448167 ], [ 745606.471276773721911, 2574282.708778284024447 ], [ 745603.421720762155019, 2574282.762090628501028 ], [ 745600.373027626425028, 2574282.839758585672826 ], [ 745597.325674173771404, 2574282.947851449716836 ], [ 745594.280336702358909, 2574283.092937611509115 ], [ 745591.35014276264701, 2574283.267248713877052 ], [ 745588.344525623018853, 2574283.480054464191198 ], [ 745585.491775410366245, 2574283.727354621980339 ], [ 745582.455821404699236, 2574284.040539814159274 ], [ 745579.617124404176138, 2574284.390678023453802 ], [ 745576.518602230935358, 2574284.7790831127204 ], [ 745573.492395506124012, 2574285.145001954864711 ], [ 745570.462087383959442, 2574285.499149744864553 ], [ 745567.664100632537156, 2574285.876381716225296 ], [ 745564.9993433811469, 2574286.351509431842715 ], [ 745562.129391010850668, 2574286.948342207353562 ], [ 745559.036055831122212, 2574287.564973667263985 ], [ 745555.695795327075757, 2574288.077700965572149 ], [ 745552.442256685928442, 2574288.404995582532138 ], [ 745549.284520106390119, 2574288.570672939997166 ], [ 745546.551097285817377, 2574288.637357229366899 ], [ 745544.449022804037668, 2574288.667275471612811 ], [ 745542.979000000050291, 2574288.694999999832362 ] ] } },
{ "type": "Feature", "properties": { "osmid": "28691800", "name": "nan", "highway": "residential", "oneway": "False" }, "geometry": { "type": "LineString", "coordinates": [ [ 745505.600721721653827, 2574376.994677432347089 ], [ 745508.830204256344587, 2574376.917013184633106 ], [ 745513.643879128503613, 2574376.873479592148215 ], [ 745519.682914945180528, 2574376.872706016991287 ], [ 745526.588480313774198, 2574376.92332181846723 ], [ 745530.833359166863374, 2574376.965695047285408 ], [ 745532.776382896932773, 2574376.991196342278272 ] ] } },
{ "type": "Feature", "properties": { "osmid": "364862815", "name": "nan", "highway": "residential", "oneway": "False" }, "geometry": { "type": "LineString", "coordinates": [ [ 745270.625093351933174, 2574469.659512604121119 ], [ 745270.996766371536069, 2574466.250776630360633 ], [ 745271.368439391138963, 2574462.842040656600147 ], [ 745271.740112410741858, 2574459.433304682839662 ], [ 745272.111785430344753, 2574456.024568709079176 ], [ 745272.483458449947648, 2574452.615832735318691 ] ] } },
{ "type": "Feature", "properties": { "osmid": "364862815", "name": "nan", "highway": "residential", "oneway": "False" }, "geometry": { "type": "LineString", "coordinates": [ [ 745270.625093351933174, 2574469.659512604121119 ], [ 745270.284847345785238, 2574472.781280972063541 ], [ 745269.944601339753717, 2574475.903049340471625 ], [ 745269.604355333722197, 2574479.024817708414048 ], [ 745269.264109327574261, 2574482.146586075890809 ], [ 745268.748370636138134, 2574485.159835741389543 ], [ 745267.816362369805574, 2574487.914917143061757 ], [ 745266.494495339808054, 2574490.413698319811374 ], [ 745265.160165728535503, 2574492.875084714964032 ], [ 745264.321338126435876, 2574495.600243485998362 ], [ 745263.951601722161286, 2574498.587306594941765 ], [ 745263.849053019075654, 2574501.725887301843613 ], [ 745263.746504315990023, 2574504.864468008745462 ], [ 745263.643955612904392, 2574508.003048715181649 ] ] } },
{ "type": "Feature", "properties": { "osmid": "28691791", "name": "nan", "highway": "residential", "oneway": "False" }, "geometry": { "type": "LineString", "coordinates": [ [ 746035.429, 2574446.944999999832362 ], [ 746031.876527346088551, 2574446.770672238897532 ], [ 746029.745043753646314, 2574446.66607558215037 ], [ 746029.853556371759623, 2574445.573349026497453 ], [ 746031.507645417936146, 2574443.123629696667194 ], [ 746034.020934943226166, 2574438.948540246114135 ], [ 746035.770459090243094, 2574434.829764639493078 ], [ 746036.731199508416466, 2574431.101017487701029 ], [ 746036.862433168687858, 2574428.095146064180881 ], [ 746036.968838105909526, 2574425.088424229528755 ], [ 746037.069889467675239, 2574422.081550205126405 ], [ 746037.177845591213554, 2574418.963687014766037 ], [ 746037.27031719731167, 2574415.734344350639731 ], [ 746037.310997084365226, 2574412.392687955405563 ], [ 746037.289596398011781, 2574409.161710688844323 ], [ 746037.231196455191821, 2574406.041785788256675 ], [ 746037.17182363232132, 2574403.033248025923967 ], [ 746037.065083505003713, 2574399.606532749254256 ], [ 746036.837559201172553, 2574395.343755416572094 ], [ 746036.479000000050291, 2574390.244999999646097 ] ] } },
{ "type": "Feature", "properties": { "osmid": "966373000", "name": "nan", "highway": "residential", "oneway": "False" }, "geometry": { "type": "LineString", "coordinates": [ [ 746035.429, 2574446.944999999832362 ], [ 746028.451686404063366, 2574446.803609771188349 ], [ 746023.123634548741393, 2574446.713541681412607 ], [ 746019.331307462765835, 2574446.653755149338394 ], [ 746016.393691798788495, 2574446.583489520009607 ], [ 746013.266298061585985, 2574446.467041051480919 ], [ 746010.070800379733555, 2574446.32762311771512 ], [ 746006.870865493547171, 2574446.190364182461053 ], [ 746003.771832242724486, 2574446.082734023686498 ], [ 746000.765049360808916, 2574446.020380204543471 ], [ 745997.757630701060407, 2574445.983366363216192 ], [ 745994.749983273562975, 2574445.946575440932065 ], [ 745991.74280739063397, 2574445.902916983235627 ], [ 745988.738230921211652, 2574445.847658935468644 ], [ 745985.533091822173446, 2574445.732248575892299 ], [ 745982.245675062411465, 2574445.591809310484678 ], [ 745978.87568496784661, 2574445.522119555156678 ], [ 745975.833810873678885, 2574445.700300649739802 ], [ 745973.001581607270055, 2574446.08049928676337 ] ] } },
{ "type": "Feature", "properties": { "osmid": "28691791", "name": "nan", "highway": "residential", "oneway": "False" }, "geometry": { "type": "LineString", "coordinates": [ [ 746035.429, 2574446.944999999832362 ], [ 746031.305863259243779, 2574446.785971041303128 ], [ 746028.827568874810822, 2574448.681005980819464 ], [ 746027.98017170233652, 2574452.974893257487565 ], [ 746027.925099248648621, 2574459.980615517590195 ], [ 746027.832603700808249, 2574466.030250777956098 ], [ 746027.716630203067325, 2574470.779010599013418 ], [ 746027.777547699282877, 2574473.806140196975321 ], [ 746028.289789964794181, 2574476.649358223658055 ], [ 746030.719656521454453, 2574479.975692430511117 ], [ 746034.708244916633703, 2574483.592287071049213 ], [ 746039.679962594527751, 2574487.464239453431219 ], [ 746042.656419898034073, 2574490.006700931116939 ], [ 746043.810095481225289, 2574491.488493596669286 ] ] } },
{ "type": "Feature", "properties": { "osmid": "419836081", "name": "nan", "highway": "residential", "oneway": "False" }, "geometry": { "type": "LineString", "coordinates": [ [ 745974.83542714943178, 2574389.837054044473916 ], [ 745977.845261580310762, 2574389.81271013757214 ], [ 745980.855182365863584, 2574389.794114122632891 ], [ 745983.864884753827937, 2574389.764617790933698 ], [ 745986.872922324109823, 2574389.692421110812575 ], [ 745989.990030989632942, 2574389.554706752300262 ], [ 745993.216718375333585, 2574389.379243904724717 ], [ 745996.555591323412955, 2574389.225376024376601 ], [ 745999.783854310051538, 2574389.10996479075402 ], [ 746002.90125811798498, 2574389.02097548218444 ], [ 746005.906637845677324, 2574388.936243561562151 ], [ 746009.024598974385299, 2574388.901792021933943 ], [ 746012.255261086276732, 2574388.929808573331684 ], [ 746015.597477313596755, 2574389.028161176946014 ], [ 746018.826745497994125, 2574389.15531745320186 ], [ 746021.831409883219749, 2574389.283228994812816 ], [ 746025.338030810584314, 2574389.463818635325879 ], [ 746030.183366676792502, 2574389.778817491140217 ], [ 746036.479000000050291, 2574390.244999999646097 ] ] } },
{ "type": "Feature", "properties": { "osmid": "419836081", "name": "nan", "highway": "residential", "oneway": "False" }, "geometry": { "type": "LineString", "coordinates": [ [ 745974.83542714943178, 2574389.837054044473916 ], [ 745971.825735421734862, 2574389.8866628985852 ], [ 745968.815907643642277, 2574389.917356096208096 ], [ 745965.805990583612584, 2574389.916763168293983 ], [ 745962.796536216512322, 2574389.877907291520387 ], [ 745959.788447059690952, 2574389.789753300603479 ], [ 745956.781874251901172, 2574389.658254834357649 ], [ 745953.776825386914425, 2574389.49166022753343 ], [ 745950.772325024125166, 2574389.312915980815887 ], [ 745947.768517833552323, 2574389.121617886703461 ], [ 745944.764751289156266, 2574388.927652782294899 ], [ 745941.761056346818805, 2574388.731140762101859 ], [ 745938.756794314831495, 2574388.544536660891026 ], [ 745935.751561878249049, 2574388.379170885309577 ], [ 745932.637014863896184, 2574388.305041488260031 ], [ 745929.526204124442302, 2574388.368594504892826 ], [ 745926.416523959022015, 2574388.601636302191764 ], [ 745924.305641756858677, 2574388.823159851599485 ], [ 745923.749076519161463, 2574388.887387389782816 ], [ 745924.75, 2574388.748999999836087 ] ] } },
{ "type": "Feature", "properties": { "osmid": "966373001", "name": "nan", "highway": "residential", "oneway": "False" }, "geometry": { "type": "LineString", "coordinates": [ [ 745974.83542714943178, 2574389.837054044473916 ], [ 745975.3927386313444, 2574389.824734039604664 ], [ 745975.727125520352274, 2574389.817342036869377 ], [ 745975.950052295811474, 2574389.812519269064069 ], [ 745976.172981253708713, 2574389.807801735121757 ], [ 745976.462061856756918, 2574387.839883497450501 ], [ 745976.608977987081744, 2574383.563904635142535 ], [ 745976.628342484473251, 2574376.630287690088153 ], [ 745976.625393856316805, 2574370.611139079090208 ], [ 745976.696983741596341, 2574365.853677491191775 ], [ 745976.828499300405383, 2574362.707480383571237 ], [ 745976.96001485933084, 2574359.561283275485039 ], [ 745977.04286483488977, 2574354.763954204041511 ], [ 745977.062436387292109, 2574348.665070626419038 ], [ 745977.004116676398553, 2574341.614209998399019 ], [ 745977.062539126141928, 2574337.260091312229633 ], [ 745977.364231672603637, 2574335.250014720018953 ], [ 745977.923807155922987, 2574335.234402765519917 ] ] } },
{ "type": "Feature", "properties": { "osmid": "966373001", "name": "nan", "highway": "residential", "oneway": "False" }, "geometry": { "type": "LineString", "coordinates": [ [ 745974.83542714943178, 2574389.837054044473916 ], [ 745974.835427149548195, 2574389.837054044473916 ], [ 745974.814303833991289, 2574391.658415560144931 ], [ 745974.761352651403286, 2574395.637736907694489 ], [ 745974.665869050659239, 2574402.111616405192763 ], [ 745974.559395111748017, 2574407.773929338436574 ], [ 745974.45263538591098, 2574412.288077390287071 ], [ 745974.36131855880376, 2574415.317555376794189 ], [ 745974.283952659345232, 2574418.347291976213455 ], [ 745974.22946448053699, 2574421.377452666405588 ], [ 745974.196732546202838, 2574424.40801665885374 ], [ 745974.59504031331744, 2574428.72533663129434 ], [ 745975.201634326367639, 2574434.048317596781999 ], [ 745975.904605503776111, 2574440.05912962788716 ], [ 745975.759354893234558, 2574443.865987738594413 ], [ 745975.195313577889465, 2574445.693987150210887 ], [ 745974.320379079901613, 2574445.860275730490685 ], [ 745973.661003230023198, 2574445.970501680392772 ], [ 745973.001581607270055, 2574446.08049928676337 ] ] } },
{ "type": "Feature", "properties": { "osmid": "28691785", "name": "nan", "highway": "residential", "oneway": "False" }, "geometry": { "type": "LineString", "coordinates": [ [ 745977.923807155922987, 2574335.234402765519917 ], [ 745980.934192443848588, 2574335.392579467501491 ], [ 745983.948196686222218, 2574335.478152151685208 ], [ 745986.966732445289381, 2574335.47938384860754 ], [ 745989.988192578661256, 2574335.443395738024265 ], [ 745993.01074069191236, 2574335.410080602858216 ], [ 745996.033481247839518, 2574335.392265253234655 ], [ 745999.056267817504704, 2574335.378316520247608 ], [ 746002.079081760253757, 2574335.361809149384499 ], [ 746005.213883686461486, 2574335.343373428564519 ], [ 746008.460666188388132, 2574335.324475668370724 ], [ 746011.819405910442583, 2574335.308428016025573 ], [ 746015.066151818609796, 2574335.299073114525527 ], [ 746018.20092381851282, 2574335.30216903379187 ], [ 746021.223630588385276, 2574335.322734709363431 ], [ 746024.783776523545384, 2574335.444615654181689 ], [ 746029.418865000247024, 2574335.754450557287782 ], [ 746035.128999999957159, 2574336.245000000111759 ] ] } },
{ "type": "Feature", "properties": { "osmid": "28691785", "name": "nan", "highway": "residential", "oneway": "False" }, "geometry": { "type": "LineString", "coordinates": [ [ 745977.923807155922987, 2574335.234402765519917 ], [ 745974.902429135981947, 2574335.330734830349684 ], [ 745971.769013600773178, 2574335.425201712641865 ], [ 745968.635415815748274, 2574335.512718643527478 ], [ 745965.40972494147718, 2574335.58602794026956 ], [ 745962.317948003183119, 2574335.650912252720445 ], [ 745959.138502981048077, 2574335.723606197163463 ], [ 745956.057666733278893, 2574335.830314284190536 ], [ 745952.962554624420591, 2574335.984408994670957 ], [ 745949.96318921726197, 2574336.179698240477592 ], [ 745946.965226349886507, 2574336.397808892186731 ], [ 745943.966705450671725, 2574336.60878584580496 ], [ 745940.856439017108642, 2574336.817970727570355 ], [ 745937.745492448448204, 2574337.017202371265739 ], [ 745934.63461664353963, 2574337.193484479095787 ], [ 745931.746300625032745, 2574337.272596045862883 ], [ 745928.912100671674125, 2574337.064928918611258 ], [ 745926.542803579941392, 2574336.598150254692882 ], [ 745924.936318197869696, 2574335.960451223421842 ], [ 745924.150000000023283, 2574335.349 ] ] } },
{ "type": "Feature", "properties": { "osmid": "966373001", "name": "nan", "highway": "residential", "oneway": "False" }, "geometry": { "type": "LineString", "coordinates": [ [ 745977.923807155922987, 2574335.234402765519917 ], [ 745977.364231672603637, 2574335.250014720018953 ], [ 745977.062539126141928, 2574337.260091312229633 ], [ 745977.004116676398553, 2574341.614209998864681 ], [ 745977.062436387059279, 2574348.665070626419038 ], [ 745977.04286483488977, 2574354.763954204041511 ], [ 745976.960014859214425, 2574359.561283275485039 ], [ 745976.828499300405383, 2574362.707480383571237 ], [ 745976.696983741479926, 2574365.853677491191775 ], [ 745976.62539385620039, 2574370.611139079090208 ], [ 745976.62834248424042, 2574376.630287689622492 ], [ 745976.608977986965328, 2574383.563904635142535 ], [ 745976.462061856756918, 2574387.839883497450501 ], [ 745976.172981253708713, 2574389.807801734656096 ], [ 745975.950052295811474, 2574389.812519268598408 ], [ 745975.727125520352274, 2574389.817342036869377 ], [ 745975.3927386313444, 2574389.824734039604664 ], [ 745974.83542714943178, 2574389.837054044473916 ] ] } },
{ "type": "Feature", "properties": { "osmid": "28692132", "name": "nan", "highway": "residential", "oneway": "False" }, "geometry": { "type": "LineString", "coordinates": [ [ 745753.502603495493531, 2573735.295013291295618 ], [ 745756.716214302461594, 2573734.896724451798946 ], [ 745759.929825109429657, 2573734.498435612302274 ], [ 745763.143435916281305, 2573734.100146772805601 ], [ 745766.357046723132953, 2573733.701857933308929 ] ] } },
{ "type": "Feature", "properties": { "osmid": "28692132", "name": "nan", "highway": "residential", "oneway": "False" }, "geometry": { "type": "LineString", "coordinates": [ [ 745753.502603495493531, 2573735.295013291295618 ], [ 745750.393816949333996, 2573735.510979736689478 ], [ 745747.28503040317446, 2573735.726946182083338 ], [ 745744.17624385713134, 2573735.942912627477199 ], [ 745741.067457311204635, 2573736.158879072871059 ], [ 745737.958670765045099, 2573736.37484551826492 ], [ 745734.849884218885563, 2573736.59081196365878 ], [ 745731.741097672842443, 2573736.80677840905264 ], [ 745728.632311126682907, 2573737.022744854446501 ], [ 745725.523524580523372, 2573737.238711299840361 ], [ 745722.414738034480251, 2573737.454677745234221 ], [ 745719.305951488553546, 2573737.670644190628082 ], [ 745716.197164942394011, 2573737.886610636021942 ], [ 745713.088378396234475, 2573738.102577081415802 ], [ 745709.979591850191355, 2573738.318543526809663 ], [ 745706.870805304031819, 2573738.534509972203523 ], [ 745703.839215076062828, 2573738.566330765839666 ], [ 745701.005194296711124, 2573738.126865418627858 ], [ 745698.48911609640345, 2573736.928973441943526 ], [ 745696.256960968952626, 2573735.053805650677532 ], [ 745694.188355783931911, 2573732.788502532988787 ], [ 745692.162927411030978, 2573730.420204578433186 ], [ 745690.137499038130045, 2573728.051906623877585 ] ] } },
{ "type": "Feature", "properties": { "osmid": "966373003", "name": "nan", "highway": "residential", "oneway": "False" }, "geometry": { "type": "LineString", "coordinates": [ [ 745753.502603495493531, 2573735.295013291295618 ], [ 745753.682335155899636, 2573738.381653506308794 ], [ 745753.862066816189326, 2573741.46829372132197 ], [ 745754.041798476711847, 2573744.554933936800808 ], [ 745754.221530137234367, 2573747.641574151813984 ], [ 745754.401261797640473, 2573750.72821436682716 ], [ 745754.580993458162993, 2573753.814854582305998 ], [ 745754.760725118569098, 2573756.901494797319174 ], [ 745754.940456778858788, 2573759.98813501233235 ], [ 745755.120188439264894, 2573763.074775227811188 ], [ 745755.299920099787414, 2573766.161415442824364 ], [ 745755.479651760193519, 2573769.24805565783754 ], [ 745755.659383420483209, 2573772.334695873316377 ], [ 745755.845957859419286, 2573775.420231161173433 ], [ 745756.108393054571934, 2573778.493516948074102 ], [ 745756.515706984791905, 2573781.543408660683781 ], [ 745757.123232071171515, 2573784.560971580911428 ], [ 745757.844405410811305, 2573787.561362262349576 ], [ 745758.585287673049606, 2573790.561424020677805 ], [ 745759.286253885715269, 2573793.570425685029477 ], [ 745759.986687878030352, 2573796.579161821398884 ], [ 745760.740726334392093, 2573799.575053474400192 ], [ 745761.547562779742293, 2573802.558460807893425 ], [ 745762.385358309256844, 2573805.534577274229378 ], [ 745763.259876823867671, 2573808.490703717339784 ], [ 745764.353765961830504, 2573811.282538174185902 ], [ 745765.911957229953259, 2573813.580672457348555 ], [ 745768.101877470035106, 2573815.000467901583761 ], [ 745770.792129208450206, 2573815.407552337739617 ], [ 745773.730234740185551, 2573815.036944736260921 ], [ 745776.713787990272976, 2573814.292863132432103 ] ] } },
{ "type": "Feature", "properties": { "osmid": "417583217", "name": "nan", "highway": "residential", "oneway": "False" }, "geometry": { "type": "LineString", "coordinates": [ [ 745819.680227277451195, 2573806.362142418511212 ], [ 745819.229686159058474, 2573803.389236207585782 ], [ 745818.779145040665753, 2573800.416329996660352 ], [ 745818.328603922273032, 2573797.44342378526926 ], [ 745817.878062803880312, 2573794.47051757434383 ], [ 745817.427521685487591, 2573791.497611363884062 ], [ 745816.97698056709487, 2573788.52470515249297 ], [ 745816.526439448702149, 2573785.55179894156754 ], [ 745816.075898330309428, 2573782.578892730176449 ], [ 745815.625357211916707, 2573779.605986519251019 ], [ 745815.174816093523987, 2573776.63308030879125 ], [ 745814.724274975131266, 2573773.660174097400159 ] ] } },
{ "type": "Feature", "properties": { "osmid": "966373003", "name": "nan", "highway": "residential", "oneway": "False" }, "geometry": { "type": "LineString", "coordinates": [ [ 745819.680227277451195, 2573806.362142418511212 ], [ 745816.611195899895392, 2573806.928622469305992 ], [ 745813.542164522223175, 2573807.495102520566434 ], [ 745810.473133144434541, 2573808.061582571361214 ], [ 745807.404101766762324, 2573808.628062622621655 ], [ 745804.335070389206521, 2573809.194542673882097 ], [ 745801.266039011534303, 2573809.761022724676877 ], [ 745798.197007633862086, 2573810.327502775471658 ], [ 745795.127976256306283, 2573810.893982826266438 ], [ 745792.05894487851765, 2573811.460462877526879 ], [ 745788.989913500845432, 2573812.026942928787321 ], [ 745785.920882123173214, 2573812.593422979582101 ], [ 745782.851850745617412, 2573813.159903030376881 ], [ 745779.782819367945194, 2573813.726383081171662 ], [ 745776.713787990272976, 2573814.292863132432103 ] ] } },
{ "type": "Feature", "properties": { "osmid": [ 417583217, 365242082, 417583221 ], "name": "nan", "highway": "residential", "oneway": "False" }, "geometry": { "type": "LineString", "coordinates": [ [ 745819.680227277451195, 2573806.362142418511212 ], [ 745822.701946137007326, 2573805.837004296481609 ], [ 745825.719606644823216, 2573805.289241119753569 ], [ 745828.722205834579654, 2573804.676503472961485 ], [ 745831.700639028684236, 2573803.967250694520772 ], [ 745834.646325100562535, 2573803.131957221310586 ], [ 745837.570815105573274, 2573802.214828108903021 ], [ 745840.491141224745661, 2573801.278625584673136 ], [ 745843.424073863425292, 2573800.385104327462614 ], [ 745846.374546057661064, 2573799.550965871661901 ], [ 745849.336528592160903, 2573798.755797402467579 ], [ 745852.303992251865566, 2573797.979186106938869 ], [ 745855.271455911570229, 2573797.20257481187582 ], [ 745858.238919571391307, 2573796.425963516812772 ], [ 745861.206383231212385, 2573795.649352221284062 ], [ 745864.173846891033463, 2573794.872740926686674 ], [ 745867.141310550738126, 2573794.096129631623626 ] ] } },
{ "type": "Feature", "properties": { "osmid": "365241465", "name": "nan", "highway": "residential", "oneway": "False" }, "geometry": { "type": "LineString", "coordinates": [ [ 746178.342560968594626, 2573810.070294794160873 ], [ 746177.951950178598054, 2573806.832843751180917 ], [ 746177.561339388717897, 2573803.595392708200961 ], [ 746177.170728598721325, 2573800.357941665221006 ], [ 746176.780117808841169, 2573797.12049062224105 ], [ 746176.389507018961012, 2573793.883039579261094 ], [ 746175.998896229080856, 2573790.645588536281139 ], [ 746175.608285439200699, 2573787.408137493301183 ], [ 746175.217674649320543, 2573784.170686450321227 ], [ 746174.827063859440386, 2573780.933235407341272 ], [ 746174.436453069443814, 2573777.695784364361316 ] ] } },
{ "type": "Feature", "properties": { "osmid": "365509244", "name": "nan", "highway": "secondary", "oneway": "False" }, "geometry": { "type": "LineString", "coordinates": [ [ 746178.342560968594626, 2573810.070294794160873 ], [ 746175.115122488699853, 2573808.884728104341775 ], [ 746171.887684008921497, 2573807.699161414522678 ], [ 746168.660245529026724, 2573806.51359472470358 ], [ 746165.432807049131952, 2573805.328028034884483 ], [ 746162.20536856923718, 2573804.142461345065385 ], [ 746158.977930089458823, 2573802.956894655246288 ] ] } },
{ "type": "Feature", "properties": { "osmid": "365240068", "name": "nan", "highway": "secondary", "oneway": "True" }, "geometry": { "type": "LineString", "coordinates": [ [ 746049.792844083742239, 2573781.873925909865648 ], [ 746047.77435903379228, 2573778.827817942947149 ], [ 746045.221257286611944, 2573776.258232163731009 ], [ 746042.15597150742542, 2573774.592654483392835 ], [ 746038.88635800301563, 2573773.680247553158551 ] ] } },
{ "type": "Feature", "properties": { "osmid": "365509244", "name": "nan", "highway": "secondary", "oneway": "False" }, "geometry": { "type": "LineString", "coordinates": [ [ 746049.792844083742239, 2573781.873925909865648 ], [ 746050.106210732948966, 2573782.95753955328837 ], [ 746050.424396978807636, 2573784.156876748427749 ], [ 746050.793519357335754, 2573785.575544513296336 ], [ 746051.151570959482342, 2573786.879738407209516 ], [ 746053.251638773479499, 2573787.684817734640092 ], [ 746057.314459539484233, 2573787.722877703141421 ], [ 746063.730916823260486, 2573787.262773677706718 ], [ 746069.32704411027953, 2573787.007691411767155 ], [ 746073.835988124250434, 2573787.121928680222481 ], [ 746076.915572791360319, 2573787.557129802647978 ], [ 746079.995157458353788, 2573787.992330925539136 ], [ 746083.074742125347257, 2573788.427532048430294 ], [ 746086.154326792457141, 2573788.86273317085579 ] ] } },
{ "type": "Feature", "properties": { "osmid": "966373008", "name": "nan", "highway": "residential", "oneway": "False" }, "geometry": { "type": "LineString", "coordinates": [ [ 746099.093853675061837, 2574027.798974981997162 ], [ 746099.231829631258734, 2574024.71639925474301 ], [ 746099.369805587339215, 2574021.633823527954519 ], [ 746099.507781543419696, 2574018.551247801166028 ], [ 746099.645757499616593, 2574015.468672073911875 ], [ 746099.78373345581349, 2574012.386096346657723 ], [ 746099.921709411893971, 2574009.303520619403571 ], [ 746100.059685368090868, 2574006.220944892149419 ], [ 746100.197661324287765, 2574003.138369164895266 ], [ 746100.335637280368246, 2574000.055793438106775 ], [ 746100.473613236565143, 2573996.973217710852623 ], [ 746100.61158919276204, 2573993.890641983598471 ], [ 746100.749565148842521, 2573990.808066256344318 ], [ 746100.887541105039418, 2573987.725490529090166 ], [ 746101.025517061236314, 2573984.642914802301675 ], [ 746101.163493017316796, 2573981.560339075513184 ], [ 746101.301468973397277, 2573978.477763348724693 ], [ 746101.439444929477759, 2573975.395187621470541 ], [ 746101.577420885674655, 2573972.312611894216388 ], [ 746101.715396841871552, 2573969.230036166962236 ], [ 746101.853372797952034, 2573966.147460439708084 ], [ 746101.99134875414893, 2573963.064884712919593 ], [ 746102.129324710345827, 2573959.982308985665441 ], [ 746102.267300666426308, 2573956.899733258411288 ], [ 746102.405276622623205, 2573953.817157531157136 ], [ 746102.543252578820102, 2573950.734581803902984 ], [ 746102.681228534900583, 2573947.652006076648831 ], [ 746102.81920449109748, 2573944.56943034986034 ], [ 746102.957180447294377, 2573941.486854623071849 ], [ 746103.095156403374858, 2573938.404278895817697 ] ] } },
{ "type": "Feature", "properties": { "osmid": "28692212", "name": "nan", "highway": "residential", "oneway": "False" }, "geometry": { "type": "LineString", "coordinates": [ [ 746147.784320206730627, 2574086.422915722709149 ], [ 746145.835267936461605, 2574088.817748113069683 ], [ 746143.886215666308999, 2574091.212580503430218 ], [ 746141.937163396156393, 2574093.607412893790752 ], [ 746139.988111125887372, 2574096.002245283685625 ], [ 746138.03905885561835, 2574098.397077674046159 ], [ 746136.090006585349329, 2574100.791910063941032 ], [ 746134.140954315080307, 2574103.186742454301566 ], [ 746132.191902044811286, 2574105.5815748446621 ], [ 746130.24284977465868, 2574107.976407235022634 ], [ 746128.293797504506074, 2574110.371239625383168 ], [ 746126.344745234237053, 2574112.766072015278041 ], [ 746124.395692963968031, 2574115.160904405638576 ], [ 746122.44664069369901, 2574117.555736795533448 ], [ 746120.497588423429988, 2574119.950569185893983 ], [ 746118.548536153160967, 2574122.345401576254517 ], [ 746116.599483882891946, 2574124.740233966615051 ], [ 746114.650431612622924, 2574127.135066356975585 ], [ 746112.701379342470318, 2574129.529898746870458 ] ] } },
{ "type": "Feature", "properties": { "osmid": "28692212", "name": "nan", "highway": "residential", "oneway": "False" }, "geometry": { "type": "LineString", "coordinates": [ [ 746147.784320206730627, 2574086.422915722709149 ], [ 746149.699872998986393, 2574084.069651192054152 ], [ 746151.61542579124216, 2574081.716386661399156 ], [ 746153.530978583614342, 2574079.363122131209821 ], [ 746155.446531375986524, 2574077.009857600554824 ], [ 746157.362084168358706, 2574074.656593069899827 ], [ 746159.277636960614473, 2574072.303328539710492 ], [ 746161.193189752870239, 2574069.950064009055495 ], [ 746163.108742545242421, 2574067.596799478400499 ], [ 746165.024295337498188, 2574065.243534948211163 ], [ 746166.939848129753955, 2574062.890270417556167 ], [ 746168.832625100389123, 2574060.522369253449142 ], [ 746170.639206057065167, 2574058.099075161386281 ], [ 746172.296170808258466, 2574055.579631846863776 ], [ 746173.785650804988109, 2574052.952556281816214 ], [ 746175.171066239476204, 2574050.258604761213064 ], [ 746176.515837303828448, 2574047.538533579092473 ], [ 746177.830886941985227, 2574044.809985613916069 ], [ 746178.999285399331711, 2574042.039611588697881 ], [ 746179.904102920670994, 2574039.194062221795321 ], [ 746180.487852603662759, 2574036.25694180233404 ], [ 746180.867464202921838, 2574033.261599607300013 ], [ 746181.15986747329589, 2574030.24138491647318 ], [ 746181.452270743553527, 2574027.221170225646347 ], [ 746181.744674013927579, 2574024.200955534819514 ], [ 746182.037077284418046, 2574021.180740844458342 ], [ 746182.329480554908514, 2574018.160526153631508 ], [ 746182.621883825282566, 2574015.140311462804675 ], [ 746182.914287095540203, 2574012.120096772443503 ], [ 746183.206690366030671, 2574009.09988208161667 ], [ 746183.499093636404723, 2574006.079667390789837 ], [ 746183.79149690689519, 2574003.059452699963003 ], [ 746184.083900177269243, 2574000.03923800913617 ], [ 746184.37630344752688, 2573997.019023318309337 ], [ 746184.668706717900932, 2573993.998808627482504 ], [ 746184.961109988391399, 2573990.978593937121332 ], [ 746185.253513258765452, 2573987.958379246294498 ], [ 746185.545916529023089, 2573984.938164555933326 ], [ 746185.838319799513556, 2573981.917949865106493 ], [ 746186.130723070004024, 2573978.89773517427966 ], [ 746186.423126340378076, 2573975.877520483452827 ], [ 746186.715529610752128, 2573972.857305792625993 ], [ 746187.007932881009765, 2573969.83709110179916 ], [ 746187.300336151383817, 2573966.816876410972327 ], [ 746187.592739421874285, 2573963.796661720145494 ], [ 746187.885142692364752, 2573960.776447029784322 ], [ 746188.177545962738805, 2573957.756232338957489 ], [ 746188.469949232996441, 2573954.736017648130655 ], [ 746188.762352503486909, 2573951.715802957769483 ], [ 746189.054755773860961, 2573948.69558826694265 ], [ 746189.347159044351429, 2573945.675373576115817 ], [ 746189.639562314725481, 2573942.655158885288984 ], [ 746189.931965584983118, 2573939.63494419446215 ], [ 746190.22436885535717, 2573936.614729503635317 ], [ 746190.516772125847638, 2573933.594514812808484 ], [ 746190.80917539622169, 2573930.574300122447312 ] ] } },
{ "type": "Feature", "properties": { "osmid": "966373009", "name": "nan", "highway": "residential", "oneway": "False" }, "geometry": { "type": "LineString", "coordinates": [ [ 746147.784320206730627, 2574086.422915722709149 ], [ 746147.506192089174874, 2574083.432871365919709 ], [ 746147.228063971735537, 2574080.442827008664608 ], [ 746146.9499358542962, 2574077.452782651875168 ], [ 746146.671807736740448, 2574074.462738295551389 ], [ 746146.393679619184695, 2574071.472693938296288 ], [ 746146.115551501628943, 2574068.482649581506848 ], [ 746145.837423384189606, 2574065.492605224717408 ], [ 746145.559295266750269, 2574062.50256086839363 ], [ 746145.281167149194516, 2574059.512516511138529 ], [ 746145.003039031638764, 2574056.522472153883427 ], [ 746144.724910914083011, 2574053.532427797093987 ], [ 746144.446782796643674, 2574050.542383440304548 ], [ 746144.168654679204337, 2574047.552339083980769 ], [ 746143.890526561648585, 2574044.562294726725668 ], [ 746143.612398444092833, 2574041.572250369470567 ], [ 746143.33427032653708, 2574038.582206012681127 ], [ 746143.056142209097743, 2574035.592161655891687 ], [ 746142.778014091658406, 2574032.602117299567908 ], [ 746142.499885974102654, 2574029.612072942312807 ], [ 746142.221757856663316, 2574026.622028585057706 ], [ 746141.945553944446146, 2574023.631847032345831 ], [ 746141.685631836182438, 2574020.640504585113376 ], [ 746141.466529748868197, 2574017.646792822051793 ], [ 746141.319747592206113, 2574014.649581568315625 ], [ 746141.25191848911345, 2574011.649513653013855 ], [ 746141.249314324813895, 2574008.647601353470236 ], [ 746141.278510984149761, 2574005.645112039521337 ], [ 746141.318517746287398, 2574002.64242658065632 ], [ 746141.358524508192204, 2573999.639741122256964 ], [ 746141.39853127009701, 2573996.637055662926286 ], [ 746141.438538032001816, 2573993.63437020406127 ], [ 746141.478544793906622, 2573990.631684745196253 ], [ 746141.518551555811428, 2573987.628999286796898 ], [ 746141.558558317716233, 2573984.62631382746622 ], [ 746141.598565079621039, 2573981.623628368601203 ], [ 746141.638571841642261, 2573978.620942909736186 ], [ 746141.678578603547066, 2573975.618257451336831 ], [ 746141.72176832112018, 2573972.615631822030991 ], [ 746141.771791866165586, 2573969.613134648650885 ], [ 746141.832300110603683, 2573966.610834556166083 ], [ 746141.900578014669009, 2573963.608680510427803 ], [ 746141.97297470679041, 2573960.606603885069489 ], [ 746142.032283248961903, 2573957.604713095352054 ], [ 746142.053135251626372, 2573954.603324544150382 ], [ 746142.010160887031816, 2573951.602793928701431 ], [ 746141.895909428480081, 2573948.603720291983336 ], [ 746141.717246553860605, 2573945.607355657964945 ], [ 746141.468142906320281, 2573942.616459572222084 ], [ 746141.147399124805816, 2573939.632773772347718 ], [ 746140.759216261678375, 2573936.656289559323341 ], [ 746140.334993501543067, 2573933.683891689404845 ], [ 746139.896936997771263, 2573930.713062342721969 ], [ 746139.458880493999459, 2573927.742232996504754 ], [ 746139.02082399034407, 2573924.771403650287539 ], [ 746138.582767486688681, 2573921.800574304070324 ], [ 746138.144710983033292, 2573918.829744957387447 ], [ 746137.706654479377903, 2573915.858915610704571 ], [ 746137.268597975722514, 2573912.888086264487356 ], [ 746136.83054147195071, 2573909.917256918270141 ], [ 746136.392484968178906, 2573906.946427572052926 ], [ 746135.954428464523517, 2573903.975598225370049 ], [ 746135.516371960868128, 2573901.004768878687173 ], [ 746135.078315457212739, 2573898.033939532469958 ], [ 746134.64025895355735, 2573895.063110186252743 ], [ 746134.202202449901961, 2573892.092280840035528 ], [ 746133.764145946246572, 2573889.121451493352652 ], [ 746133.326089442591183, 2573886.150622146669775 ], [ 746132.888032938935794, 2573883.17979280045256 ], [ 746132.449976435280405, 2573880.208963454235345 ], [ 746132.011919931508601, 2573877.23813410801813 ], [ 746131.573863427736796, 2573874.267304761800915 ], [ 746131.135806924081407, 2573871.2964754155837 ], [ 746130.697750420426019, 2573868.325646068900824 ], [ 746130.25969391677063, 2573865.354816722217947 ], [ 746129.821637413115241, 2573862.383987376000732 ], [ 746129.383580909459852, 2573859.413158029783517 ], [ 746128.945524405688047, 2573856.442328683566302 ], [ 746128.507467901916243, 2573853.471499336883426 ], [ 746128.069411398260854, 2573850.500669990200549 ], [ 746127.695830946322531, 2573847.528706003446132 ], [ 746127.472428064676933, 2573844.554099212866277 ], [ 746127.508108431473374, 2573841.583900236990303 ], [ 746127.909758020774461, 2573838.674247596878558 ], [ 746128.741811872809194, 2573835.882026858627796 ], [ 746130.037556330673397, 2573833.259660396259278 ], [ 746131.675281428615563, 2573830.79331937013194 ], [ 746133.554502667975612, 2573828.468801420647651 ], [ 746135.567420465289615, 2573826.255154227372259 ], [ 746137.664382760412991, 2573824.111202746629715 ], [ 746139.795737493317574, 2573821.995771937537938 ], [ 746141.927092226222157, 2573819.880341128911823 ], [ 746144.058446959126741, 2573817.764910319354385 ], [ 746146.189801692031324, 2573815.649479510262609 ], [ 746148.321156424935907, 2573813.534048701170832 ], [ 746150.45251115784049, 2573811.418617892544717 ], [ 746152.583865890745074, 2573809.303187082987279 ], [ 746154.715220623649657, 2573807.187756273429841 ], [ 746156.84657535655424, 2573805.072325464338064 ], [ 746158.977930089458823, 2573802.956894655246288 ] ] } },
{ "type": "Feature", "properties": { "osmid": "28691863", "name": "nan", "highway": "tertiary", "oneway": "False" }, "geometry": { "type": "LineString", "coordinates": [ [ 746089.098672930849716, 2574530.959862214513123 ], [ 746086.082813395303674, 2574532.251912912353873 ], [ 746083.066953860106878, 2574533.543963610660285 ], [ 746080.051094324444421, 2574534.836014308501035 ], [ 746077.035234789014794, 2574536.128065006341785 ], [ 746074.019375253585167, 2574537.420115704182535 ], [ 746071.003515718155541, 2574538.712166402488947 ], [ 746067.987656182725914, 2574540.004217100795358 ], [ 746064.971796647296287, 2574541.296267798636109 ] ] } },
{ "type": "Feature", "properties": { "osmid": "966372997", "name": "nan", "highway": "residential", "oneway": "False" }, "geometry": { "type": "LineString", "coordinates": [ [ 746089.098672930849716, 2574530.959862214513123 ], [ 746087.328067501191981, 2574528.429453758057207 ], [ 746085.557462071883492, 2574525.899045301601291 ], [ 746083.786856642342173, 2574523.368636844679713 ], [ 746082.016251212800853, 2574520.838228388223797 ], [ 746080.245645783259533, 2574518.307819932233542 ], [ 746078.475040353718214, 2574515.777411475311965 ], [ 746076.704434924176894, 2574513.247003018856049 ], [ 746074.933829494635575, 2574510.716594562400132 ], [ 746073.163224065094255, 2574508.186186106409878 ], [ 746071.392618635552935, 2574505.6557776494883 ], [ 746069.622013206011616, 2574503.125369192566723 ], [ 746067.851407776470296, 2574500.594960736110806 ], [ 746066.080802346928976, 2574498.06455227965489 ], [ 746062.974790847394615, 2574494.80847890349105 ], [ 746058.783484573825262, 2574491.010197905357927 ], [ 746053.747820455115288, 2574486.848694685380906 ], [ 746050.779547560960054, 2574483.95428447984159 ], [ 746049.628554594935849, 2574482.143509991001338 ] ] } },
{ "type": "Feature", "properties": { "osmid": "28691863", "name": "nan", "highway": "tertiary", "oneway": "False" }, "geometry": { "type": "LineString", "coordinates": [ [ 746089.098672930849716, 2574530.959862214513123 ], [ 746092.417091469629668, 2574528.731008853297681 ], [ 746095.704943745862693, 2574526.449042630847543 ] ] } },
{ "type": "Feature", "properties": { "osmid": "967820196", "name": "nan", "highway": "residential", "oneway": "False" }, "geometry": { "type": "LineString", "coordinates": [ [ 745829.962447810452431, 2574577.188319201115519 ], [ 745827.011280387989245, 2574578.061498578172177 ], [ 745824.060112965409644, 2574578.934677955228835 ], [ 745821.108945542830043, 2574579.807857332285494 ], [ 745818.157778120250441, 2574580.681036709342152 ], [ 745815.215177658828907, 2574581.574813748244196 ], [ 745812.309058917802759, 2574582.556304287165403 ], [ 745809.471741102053784, 2574583.700048964470625 ], [ 745806.726135224220343, 2574585.052416757214814 ], [ 745804.056456700898707, 2574586.566740291193128 ], [ 745801.42847784224432, 2574588.165346128400415 ], [ 745798.799345392733812, 2574589.762191422749311 ], [ 745796.145553894806653, 2574591.3177515049465 ], [ 745793.467270767199807, 2574592.83223942713812 ], [ 745790.775871291407384, 2574594.324731394648552 ], [ 745788.091911068302579, 2574595.829243903048337 ], [ 745785.433513620402664, 2574597.375357929617167 ], [ 745782.81706140411552, 2574598.989734707400203 ], [ 745780.240576237905771, 2574600.669154892209917 ], [ 745777.687675665714778, 2574602.386957252398133 ], [ 745775.141977231018245, 2574604.116480556782335 ], [ 745772.596278796438128, 2574605.846003860700876 ], [ 745770.05058036185801, 2574607.575527165550739 ], [ 745767.504881927161478, 2574609.30505046993494 ] ] } },
{ "type": "Feature", "properties": { "osmid": "28691872", "name": "nan", "highway": "tertiary", "oneway": "False" }, "geometry": { "type": "LineString", "coordinates": [ [ 745767.504881927161478, 2574609.30505046993494 ], [ 745765.596828456968069, 2574606.881027485243976 ], [ 745763.688774986774661, 2574604.457004500553012 ], [ 745761.780721516697668, 2574602.032981515396386 ], [ 745759.872668046504259, 2574599.608958530705422 ], [ 745757.964614576310851, 2574597.184935546014458 ], [ 745756.112598678679205, 2574594.727508653420955 ], [ 745754.392550379387103, 2574592.191416085232049 ], [ 745752.880399703630246, 2574589.531396073754877 ], [ 745751.540001532062888, 2574586.76899466663599 ], [ 745750.29542583914008, 2574583.949473632965237 ], [ 745749.070742599084042, 2574581.11809473996982 ], [ 745747.846059359028004, 2574578.286715846508741 ], [ 745746.621376118971966, 2574575.455336953047663 ], [ 745745.396692878915928, 2574572.623958060052246 ], [ 745744.172009638976306, 2574569.792579167056829 ], [ 745742.947326398920268, 2574566.961200274061412 ], [ 745741.72264315886423, 2574564.129821380600333 ], [ 745740.497959918808192, 2574561.298442487139255 ], [ 745739.273276678868569, 2574558.467063593678176 ] ] } },
{ "type": "Feature", "properties": { "osmid": "967820196", "name": "nan", "highway": "residential", "oneway": "False" }, "geometry": { "type": "LineString", "coordinates": [ [ 745767.504881927161478, 2574609.30505046993494 ], [ 745770.05058036185801, 2574607.575527165550739 ], [ 745772.596278796438128, 2574605.846003861632198 ], [ 745775.141977231018245, 2574604.116480556782335 ], [ 745777.687675665714778, 2574602.386957252398133 ], [ 745780.240576237905771, 2574600.669154892209917 ], [ 745782.81706140411552, 2574598.989734707865864 ], [ 745785.433513620286249, 2574597.375357930082828 ], [ 745788.091911068186164, 2574595.829243903513998 ], [ 745790.775871291407384, 2574594.324731394648552 ], [ 745793.467270767199807, 2574592.83223942713812 ], [ 745796.145553894806653, 2574591.317751505412161 ], [ 745798.799345392733812, 2574589.762191422749311 ], [ 745801.42847784224432, 2574588.165346128400415 ], [ 745804.056456700898707, 2574586.566740291193128 ], [ 745806.726135224220343, 2574585.052416757214814 ], [ 745809.471741102053784, 2574583.700048964470625 ], [ 745812.309058917802759, 2574582.556304287165403 ], [ 745815.215177658828907, 2574581.574813748244196 ], [ 745818.157778120250441, 2574580.681036709342152 ], [ 745821.108945542830043, 2574579.807857332285494 ], [ 745824.060112965409644, 2574578.934677955228835 ], [ 745827.011280387989245, 2574578.061498578172177 ], [ 745829.962447810452431, 2574577.188319201115519 ] ] } },
{ "type": "Feature", "properties": { "osmid": "28691844", "name": "nan", "highway": "tertiary", "oneway": "False" }, "geometry": { "type": "LineString", "coordinates": [ [ 745877.549945755628869, 2574563.329145076684654 ], [ 745880.552877664100379, 2574563.841927597764879 ], [ 745883.555809572688304, 2574564.354710118845105 ], [ 745886.559541928465478, 2574564.857709793839604 ], [ 745889.568898599711247, 2574565.291970634832978 ], [ 745892.588703455054201, 2574565.59853665297851 ], [ 745895.622179468162358, 2574565.738017551135272 ], [ 745898.664502770639956, 2574565.769369317684323 ], [ 745901.710849494091235, 2574565.751547942403704 ], [ 745904.757196217426099, 2574565.733726567123085 ], [ 745907.803542940993793, 2574565.715905191376805 ], [ 745910.849889664561488, 2574565.698083815630525 ], [ 745913.896236388012767, 2574565.680262439418584 ], [ 745916.942583111580461, 2574565.662441064137965 ], [ 745919.98892983503174, 2574565.644619688391685 ], [ 745923.035276558366604, 2574565.626798312645406 ], [ 745926.081623281934299, 2574565.608976936433464 ], [ 745929.127970005385578, 2574565.591155561152846 ], [ 745932.174316728953272, 2574565.573334185406566 ], [ 745935.220663452520967, 2574565.555512809660286 ], [ 745938.267010175972246, 2574565.537691433448344 ], [ 745941.313356899307109, 2574565.519870058167726 ], [ 745944.359703622758389, 2574565.502048682421446 ], [ 745947.406050346326083, 2574565.484227307140827 ], [ 745950.452397069893777, 2574565.466405931394547 ], [ 745953.498743793345056, 2574565.448584555182606 ], [ 745956.54509051667992, 2574565.430763179901987 ], [ 745959.591437240247615, 2574565.412941804155707 ], [ 745962.637783963815309, 2574565.395120428409427 ], [ 745965.6836186099099, 2574565.372925996780396 ], [ 745968.720241649542004, 2574565.272065965924412 ], [ 745971.738953553023748, 2574565.018247792497277 ], [ 745974.732078945729882, 2574564.545925042126328 ], [ 745977.708317356999032, 2574563.92939026048407 ], [ 745980.676368316286243, 2574563.242935990914702 ], [ 745983.644419275573455, 2574562.556481721345335 ], [ 745986.612470234744251, 2574561.870027452241629 ], [ 745989.580521193915047, 2574561.183573182206601 ], [ 745992.548572153202258, 2574560.497118912637234 ], [ 745995.516623112489469, 2574559.810664643067867 ], [ 745998.490921477903612, 2574559.185945560690016 ], [ 746001.48006185318809, 2574558.707891223486513 ], [ 746004.492638841620646, 2574558.461431190371513 ], [ 746007.524752234108746, 2574558.408024644944817 ], [ 746010.567807427258231, 2574558.462742030620575 ], [ 746013.613209817558527, 2574558.540653787087649 ], [ 746016.658612207975239, 2574558.618565543089062 ], [ 746019.70401459839195, 2574558.696477299090475 ], [ 746022.749416988808662, 2574558.774389055091888 ], [ 746025.794819379225373, 2574558.852300811558962 ], [ 746028.84022176952567, 2574558.930212568026036 ], [ 746031.885624159942381, 2574559.008124324027449 ], [ 746034.931026550359093, 2574559.086036080028862 ], [ 746037.976428940659389, 2574559.163947836495936 ] ] } },
{ "type": "Feature", "properties": { "osmid": "28691844", "name": "nan", "highway": "tertiary", "oneway": "False" }, "geometry": { "type": "LineString", "coordinates": [ [ 745877.549945755628869, 2574563.329145076684654 ], [ 745874.554544123937376, 2574563.007551957853138 ], [ 745871.559142492362298, 2574562.685958839021623 ], [ 745868.56374086078722, 2574562.364365720190108 ], [ 745865.568339229212143, 2574562.042772601358593 ], [ 745862.572937597637065, 2574561.721179482527077 ], [ 745859.577535966061987, 2574561.399586363229901 ], [ 745856.582134334370494, 2574561.077993244398385 ], [ 745853.586718595703132, 2574560.756549338810146 ], [ 745850.590489157824777, 2574560.443712085485458 ], [ 745847.592646428267471, 2574560.147938924375921 ], [ 745844.592419028864242, 2574559.87738886801526 ], [ 745841.590606552083045, 2574559.623604476451874 ], [ 745838.588008590042591, 2574559.37812831113115 ], [ 745835.585410628118552, 2574559.132652146276087 ], [ 745832.582812666310929, 2574558.887175980955362 ], [ 745829.58021470438689, 2574558.641699815634638 ], [ 745826.577616742346436, 2574558.396223650779575 ], [ 745823.575018780305982, 2574558.150747485924512 ], [ 745820.572420818381943, 2574557.905271321069449 ], [ 745817.569806466228329, 2574557.660309743136168 ], [ 745814.566116225440055, 2574557.449126722291112 ], [ 745811.560290597495623, 2574557.304986227769405 ], [ 745808.551302864681929, 2574557.260123055428267 ], [ 745805.540212525171228, 2574557.281273234635592 ], [ 745802.528079077601433, 2574557.335172796621919 ], [ 745799.515945630148053, 2574557.389072358608246 ], [ 745796.503812182578258, 2574557.442971920128912 ], [ 745793.491678734892048, 2574557.496871481183916 ], [ 745790.479545287438668, 2574557.550771043170244 ], [ 745787.467411839985289, 2574557.604670605156571 ], [ 745784.455278392415494, 2574557.658570167142898 ], [ 745781.443144944845699, 2574557.712469729129225 ], [ 745778.431011497159488, 2574557.766369290649891 ], [ 745775.418878049589694, 2574557.820268852636218 ], [ 745772.406744602136314, 2574557.874168414622545 ], [ 745769.394611154566519, 2574557.928067976143211 ], [ 745766.382477706880309, 2574557.981967537198216 ], [ 745763.370344259426929, 2574558.035867099184543 ], [ 745760.358210811857134, 2574558.08976666117087 ], [ 745757.346077364287339, 2574558.143666223157197 ], [ 745754.333943916601129, 2574558.197565784677863 ], [ 745751.321810469031334, 2574558.25146534666419 ], [ 745748.309677021577954, 2574558.305364908650517 ], [ 745745.297543574008159, 2574558.359264470171183 ], [ 745742.285410126321949, 2574558.413164031691849 ], [ 745739.273276678868569, 2574558.467063593678176 ] ] } },
{ "type": "Feature", "properties": { "osmid": [ 364864200, 967820200 ], "name": "nan", "highway": "residential", "oneway": "False" }, "geometry": { "type": "LineString", "coordinates": [ [ 745474.357234706403688, 2574617.569513435475528 ], [ 745477.400017540319823, 2574617.583851918112487 ], [ 745480.442800374119543, 2574617.598190400283784 ], [ 745483.485583207919262, 2574617.612528882920742 ], [ 745486.528366041486152, 2574617.6268673655577 ], [ 745489.571148875285871, 2574617.64120584866032 ], [ 745492.613935167551972, 2574617.653976116795093 ], [ 745495.656728656846099, 2574617.663483075331897 ], [ 745498.477332109003328, 2574617.981096857693046 ], [ 745500.84912566409912, 2574618.927545444108546 ], [ 745502.521102000377141, 2574620.829661900177598 ], [ 745503.645061430404894, 2574623.39812882989645 ], [ 745504.381639141938649, 2574626.32961779134348 ], [ 745504.92234599404037, 2574629.309885848779231 ], [ 745505.280995263834484, 2574632.319772991817445 ], [ 745505.459165661013685, 2574635.343566463794559 ], [ 745505.284393530688249, 2574638.303775522392243 ], [ 745504.552498456090689, 2574641.054930599872023 ], [ 745503.021816442254931, 2574643.310019370634109 ], [ 745500.790590846328996, 2574644.869565131142735 ], [ 745498.053365621133707, 2574645.684075717814267 ], [ 745495.103108451352455, 2574645.995466975495219 ], [ 745492.073532359674573, 2574646.069811319932342 ], [ 745489.030857454519719, 2574646.099177750758827 ], [ 745485.988182549364865, 2574646.128544181585312 ], [ 745482.948700029752217, 2574646.113938715308905 ], [ 745479.968318111728877, 2574645.955866013187915 ], [ 745477.387063947855495, 2574645.312978039029986 ], [ 745475.536667298059911, 2574643.93186548165977 ], [ 745474.643226735643111, 2574641.670165384653956 ], [ 745474.364602961577475, 2574638.869220186024904 ], [ 745474.365674304892309, 2574635.826410565525293 ], [ 745474.36443397635594, 2574632.783594818320125 ], [ 745474.362994122318923, 2574629.740778541658074 ], [ 745474.361554268281907, 2574626.697962264996022 ], [ 745474.360114414361306, 2574623.65514598833397 ], [ 745474.358674560324289, 2574620.612329711671919 ], [ 745474.357234706403688, 2574617.569513435475528 ] ] } },
{ "type": "Feature", "properties": { "osmid": [ 967820200, 364864200 ], "name": "nan", "highway": "residential", "oneway": "False" }, "geometry": { "type": "LineString", "coordinates": [ [ 745474.357234706403688, 2574617.569513435475528 ], [ 745474.358674560324289, 2574620.61232971213758 ], [ 745474.360114414361306, 2574623.65514598833397 ], [ 745474.361554268398322, 2574626.697962264996022 ], [ 745474.362994122318923, 2574629.740778541658074 ], [ 745474.36443397635594, 2574632.783594818320125 ], [ 745474.365674304892309, 2574635.826410565990955 ], [ 745474.364602961577475, 2574638.869220186024904 ], [ 745474.643226735643111, 2574641.670165384653956 ], [ 745475.536667298059911, 2574643.931865482125431 ], [ 745477.387063947855495, 2574645.312978039961308 ], [ 745479.968318111728877, 2574645.955866013187915 ], [ 745482.948700029752217, 2574646.113938715308905 ], [ 745485.988182549364865, 2574646.128544181119651 ], [ 745489.030857454519719, 2574646.099177750293165 ], [ 745492.073532359674573, 2574646.069811319932342 ], [ 745495.103108451352455, 2574645.995466975960881 ], [ 745498.053365621133707, 2574645.684075717814267 ], [ 745500.790590846328996, 2574644.869565131142735 ], [ 745503.021816442254931, 2574643.310019370168447 ], [ 745504.552498456090689, 2574641.054930599872023 ], [ 745505.284393530804664, 2574638.303775522392243 ], [ 745505.459165661013685, 2574635.343566463794559 ], [ 745505.280995263718069, 2574632.319772991817445 ], [ 745504.922345993923955, 2574629.309885848779231 ], [ 745504.381639141705818, 2574626.329617792274803 ], [ 745503.645061430172063, 2574623.39812882989645 ], [ 745502.521102000377141, 2574620.829661900177598 ], [ 745500.849125663866289, 2574618.927545444574207 ], [ 745498.477332109003328, 2574617.981096857693046 ], [ 745495.656728656846099, 2574617.663483074866235 ], [ 745492.613935167551972, 2574617.653976116795093 ], [ 745489.571148875285871, 2574617.641205847728997 ], [ 745486.528366041718982, 2574617.6268673655577 ], [ 745483.485583207919262, 2574617.612528882920742 ], [ 745480.442800374119543, 2574617.598190400749445 ], [ 745477.400017540319823, 2574617.583851918112487 ], [ 745474.357234706403688, 2574617.569513435475528 ] ] } },
{ "type": "Feature", "properties": { "osmid": "967820200", "name": "nan", "highway": "residential", "oneway": "False" }, "geometry": { "type": "LineString", "coordinates": [ [ 745474.357234706403688, 2574617.569513435475528 ], [ 745474.28267929609865, 2574614.519555883016437 ], [ 745474.208123885677196, 2574611.469598330091685 ], [ 745474.133568475488573, 2574608.419640777632594 ], [ 745474.059013065299951, 2574605.369683225173503 ], [ 745473.984457654878497, 2574602.319725673180073 ], [ 745473.909902244457044, 2574599.269768120255321 ], [ 745473.835346834268421, 2574596.219810567330569 ], [ 745473.792494606226683, 2574593.195607437286526 ], [ 745474.123022787389345, 2574590.474723912775517 ], [ 745475.168608604813926, 2574588.334725176449865 ], [ 745477.207522920914926, 2574587.001667568460107 ], [ 745479.898088508867659, 2574586.197985904756933 ], [ 745482.898628141847439, 2574585.64611500268802 ], [ 745485.89916777482722, 2574585.094244099687785 ], [ 745488.899707407690585, 2574584.542373197153211 ], [ 745491.900247040670365, 2574583.990502294152975 ], [ 745494.692486469750293, 2574583.242748960852623 ], [ 745496.983769260463305, 2574582.023903414141387 ], [ 745498.481438978109509, 2574580.058755870442837 ], [ 745499.309439595672302, 2574577.463861409574747 ], [ 745499.711644407710992, 2574574.518852098379284 ], [ 745499.839383565820754, 2574571.51174921868369 ], [ 745499.635687017813325, 2574568.534691620152444 ], [ 745499.056794760283083, 2574565.591646230313927 ], [ 745498.24403307645116, 2574562.669801551382989 ], [ 745497.338728249422275, 2574559.756346085108817 ], [ 745496.433423422393389, 2574556.842890619300306 ], [ 745495.528118595364504, 2574553.929435153026134 ], [ 745494.622813768335618, 2574551.015979687217623 ], [ 745493.717508941306733, 2574548.102524221409112 ], [ 745492.812204114277847, 2574545.189068755600601 ], [ 745491.906899287248962, 2574542.275613289792091 ], [ 745491.001594460220076, 2574539.36215782398358 ], [ 745490.096289633191191, 2574536.448702357709408 ], [ 745489.19098480604589, 2574533.535246891900897 ], [ 745488.285679979017004, 2574530.621791426092386 ] ] } },
{ "type": "Feature", "properties": { "osmid": "967820203", "name": "nan", "highway": "residential", "oneway": "False" }, "geometry": { "type": "LineString", "coordinates": [ [ 745361.6189031584654, 2574288.664222256280482 ], [ 745358.512348417658359, 2574288.397302353288978 ], [ 745355.405793676734902, 2574288.130382450297475 ], [ 745352.29923893592786, 2574287.86346254684031 ], [ 745349.191894757910632, 2574287.624698609113693 ], [ 745346.232512666843832, 2574287.688355905469507 ], [ 745343.692996250349097, 2574288.419337211176753 ], [ 745341.853337498963811, 2574290.129669401329011 ], [ 745340.651273492141627, 2574292.629019855987281 ], [ 745339.778237182181329, 2574295.545780934859067 ], [ 745338.828796083224006, 2574298.488249570596963 ], [ 745337.630342052318156, 2574301.329587979707867 ], [ 745336.143503217375837, 2574304.040204152930528 ], [ 745334.503861941862851, 2574306.678228189703077 ], [ 745332.809952791430987, 2574309.294700892176479 ], [ 745331.140141915879212, 2574311.927446536254138 ], [ 745329.48507688450627, 2574314.569855253212154 ] ] } },
{ "type": "Feature", "properties": { "osmid": "1196732253", "name": "Berasia Road", "highway": "tertiary", "oneway": "True" }, "geometry": { "type": "LineString", "coordinates": [ [ 745361.6189031584654, 2574288.664222256280482 ], [ 745362.130803093314171, 2574291.654886172618717 ], [ 745362.642703028279357, 2574294.645550088491291 ], [ 745363.154602963128127, 2574297.636214004829526 ], [ 745363.666502897976898, 2574300.6268779207021 ], [ 745364.178402832825668, 2574303.617541836574674 ], [ 745364.690302767674439, 2574306.608205752912909 ], [ 745365.202202702523209, 2574309.598869669716805 ], [ 745365.714102637488395, 2574312.589533585589379 ], [ 745366.226002572453581, 2574315.580197501461953 ], [ 745366.737902507302351, 2574318.570861417800188 ], [ 745367.249802442151122, 2574321.561525333672762 ], [ 745367.761702376999892, 2574324.552189249545336 ], [ 745368.273602311848663, 2574327.542853165883571 ], [ 745368.785502246697433, 2574330.533517082687467 ], [ 745369.297402181546204, 2574333.524180998560041 ], [ 745369.809302116394974, 2574336.514844914432615 ], [ 745370.32120205136016, 2574339.50550883077085 ], [ 745370.833101986325346, 2574342.496172746643424 ], [ 745371.345001921174116, 2574345.486836662515998 ], [ 745371.856901856022887, 2574348.477500578854233 ], [ 745372.368801790871657, 2574351.468164495658129 ], [ 745372.880701725836843, 2574354.458828411530703 ], [ 745373.392601660802029, 2574357.449492327403277 ], [ 745373.9045015956508, 2574360.440156243275851 ], [ 745374.41640153049957, 2574363.430820159614086 ], [ 745374.928301465348341, 2574366.42148407548666 ], [ 745375.440201400197111, 2574369.412147991824895 ], [ 745375.952101335045882, 2574372.402811908628792 ], [ 745376.464001269894652, 2574375.393475824501365 ], [ 745376.975901204743423, 2574378.384139740373939 ], [ 745377.487801139708608, 2574381.374803656246513 ], [ 745377.999701074673794, 2574384.365467572584748 ], [ 745378.511601009522565, 2574387.356131488457322 ], [ 745379.023500944371335, 2574390.346795404795557 ], [ 745379.535400879220106, 2574393.337459321599454 ], [ 745380.047300814068876, 2574396.328123237472028 ], [ 745380.559200748917647, 2574399.318787153344601 ], [ 745381.071100683766417, 2574402.309451069217175 ], [ 745381.583000618615188, 2574405.30011498555541 ], [ 745382.094900553580374, 2574408.290778901427984 ], [ 745382.606800488545559, 2574411.281442817766219 ], [ 745383.11870042339433, 2574414.272106734570116 ], [ 745383.630603381316178, 2574417.262770132627338 ], [ 745384.142516394029371, 2574420.253431810066104 ], [ 745384.65444649301935, 2574423.244090562686324 ], [ 745385.166394664323889, 2574426.234746221918613 ], [ 745385.678353875759058, 2574429.225399991497397 ], [ 745386.190317095839418, 2574432.216053074225783 ], [ 745386.70228031615261, 2574435.206706157419831 ], [ 745387.214243536349386, 2574438.197359241079539 ], [ 745387.726206756662577, 2574441.188012323807925 ], [ 745388.238169976859353, 2574444.178665407001972 ], [ 745388.750133196939714, 2574447.169318490196019 ], [ 745389.26209641713649, 2574450.159971573855728 ], [ 745389.774059637449682, 2574453.150624656584114 ], [ 745390.286022857646458, 2574456.141277739778161 ], [ 745390.797986077726819, 2574459.131930822972208 ], [ 745391.30994929804001, 2574462.122583906631917 ], [ 745391.821912518236786, 2574465.113236989360303 ], [ 745392.333875738549978, 2574468.103890072088689 ], [ 745392.845838958746754, 2574471.094543155282736 ], [ 745393.357802178827114, 2574474.085196238476783 ], [ 745393.86976539902389, 2574477.075849322136492 ], [ 745394.381728619337082, 2574480.066502404864877 ], [ 745394.893691839533858, 2574483.057155488058925 ], [ 745395.405655059614219, 2574486.047808571252972 ], [ 745395.91761827992741, 2574489.03846165491268 ], [ 745396.429581500124186, 2574492.029114737641066 ], [ 745396.941544720437378, 2574495.019767820369452 ], [ 745397.453507940634154, 2574498.010420903563499 ], [ 745397.965471160714515, 2574501.001073986757547 ], [ 745398.477434380911291, 2574503.991727070417255 ], [ 745398.989397601224482, 2574506.982380153145641 ], [ 745399.501360821421258, 2574509.973033236339688 ] ] } },
{ "type": "Feature", "properties": { "osmid": "966372993", "name": "nan", "highway": "residential", "oneway": "False" }, "geometry": { "type": "LineString", "coordinates": [ [ 745329.48507688450627, 2574314.569855253212154 ], [ 745328.897067949059419, 2574317.96393245505169 ], [ 745328.171309556229971, 2574321.338003983255476 ], [ 745327.307801706134342, 2574324.69206983782351 ], [ 745326.375419127289206, 2574328.0361328558065 ] ] } },
{ "type": "Feature", "properties": { "osmid": "967820203", "name": "nan", "highway": "residential", "oneway": "False" }, "geometry": { "type": "LineString", "coordinates": [ [ 745329.48507688450627, 2574314.569855253212154 ], [ 745331.140141915879212, 2574311.927446536254138 ], [ 745332.809952791430987, 2574309.294700892176479 ], [ 745334.503861941862851, 2574306.678228189703077 ], [ 745336.143503217375837, 2574304.040204152930528 ], [ 745337.630342052318156, 2574301.329587979242206 ], [ 745338.828796083224006, 2574298.488249570131302 ], [ 745339.778237182181329, 2574295.545780934859067 ], [ 745340.651273492141627, 2574292.629019855987281 ], [ 745341.853337498963811, 2574290.129669401329011 ], [ 745343.692996250349097, 2574288.419337210711092 ], [ 745346.232512666843832, 2574287.688355904538184 ], [ 745349.191894757910632, 2574287.624698609113693 ], [ 745352.29923893592786, 2574287.86346254684031 ], [ 745355.405793676734902, 2574288.130382450297475 ], [ 745358.512348417541943, 2574288.397302353288978 ], [ 745361.6189031584654, 2574288.664222256280482 ] ] } },
{ "type": "Feature", "properties": { "osmid": "966372993", "name": "nan", "highway": "residential", "oneway": "False" }, "geometry": { "type": "LineString", "coordinates": [ [ 745326.375419127289206, 2574328.0361328558065 ], [ 745327.307801706134342, 2574324.69206983782351 ], [ 745328.171309556229971, 2574321.338003983255476 ], [ 745328.897067949059419, 2574317.96393245505169 ], [ 745329.48507688450627, 2574314.569855253212154 ] ] } },
{ "type": "Feature", "properties": { "osmid": "28691444", "name": "nan", "highway": "secondary", "oneway": "True" }, "geometry": { "type": "LineString", "coordinates": [ [ 745395.838693455094472, 2573829.650394059251994 ], [ 745395.417464575381018, 2573832.692155197262764 ], [ 745394.996235695667565, 2573835.733916334807873 ], [ 745394.575006815954112, 2573838.775677472818643 ], [ 745394.153777936124243, 2573841.817438611295074 ], [ 745393.732549056410789, 2573844.859199748840183 ], [ 745393.311320176697336, 2573847.900960886385292 ], [ 745392.890091296867467, 2573850.942722024396062 ], [ 745392.468862417154014, 2573853.984483161941171 ], [ 745392.047633537440561, 2573857.026244299951941 ], [ 745391.626404657610692, 2573860.068005438428372 ], [ 745391.205175777897239, 2573863.109766575973481 ], [ 745390.783946898183785, 2573866.15152771351859 ], [ 745390.362718018470332, 2573869.19328885152936 ] ] } },
{ "type": "Feature", "properties": { "osmid": "967840286", "name": "nan", "highway": "residential", "oneway": "False" }, "geometry": { "type": "LineString", "coordinates": [ [ 745395.838693455094472, 2573829.650394059251994 ], [ 745392.952736927079968, 2573830.49076816951856 ], [ 745390.066780399065465, 2573831.331142279319465 ], [ 745387.180823871050961, 2573832.17151638912037 ], [ 745384.294867343152873, 2573833.011890499386936 ], [ 745381.40891081513837, 2573833.852264609653503 ], [ 745378.522954287123866, 2573834.692638719920069 ], [ 745375.636997759225778, 2573835.533012830186635 ], [ 745372.769013259443454, 2573836.417908001691103 ], [ 745369.944040167494677, 2573837.409352836664766 ], [ 745367.187117863097228, 2573838.569375936407596 ], [ 745364.487341670668684, 2573839.870963779743761 ], [ 745361.81967220955994, 2573841.252087763976306 ], [ 745359.159070100169629, 2573842.650719288736582 ], [ 745356.498467990662903, 2573844.049350813496858 ], [ 745353.837865881272592, 2573845.447982338722795 ], [ 745351.177263771998696, 2573846.84661386301741 ], [ 745348.516661662608385, 2573848.245245387777686 ], [ 745345.856059553218074, 2573849.643876912537962 ], [ 745343.195457443944179, 2573851.0425084377639 ], [ 745340.534855334553868, 2573852.441139962058514 ], [ 745337.874253225163557, 2573853.83977148681879 ], [ 745335.213651115889661, 2573855.238403011579067 ], [ 745332.55304900649935, 2573856.637034536805004 ], [ 745329.892446897109039, 2573858.035666061099619 ], [ 745327.231844787835144, 2573859.434297585859895 ], [ 745324.571242678444833, 2573860.832929110620171 ], [ 745321.910640568938106, 2573862.231560635846108 ], [ 745319.250038459547795, 2573863.630192160140723 ], [ 745316.5894363502739, 2573865.028823684900999 ], [ 745313.928834240883589, 2573866.427455209661275 ], [ 745311.268232131493278, 2573867.826086734887213 ], [ 745308.607630022219382, 2573869.224718259181827 ], [ 745305.947027912829071, 2573870.623349783942103 ], [ 745303.28642580343876, 2573872.021981308702379 ], [ 745300.625823694164865, 2573873.420612833928317 ], [ 745297.965221584774554, 2573874.819244358222932 ], [ 745295.304619475384243, 2573876.217875882983208 ], [ 745292.644017366110347, 2573877.616507407743484 ], [ 745289.983415256720036, 2573879.015138932969421 ], [ 745287.32281314721331, 2573880.413770457264036 ], [ 745284.662211037822999, 2573881.812401982024312 ], [ 745282.001608928549103, 2573883.211033506784588 ], [ 745279.341006819158792, 2573884.609665032010525 ], [ 745276.680404709768482, 2573886.00829655630514 ], [ 745274.019802600494586, 2573887.406928081065416 ], [ 745271.436765745165758, 2573888.831477377098054 ], [ 745269.369733534404077, 2573890.428445246070623 ], [ 745268.257145359064452, 2573892.344332489185035 ], [ 745268.382310101645999, 2573894.673804364632815 ], [ 745269.306788371526636, 2573897.270360071677715 ], [ 745270.59214077796787, 2573899.987498809117824 ], [ 745271.87749318452552, 2573902.704637546557933 ], [ 745273.162845590966754, 2573905.421776283998042 ], [ 745274.448197997291572, 2573908.13891502097249 ], [ 745275.733550403849222, 2573910.8560537584126 ], [ 745277.018902810290456, 2573913.573192495852709 ], [ 745278.30425521673169, 2573916.290331233292818 ], [ 745279.589607623056509, 2573919.007469970732927 ], [ 745280.874960029614158, 2573921.724608707707375 ], [ 745282.160312436171807, 2573924.441747444681823 ], [ 745283.445664842613041, 2573927.158886181656271 ], [ 745284.731017249054275, 2573929.87602491909638 ], [ 745286.016369655379094, 2573932.59316365653649 ], [ 745287.301722061936744, 2573935.310302393976599 ] ] } },
{ "type": "Feature", "properties": { "osmid": "966373000", "name": "nan", "highway": "residential", "oneway": "False" }, "geometry": { "type": "LineString", "coordinates": [ [ 745973.001581607270055, 2574446.08049928676337 ], [ 745975.833810873678885, 2574445.700300649274141 ], [ 745978.87568496784661, 2574445.522119555156678 ], [ 745982.245675062411465, 2574445.591809310484678 ], [ 745985.533091822289862, 2574445.732248575892299 ], [ 745988.738230921211652, 2574445.847658935468644 ], [ 745991.742807390750386, 2574445.902916983235627 ], [ 745994.749983273562975, 2574445.946575440932065 ], [ 745997.757630701060407, 2574445.983366363216192 ], [ 746000.765049360808916, 2574446.020380204543471 ], [ 746003.771832242724486, 2574446.082734023686498 ], [ 746006.870865493547171, 2574446.190364182461053 ], [ 746010.070800379733555, 2574446.32762311771512 ], [ 746013.266298061585985, 2574446.46704105194658 ], [ 746016.393691799021326, 2574446.583489520475268 ], [ 746019.331307462765835, 2574446.653755150269717 ], [ 746023.123634548741393, 2574446.713541681412607 ], [ 746028.451686404063366, 2574446.80360977165401 ], [ 746035.429, 2574446.944999999832362 ] ] } },
{ "type": "Feature", "properties": { "osmid": "966373000", "name": "nan", "highway": "residential", "oneway": "False" }, "geometry": { "type": "LineString", "coordinates": [ [ 745973.001581607270055, 2574446.08049928676337 ], [ 745969.806680437643081, 2574446.556922704447061 ], [ 745966.609749683761038, 2574447.012188145890832 ], [ 745963.515387771651149, 2574447.388367586303502 ], [ 745960.293936302768998, 2574447.66991244116798 ], [ 745957.164161978755146, 2574447.839432261884212 ], [ 745954.018023821990937, 2574447.923762848135084 ], [ 745950.974943777080625, 2574447.913839328568429 ], [ 745947.931502683088183, 2574447.794615788850933 ], [ 745944.892928697168827, 2574447.575055473018438 ], [ 745941.857564277830534, 2574447.306620759889483 ], [ 745938.70835770200938, 2574447.087333159055561 ], [ 745935.433178673032671, 2574447.122703412547708 ], [ 745932.37141348386649, 2574447.405021104030311 ], [ 745930.098935131914914, 2574447.750486027915031 ], [ 745928.983567528775893, 2574447.824735033791512 ], [ 745928.697266376577318, 2574447.613135987892747 ], [ 745928.778999999980442, 2574447.244999999646097 ] ] } },
{ "type": "Feature", "properties": { "osmid": "966373001", "name": "nan", "highway": "residential", "oneway": "False" }, "geometry": { "type": "LineString", "coordinates": [ [ 745973.001581607270055, 2574446.08049928676337 ], [ 745973.661003229790367, 2574445.970501680392772 ], [ 745974.320379079901613, 2574445.860275730490685 ], [ 745975.195313577889465, 2574445.693987150210887 ], [ 745975.759354893234558, 2574443.865987738594413 ], [ 745975.904605503659695, 2574440.05912962788716 ], [ 745975.201634326367639, 2574434.048317596781999 ], [ 745974.59504031331744, 2574428.72533663129434 ], [ 745974.196732546202838, 2574424.40801665885374 ], [ 745974.229464480653405, 2574421.377452666405588 ], [ 745974.283952659345232, 2574418.347291976213455 ], [ 745974.36131855880376, 2574415.317555376794189 ], [ 745974.45263538567815, 2574412.28807738982141 ], [ 745974.559395111631602, 2574407.773929338436574 ], [ 745974.665869050659239, 2574402.111616405192763 ], [ 745974.761352651403286, 2574395.637736907694489 ], [ 745974.814303833991289, 2574391.65841555967927 ], [ 745974.835427149548195, 2574389.837054044473916 ], [ 745974.83542714943178, 2574389.837054044473916 ] ] } },
{ "type": "Feature", "properties": { "osmid": "28692194", "name": "nan", "highway": "residential", "oneway": "False" }, "geometry": { "type": "LineString", "coordinates": [ [ 746149.615285790874623, 2573734.76949433144182 ], [ 746146.194606901262887, 2573736.385851512197405 ], [ 746142.773928011651151, 2573738.002208692952991 ] ] } },
{ "type": "Feature", "properties": { "osmid": "365241465", "name": "nan", "highway": "residential", "oneway": "False" }, "geometry": { "type": "LineString", "coordinates": [ [ 746149.615285790874623, 2573734.76949433144182 ], [ 746151.236241809674539, 2573737.412644032854587 ], [ 746152.85719782859087, 2573740.055793734733015 ], [ 746154.478153847507201, 2573742.698943436145782 ], [ 746156.099109866307117, 2573745.342093138024211 ], [ 746157.720065885223448, 2573747.985242839436978 ], [ 746159.34102190413978, 2573750.628392540384084 ], [ 746160.961977922939695, 2573753.271542242262512 ], [ 746162.572148470324464, 2573755.920847806613892 ], [ 746164.152699105907232, 2573758.587059086188674 ], [ 746165.684795389068313, 2573761.280925933737308 ], [ 746167.171173822600394, 2573764.000886477064341 ], [ 746168.630668847006746, 2573766.736190862488002 ], [ 746170.082114902674221, 2573769.4760892377235 ], [ 746171.53356095822528, 2573772.215987613424659 ], [ 746172.98500701377634, 2573774.955885989125818 ], [ 746174.436453069443814, 2573777.695784364361316 ] ] } },
{ "type": "Feature", "properties": { "osmid": "419836081", "name": "nan", "highway": "residential", "oneway": "False" }, "geometry": { "type": "LineString", "coordinates": [ [ 746057.989989254740067, 2574394.329690380487591 ], [ 746046.369629129883833, 2574394.373105907347053 ], [ 746039.393187556765042, 2574394.265467183664441 ], [ 746037.064185783616267, 2574394.118180909194052 ], [ 746036.996035142219625, 2574393.58879929734394 ], [ 746036.802146963775158, 2574392.334874560590833 ], [ 746036.479000000050291, 2574390.244999999646097 ] ] } },
{ "type": "Feature", "properties": { "osmid": "967840298", "name": "nan", "highway": "residential", "oneway": "True" }, "geometry": { "type": "LineString", "coordinates": [ [ 746057.989989254740067, 2574394.329690380487591 ], [ 746057.845188871840946, 2574397.69141572387889 ], [ 746057.700157993822359, 2574401.053131138905883 ], [ 746057.559948776033707, 2574404.302788875997066 ], [ 746057.424838726758026, 2574407.440400890540332 ], [ 746057.293705126387067, 2574410.465917514171451 ], [ 746057.161296425270848, 2574413.491377862170339 ], [ 746057.028496300219558, 2574416.516818596515805 ], [ 746056.8956528743729, 2574419.542251465842128 ], [ 746056.743649779236875, 2574422.665140559431165 ], [ 746056.550767321255989, 2574425.881561815738678 ], [ 746056.299413274158724, 2574429.187778244260699 ], [ 746056.010493735433556, 2574432.385254760738462 ], [ 746055.70788016775623, 2574435.478188471402973 ], [ 746055.417094852775335, 2574438.471024103462696 ], [ 746055.134920603130013, 2574441.46465631807223 ], [ 746054.852630896144547, 2574444.458178971428424 ], [ 746054.558395965141244, 2574447.450508338399231 ], [ 746054.245156816672534, 2574450.552908433135599 ], [ 746053.925542154698633, 2574453.766683463472873 ], [ 746053.596987729892135, 2574457.091391761321574 ], [ 746053.261032734182663, 2574460.302894359920174 ], [ 746052.886321268160827, 2574463.397370124235749 ], [ 746052.464911977876909, 2574466.373611207585782 ], [ 746051.982167551177554, 2574469.453994846437126 ], [ 746051.461524002254009, 2574472.641470889095217 ], [ 746050.845870981109329, 2574476.033891896251589 ], [ 746049.987492867745459, 2574479.456257332116365 ], [ 746048.820372255402617, 2574482.765293620526791 ], [ 746047.42092475341633, 2574485.625792177859694 ], [ 746045.958649949054234, 2574488.103436220437288 ] ] } },
{ "type": "Feature", "properties": { "osmid": "28691785", "name": "nan", "highway": "residential", "oneway": "False" }, "geometry": { "type": "LineString", "coordinates": [ [ 746035.300000000046566, 2574335.949 ], [ 746035.6304480250692, 2574338.612762684002519 ], [ 746035.82871684001293, 2574340.211020294111222 ], [ 746035.858159812749363, 2574340.683026040438563 ], [ 746035.736423575435765, 2574340.122415602672845 ], [ 746035.481154760345817, 2574338.62282465910539 ], [ 746035.128999999957159, 2574336.245000000111759 ] ] } },
{ "type": "Feature", "properties": { "osmid": "967840298", "name": "nan", "highway": "residential", "oneway": "True" }, "geometry": { "type": "LineString", "coordinates": [ [ 746035.300000000046566, 2574335.949 ], [ 746049.189920093747787, 2574341.871450383681804 ], [ 746057.491439032368362, 2574346.342577342875302 ], [ 746060.222674656193703, 2574349.476203462574631 ], [ 746060.173813953180797, 2574352.166209058370441 ], [ 746060.139255353715271, 2574355.082169780507684 ], [ 746060.099708172609098, 2574358.110242264345288 ], [ 746060.049713952816091, 2574361.138104120735079 ], [ 746059.937692956882529, 2574364.386234511155635 ], [ 746059.705881465575658, 2574367.848227698821574 ], [ 746059.34916758199688, 2574371.410861078184098 ], [ 746058.972662481362931, 2574374.52098854072392 ], [ 746058.694291237741709, 2574377.191454898566008 ], [ 746058.539661058108322, 2574379.761225481051952 ], [ 746058.443008564063348, 2574382.674717785790563 ], [ 746058.34238779975567, 2574385.813225587829947 ], [ 746058.22374944773037, 2574388.838927902746946 ], [ 746058.105297450791113, 2574391.640320190694183 ], [ 746057.989989254740067, 2574394.329690380487591 ] ] } },
{ "type": "Feature", "properties": { "osmid": "238505281", "name": "nan", "highway": "residential", "oneway": "False" }, "geometry": { "type": "LineString", "coordinates": [ [ 746045.958649949054234, 2574488.103436220437288 ], [ 746047.067031425773166, 2574486.433925921563059 ], [ 746048.088293954846449, 2574484.842967560980469 ], [ 746048.939186860457994, 2574483.411059169564396 ], [ 746049.628554594935849, 2574482.143509991001338 ] ] } },
{ "type": "Feature", "properties": { "osmid": "238505281", "name": "nan", "highway": "residential", "oneway": "False" }, "geometry": { "type": "LineString", "coordinates": [ [ 746045.958649949054234, 2574488.103436220437288 ], [ 746044.884443356539123, 2574489.796009727288038 ], [ 746043.810095481225289, 2574491.488493596669286 ] ] } },
{ "type": "Feature", "properties": { "osmid": "28691777", "name": "nan", "highway": "residential", "oneway": "False" }, "geometry": { "type": "LineString", "coordinates": [ [ 746060.836000000010245, 2574286.178000000305474 ], [ 746046.057911657611839, 2574288.181505234912038 ], [ 746037.17090804502368, 2574289.2287592086941 ], [ 746034.158565908204764, 2574289.209435001481324 ], [ 746033.886387542821467, 2574288.693561414722353 ], [ 746033.622734769363888, 2574288.13907856727019 ], [ 746033.621554926969111, 2574287.801758061628789 ], [ 746034.079000000027008, 2574287.645 ] ] } },
{ "type": "Feature", "properties": { "osmid": "967840298", "name": "nan", "highway": "residential", "oneway": "True" }, "geometry": { "type": "LineString", "coordinates": [ [ 746060.836000000010245, 2574286.178000000305474 ], [ 746060.43661952635739, 2574290.480707793030888 ], [ 746060.201046369154938, 2574294.412999831605703 ], [ 746060.125231186277233, 2574297.862386092077941 ], [ 746060.123827408999205, 2574301.014025643467903 ], [ 746060.111694942344911, 2574304.053013348951936 ], [ 746060.079864078084938, 2574307.0913220285438 ], [ 746060.033070119447075, 2574310.016230787616223 ], [ 746060.000989978783764, 2574312.939688080456108 ], [ 746060.009877740987577, 2574315.750162373762578 ], [ 746060.065898382221349, 2574318.785595075692981 ], [ 746060.111594990012236, 2574321.822284199297428 ], [ 746060.135175100178458, 2574325.084823723882437 ], [ 746060.137432100367732, 2574328.122767554130405 ], [ 746060.171837274101563, 2574331.047634358052164 ], [ 746057.450328503618948, 2574333.354170400649309 ], [ 746049.167244522366673, 2574334.987843031529337 ], [ 746035.300000000046566, 2574335.949 ] ] } },
{ "type": "Feature", "properties": { "osmid": "365509244", "name": "nan", "highway": "secondary", "oneway": "False" }, "geometry": { "type": "LineString", "coordinates": [ [ 746158.977930089458823, 2573802.956894655246288 ], [ 746162.20536856923718, 2573804.142461345065385 ], [ 746165.432807049131952, 2573805.328028034884483 ], [ 746168.660245529026724, 2573806.51359472470358 ], [ 746171.887684008921497, 2573807.699161414522678 ], [ 746175.115122488699853, 2573808.884728104341775 ], [ 746178.342560968594626, 2573810.070294794160873 ] ] } },
{ "type": "Feature", "properties": { "osmid": "365509244", "name": "nan", "highway": "secondary", "oneway": "False" }, "geometry": { "type": "LineString", "coordinates": [ [ 746158.977930089458823, 2573802.956894655246288 ], [ 746156.088548985426314, 2573802.073120781686157 ], [ 746153.19916788151022, 2573801.189346907194704 ], [ 746150.309786777477711, 2573800.305573033168912 ], [ 746147.420405673445202, 2573799.42179915914312 ], [ 746144.531024569529109, 2573798.538025285582989 ], [ 746141.6416434654966, 2573797.654251411091536 ], [ 746138.752262361464091, 2573796.770477536600083 ], [ 746135.851815762347542, 2573795.937804885674268 ], [ 746132.928439894109033, 2573795.211021187249571 ], [ 746129.970270982943475, 2573794.644914170261472 ], [ 746126.98757624567952, 2573794.192069116979837 ], [ 746123.992219456122257, 2573793.797698298003525 ], [ 746120.996064388076775, 2573793.407013984862715 ], [ 746117.999909320031293, 2573793.016329671256244 ], [ 746115.003754251985811, 2573792.625645358115435 ], [ 746112.007599183823913, 2573792.234961044508964 ], [ 746109.011444115662016, 2573791.844276731368154 ], [ 746106.015289047616534, 2573791.453592418227345 ], [ 746103.019133979571052, 2573791.062908105086535 ], [ 746100.02297891152557, 2573790.672223791945726 ], [ 746097.026823843480088, 2573790.281539478804916 ], [ 746094.03066877531819, 2573789.890855165198445 ] ] } },
{ "type": "Feature", "properties": { "osmid": "966373009", "name": "nan", "highway": "residential", "oneway": "False" }, "geometry": { "type": "LineString", "coordinates": [ [ 746158.977930089458823, 2573802.956894655246288 ], [ 746156.84657535655424, 2573805.072325464338064 ], [ 746154.715220623649657, 2573807.187756273429841 ], [ 746152.583865890745074, 2573809.303187082055956 ], [ 746150.45251115784049, 2573811.418617891613394 ], [ 746148.321156424935907, 2573813.534048701170832 ], [ 746146.189801692031324, 2573815.649479510262609 ], [ 746144.058446959126741, 2573817.764910319354385 ], [ 746141.927092226222157, 2573819.8803411279805 ], [ 746139.795737493317574, 2573821.995771937537938 ], [ 746137.664382760412991, 2573824.111202746629715 ], [ 746135.567420465289615, 2573826.255154227372259 ], [ 746133.554502667975612, 2573828.468801420647651 ], [ 746131.675281428615563, 2573830.79331937013194 ], [ 746130.037556330673397, 2573833.259660396259278 ], [ 746128.741811872925609, 2573835.882026859093457 ], [ 746127.909758021007292, 2573838.674247596878558 ], [ 746127.50810843158979, 2573841.583900237455964 ], [ 746127.472428064676933, 2573844.554099212866277 ], [ 746127.695830946322531, 2573847.528706003446132 ], [ 746128.069411398260854, 2573850.500669990200549 ], [ 746128.507467901916243, 2573853.471499336417764 ], [ 746128.945524405688047, 2573856.442328682634979 ], [ 746129.383580909459852, 2573859.413158029317856 ], [ 746129.821637413115241, 2573862.383987376000732 ], [ 746130.25969391677063, 2573865.354816722217947 ], [ 746130.697750420426019, 2573868.325646068435162 ], [ 746131.135806924081407, 2573871.296475414652377 ], [ 746131.573863427736796, 2573874.267304761335254 ], [ 746132.011919931508601, 2573877.23813410801813 ], [ 746132.449976435280405, 2573880.208963454235345 ], [ 746132.888032938935794, 2573883.17979280045256 ], [ 746133.326089442591183, 2573886.150622146669775 ], [ 746133.764145946246572, 2573889.121451493352652 ], [ 746134.202202449901961, 2573892.092280840035528 ], [ 746134.64025895355735, 2573895.063110186252743 ], [ 746135.078315457212739, 2573898.033939532469958 ], [ 746135.516371960868128, 2573901.004768878687173 ], [ 746135.954428464523517, 2573903.975598225370049 ], [ 746136.392484968178906, 2573906.946427572052926 ], [ 746136.83054147195071, 2573909.917256918270141 ], [ 746137.268597975722514, 2573912.888086264487356 ], [ 746137.706654479377903, 2573915.858915610704571 ], [ 746138.144710983033292, 2573918.829744957387447 ], [ 746138.582767486688681, 2573921.800574304070324 ], [ 746139.02082399034407, 2573924.771403650287539 ], [ 746139.458880493999459, 2573927.742232996504754 ], [ 746139.896936997771263, 2573930.713062342721969 ], [ 746140.334993501543067, 2573933.683891689404845 ], [ 746140.759216261678375, 2573936.656289559323341 ], [ 746141.147399124805816, 2573939.632773772347718 ], [ 746141.468142906320281, 2573942.616459572222084 ], [ 746141.717246553860605, 2573945.607355657964945 ], [ 746141.895909428480081, 2573948.603720291983336 ], [ 746142.010160887031816, 2573951.602793928701431 ], [ 746142.053135251626372, 2573954.603324543684721 ], [ 746142.032283248961903, 2573957.604713095352054 ], [ 746141.97297470679041, 2573960.606603885069489 ], [ 746141.900578014669009, 2573963.608680510427803 ], [ 746141.832300110603683, 2573966.610834556166083 ], [ 746141.771791866165586, 2573969.613134648650885 ], [ 746141.72176832112018, 2573972.615631822030991 ], [ 746141.678578603547066, 2573975.618257450405508 ], [ 746141.638571841642261, 2573978.620942909736186 ], [ 746141.598565079737455, 2573981.623628368601203 ], [ 746141.558558317832649, 2573984.62631382746622 ], [ 746141.518551555811428, 2573987.628999285865575 ], [ 746141.478544793906622, 2573990.631684745196253 ], [ 746141.438538032001816, 2573993.63437020406127 ], [ 746141.39853127009701, 2573996.637055662926286 ], [ 746141.358524508192204, 2573999.639741121325642 ], [ 746141.318517746287398, 2574002.64242658065632 ], [ 746141.278510984149761, 2574005.645112039521337 ], [ 746141.249314324813895, 2574008.647601353004575 ], [ 746141.25191848911345, 2574011.649513653013855 ], [ 746141.319747592206113, 2574014.649581568315625 ], [ 746141.466529748868197, 2574017.646792822051793 ], [ 746141.685631836182438, 2574020.640504585113376 ], [ 746141.945553944446146, 2574023.631847032811493 ], [ 746142.221757856663316, 2574026.622028585523367 ], [ 746142.499885974102654, 2574029.612072942312807 ], [ 746142.778014091658406, 2574032.602117298636585 ], [ 746143.056142209097743, 2574035.592161655891687 ], [ 746143.33427032653708, 2574038.582206012681127 ], [ 746143.612398444092833, 2574041.572250369936228 ], [ 746143.890526561648585, 2574044.562294726725668 ], [ 746144.168654679204337, 2574047.552339083049446 ], [ 746144.446782796643674, 2574050.542383440304548 ], [ 746144.724910914083011, 2574053.532427797093987 ], [ 746145.003039031638764, 2574056.522472153883427 ], [ 746145.281167149194516, 2574059.512516510207206 ], [ 746145.559295266750269, 2574062.502560867462307 ], [ 746145.837423384189606, 2574065.492605224717408 ], [ 746146.115551501628943, 2574068.482649581506848 ], [ 746146.393679619184695, 2574071.472693938296288 ], [ 746146.671807736740448, 2574074.462738294620067 ], [ 746146.9499358542962, 2574077.452782651875168 ], [ 746147.228063971735537, 2574080.442827009130269 ], [ 746147.506192089174874, 2574083.432871365919709 ], [ 746147.784320206730627, 2574086.422915722709149 ] ] } },
{ "type": "Feature", "properties": { "osmid": "28692217", "name": "nan", "highway": "tertiary", "oneway": "False" }, "geometry": { "type": "LineString", "coordinates": [ [ 746051.702999999979511, 2573869.312 ], [ 746052.353749692556448, 2573869.493838232476264 ], [ 746053.580548884463497, 2573867.827603904530406 ], [ 746055.331914147478528, 2573864.091216126456857 ], [ 746057.39140826521907, 2573858.000973256770521 ], [ 746058.428160590468906, 2573852.783039015252143 ], [ 746058.506008665426634, 2573848.657047845423222 ], [ 746057.831700902548619, 2573846.01211997680366 ], [ 746057.213629453093745, 2573843.471195193007588 ], [ 746056.677110579446889, 2573841.147284867241979 ], [ 746056.316055399482138, 2573838.630092601757497 ], [ 746056.051674928981811, 2573835.705473113805056 ], [ 746055.820602039457299, 2573832.151460064109415 ], [ 746055.51585315039847, 2573828.772936178836972 ], [ 746055.102521391119808, 2573825.460911810398102 ], [ 746054.609609143808484, 2573822.441196005791426 ], [ 746054.098657526425086, 2573819.65507372841239 ], [ 746053.743506668601185, 2573817.65003140643239 ], [ 746051.89714019082021, 2573815.789686291944236 ], [ 746048.461784773971885, 2573813.514835547655821 ], [ 746043.245269290055148, 2573810.276608175132424 ], [ 746039.348322779987939, 2573805.55920058907941 ], [ 746036.787903255899437, 2573799.933369508013129 ], [ 746035.714889152324758, 2573793.953116102609783 ], [ 746034.882804689579643, 2573790.326929047238082 ], [ 746034.492754058912396, 2573788.928406356368214 ], [ 746034.519666666630656, 2573789.66366666695103 ], [ 746034.752999999909662, 2573790.86200000019744 ] ] } },
{ "type": "Feature", "properties": { "osmid": "967840300", "name": "nan", "highway": "residential", "oneway": "False" }, "geometry": { "type": "LineString", "coordinates": [ [ 746051.702999999979511, 2573869.312 ], [ 746055.367399054113775, 2573867.858637769240886 ], [ 746059.202999999979511, 2573866.162 ] ] } },
{ "type": "Feature", "properties": { "osmid": "28692217", "name": "nan", "highway": "tertiary", "oneway": "False" }, "geometry": { "type": "LineString", "coordinates": [ [ 746051.702999999979511, 2573869.312 ], [ 746051.642925390391611, 2573872.320388516876847 ], [ 746051.692796744522639, 2573875.330244954209775 ], [ 746051.910881866118871, 2573878.336565328761935 ], [ 746052.300468900590204, 2573881.328500582370907 ], [ 746052.82478292984888, 2573884.301996641326696 ], [ 746053.411748724873178, 2573887.264355740975589 ], [ 746053.966911721392535, 2573890.233426948543638 ], [ 746054.461659882217646, 2573893.32753775594756 ], [ 746054.902402174542658, 2573896.545287247747183 ], [ 746055.327074241708033, 2573899.87883911235258 ], [ 746055.723877328331582, 2573903.102962588891387 ], [ 746056.073203234933317, 2573906.218398427125067 ], [ 746056.34576342755463, 2573909.227076423820108 ], [ 746056.562498224899173, 2573912.239223012700677 ], [ 746056.791717812884599, 2573915.249099999200553 ], [ 746057.11711301561445, 2573918.133791588246822 ], [ 746057.576580388122238, 2573920.999960213433951 ], [ 746058.028917048708536, 2573923.903815106954426 ], [ 746058.309683484374546, 2573927.134907199535519 ], [ 746058.378000000026077, 2573930.586999999824911 ] ] } },
{ "type": "Feature", "properties": { "osmid": "967840300", "name": "nan", "highway": "residential", "oneway": "False" }, "geometry": { "type": "LineString", "coordinates": [ [ 746051.702999999979511, 2573869.312 ], [ 746051.679064542637207, 2573870.197271014098078 ], [ 746051.640406982158311, 2573870.973604608792812 ], [ 746049.900495238602161, 2573871.430541500449181 ], [ 746046.124628266668878, 2573871.717981662601233 ], [ 746039.994215892977081, 2573871.762366572860628 ], [ 746034.557821941096336, 2573871.912979990709573 ], [ 746030.15348078974057, 2573872.130255275871605 ], [ 746027.111171381198801, 2573872.486355036031455 ], [ 746024.068861972657032, 2573872.842454796191305 ], [ 746021.026552564348094, 2573873.198554556351155 ], [ 746017.984243155573495, 2573873.554654316976666 ], [ 746014.941933747264557, 2573873.910754077136517 ], [ 746011.899624338489957, 2573874.266853837296367 ], [ 746008.857314930181019, 2573874.622953597456217 ], [ 746005.81500552140642, 2573874.979053358081728 ], [ 746002.772696113097481, 2573875.33515311870724 ], [ 745999.730386704322882, 2573875.691252879332751 ], [ 745996.688077296013944, 2573876.047352639492601 ], [ 745993.645767887239344, 2573876.403452399652451 ], [ 745990.603458478930406, 2573876.759552159812301 ], [ 745987.560156836174428, 2573877.096995981410146 ], [ 745984.513573084375821, 2573877.372729743365198 ], [ 745981.461417348240502, 2573877.543699327390641 ], [ 745978.403384221252054, 2573877.604162488598377 ], [ 745975.341763578471728, 2573877.597173349931836 ], [ 745972.278845294727944, 2573877.565786029677838 ], [ 745969.21592701098416, 2573877.534398708958179 ], [ 745966.153008727356791, 2573877.503011388238519 ], [ 745963.090090443729423, 2573877.47162406751886 ], [ 745960.027172159985639, 2573877.440236747264862 ], [ 745956.964253876241855, 2573877.408849427010864 ], [ 745953.901335592498071, 2573877.377462106291205 ], [ 745950.838417308754288, 2573877.346074786037207 ], [ 745946.195647640968673, 2573877.033363818656653 ], [ 745940.313350842683576, 2573876.442816684022546 ], [ 745933.511161591857672, 2573875.688738849014044 ], [ 745929.271572323865257, 2573875.448611883912235 ], [ 745927.254258784465492, 2573875.718948308844119 ], [ 745927.160275871749036, 2573876.274624669924378 ], [ 745927.101074617938139, 2573876.424193687736988 ], [ 745927.073212519288063, 2573875.983712801709771 ], [ 745927.055999999982305, 2573875.063999999780208 ] ] } },
{ "type": "Feature", "properties": { "osmid": "365240519", "name": "nan", "highway": "residential", "oneway": "False" }, "geometry": { "type": "LineString", "coordinates": [ [ 745927.055999999982305, 2573875.063999999780208 ], [ 745926.960166269447654, 2573879.359005957376212 ], [ 745926.915943775791675, 2573883.288729055318981 ], [ 745926.922971178195439, 2573886.740437864791602 ], [ 745926.958121470175683, 2573889.896723399404436 ], [ 745927.005732628051192, 2573892.940005386248231 ], [ 745927.072321787592955, 2573895.982875304296613 ], [ 745927.159249608404934, 2573899.025286552961916 ], [ 745927.259319274802692, 2573902.180168200749904 ], [ 745927.366256685112603, 2573905.447663340717554 ], [ 745927.474237532238476, 2573908.827914426103234 ], [ 745927.573121378081851, 2573912.09564645588398 ], [ 745927.663914576289244, 2573915.25081787398085 ], [ 745927.348860399448313, 2573918.68966043042019 ], [ 745927.015355048584752, 2573922.353981561493129 ], [ 745927.038334680721164, 2573926.073186149820685 ], [ 745927.8169999999227, 2573929.450999999884516 ] ] } },
{ "type": "Feature", "properties": { "osmid": "365240519", "name": "nan", "highway": "residential", "oneway": "False" }, "geometry": { "type": "LineString", "coordinates": [ [ 745927.055999999982305, 2573875.063999999780208 ], [ 745926.97921501880046, 2573872.998728085309267 ], [ 745926.841804716386832, 2573870.558733580168337 ], [ 745926.684994820039719, 2573867.740027541294694 ], [ 745926.548708442598581, 2573864.729501200374216 ], [ 745926.461618672008626, 2573861.714632475282997 ], [ 745926.38614629546646, 2573858.699317249003798 ], [ 745926.316691730171442, 2573855.683851226698607 ], [ 745926.252229241305031, 2573852.668261444196105 ], [ 745926.188826319179498, 2573849.652646869421005 ], [ 745926.125744630699046, 2573846.637025367934257 ], [ 745926.060756532126106, 2573843.62144922837615 ], [ 745925.994851875002496, 2573840.605900053400546 ], [ 745925.92856222728733, 2573837.590367936063558 ], [ 745925.859591496293433, 2573834.574970532208681 ], [ 745925.767920589190908, 2573831.672913117334247 ], [ 745925.627797916880809, 2573828.885953380260617 ], [ 745925.428467063116841, 2573826.2149976673536 ], [ 745925.171843658783473, 2573823.436365355737507 ], [ 745924.726528283790685, 2573820.33269153162837 ], [ 745923.947780529037118, 2573816.68774046888575 ], [ 745922.853, 2573812.61200000019744 ] ] } },
{ "type": "Feature", "properties": { "osmid": "967840300", "name": "nan", "highway": "residential", "oneway": "False" }, "geometry": { "type": "LineString", "coordinates": [ [ 745927.055999999982305, 2573875.063999999780208 ], [ 745927.073212519288063, 2573875.983712801709771 ], [ 745927.101074617938139, 2573876.424193687736988 ], [ 745927.160275871749036, 2573876.274624669924378 ], [ 745927.254258784465492, 2573875.718948308844119 ], [ 745929.271572323865257, 2573875.448611883912235 ], [ 745933.511161591974087, 2573875.688738849014044 ], [ 745940.313350842683576, 2573876.442816684022546 ], [ 745946.195647640968673, 2573877.033363818656653 ], [ 745950.838417308754288, 2573877.346074786037207 ], [ 745953.901335592498071, 2573877.377462106291205 ], [ 745956.964253876241855, 2573877.408849427010864 ], [ 745960.027172159985639, 2573877.440236747730523 ], [ 745963.090090443729423, 2573877.471624068450183 ], [ 745966.153008727356791, 2573877.503011388704181 ], [ 745969.21592701098416, 2573877.534398708958179 ], [ 745972.278845294727944, 2573877.565786029677838 ], [ 745975.341763578471728, 2573877.597173349931836 ], [ 745978.403384221252054, 2573877.604162488598377 ], [ 745981.461417348240502, 2573877.54369932692498 ], [ 745984.513573084375821, 2573877.372729743365198 ], [ 745987.560156836174428, 2573877.096995981410146 ], [ 745990.603458478930406, 2573876.759552160277963 ], [ 745993.645767887239344, 2573876.403452399652451 ], [ 745996.688077296013944, 2573876.04735263902694 ], [ 745999.730386704322882, 2573875.691252878401428 ], [ 746002.772696113097481, 2573875.335153118241578 ], [ 746005.81500552140642, 2573874.979053358081728 ], [ 746008.857314930181019, 2573874.622953597921878 ], [ 746011.899624338489957, 2573874.266853837762028 ], [ 746014.941933747264557, 2573873.910754077136517 ], [ 746017.984243155573495, 2573873.554654316976666 ], [ 746021.026552564348094, 2573873.198554556816816 ], [ 746024.068861972657032, 2573872.842454796656966 ], [ 746027.111171381198801, 2573872.486355036031455 ], [ 746030.15348078974057, 2573872.130255275405943 ], [ 746034.557821941212751, 2573871.912979990243912 ], [ 746039.994215892977081, 2573871.762366572860628 ], [ 746046.124628266668878, 2573871.717981662601233 ], [ 746049.900495238718577, 2573871.430541500449181 ], [ 746051.640406982391141, 2573870.973604608792812 ], [ 746051.679064542637207, 2573870.197271014098078 ], [ 746051.702999999979511, 2573869.312 ] ] } },
{ "type": "Feature", "properties": { "osmid": "498204199", "name": "nan", "highway": "primary", "oneway": "True" }, "geometry": { "type": "LineString", "coordinates": [ [ 745391.880688399774954, 2573695.693215255625546 ], [ 745392.168518820428289, 2573698.924125816207379 ], [ 745392.456349241198041, 2573702.155036376789212 ], [ 745392.744179661967792, 2573705.385946937371045 ], [ 745393.032010082737543, 2573708.61685749841854 ], [ 745393.319840503507294, 2573711.847768058534712 ], [ 745393.60767092439346, 2573715.078678619116545 ] ] } },
{ "type": "Feature", "properties": { "osmid": "474927918", "name": "VIP road", "highway": "primary", "oneway": "True" }, "geometry": { "type": "LineString", "coordinates": [ [ 745391.880688399774954, 2573695.693215255625546 ], [ 745388.980827270192094, 2573696.9126754142344 ], [ 745386.080966140958481, 2573698.132135572377592 ], [ 745383.181105011259206, 2573699.351595730986446 ], [ 745380.281243882025592, 2573700.5710558895953 ], [ 745377.381382752559148, 2573701.790516048204154 ], [ 745374.481521623092704, 2573703.009976206347346 ], [ 745371.586505974992178, 2573704.239908067509532 ], [ 745368.706699523958378, 2573705.502708943560719 ], [ 745365.852465985226445, 2573706.820776144042611 ], [ 745363.024478111532517, 2573708.195563573390245 ], [ 745360.212372187408619, 2573709.604673921596259 ], [ 745357.405784497386776, 2573711.025709876790643 ], [ 745354.599196807481349, 2573712.446745831985027 ], [ 745351.792609117459506, 2573713.867781787645072 ], [ 745348.986021427437663, 2573715.288817743305117 ], [ 745346.17943373741582, 2573716.709853698499501 ] ] } },
{ "type": "Feature", "properties": { "osmid": [ 28690026, 28691581 ], "name": "VIP road", "highway": "primary", "oneway": "True" }, "geometry": { "type": "LineString", "coordinates": [ [ 745338.242644159588963, 2573744.722022187896073 ], [ 745341.035883412812836, 2573743.287075294647366 ], [ 745343.829122666153125, 2573741.85212840186432 ], [ 745346.622361919493414, 2573740.417181509081274 ], [ 745349.415599640808068, 2573738.982231720816344 ], [ 745352.204869603738189, 2573737.539783960673958 ], [ 745354.986205582041293, 2573736.082343153189868 ], [ 745357.75564441352617, 2573734.602420010138303 ], [ 745360.517152324435301, 2573733.107509609311819 ], [ 745363.274695541127585, 2573731.605107026640326 ], [ 745366.032238757703453, 2573730.102704444434494 ], [ 745368.789781974279322, 2573728.600301861763 ], [ 745371.547325190971605, 2573727.097899279091507 ], [ 745374.304868407663889, 2573725.595496696885675 ], [ 745377.062411624356173, 2573724.093094114214182 ], [ 745379.819954841048457, 2573722.590691531542689 ], [ 745382.57749805774074, 2573721.088288949336857 ], [ 745385.335041274433024, 2573719.585886366665363 ], [ 745388.092584491125308, 2573718.08348378399387 ], [ 745390.850127707817592, 2573716.581081201788038 ], [ 745393.60767092439346, 2573715.078678619116545 ] ] } },
{ "type": "Feature", "properties": { "osmid": "967840327", "name": "nan", "highway": "primary_link", "oneway": "True" }, "geometry": { "type": "LineString", "coordinates": [ [ 745338.242644159588963, 2573744.722022187896073 ], [ 745341.341782189789228, 2573744.527950165327638 ], [ 745344.440920219873078, 2573744.333878143224865 ], [ 745347.540058250189759, 2573744.139806121122092 ], [ 745350.639196280390024, 2573743.945734098553658 ], [ 745353.738334310706705, 2573743.751662075985223 ], [ 745356.828978522797115, 2573743.639881691429764 ], [ 745359.899464697111398, 2573743.723400748800486 ], [ 745362.938128614216112, 2573744.115227049682289 ], [ 745365.949133441434242, 2573744.766047991346568 ], [ 745368.879886486683972, 2573745.68817787244916 ], [ 745371.67779505753424, 2573746.893930993974209 ], [ 745374.284093142021447, 2573748.473387559410185 ], [ 745376.735430018859915, 2573750.331272458191961 ], [ 745379.066300405189395, 2573752.374655515421182 ], [ 745381.310038769152015, 2573754.512869423720986 ], [ 745383.49209818278905, 2573756.718212122097611 ], [ 745385.642240840592422, 2573758.958291683346033 ], [ 745387.790228937170468, 2573761.200716178398579 ], [ 745389.938217033748515, 2573763.443140672985464 ], [ 745392.086205130326562, 2573765.685565168503672 ], [ 745394.234193226904608, 2573767.927989664021879 ], [ 745396.38218132359907, 2573770.170414159540087 ] ] } },
{ "type": "Feature", "properties": { "osmid": "474927918", "name": "VIP road", "highway": "primary", "oneway": "True" }, "geometry": { "type": "LineString", "coordinates": [ [ 745406.822116869036108, 2573689.857351566664875 ], [ 745403.833831175230443, 2573691.024524304550141 ], [ 745400.845545481424779, 2573692.191697042435408 ], [ 745397.857259787619114, 2573693.358869779855013 ], [ 745394.868974093697034, 2573694.526042517740279 ], [ 745391.880688399774954, 2573695.693215255625546 ] ] } },
{ "type": "Feature", "properties": { "osmid": "1196732253", "name": "Berasia Road", "highway": "tertiary", "oneway": "True" }, "geometry": { "type": "LineString", "coordinates": [ [ 745353.206134008010849, 2574239.617577208206058 ], [ 745353.731932079885155, 2574242.682992523536086 ], [ 745354.257730151875876, 2574245.748407838866115 ], [ 745354.783528223750181, 2574248.813823154661804 ], [ 745355.309326295624487, 2574251.879238470457494 ], [ 745355.835124367498793, 2574254.944653786253184 ], [ 745356.360922439373098, 2574258.010069101583213 ], [ 745356.886720511247404, 2574261.075484416913241 ], [ 745357.41251858312171, 2574264.14089973224327 ], [ 745357.938316654996015, 2574267.206315047573298 ], [ 745358.464114726986736, 2574270.271730363368988 ], [ 745358.989912798977457, 2574273.337145678699017 ], [ 745359.515710870851763, 2574276.402560994029045 ], [ 745360.041508942726068, 2574279.467976309359074 ], [ 745360.567307014600374, 2574282.533391625154763 ], [ 745361.093105086474679, 2574285.598806940950453 ], [ 745361.6189031584654, 2574288.664222256280482 ] ] } },
{ "type": "Feature", "properties": { "osmid": "967840324", "name": "Neem road", "highway": "secondary", "oneway": "True" }, "geometry": { "type": "LineString", "coordinates": [ [ 745353.206134008010849, 2574239.617577208206058 ], [ 745356.110193885280751, 2574238.597049375530332 ], [ 745359.014253762667067, 2574237.576521542388946 ], [ 745361.918313640053384, 2574236.555993710178882 ], [ 745364.82237351720687, 2574235.535465877968818 ], [ 745367.726433394476771, 2574234.514938045293093 ], [ 745370.630493271746673, 2574233.494410212617368 ], [ 745373.480347498436458, 2574232.389116387348622 ], [ 745377.798066273215227, 2574231.485522577539086 ], [ 745383.315416156430729, 2574230.681201668456197 ], [ 745389.912896544090472, 2574229.938916402403265 ], [ 745394.309851190424524, 2574228.476554733235389 ], [ 745396.806231125723571, 2574226.289790863636881 ], [ 745397.575742605258711, 2574223.500628042500466 ] ] } },
{ "type": "Feature", "properties": { "osmid": "421001887", "name": "nan", "highway": "residential", "oneway": "False" }, "geometry": { "type": "LineString", "coordinates": [ [ 745483.923691591480747, 2574202.59077418083325 ], [ 745487.172485985443927, 2574202.5743886125274 ], [ 745490.539734799880534, 2574202.463135920464993 ], [ 745493.740508313756436, 2574202.254797099158168 ], [ 745496.903360434807837, 2574202.041584908496588 ], [ 745499.798018456320278, 2574201.866805016528815 ], [ 745502.592776913079433, 2574201.739431988913566 ], [ 745505.160394982551225, 2574201.628435891587287 ] ] } },
{ "type": "Feature", "properties": { "osmid": "28691777", "name": "nan", "highway": "residential", "oneway": "False" }, "geometry": { "type": "LineString", "coordinates": [ [ 745483.923691591480747, 2574202.59077418083325 ], [ 745483.923691591597162, 2574202.59077418083325 ], [ 745484.03580397774931, 2574202.597702562343329 ], [ 745484.260028749704361, 2574202.611559325829148 ], [ 745484.708434171508998, 2574202.639926722738892 ], [ 745485.01461439661216, 2574204.511230305302888 ], [ 745485.193911532289349, 2574208.56273490563035 ], [ 745485.037531158304773, 2574215.116540852934122 ], [ 745484.957289916928858, 2574220.832276731263846 ], [ 745484.980429087299854, 2574225.367467095609754 ], [ 745485.345795469358563, 2574228.314006386790425 ], [ 745486.187660367344506, 2574230.979825928341597 ], [ 745487.712651495356113, 2574233.178260784596205 ], [ 745489.928322051535361, 2574234.86907075624913 ], [ 745492.441845820751041, 2574236.332432521041483 ], [ 745494.775123931001872, 2574237.948463521432132 ], [ 745496.549594767391682, 2574240.024068829137832 ], [ 745497.738434016238898, 2574242.581309301313013 ], [ 745498.570529449614696, 2574245.4319430408068 ], [ 745499.274768839706667, 2574248.387728154659271 ], [ 745499.979008229798637, 2574251.343513268977404 ], [ 745500.683247619890608, 2574254.299298382829875 ], [ 745501.387487010098994, 2574257.255083496216685 ], [ 745502.09172640030738, 2574260.210868610534817 ], [ 745502.914153248886578, 2574263.073961997870356 ], [ 745504.076828070101328, 2574265.670206667389721 ], [ 745505.801811378565617, 2574267.825445624068379 ], [ 745508.074788771569729, 2574269.550905328709632 ], [ 745510.673699734848924, 2574271.020742773544043 ], [ 745513.376483753905632, 2574272.409114951267838 ], [ 745516.079267772962339, 2574273.797487128991634 ], [ 745518.782051792251877, 2574275.18585930718109 ], [ 745521.484835811308585, 2574276.574231484904885 ], [ 745524.187619830365293, 2574277.96260366262868 ], [ 745528.10018475074321, 2574280.069562485441566 ], [ 745532.922221237211488, 2574282.740844377782196 ], [ 745538.3534199539572, 2574285.822185763623565 ], [ 745541.651131985359825, 2574287.733260890934616 ], [ 745543.092888888902962, 2574288.639444444328547 ], [ 745542.979000000050291, 2574288.694999999832362 ] ] } },
{ "type": "Feature", "properties": { "osmid": "421001887", "name": "nan", "highway": "residential", "oneway": "False" }, "geometry": { "type": "LineString", "coordinates": [ [ 745483.923691591480747, 2574202.59077418083325 ], [ 745480.895517374039628, 2574202.423363737761974 ], [ 745477.867235376033932, 2574202.257890362292528 ], [ 745474.838845221675001, 2574202.094361035618931 ], [ 745471.81037056457717, 2574201.932384061161429 ], [ 745468.670290750800632, 2574201.755933359265327 ], [ 745465.420855749049224, 2574201.54023899929598 ], [ 745462.063720518141054, 2574201.266303638461977 ], [ 745458.934699945733882, 2574200.962282819673419 ], [ 745456.029409592039883, 2574200.675732936710119 ], [ 745453.344813737901859, 2574200.440600185189396 ], [ 745450.433345920755528, 2574200.2207783726044 ], [ 745447.298709540511481, 2574199.975619718898088 ], [ 745444.05436525598634, 2574199.697543439920992 ], [ 745441.034633548348211, 2574199.42839247174561 ], [ 745438.236402346170507, 2574199.203391666524112 ], [ 745435.435562820639461, 2574199.00703674601391 ], [ 745432.520847753505222, 2574198.83015006640926 ], [ 745429.493497767136432, 2574198.689872781280428 ], [ 745426.158144206390716, 2574198.452823583502322 ], [ 745422.648725488805212, 2574198.022123768460006 ], [ 745418.990897268406115, 2574197.220200691372156 ], [ 745415.758715911884792, 2574195.774669382255524 ], [ 745413.021633134107105, 2574193.867967570666224 ], [ 745411.065610785968602, 2574191.772039659321308 ], [ 745410.000749933067709, 2574190.481734341010451 ], [ 745409.490757165825926, 2574190.417243017349392 ], [ 745409.091098228469491, 2574191.965901885647327 ], [ 745408.424999999930151, 2574194.546999999787658 ] ] } },
{ "type": "Feature", "properties": { "osmid": "323202270", "name": "nan", "highway": "residential", "oneway": "False" }, "geometry": { "type": "LineString", "coordinates": [ [ 745533.904000000096858, 2574368.944999999832362 ], [ 745533.659554628306068, 2574370.173814278095961 ], [ 745533.340765162371099, 2574371.954172813799232 ], [ 745533.030283934087493, 2574374.299316258635372 ], [ 745532.776382896932773, 2574376.991196342278272 ] ] } },
{ "type": "Feature", "properties": { "osmid": "323202270", "name": "nan", "highway": "residential", "oneway": "False" }, "geometry": { "type": "LineString", "coordinates": [ [ 745533.904000000096858, 2574368.944999999832362 ], [ 745535.03838617389556, 2574363.303925346583128 ], [ 745535.819791467511095, 2574358.610635185148567 ], [ 745536.241282139904797, 2574355.086360996589065 ], [ 745536.506068176706322, 2574352.091765405610204 ], [ 745536.784364420338534, 2574349.208345203194767 ], [ 745537.080084090703167, 2574346.102740582078695 ], [ 745537.325132744968869, 2574342.883704068604857 ], [ 745537.491966453497298, 2574339.661644135136157 ], [ 745537.601445731357671, 2574336.776910707354546 ], [ 745537.832581633352675, 2574334.025380082894117 ], [ 745538.234053588355891, 2574331.18574441364035 ], [ 745538.757646732963622, 2574327.912436796817929 ], [ 745539.186271918821149, 2574324.729634309187531 ], [ 745539.516440611798316, 2574321.638146494049579 ], [ 745539.782334274728782, 2574318.867396276909858 ], [ 745540.091286287293769, 2574315.876671681180596 ], [ 745540.43793813616503, 2574312.777131707873195 ], [ 745540.818483227980323, 2574309.456698733847588 ] ] } },
{ "type": "Feature", "properties": { "osmid": "364863894", "name": "nan", "highway": "residential", "oneway": "False" }, "geometry": { "type": "LineString", "coordinates": [ [ 745533.904000000096858, 2574368.944999999832362 ], [ 745532.789591442327946, 2574365.582179574295878 ], [ 745529.095907553099096, 2574362.79588799411431 ], [ 745522.48028529912699, 2574360.574565484188497 ], [ 745516.669156481511891, 2574359.000861513894051 ], [ 745512.139894054271281, 2574357.662873697001487 ], [ 745509.23516105057206, 2574356.572161809075624 ], [ 745506.330428046756424, 2574355.48144992114976 ], [ 745503.425695043057203, 2574354.390738033223897 ], [ 745500.520962039474398, 2574353.300026145298034 ], [ 745497.616229035775177, 2574352.209314257372171 ] ] } },
{ "type": "Feature", "properties": { "osmid": "364863894", "name": "nan", "highway": "residential", "oneway": "False" }, "geometry": { "type": "LineString", "coordinates": [ [ 745533.904000000096858, 2574368.944999999832362 ], [ 745534.736868977430277, 2574365.9506457131356 ], [ 745535.284202809561975, 2574363.91360983485356 ], [ 745535.549427949823439, 2574362.834577859845012 ], [ 745535.687169240205549, 2574362.180457190144807 ], [ 745535.804622444324195, 2574361.63588880142197 ], [ 745537.541003813385032, 2574361.4298169859685 ], [ 745541.232822496560402, 2574361.550712823867798 ], [ 745547.240302183083259, 2574361.878180608619004 ], [ 745553.920800168300048, 2574362.182590552140027 ] ] } },
{ "type": "Feature", "properties": { "osmid": "1196732251", "name": "nan", "highway": "tertiary", "oneway": "True" }, "geometry": { "type": "LineString", "coordinates": [ [ 745432.949999999953434, 2574510.371999999508262 ], [ 745428.100992187974043, 2574502.472642275970429 ] ] } },
{ "type": "Feature", "properties": { "osmid": "1196732254", "name": "nan", "highway": "tertiary", "oneway": "False" }, "geometry": { "type": "LineString", "coordinates": [ [ 745432.949999999953434, 2574510.371999999508262 ], [ 745424.897050923667848, 2574508.670318278949708 ], [ 745417.099844823474996, 2574508.147741867695004 ], [ 745410.912132147117518, 2574508.518772745504975 ], [ 745406.206041406723671, 2574509.193858256097883 ], [ 745402.853701114072464, 2574509.583445746451616 ], [ 745399.501360821421258, 2574509.973033236339688 ] ] } },
{ "type": "Feature", "properties": { "osmid": "28691844", "name": "nan", "highway": "tertiary", "oneway": "False" }, "geometry": { "type": "LineString", "coordinates": [ [ 745432.949999999953434, 2574510.371999999508262 ], [ 745430.742235205485485, 2574508.101767560932785 ], [ 745429.907380742486566, 2574507.335523223970085 ], [ 745430.399269669316709, 2574507.972422318533063 ], [ 745432.01082255190704, 2574508.993473903741688 ], [ 745433.919245666824281, 2574509.326520071830601 ], [ 745436.618083420791663, 2574509.030040062963963 ], [ 745439.393121656845324, 2574508.57778375223279 ], [ 745442.577931912150234, 2574508.269895931705832 ], [ 745445.503639363800175, 2574508.188447032589465 ], [ 745448.435640695155598, 2574508.164114612620324 ], [ 745451.146155811380595, 2574508.166692374739796 ], [ 745453.969647275866009, 2574508.16236389009282 ], [ 745457.119822115288116, 2574508.271168345119804 ], [ 745460.369942323304713, 2574508.503834948409349 ], [ 745463.380671333870851, 2574508.842210134956986 ], [ 745465.858360232203268, 2574510.788624932523817 ], [ 745468.233904083259404, 2574514.435038896743208 ], [ 745470.937563820392825, 2574519.914059147238731 ], [ 745473.893196255899966, 2574524.007191131357104 ], [ 745476.896593117620796, 2574526.614801878575236 ], [ 745479.74386483291164, 2574527.6165492660366 ], [ 745482.5911365483189, 2574528.618296652566642 ], [ 745485.438408263609745, 2574529.620044039096683 ], [ 745488.285679979017004, 2574530.621791426092386 ] ] } },
{ "type": "Feature", "properties": { "osmid": "495798978", "name": "Berasia Road", "highway": "tertiary", "oneway": "False" }, "geometry": { "type": "LineString", "coordinates": [ [ 745399.501360821421258, 2574509.973033236339688 ], [ 745400.020662686321884, 2574512.988762080669403 ], [ 745400.539964551222511, 2574516.004490924533457 ], [ 745401.059266416239552, 2574519.020219767931849 ], [ 745401.578568281023763, 2574522.035948612261564 ], [ 745402.097870145924389, 2574525.051677456591278 ] ] } },
{ "type": "Feature", "properties": { "osmid": "1196732250", "name": "nan", "highway": "tertiary", "oneway": "False" }, "geometry": { "type": "LineString", "coordinates": [ [ 745399.501360821421258, 2574509.973033236339688 ], [ 745396.46889985864982, 2574509.946674596518278 ], [ 745393.436438895761967, 2574509.920315956696868 ], [ 745390.403977932990529, 2574509.893957317341119 ], [ 745387.371516970335506, 2574509.86759867798537 ], [ 745384.339056007564068, 2574509.841240038629621 ], [ 745381.306595044676214, 2574509.814881398808211 ], [ 745378.274134081788361, 2574509.788522758986801 ], [ 745375.241673119016923, 2574509.762164119165391 ], [ 745372.2092121563619, 2574509.735805479809642 ], [ 745369.176751193590462, 2574509.709446839988232 ], [ 745366.144290230702609, 2574509.683088200166821 ], [ 745363.111829267814755, 2574509.656729560345411 ], [ 745360.079368305043317, 2574509.630370920989662 ], [ 745357.046907342388295, 2574509.604012282099575 ], [ 745354.014446379500441, 2574509.577653642278165 ], [ 745350.981985416612588, 2574509.551295002456754 ], [ 745347.94952445384115, 2574509.524936362635344 ], [ 745344.917063491069712, 2574509.498577722813934 ], [ 745341.884602528414689, 2574509.472219083458185 ], [ 745338.852141565526836, 2574509.445860443636775 ], [ 745335.819680602638982, 2574509.419501803815365 ], [ 745332.787219639867544, 2574509.393143163993955 ], [ 745329.754758677096106, 2574509.366784524638206 ], [ 745326.722297714441083, 2574509.340425885748118 ], [ 745323.68983675155323, 2574509.314067245926708 ], [ 745320.657375788665377, 2574509.287708606105298 ], [ 745317.624914825893939, 2574509.261349966283888 ] ] } },
{ "type": "Feature", "properties": { "osmid": "1196732254", "name": "nan", "highway": "tertiary", "oneway": "False" }, "geometry": { "type": "LineString", "coordinates": [ [ 745399.501360821421258, 2574509.973033236339688 ], [ 745402.853701114072464, 2574509.583445746451616 ], [ 745406.20604140649084, 2574509.193858256563544 ], [ 745410.912132147117518, 2574508.518772745504975 ], [ 745417.099844823242165, 2574508.147741867695004 ], [ 745424.897050923667848, 2574508.670318278949708 ], [ 745432.949999999953434, 2574510.371999999508262 ] ] } },
{ "type": "Feature", "properties": { "osmid": "495798978", "name": "Berasia Road", "highway": "tertiary", "oneway": "False" }, "geometry": { "type": "LineString", "coordinates": [ [ 745402.097870145924389, 2574525.051677456591278 ], [ 745402.60858848656062, 2574528.090902730356902 ], [ 745403.119306827429682, 2574531.130128003191203 ], [ 745403.630025168298744, 2574534.169353276025504 ], [ 745404.140743508934975, 2574537.208578549325466 ], [ 745404.651461849571206, 2574540.247803822159767 ], [ 745405.162180190440267, 2574543.287029094994068 ], [ 745405.672898531309329, 2574546.32625436829403 ], [ 745406.18361687194556, 2574549.365479642059654 ], [ 745406.694335212581791, 2574552.404704914893955 ], [ 745407.205053553450853, 2574555.443930187728256 ], [ 745407.715771894319914, 2574558.483155461028218 ], [ 745408.226490234956145, 2574561.522380733862519 ], [ 745408.737208575592376, 2574564.561606007162482 ], [ 745409.247926916461438, 2574567.600831280928105 ], [ 745409.7586452573305, 2574570.640056553762406 ], [ 745410.269363597966731, 2574573.679281826596707 ], [ 745410.780081938602962, 2574576.718507099896669 ], [ 745411.290800279472023, 2574579.75773237273097 ], [ 745411.801518620341085, 2574582.796957646030933 ], [ 745412.312236960977316, 2574585.836182919796556 ], [ 745412.822955301613547, 2574588.875408192630857 ], [ 745413.333673642482609, 2574591.914633465465158 ], [ 745413.84439198335167, 2574594.953858738765121 ], [ 745414.355110323987901, 2574597.993084011599422 ], [ 745414.865828664624132, 2574601.032309284433722 ], [ 745415.376547005493194, 2574604.071534557733685 ], [ 745415.887265346362256, 2574607.110759831499308 ], [ 745416.397983686998487, 2574610.149985104333609 ], [ 745416.908702027634718, 2574613.18921037716791 ], [ 745417.419420368503779, 2574616.228435650467873 ] ] } },
{ "type": "Feature", "properties": { "osmid": "495798978", "name": "Berasia Road", "highway": "tertiary", "oneway": "False" }, "geometry": { "type": "LineString", "coordinates": [ [ 745402.097870145924389, 2574525.051677456591278 ], [ 745401.578568281023763, 2574522.035948613192886 ], [ 745401.059266416006722, 2574519.020219768863171 ], [ 745400.539964551106095, 2574516.004490924533457 ], [ 745400.020662686321884, 2574512.988762080203742 ], [ 745399.501360821421258, 2574509.973033236339688 ] ] } },
{ "type": "Feature", "properties": { "osmid": "364863797", "name": "nan", "highway": "residential", "oneway": "False" }, "geometry": { "type": "LineString", "coordinates": [ [ 745402.097870145924389, 2574525.051677456591278 ], [ 745399.266154840239324, 2574526.5537707679905 ], [ 745396.462542132008821, 2574528.094718222972006 ], [ 745393.744653310161084, 2574529.754185974597931 ], [ 745391.274061254807748, 2574531.683400811627507 ], [ 745389.170612486428581, 2574533.965848515275866 ], [ 745387.495116141275503, 2574536.603390848729759 ], [ 745386.100478174048476, 2574539.454768302384764 ], [ 745384.838749466813169, 2574542.397640951443464 ], [ 745383.59149959415663, 2574545.350480880122632 ], [ 745382.344249721500091, 2574548.303320808336139 ] ] } },
{ "type": "Feature", "properties": { "osmid": "28691844", "name": "nan", "highway": "tertiary", "oneway": "False" }, "geometry": { "type": "LineString", "coordinates": [ [ 745488.285679979017004, 2574530.621791426092386 ], [ 745491.498531006276608, 2574531.650015274062753 ], [ 745494.711382033652626, 2574532.678239122033119 ], [ 745497.924233060795814, 2574533.706462970003486 ], [ 745501.137084087939002, 2574534.734686817508191 ], [ 745504.34993511531502, 2574535.762910665012896 ], [ 745507.562786142574623, 2574536.791134512983263 ] ] } },
{ "type": "Feature", "properties": { "osmid": "28691844", "name": "nan", "highway": "tertiary", "oneway": "False" }, "geometry": { "type": "LineString", "coordinates": [ [ 745488.285679979017004, 2574530.621791426092386 ], [ 745485.438408263609745, 2574529.620044039562345 ], [ 745482.5911365483189, 2574528.618296652566642 ], [ 745479.743864833028056, 2574527.616549265105277 ], [ 745476.896593117737211, 2574526.614801878575236 ], [ 745473.893196255899966, 2574524.007191131357104 ], [ 745470.937563820392825, 2574519.914059147238731 ], [ 745468.233904083259404, 2574514.435038896743208 ], [ 745465.858360232203268, 2574510.788624932523817 ], [ 745463.380671333870851, 2574508.842210134956986 ], [ 745460.369942323304713, 2574508.503834948409349 ], [ 745457.119822115288116, 2574508.271168345119804 ], [ 745453.969647275866009, 2574508.16236389009282 ], [ 745451.14615581149701, 2574508.166692374739796 ], [ 745448.435640695155598, 2574508.164114612620324 ], [ 745445.503639363800175, 2574508.188447032589465 ], [ 745442.577931912150234, 2574508.269895931705832 ], [ 745439.393121656845324, 2574508.577783751767129 ], [ 745436.618083420675248, 2574509.030040062963963 ], [ 745433.919245666824281, 2574509.326520071830601 ], [ 745432.01082255190704, 2574508.993473903741688 ], [ 745430.399269669433124, 2574507.972422318998724 ], [ 745429.907380742486566, 2574507.335523224435747 ], [ 745430.742235205485485, 2574508.101767560932785 ], [ 745432.949999999953434, 2574510.371999999508262 ] ] } },
{ "type": "Feature", "properties": { "osmid": "967820200", "name": "nan", "highway": "residential", "oneway": "False" }, "geometry": { "type": "LineString", "coordinates": [ [ 745488.285679979017004, 2574530.621791426092386 ], [ 745489.19098480604589, 2574533.535246891900897 ], [ 745490.096289633191191, 2574536.448702357709408 ], [ 745491.001594460220076, 2574539.362157823517919 ], [ 745491.906899287248962, 2574542.275613289326429 ], [ 745492.812204114277847, 2574545.189068755600601 ], [ 745493.717508941306733, 2574548.102524221409112 ], [ 745494.622813768335618, 2574551.015979687683284 ], [ 745495.528118595364504, 2574553.929435153491795 ], [ 745496.433423422393389, 2574556.842890619765967 ], [ 745497.338728249422275, 2574559.756346085574478 ], [ 745498.24403307645116, 2574562.669801551382989 ], [ 745499.056794760283083, 2574565.591646230313927 ], [ 745499.635687017813325, 2574568.534691620152444 ], [ 745499.839383565820754, 2574571.51174921868369 ], [ 745499.711644407710992, 2574574.518852098379284 ], [ 745499.309439595672302, 2574577.463861409574747 ], [ 745498.481438978109509, 2574580.058755870442837 ], [ 745496.983769260463305, 2574582.023903414141387 ], [ 745494.692486469750293, 2574583.242748960852623 ], [ 745491.900247040670365, 2574583.990502294618636 ], [ 745488.899707407690585, 2574584.542373197153211 ], [ 745485.89916777482722, 2574585.094244099687785 ], [ 745482.89862814208027, 2574585.646115001756698 ], [ 745479.898088509100489, 2574586.197985904756933 ], [ 745477.207522920914926, 2574587.001667568460107 ], [ 745475.168608604581095, 2574588.334725176915526 ], [ 745474.12302278727293, 2574590.474723912309855 ], [ 745473.792494606226683, 2574593.195607437286526 ], [ 745473.835346834268421, 2574596.219810567330569 ], [ 745473.909902244457044, 2574599.269768119323999 ], [ 745473.984457654878497, 2574602.319725672248751 ], [ 745474.059013065299951, 2574605.369683225173503 ], [ 745474.133568475488573, 2574608.419640777632594 ], [ 745474.208123885677196, 2574611.469598330557346 ], [ 745474.28267929609865, 2574614.519555883016437 ], [ 745474.357234706403688, 2574617.569513435475528 ] ] } },
{ "type": "Feature", "properties": { "osmid": "28691844", "name": "nan", "highway": "tertiary", "oneway": "False" }, "geometry": { "type": "LineString", "coordinates": [ [ 745556.29617265809793, 2574550.783145155757666 ], [ 745559.325580668635666, 2574551.130802657920867 ], [ 745562.354988679289818, 2574551.47846016054973 ], [ 745565.384396689943969, 2574551.826117662712932 ], [ 745568.413804700481705, 2574552.173775164876133 ], [ 745571.443212710903026, 2574552.521432667504996 ], [ 745574.472620721557178, 2574552.869090169668198 ], [ 745577.502028732211329, 2574553.216747671365738 ], [ 745580.531436742749065, 2574553.564405173528939 ], [ 745583.560844753403217, 2574553.912062676157802 ], [ 745586.590252764057368, 2574554.259720178321004 ], [ 745589.619660774595104, 2574554.607377680484205 ], [ 745592.649068785016425, 2574554.955035183113068 ], [ 745595.678476795554161, 2574555.30269268527627 ], [ 745598.707884806208313, 2574555.650350187439471 ], [ 745601.737292816862464, 2574555.998007690068334 ], [ 745604.766700827516615, 2574556.345665192231536 ], [ 745607.796108838170767, 2574556.693322694394737 ], [ 745610.826745149563067, 2574557.020889490377158 ], [ 745613.860808565397747, 2574557.292400835547596 ], [ 745616.900497889961116, 2574557.471891986206174 ], [ 745619.945555325248279, 2574557.563579610083252 ], [ 745622.993782067787834, 2574557.603428451810032 ], [ 745626.042979313409887, 2574557.627403256017715 ], [ 745629.092176558915526, 2574557.651378059759736 ], [ 745632.141373804421164, 2574557.675352863501757 ], [ 745635.190571050043218, 2574557.699327666778117 ], [ 745638.239768295548856, 2574557.723302470520139 ], [ 745641.288965541054495, 2574557.74727727426216 ], [ 745644.338162786676548, 2574557.77125207753852 ], [ 745647.387360032182187, 2574557.795226881746203 ], [ 745650.436557277687825, 2574557.819201685488224 ], [ 745653.485754523309879, 2574557.843176489230245 ], [ 745656.534951768931933, 2574557.867151292506605 ], [ 745659.584149014553986, 2574557.891126096714288 ], [ 745662.633346260059625, 2574557.915100900456309 ], [ 745665.682543505565263, 2574557.939075704198331 ], [ 745668.731740751187317, 2574557.963050507474691 ], [ 745671.780937996692955, 2574557.987025311216712 ], [ 745674.830135242198594, 2574558.011000114958733 ], [ 745677.879332487820648, 2574558.034974918235093 ], [ 745680.928529733326286, 2574558.058949722442776 ], [ 745683.977726978831924, 2574558.082924526184797 ] ] } },
{ "type": "Feature", "properties": { "osmid": "28691844", "name": "nan", "highway": "tertiary", "oneway": "False" }, "geometry": { "type": "LineString", "coordinates": [ [ 745556.29617265809793, 2574550.783145155757666 ], [ 745553.357602858333848, 2574550.140261656604707 ], [ 745550.419033058569767, 2574549.497378157451749 ], [ 745547.4804632589221, 2574548.85449465829879 ], [ 745544.541893459274434, 2574548.211611159145832 ], [ 745541.603323659510352, 2574547.568727659527212 ], [ 745538.664753859862685, 2574546.925844160374254 ], [ 745535.726184060215019, 2574546.282960661221296 ], [ 745532.787614260450937, 2574545.640077162068337 ], [ 745529.849044460686855, 2574544.997193662915379 ], [ 745526.910474660922773, 2574544.35431016376242 ], [ 745523.971904861275107, 2574543.711426664609462 ], [ 745521.047569675720297, 2574543.032872303854674 ], [ 745518.177994606434368, 2574542.217093251179904 ], [ 745515.403705155011266, 2574541.162535676732659 ], [ 745512.736757595208474, 2574539.838987476192415 ], [ 745510.136626425199211, 2574538.348002478014678 ], [ 745507.562786142574623, 2574536.791134512983263 ] ] } },
{ "type": "Feature", "properties": { "osmid": "238505281", "name": "nan", "highway": "residential", "oneway": "False" }, "geometry": { "type": "LineString", "coordinates": [ [ 746041.391095882747322, 2574495.869743441231549 ], [ 746042.562428672332317, 2574493.721737321466208 ], [ 746043.810095481225289, 2574491.488493596669286 ] ] } },
{ "type": "Feature", "properties": { "osmid": "238505281", "name": "nan", "highway": "residential", "oneway": "False" }, "geometry": { "type": "LineString", "coordinates": [ [ 746041.391095882747322, 2574495.869743441231549 ], [ 746040.928251917008311, 2574497.463312901556492 ], [ 746040.647903684177436, 2574499.192494743037969 ], [ 746040.63905885850545, 2574501.276551306713372 ], [ 746040.921964891604148, 2574503.8046516738832 ], [ 746040.923574094194919, 2574507.166164657101035 ], [ 746040.989275570958853, 2574510.564065854996443 ], [ 746041.448825996369123, 2574513.322019667830318 ], [ 746042.761000000056811, 2574514.927999999839813 ] ] } },
{ "type": "Feature", "properties": { "osmid": "967840297", "name": "nan", "highway": "residential", "oneway": "False" }, "geometry": { "type": "LineString", "coordinates": [ [ 746041.391095882747322, 2574495.869743441231549 ], [ 746035.904753904906102, 2574495.552205734420568 ], [ 746029.864242254872806, 2574495.235295541584492 ], [ 746024.605549395899288, 2574495.335750682279468 ], [ 746020.405760163906962, 2574495.85325739858672 ], [ 746017.541959395166487, 2574496.787501933053136 ], [ 746014.678158626426011, 2574497.72174646705389 ], [ 746011.814357857801951, 2574498.655991001520306 ], [ 746008.853714674711227, 2574501.236987607553601 ], [ 746005.890648824279197, 2574505.355717030353844 ], [ 746003.01954112725798, 2574510.909739603754133 ], [ 746000.417300940840505, 2574514.523937966674566 ], [ 745997.655681875883602, 2574516.285266749095172 ], [ 745994.529386356007308, 2574516.2687604627572 ], [ 745990.958335282863118, 2574516.157782666385174 ], [ 745987.498976812348701, 2574515.978833606932312 ], [ 745984.261971710249782, 2574515.762612057384104 ], [ 745981.247458804980852, 2574515.552436982747167 ], [ 745978.233945267740637, 2574515.331194397527725 ], [ 745975.332997530698776, 2574515.110998565331101 ], [ 745972.432324889232405, 2574514.895098361652344 ], [ 745969.641300086281262, 2574514.716948893386871 ], [ 745966.84862380521372, 2574514.56630065664649 ], [ 745964.392042586230673, 2574514.496207155287266 ], [ 745961.723496635910124, 2574514.464005423244089 ], [ 745958.843215561821125, 2574514.460797542706132 ], [ 745955.523514257394709, 2574514.411131222266704 ], [ 745952.304827812244184, 2574514.394440657924861 ], [ 745949.076631152071059, 2574514.385396688710898 ], [ 745945.952735217870213, 2574514.39748367248103 ], [ 745942.829686877666973, 2574514.336461159866303 ], [ 745940.039597890339792, 2574514.266754578799009 ], [ 745937.027247353922576, 2574514.195924235507846 ], [ 745934.129035848774947, 2574514.163201789837331 ], [ 745931.124198493082076, 2574514.14819442294538 ], [ 745928.343225492746569, 2574514.159205926582217 ], [ 745925.004710175096989, 2574514.21917332848534 ], [ 745921.107590003171936, 2574514.31313272099942 ] ] } },
{ "type": "Feature", "properties": { "osmid": "28691795", "name": "nan", "highway": "residential", "oneway": "False" }, "geometry": { "type": "LineString", "coordinates": [ [ 745739.479000000050291, 2574517.895 ], [ 745733.893013163469732, 2574513.902504758909345 ], [ 745731.924542574211955, 2574509.84215506631881 ], [ 745733.756695123738609, 2574505.588937474414706 ], [ 745735.789066296070814, 2574501.831035677343607 ], [ 745736.835747296107002, 2574498.383213153574616 ], [ 745736.730088521144353, 2574495.369815674144775 ], [ 745736.659755372093059, 2574492.354954047594219 ], [ 745736.603980298619717, 2574489.339471848215908 ], [ 745736.553794422536157, 2574486.324000264983624 ], [ 745736.527108864043839, 2574483.308313665911555 ], [ 745736.53269701951649, 2574480.180738115217537 ], [ 745736.553971300483681, 2574476.941407579462975 ], [ 745736.569131367723458, 2574473.590520374942571 ], [ 745736.570197350694798, 2574470.351498860865831 ], [ 745736.582243658020161, 2574467.224260156974196 ], [ 745736.621140031144023, 2574464.20883896201849 ], [ 745736.685587924090214, 2574461.193480534013361 ], [ 745736.754691324662417, 2574458.17807831754908 ], [ 745736.81279097229708, 2574455.162491872441024 ], [ 745736.862535946536809, 2574452.146787568926811 ], [ 745736.918423057999462, 2574449.131540569011122 ], [ 745737.029455675161444, 2574446.165716533083469 ], [ 745737.23017333203461, 2574443.298030745703727 ], [ 745737.511000000056811, 2574440.528 ] ] } },
{ "type": "Feature", "properties": { "osmid": "28691806", "name": "nan", "highway": "residential", "oneway": "False" }, "geometry": { "type": "LineString", "coordinates": [ [ 745739.479000000050291, 2574517.895 ], [ 745737.214962771278806, 2574515.918986295815557 ], [ 745736.99987050704658, 2574514.38965968741104 ], [ 745738.970273545361124, 2574514.000673469621688 ], [ 745741.867321798577905, 2574514.541823777835816 ], [ 745745.308249167981558, 2574515.768892548512667 ], [ 745748.850567131186835, 2574516.551308123394847 ], [ 745752.53782715043053, 2574516.883974836673588 ], [ 745755.806376718101092, 2574516.781107626855373 ], [ 745758.962271206546575, 2574516.684673315379769 ], [ 745762.005694215535186, 2574516.603620718698949 ], [ 745765.596548393950798, 2574516.672565971966833 ], [ 745770.281711516319774, 2574517.016970570664853 ], [ 745776.060999999986961, 2574517.628 ] ] } },
{ "type": "Feature", "properties": { "osmid": "28691806", "name": "nan", "highway": "residential", "oneway": "False" }, "geometry": { "type": "LineString", "coordinates": [ [ 745739.479000000050291, 2574517.895 ], [ 745732.242257603793405, 2574514.293564826250076 ], [ 745727.087341710110195, 2574511.354651162400842 ], [ 745724.044825253542513, 2574509.10826130118221 ], [ 745722.068716508685611, 2574507.228473907802254 ], [ 745720.128118776250631, 2574505.373797925189137 ], [ 745718.040626848116517, 2574503.348984420765191 ], [ 745715.789594851434231, 2574501.174346532206982 ], [ 745713.115992708597332, 2574498.982303893659264 ], [ 745710.157217764877714, 2574497.233089718502015 ], [ 745706.975754721555859, 2574496.091968717519194 ], [ 745703.853812129818834, 2574495.529217617586255 ], [ 745700.877533553284593, 2574495.272793848533183 ], [ 745697.90048217587173, 2574495.217345199082047 ], [ 745695.347671409952454, 2574495.281379070132971 ], [ 745693.422103376709856, 2574495.418909925967455 ], [ 745692.229000000050291, 2574495.545 ] ] } },
{ "type": "Feature", "properties": { "osmid": "28691609", "name": "nan", "highway": "residential", "oneway": "False" }, "geometry": { "type": "LineString", "coordinates": [ [ 745704.296000000089407, 2574188.890000000130385 ], [ 745704.180567669100128, 2574196.579724580049515 ], [ 745704.192966043017805, 2574201.379643278662115 ], [ 745704.265146978083067, 2574203.13468613801524 ], [ 745704.333195121842436, 2574203.289756097365171 ], [ 745705.164693369646557, 2574204.89144903793931 ], [ 745707.095701894140802, 2574208.271398538257927 ], [ 745710.442708114744164, 2574213.544216452632099 ], [ 745713.859202955383807, 2574217.621128754690289 ], [ 745718.580322229187004, 2574220.997777258977294 ], [ 745723.973091096966527, 2574223.444938257336617 ], [ 745730.236032967921346, 2574226.335080982651561 ], [ 745734.079173462465405, 2574228.136230945587158 ], [ 745735.803333333344199, 2574228.952 ], [ 745735.724999999976717, 2574228.896999999880791 ] ] } },
{ "type": "Feature", "properties": { "osmid": "28691609", "name": "nan", "highway": "residential", "oneway": "False" }, "geometry": { "type": "LineString", "coordinates": [ [ 745704.296000000089407, 2574188.890000000130385 ], [ 745704.200333905522712, 2574191.202262729406357 ], [ 745704.11288000177592, 2574191.358870374504477 ], [ 745704.040297290310264, 2574189.359582270961255 ], [ 745703.975969224236906, 2574186.282269526273012 ], [ 745703.915809643338434, 2574183.20477543445304 ], [ 745703.86265886540059, 2574180.12725188350305 ], [ 745703.861406241543591, 2574177.051517409738153 ], [ 745703.980749712907709, 2574173.98367484472692 ], [ 745704.321333185420372, 2574171.08154569985345 ], [ 745705.069240802084096, 2574168.472222570329905 ], [ 745706.382867066189647, 2574166.318230229895562 ], [ 745708.251170187140815, 2574164.567479880992323 ], [ 745710.511881663813256, 2574163.231178803369403 ], [ 745712.981734782340936, 2574162.278137458488345 ], [ 745715.800131665193476, 2574161.664610237348825 ], [ 745718.909451200976036, 2574161.315994990523905 ], [ 745722.266970930504613, 2574161.121455144137144 ], [ 745725.52143241383601, 2574161.014268199447542 ], [ 745728.659739131224342, 2574160.879382074344903 ], [ 745731.867331580840982, 2574158.620402588974684 ], [ 745735.444513445836492, 2574152.19077899120748 ], [ 745739.396000000066124, 2574141.640000000130385 ] ] } },
{ "type": "Feature", "properties": { "osmid": "421001887", "name": "nan", "highway": "residential", "oneway": "False" }, "geometry": { "type": "LineString", "coordinates": [ [ 745704.296000000089407, 2574188.890000000130385 ], [ 745700.848570572561584, 2574195.977932972367853 ], [ 745697.281361905043013, 2574200.320028108078986 ], [ 745693.933339856681414, 2574201.782973089721054 ], [ 745690.715264642029069, 2574201.765514014288783 ], [ 745687.871149979066104, 2574201.717384207528085 ], [ 745684.838550932356156, 2574201.803090791683644 ], [ 745681.817489799577743, 2574201.905133618973196 ], [ 745678.68027316511143, 2574201.970443249214441 ], [ 745675.538508075871505, 2574201.951977329794317 ], [ 745672.397429168224335, 2574201.902177419513464 ], [ 745669.257125049014576, 2574201.821009419392794 ], [ 745666.341361499275081, 2574201.735374213661999 ], [ 745663.064593408256769, 2574201.353420415427536 ], [ 745659.748560996144079, 2574200.572807453107089 ], [ 745656.62851222709287, 2574199.767445906996727 ], [ 745654.884923466830514, 2574199.937693510670215 ], [ 745654.196, 2574201.19 ] ] } },
{ "type": "Feature", "properties": { "osmid": "28691634", "name": "nan", "highway": "residential", "oneway": "False" }, "geometry": { "type": "LineString", "coordinates": [ [ 745817.105999999912456, 2574200.114 ], [ 745817.85297172004357, 2574202.781444771680981 ], [ 745818.467624193173833, 2574206.096877329517156 ], [ 745818.804760206141509, 2574209.675705078989267 ], [ 745818.987712806090713, 2574212.968168072868139 ], [ 745819.128398250904866, 2574215.978559289127588 ], [ 745819.351484919316135, 2574219.091239567380399 ], [ 745819.584983954788186, 2574222.310207677539438 ], [ 745819.731639066245407, 2574225.391860814299434 ], [ 745819.840419846237637, 2574228.335032554809004 ], [ 745819.949667585431598, 2574231.359718967694789 ], [ 745820.099261977360584, 2574234.526009445544332 ], [ 745820.245696981088258, 2574237.835866427049041 ], [ 745820.356683165766299, 2574241.17996584251523 ], [ 745820.424273862154223, 2574244.413938304409385 ], [ 745820.461210211738944, 2574247.537188853602856 ], [ 745820.477605865919031, 2574250.548935875762254 ], [ 745820.483653971110471, 2574253.56061757914722 ], [ 745820.485135711845942, 2574256.572270580101758 ], [ 745820.48008121328894, 2574259.695278389379382 ], [ 745820.453221520874649, 2574262.81740635773167 ], [ 745820.400915782316588, 2574266.050021708011627 ], [ 745819.519608512637205, 2574269.826780746690929 ], [ 745817.842975616455078, 2574274.037531915586442 ], [ 745816.059815869200975, 2574278.119915675837547 ], [ 745816.501407583709806, 2574280.532939306925982 ], [ 745819.150000000023283, 2574281.498999999836087 ] ] } },
{ "type": "Feature", "properties": { "osmid": "28691634", "name": "nan", "highway": "residential", "oneway": "False" }, "geometry": { "type": "LineString", "coordinates": [ [ 745817.105999999912456, 2574200.114 ], [ 745817.514999867300503, 2574197.614855844061822 ], [ 745817.826945202075876, 2574194.758672661148012 ], [ 745818.037858162540942, 2574191.54524553893134 ], [ 745818.188555660191923, 2574188.319919634610415 ], [ 745818.338249102816917, 2574185.206205762922764 ], [ 745818.459093109122477, 2574182.204975195694715 ], [ 745818.541617748327553, 2574179.204922156408429 ], [ 745818.563936613500118, 2574176.204609347507358 ], [ 745818.576621215441264, 2574173.210247367620468 ], [ 745818.628055023844354, 2574170.22255569184199 ], [ 745818.748845830094069, 2574167.242634078953415 ], [ 745818.910233613918535, 2574164.143993403296918 ], [ 745819.051379852928221, 2574160.92446370748803 ], [ 745819.126583177479915, 2574157.582441447302699 ], [ 745819.158949934993871, 2574154.348501807078719 ], [ 745819.175606172531843, 2574151.224187334533781 ], [ 745819.209371927543543, 2574148.210859281476587 ], [ 745819.244846009649336, 2574145.19753513392061 ], [ 745819.292337735067122, 2574142.184498760849237 ], [ 745819.354678771924227, 2574139.171909844968468 ], [ 745819.45078022161033, 2574136.160365896765143 ], [ 745819.594196393270977, 2574133.151364319492131 ], [ 745819.219756437465549, 2574129.721808545291424 ], [ 745818.743386419140734, 2574126.280162150040269 ], [ 745818.556557005271316, 2574123.232262906152755 ], [ 745819.216999999945983, 2574121.000999999698251 ] ] } },
{ "type": "Feature", "properties": { "osmid": "419836080", "name": "nan", "highway": "residential", "oneway": "False" }, "geometry": { "type": "LineString", "coordinates": [ [ 745817.105999999912456, 2574200.114 ], [ 745818.318387099192478, 2574200.341310708317906 ], [ 745820.089179583243094, 2574200.579420546069741 ], [ 745822.561897959909402, 2574200.782398095354438 ], [ 745825.485973706818186, 2574200.932588769588619 ], [ 745828.582333092112094, 2574201.025305649265647 ], [ 745831.707610376761295, 2574201.108917973469943 ], [ 745834.805388605105691, 2574201.194745872635394 ], [ 745837.875320423394442, 2574201.286832618992776 ], [ 745840.917159848264419, 2574201.386821092106402 ], [ 745843.958879258832894, 2574201.491430837661028 ], [ 745846.999910989659838, 2574201.607740093953907 ], [ 745850.038120176643133, 2574201.732331189792603 ], [ 745853.078439783654176, 2574201.853591545019299 ], [ 745856.127052159863524, 2574201.950190871488303 ], [ 745859.193137259338982, 2574202.022765497677028 ], [ 745862.265147964586504, 2574202.141938552260399 ], [ 745865.33111904526595, 2574202.365895321592689 ], [ 745868.38409662572667, 2574202.693336448166519 ] ] } },
{ "type": "Feature", "properties": { "osmid": "1069960946", "name": "nan", "highway": "residential", "oneway": "False" }, "geometry": { "type": "LineString", "coordinates": [ [ 745817.105999999912456, 2574200.114 ], [ 745817.397666666656733, 2574200.172888889443129 ], [ 745815.634822656982578, 2574200.175600584596395 ], [ 745809.836978647508658, 2574199.918756724335253 ], [ 745800.062467971467413, 2574199.414135086815804 ], [ 745790.245311980950646, 2574198.738756724167615 ], [ 745784.346489323768765, 2574198.299378362018615 ], [ 745782.366000000038184, 2574198.096 ], [ 745782.313217169023119, 2574198.1956643355079 ], [ 745782.21143433789257, 2574198.43432867154479 ], [ 745782.064434337778948, 2574198.851328670978546 ], [ 745781.924999999930151, 2574199.346999999601394 ] ] } },
{ "type": "Feature", "properties": { "osmid": "1069960946", "name": "nan", "highway": "residential", "oneway": "False" }, "geometry": { "type": "LineString", "coordinates": [ [ 745781.924999999930151, 2574199.346999999601394 ], [ 745782.064434337778948, 2574198.851328671444207 ], [ 745782.211434337776154, 2574198.434328671079129 ], [ 745782.313217169023119, 2574198.1956643355079 ], [ 745782.366000000038184, 2574198.096 ], [ 745784.34648932388518, 2574198.299378362018615 ], [ 745790.245311980950646, 2574198.738756723701954 ], [ 745800.062467971350998, 2574199.414135085884482 ], [ 745809.836978647508658, 2574199.918756723869592 ], [ 745815.634822656982578, 2574200.175600584596395 ], [ 745817.397666666656733, 2574200.172888888977468 ], [ 745817.105999999912456, 2574200.114 ] ] } },
{ "type": "Feature", "properties": { "osmid": "28691609", "name": "nan", "highway": "residential", "oneway": "False" }, "geometry": { "type": "LineString", "coordinates": [ [ 745781.924999999930151, 2574199.346999999601394 ], [ 745781.442583781317808, 2574195.542814432643354 ], [ 745780.827167846728116, 2574191.958378336858004 ], [ 745780.004383715684526, 2574188.753921379800886 ], [ 745778.83039524324704, 2574185.873212998267263 ], [ 745777.468663997831754, 2574183.411955362185836 ], [ 745775.89830201677978, 2574181.015889823902398 ], [ 745774.400295487954281, 2574178.560779790859669 ], [ 745772.877916861209087, 2574175.773809622507542 ], [ 745771.572486298158765, 2574173.024865616578609 ], [ 745770.336047628894448, 2574170.373337774071842 ], [ 745769.222458808799274, 2574167.905536903534085 ], [ 745768.077567734755576, 2574165.449340025428683 ], [ 745766.969432124518789, 2574163.100101788993925 ], [ 745765.938086421578191, 2574160.964238031301647 ], [ 745764.837181063368917, 2574158.868169670458883 ], [ 745761.309815908665769, 2574157.152679801918566 ], [ 745755.269900524639525, 2574156.325477233622223 ], [ 745747.126430820673704, 2574156.928778040688485 ], [ 745741.614612111705355, 2574158.271273842547089 ], [ 745738.984422691282816, 2574157.321864326950163 ], [ 745739.050420498359017, 2574151.696815134491771 ], [ 745739.396000000066124, 2574141.640000000130385 ] ] } },
{ "type": "Feature", "properties": { "osmid": "28691609", "name": "nan", "highway": "residential", "oneway": "False" }, "geometry": { "type": "LineString", "coordinates": [ [ 745781.924999999930151, 2574199.346999999601394 ], [ 745779.665371437207796, 2574202.66415530256927 ], [ 745777.521754821878858, 2574205.726099024992436 ], [ 745775.450971870683134, 2574208.495456663891673 ], [ 745773.154584787436761, 2574211.079759635031223 ], [ 745770.611718982923776, 2574213.395884004421532 ], [ 745767.815773339825682, 2574215.415606608148664 ], [ 745765.033347390475683, 2574217.075345212593675 ], [ 745762.218707357882522, 2574218.412111220881343 ], [ 745759.344931497354992, 2574219.556755133438855 ], [ 745756.607545619364828, 2574220.631016098428518 ], [ 745753.930806596763432, 2574222.003982687368989 ], [ 745751.427028454840183, 2574223.439325824845582 ], [ 745748.444599165930413, 2574224.896809935569763 ], [ 745745.35274034878239, 2574225.912189197260886 ], [ 745742.242500747554004, 2574226.683922555297613 ], [ 745739.738797483150847, 2574227.301482908893377 ], [ 745737.608517775428481, 2574228.048302958253771 ], [ 745735.724999999976717, 2574228.896999999880791 ] ] } },
{ "type": "Feature", "properties": { "osmid": "28691634", "name": "nan", "highway": "residential", "oneway": "False" }, "geometry": { "type": "LineString", "coordinates": [ [ 745819.216999999945983, 2574121.000999999698251 ], [ 745818.556557005387731, 2574123.232262906152755 ], [ 745818.743386419140734, 2574126.280162150040269 ], [ 745819.219756437465549, 2574129.721808545291424 ], [ 745819.594196393270977, 2574133.151364319957793 ], [ 745819.45078022161033, 2574136.160365896765143 ], [ 745819.354678771924227, 2574139.171909845434129 ], [ 745819.292337735067122, 2574142.184498761314899 ], [ 745819.244846009649336, 2574145.197535134386271 ], [ 745819.209371927543543, 2574148.210859281476587 ], [ 745819.175606172531843, 2574151.224187334533781 ], [ 745819.158949934993871, 2574154.348501806613058 ], [ 745819.126583177479915, 2574157.582441447302699 ], [ 745819.051379852928221, 2574160.92446370748803 ], [ 745818.910233613918535, 2574164.143993403296918 ], [ 745818.748845830094069, 2574167.242634078953415 ], [ 745818.628055023844354, 2574170.22255569184199 ], [ 745818.576621215441264, 2574173.210247367620468 ], [ 745818.563936613500118, 2574176.204609347507358 ], [ 745818.541617748327553, 2574179.204922156408429 ], [ 745818.459093109122477, 2574182.204975195694715 ], [ 745818.338249102816917, 2574185.206205762922764 ], [ 745818.188555660191923, 2574188.319919634610415 ], [ 745818.037858162540942, 2574191.54524553893134 ], [ 745817.826945202075876, 2574194.758672661613673 ], [ 745817.514999867067672, 2574197.61485584359616 ], [ 745817.105999999912456, 2574200.114 ] ] } },
{ "type": "Feature", "properties": { "osmid": "28691634", "name": "nan", "highway": "residential", "oneway": "False" }, "geometry": { "type": "LineString", "coordinates": [ [ 745819.216999999945983, 2574121.000999999698251 ], [ 745818.394542133901268, 2574118.201141583267599 ], [ 745818.463301188894548, 2574114.876940725371242 ], [ 745818.950845990795642, 2574111.387872621882707 ], [ 745819.42278002446983, 2574107.884203549940139 ], [ 745819.417255458422005, 2574104.628874809015542 ], [ 745819.396459402167238, 2574101.262256547808647 ], [ 745819.332214367925189, 2574098.008307666052133 ], [ 745819.27704018575605, 2574094.871562100481242 ], [ 745819.2497684241971, 2574091.849896772298962 ], [ 745819.282418382470496, 2574088.828800240531564 ], [ 745819.335227035568096, 2574085.794649874791503 ], [ 745819.401957851368934, 2574082.749772544484586 ], [ 745819.470650129136629, 2574079.583576155360788 ], [ 745819.452772250282578, 2574076.201103862840682 ], [ 745819.254683659994043, 2574072.499063159804791 ], [ 745818.872992065153085, 2574068.590507575310767 ] ] } },
{ "type": "Feature", "properties": { "osmid": "28691643", "name": "nan", "highway": "residential", "oneway": "False" }, "geometry": { "type": "LineString", "coordinates": [ [ 745819.216999999945983, 2574121.000999999698251 ], [ 745819.977330976049416, 2574120.881231400649995 ], [ 745821.648806365090422, 2574120.859545046463609 ], [ 745824.231134890229441, 2574120.941706195939332 ], [ 745827.268754113349132, 2574121.078068489674479 ], [ 745830.306398952263407, 2574121.21010858239606 ], [ 745833.344920232892036, 2574121.316277838777751 ], [ 745836.384040089673363, 2574121.402278667315841 ], [ 745839.535008831415325, 2574121.502676615957171 ], [ 745842.796355589176528, 2574121.654370987322181 ], [ 745846.167936978978105, 2574121.860710347536951 ], [ 745849.426211065030657, 2574122.082444665487856 ], [ 745852.572836688137613, 2574122.264272395521402 ], [ 745855.608753684093244, 2574122.386375723872334 ], [ 745858.646215318120085, 2574122.457941588480026 ], [ 745861.683496594778262, 2574122.547229425050318 ], [ 745864.719119201414287, 2574122.680263627786189 ], [ 745867.752851080382243, 2574122.861148764844984 ] ] } },
{ "type": "Feature", "properties": { "osmid": "28691643", "name": "nan", "highway": "residential", "oneway": "False" }, "geometry": { "type": "LineString", "coordinates": [ [ 745819.216999999945983, 2574121.000999999698251 ], [ 745813.939559261198156, 2574120.519866900518537 ], [ 745809.563892022706568, 2574120.226792791858315 ], [ 745806.089961747056805, 2574120.122934503480792 ], [ 745803.066880744416267, 2574120.115512657444924 ], [ 745800.043812289717607, 2574120.102506045717746 ], [ 745797.020814944407903, 2574120.080788809340447 ], [ 745793.885950768832117, 2574120.046854812186211 ], [ 745790.639316967688501, 2574120.001253196969628 ], [ 745787.28115110786166, 2574119.93618501862511 ], [ 745784.036008578143083, 2574119.838757817167789 ], [ 745780.904145947075449, 2574119.706599600613117 ], [ 745777.885230826213956, 2574119.551540832500905 ], [ 745774.866153376526199, 2574119.400051699951291 ], [ 745771.846296730916947, 2574119.264572279062122 ], [ 745768.825855869450606, 2574119.139959381427616 ], [ 745765.805175795801915, 2574119.022536732722074 ], [ 745762.777688954374753, 2574118.935011848341674 ], [ 745759.729447588906623, 2574118.894675788003951 ], [ 745756.647121215704829, 2574118.90440890705213 ], [ 745753.530500206514262, 2574118.922644812148064 ], [ 745750.394491682294756, 2574118.90858835959807 ], [ 745747.253344086348079, 2574118.828760751988739 ], [ 745744.092039135284722, 2574118.512937429826707 ], [ 745741.305696581955999, 2574118.199572016019374 ], [ 745739.290014069061726, 2574118.117198088672012 ], [ 745738.0669999999227, 2574118.450999999884516 ] ] } },
{ "type": "Feature", "properties": { "osmid": "28691643", "name": "nan", "highway": "residential", "oneway": "False" }, "geometry": { "type": "LineString", "coordinates": [ [ 745923.288771799649112, 2574122.264062503352761 ], [ 745926.272540022619069, 2574122.437926250044256 ], [ 745929.264399329782464, 2574122.523723248392344 ], [ 745932.264367547468282, 2574122.53242753027007 ], [ 745935.268409979878925, 2574122.527051756158471 ], [ 745938.272139978245832, 2574122.546315151732415 ], [ 745941.274171129916795, 2574122.543904904276133 ], [ 745944.385332057136111, 2574122.494712826330215 ], [ 745947.604997876449488, 2574122.431650383863598 ], [ 745950.935387547709979, 2574122.439581939484924 ], [ 745954.154692409560084, 2574122.544545923825353 ], [ 745957.264561830670573, 2574122.704794283956289 ], [ 745960.261080069816671, 2574122.899692653212696 ], [ 745963.249801355996169, 2574123.159959008451551 ], [ 745966.226315904757939, 2574123.530496151652187 ], [ 745969.511963248136453, 2574124.122713838238269 ], [ 745973.432628863840364, 2574125.015960654709488 ], [ 745977.991999999852851, 2574126.176 ] ] } },
{ "type": "Feature", "properties": { "osmid": "365240519", "name": "nan", "highway": "residential", "oneway": "False" }, "geometry": { "type": "LineString", "coordinates": [ [ 745923.288771799649112, 2574122.264062503352761 ], [ 745923.39861572009977, 2574122.28143178159371 ], [ 745923.726929440628737, 2574122.340127449017018 ], [ 745923.978949989774264, 2574124.097077337559313 ], [ 745923.930891783442348, 2574127.85115559771657 ], [ 745923.361405318486504, 2574133.88806071691215 ], [ 745922.855918793939054, 2574139.227549737785012 ], [ 745922.528373873909004, 2574143.55337923206389 ], [ 745922.491494181449525, 2574146.555893600918353 ], [ 745922.454614488990046, 2574149.558407969772816 ], [ 745922.417734796530567, 2574152.560922338627279 ], [ 745922.380855104071088, 2574155.563436707481742 ], [ 745922.343975411611609, 2574158.565951076336205 ], [ 745922.30709571915213, 2574161.568465445190668 ], [ 745922.270216026692651, 2574164.570979814510792 ], [ 745922.233336334233172, 2574167.573494183365256 ], [ 745922.196456641773693, 2574170.576008552219719 ], [ 745922.159576949314214, 2574173.578522921074182 ], [ 745922.122697256854735, 2574176.581037289928645 ], [ 745922.085817564395256, 2574179.583551658783108 ], [ 745922.366701237857342, 2574183.992617828771472 ], [ 745922.969446021015756, 2574189.47462309198454 ], [ 745923.898149657063186, 2574195.695954741444439 ], [ 745924.476794404792599, 2574199.528473024722189 ], [ 745924.446494710631669, 2574201.42740091541782 ], [ 745924.049301752005704, 2574201.693268633913249 ], [ 745923.934207578538917, 2574201.996005083899945 ], [ 745924.355999999912456, 2574202.213999999687076 ] ] } },
{ "type": "Feature", "properties": { "osmid": "365240519", "name": "nan", "highway": "residential", "oneway": "False" }, "geometry": { "type": "LineString", "coordinates": [ [ 745923.288771799649112, 2574122.264062503352761 ], [ 745922.736618948751129, 2574122.197323646396399 ], [ 745922.405327238258906, 2574122.157280331943184 ], [ 745922.294896668172441, 2574122.143932560924441 ], [ 745922.373907275497913, 2574120.163482852745801 ], [ 745922.535992571618408, 2574115.865252076182514 ], [ 745922.785216638469137, 2574108.911908871028572 ], [ 745922.967622343334369, 2574102.927021292969584 ], [ 745923.079145604162477, 2574098.24792070267722 ], [ 745923.115722339600325, 2574095.211938458960503 ], [ 745923.152299075038172, 2574092.175956215243787 ], [ 745923.188875810592435, 2574089.13997397152707 ], [ 745923.225452545913868, 2574086.103991728276014 ], [ 745923.2620292812353, 2574083.068009484559298 ], [ 745923.298606016673148, 2574080.032027241308242 ], [ 745923.33518275199458, 2574076.996044998522848 ], [ 745923.371759487316012, 2574073.960062754806131 ], [ 745923.40833622275386, 2574070.924080511089414 ], [ 745923.444912958308123, 2574067.888098267372698 ], [ 745923.481489693745971, 2574064.852116024121642 ], [ 745923.518066429067403, 2574061.816133780404925 ], [ 745923.554643164388835, 2574058.78015153715387 ], [ 745923.591219899826683, 2574055.744169294368476 ], [ 745923.627796635380946, 2574052.708187050651759 ], [ 745923.664373370702378, 2574049.672204806935042 ], [ 745923.700950106023811, 2574046.636222563218325 ], [ 745923.737526841461658, 2574043.60024031996727 ], [ 745923.774103576783091, 2574040.564258076250553 ], [ 745923.703859368339181, 2574035.912782914470881 ], [ 745923.522730134427547, 2574029.98314619390294 ], [ 745923.226651793229394, 2574023.112679275684059 ], [ 745923.138218350592069, 2574018.860769132617861 ], [ 745923.261493888217956, 2574016.890084403567016 ], [ 745923.714699033764191, 2574016.88712672283873 ], [ 745924.283201070968062, 2574016.940765255130827 ], [ 745924.966999999945983, 2574017.051 ] ] } },
{ "type": "Feature", "properties": { "osmid": "28691643", "name": "nan", "highway": "residential", "oneway": "False" }, "geometry": { "type": "LineString", "coordinates": [ [ 745923.288771799649112, 2574122.264062503352761 ], [ 745919.735657720942982, 2574122.208578870166093 ], [ 745916.403337595867924, 2574122.191733654588461 ], [ 745913.291961693670601, 2574122.201939772348851 ], [ 745910.291940633556806, 2574122.199270751792938 ], [ 745907.294359036255628, 2574122.186346248257905 ], [ 745904.301889349706471, 2574122.215182031039149 ], [ 745901.313043141388334, 2574122.307493246626109 ], [ 745898.324422677978873, 2574122.453032415360212 ], [ 745895.329957626760006, 2574122.575305292848498 ], [ 745892.330402054009028, 2574122.663929762784392 ], [ 745889.327632150612772, 2574122.708657321054488 ], [ 745886.325074778287672, 2574122.749288933817297 ], [ 745883.323102391790599, 2574122.763305334374309 ], [ 745880.211569717619568, 2574122.775469104293734 ], [ 745876.993397081736475, 2574122.81371918739751 ], [ 745873.71237814927008, 2574122.879240985959768 ], [ 745870.633229339495301, 2574122.90560896275565 ], [ 745867.752851080382243, 2574122.861148764844984 ] ] } },
{ "type": "Feature", "properties": { "osmid": "1304613360", "name": "nan", "highway": "tertiary", "oneway": "False" }, "geometry": { "type": "LineString", "coordinates": [ [ 746103.755999999935739, 2574205.963999999687076 ], [ 746104.044409983907826, 2574207.57838412374258 ], [ 746105.242420406546444, 2574210.674992006272078 ], [ 746107.413509943638928, 2574215.928846275433898 ], [ 746109.647895652335137, 2574222.411745807155967 ] ] } },
{ "type": "Feature", "properties": { "osmid": "1304613360", "name": "nan", "highway": "tertiary", "oneway": "False" }, "geometry": { "type": "LineString", "coordinates": [ [ 746103.755999999935739, 2574205.963999999687076 ], [ 746105.81539156252984, 2574202.577334453817457 ], [ 746107.091718371957541, 2574199.069034141022712 ], [ 746107.486604224075563, 2574195.654510294552892 ], [ 746107.216314632096328, 2574192.019269110634923 ], [ 746106.439987822785042, 2574187.852569423150271 ], [ 746105.256000000052154, 2574182.938999999780208 ] ] } },
{ "type": "Feature", "properties": { "osmid": "28691623", "name": "nan", "highway": "residential", "oneway": "False" }, "geometry": { "type": "LineString", "coordinates": [ [ 746103.755999999935739, 2574205.963999999687076 ], [ 746100.604087450657971, 2574206.02963057346642 ], [ 746097.518253432004713, 2574205.930098116397858 ], [ 746094.499243985395879, 2574205.653606919106096 ], [ 746091.501611071988009, 2574205.350701693445444 ], [ 746088.497056248947047, 2574205.124249344225973 ], [ 746085.483895169687457, 2574205.002959897276014 ], [ 746082.358598362188786, 2574204.929012426640838 ], [ 746079.120770335779525, 2574204.882979800924659 ], [ 746075.771451916662045, 2574204.865073923021555 ], [ 746072.533926349016838, 2574204.89014445245266 ], [ 746069.40805711178109, 2574204.941131677012891 ], [ 746066.393887339741923, 2574204.976635162252933 ], [ 746063.379785962053575, 2574204.974095250945538 ], [ 746060.366171808447689, 2574204.91910252859816 ], [ 746057.271234819316305, 2574204.825999783817679 ], [ 746054.095424397964962, 2574204.699528312776238 ], [ 746050.796320667606778, 2574204.567952681798488 ], [ 746047.525081961415708, 2574204.450681617483497 ], [ 746044.268946178839542, 2574204.351508288178593 ], [ 746041.217695097904652, 2574204.232817955780774 ], [ 746038.255976582877338, 2574204.067583606112748 ], [ 746035.409819887136109, 2574203.878618129063398 ], [ 746032.427463085972704, 2574203.738151762168854 ], [ 746029.354764385498129, 2574203.663734219968319 ] ] } },
{ "type": "Feature", "properties": { "osmid": "328226553", "name": "nan", "highway": "tertiary", "oneway": "False" }, "geometry": { "type": "LineString", "coordinates": [ [ 746112.766280211741105, 2574268.786250722128898 ], [ 746112.741984064807184, 2574265.62157237669453 ], [ 746112.705521721742116, 2574262.458586215507239 ], [ 746112.566230247262865, 2574259.309902459848672 ], [ 746110.923343686969019, 2574255.466389793436974 ], [ 746107.911810556310229, 2574251.081803586799651 ], [ 746103.80809850525111, 2574246.280174018349499 ], [ 746101.513785554445349, 2574242.631341680884361 ], [ 746100.903853238211013, 2574239.978554143104702 ], [ 746101.811251804581843, 2574238.19482647953555 ], [ 746102.694667822215706, 2574236.52386769047007 ], [ 746103.507502208114602, 2574235.067144021391869 ], [ 746104.231000000028871, 2574233.815 ] ] } },
{ "type": "Feature", "properties": { "osmid": "328226553", "name": "nan", "highway": "tertiary", "oneway": "False" }, "geometry": { "type": "LineString", "coordinates": [ [ 746112.766280211741105, 2574268.786250722128898 ], [ 746112.349504425306804, 2574271.767170297447592 ], [ 746111.914220631704666, 2574274.745108467992395 ], [ 746111.445825811475515, 2574277.717712871730328 ], [ 746110.937526919064112, 2574280.683889237698168 ], [ 746110.403926974744536, 2574283.645989925134927 ], [ 746109.859628997859545, 2574286.606367296073586 ], [ 746109.315331020974554, 2574289.566744666546583 ], [ 746108.771033044089563, 2574292.527122037019581 ], [ 746108.226735067204572, 2574295.487499407026917 ], [ 746107.682437090319581, 2574298.447876777965575 ], [ 746107.138139113667421, 2574301.408254148438573 ], [ 746106.593841136549599, 2574304.36863151891157 ], [ 746106.049543159897439, 2574307.329008888918906 ], [ 746105.505245183012448, 2574310.289386259857565 ], [ 746104.960947206127457, 2574313.249763630796224 ], [ 746104.416649229242466, 2574316.210141001269221 ], [ 746103.872351252357475, 2574319.170518371742219 ], [ 746103.328053275472485, 2574322.130895741749555 ], [ 746102.783755298587494, 2574325.091273112688214 ], [ 746102.239457321702503, 2574328.051650483161211 ], [ 746101.695159344817512, 2574331.01202785409987 ], [ 746101.150861367932521, 2574333.972405224572867 ], [ 746100.606563391163945, 2574336.932782594580203 ], [ 746100.062265414278954, 2574339.893159965518862 ], [ 746099.517967437393963, 2574342.853537335991859 ], [ 746098.973669460508972, 2574345.813914706464857 ], [ 746098.429371483623981, 2574348.774292076472193 ], [ 746097.982984181842767, 2574351.737945214379579 ], [ 746097.733342156745493, 2574354.708180798683316 ], [ 746097.779280010494404, 2574357.688305506948382 ], [ 746098.023810994694941, 2574360.675074484199286 ], [ 746098.368100507650524, 2574363.665181051939726 ], [ 746098.713313947431743, 2574366.65531853120774 ], [ 746099.058527387212962, 2574369.645456010475755 ], [ 746099.403740826994181, 2574372.635593489743769 ], [ 746099.748954266658984, 2574375.625730969011784 ], [ 746100.094167706207372, 2574378.615868447814137 ], [ 746100.439381145988591, 2574381.606005927082151 ], [ 746100.78459458576981, 2574384.596143406350166 ], [ 746101.129808025434613, 2574387.58628088561818 ], [ 746101.475021465215832, 2574390.576418364886194 ], [ 746101.820234904880635, 2574393.566555844154209 ] ] } },
{ "type": "Feature", "properties": { "osmid": "365242100", "name": "nan", "highway": "living_street", "oneway": "False" }, "geometry": { "type": "LineString", "coordinates": [ [ 746112.766280211741105, 2574268.786250722128898 ], [ 746115.431165814516135, 2574267.274279996287078 ], [ 746118.096051417291164, 2574265.762309270445257 ], [ 746120.760936883394606, 2574264.25033830339089 ], [ 746123.425806708168238, 2574262.738339771982282 ], [ 746126.090645387186669, 2574261.226286350283772 ], [ 746128.755437689251266, 2574259.714151197578758 ], [ 746131.420199119136669, 2574258.201961637008935 ], [ 746134.084945181501098, 2574256.689744994509965 ], [ 746136.749691243865527, 2574255.177528351545334 ], [ 746139.414437306113541, 2574253.665311708580703 ], [ 746142.07918336847797, 2574252.15309506515041 ], [ 746144.7439294308424, 2574250.64087842265144 ], [ 746147.408675492973998, 2574249.128661779686809 ] ] } },
{ "type": "Feature", "properties": { "osmid": "421001883", "name": "nan", "highway": "residential", "oneway": "False" }, "geometry": { "type": "LineString", "coordinates": [ [ 745653.230040953145362, 2574331.517205830197781 ], [ 745653.20705750992056, 2574334.592604460660368 ], [ 745653.184074066695757, 2574337.668003091122955 ], [ 745653.161090623470955, 2574340.743401721585542 ], [ 745653.138107180246152, 2574343.81880035251379 ], [ 745653.115123737021349, 2574346.894198983442038 ], [ 745653.092140293796547, 2574349.969597613904625 ], [ 745653.069156850571744, 2574353.044996244367212 ], [ 745653.046173407346942, 2574356.120394874829799 ], [ 745653.023189964122139, 2574359.195793505292386 ], [ 745653.000206520780921, 2574362.271192135754973 ], [ 745652.977223077439703, 2574365.346590766683221 ], [ 745652.954239634331316, 2574368.421989397611469 ], [ 745652.931256191222928, 2574371.497388028074056 ], [ 745652.908272747881711, 2574374.572786658536643 ], [ 745652.885289304540493, 2574377.64818528899923 ], [ 745652.862305861432105, 2574380.723583919461817 ], [ 745652.839322418323718, 2574383.798982549924403 ], [ 745652.8163389749825, 2574386.874381180852652 ], [ 745652.793355531641282, 2574389.9497798117809 ], [ 745652.770372088532895, 2574393.025178442243487 ], [ 745652.747388645424508, 2574396.100577072706074 ], [ 745652.72440520208329, 2574399.17597570316866 ], [ 745652.701421758742072, 2574402.251374333631247 ], [ 745652.678438315633684, 2574405.326772964559495 ], [ 745652.655454872525297, 2574408.402171595022082 ], [ 745652.632471429184079, 2574411.47757022595033 ], [ 745652.609487985842861, 2574414.552968856412917 ], [ 745652.586504542618059, 2574417.628367486875504 ], [ 745652.563521099393256, 2574420.703766117338091 ], [ 745652.540537656168453, 2574423.779164748266339 ], [ 745652.191214659833349, 2574428.361321042757481 ], [ 745651.518105826689862, 2574434.108524041250348 ], [ 745650.633277298067696, 2574440.708940899465233 ], [ 745650.191961896722205, 2574444.807345330715179 ], [ 745650.300306260003708, 2574446.778159087523818 ], [ 745650.845432173111476, 2574446.936047693248838 ], [ 745651.49844636733178, 2574447.129479770548642 ] ] } },
{ "type": "Feature", "properties": { "osmid": "421001883", "name": "nan", "highway": "residential", "oneway": "False" }, "geometry": { "type": "LineString", "coordinates": [ [ 745653.230040953145362, 2574331.517205830197781 ], [ 745653.327505967230536, 2574328.37483828747645 ], [ 745653.424970981199294, 2574325.232470744755119 ], [ 745653.522435995284468, 2574322.090103202033788 ], [ 745653.619901009369642, 2574318.947735659312457 ], [ 745653.717366023454815, 2574315.805368117056787 ], [ 745653.814831037423573, 2574312.663000574335456 ], [ 745653.912296051508747, 2574309.520633031614125 ], [ 745654.00976106536109, 2574306.378265488892794 ], [ 745654.247451953589916, 2574301.788974369410425 ], [ 745654.503623623750173, 2574296.095347141381353 ], [ 745654.767446629703045, 2574289.646535754203796 ], [ 745654.747639777488075, 2574285.685539312195033 ], [ 745654.676863805041648, 2574283.876334825064987 ], [ 745654.565948158851825, 2574283.869770345278084 ], [ 745654.565948158851825, 2574283.869770345278084 ], [ 745654.565948158851825, 2574283.869770345278084 ] ] } },
{ "type": "Feature", "properties": { "osmid": "1069960945", "name": "nan", "highway": "residential", "oneway": "False" }, "geometry": { "type": "LineString", "coordinates": [ [ 745653.230040953145362, 2574331.517205830197781 ], [ 745656.271147412830032, 2574331.734030479565263 ], [ 745659.312253872514702, 2574331.950855128932744 ], [ 745662.353360332199372, 2574332.167679778765887 ], [ 745665.394466791884042, 2574332.384504427667707 ], [ 745668.435573251801543, 2574332.601329077035189 ], [ 745671.476679711486213, 2574332.81815372640267 ], [ 745674.517786171170883, 2574333.034978376235813 ], [ 745677.558892630971968, 2574333.251803025137633 ], [ 745680.599999090656638, 2574333.468627674505115 ], [ 745683.641105550341308, 2574333.685452323872596 ], [ 745686.682212010025978, 2574333.902276973705739 ], [ 745689.723318469710648, 2574334.119101622607559 ], [ 745692.764424929395318, 2574334.33592627197504 ], [ 745695.805531389079988, 2574334.552750921342522 ], [ 745698.846637848881073, 2574334.769575571175665 ], [ 745701.887744308565743, 2574334.986400220077485 ], [ 745704.928850768483244, 2574335.203224869444966 ], [ 745707.964763722848147, 2574335.351314522325993 ], [ 745710.988026893814094, 2574335.331986842676997 ], [ 745713.991184004000388, 2574335.046559493988752 ], [ 745716.983423421741463, 2574334.585038129705936 ], [ 745721.370375370956026, 2574334.044226655736566 ], [ 745726.829051689128391, 2574333.597398115787655 ], [ 745733.018755436292849, 2574333.246654566377401 ], [ 745736.812694282387383, 2574333.07034357637167 ], [ 745738.541312667424791, 2574332.993874437641352 ] ] } },
{ "type": "Feature", "properties": { "osmid": "1069960948", "name": "nan", "highway": "residential", "oneway": "False" }, "geometry": { "type": "LineString", "coordinates": [ [ 745545.765310633694753, 2574053.932141363620758 ], [ 745545.895013867295347, 2574057.031860488001257 ], [ 745546.024717100895941, 2574060.131579612847418 ], [ 745546.154420334496535, 2574063.231298737227917 ], [ 745546.284123568213545, 2574066.331017861608416 ], [ 745546.408799731521867, 2574069.430851371958852 ], [ 745546.617038505501114, 2574074.075807731132954 ], [ 745546.894428419880569, 2574079.921473702415824 ], [ 745547.236612145206891, 2574086.623207279946655 ], [ 745547.451998848468065, 2574090.746578300371766 ], [ 745547.539666666649282, 2574092.671 ], [ 745547.493666666559875, 2574092.776 ], [ 745547.416999999899417, 2574092.950999999884516 ] ] } },
{ "type": "Feature", "properties": { "osmid": "28691676", "name": "nan", "highway": "residential", "oneway": "False" }, "geometry": { "type": "LineString", "coordinates": [ [ 745547.416999999899417, 2574092.950999999884516 ], [ 745543.645833727903664, 2574093.030929265543818 ], [ 745540.052553074783646, 2574092.884518601000309 ], [ 745536.642299593077041, 2574092.477876344230026 ], [ 745533.236669493489899, 2574091.824926048982888 ], [ 745529.773044346482493, 2574090.955988382920623 ], [ 745526.370065932744183, 2574089.877759491559118 ], [ 745523.401949815801345, 2574088.78355685994029 ], [ 745521.008855616091751, 2574087.848905190359801 ], [ 745519.0669999999227, 2574087.100999999791384 ] ] } },
{ "type": "Feature", "properties": { "osmid": "28691676", "name": "nan", "highway": "residential", "oneway": "False" }, "geometry": { "type": "LineString", "coordinates": [ [ 745547.416999999899417, 2574092.950999999884516 ], [ 745548.720161768258549, 2574093.874107450246811 ], [ 745550.05000603524968, 2574095.455071233678609 ], [ 745551.248504777438939, 2574098.014082418754697 ], [ 745552.007351655047387, 2574101.158204335253686 ], [ 745552.361731797805987, 2574104.581169464159757 ], [ 745552.458207059069537, 2574107.849690502975136 ], [ 745552.536656436161138, 2574110.92366405017674 ], [ 745552.702432026504539, 2574113.719735137186944 ], [ 745552.966999999945983, 2574116.350999999791384 ] ] } },
{ "type": "Feature", "properties": { "osmid": "1069960948", "name": "nan", "highway": "residential", "oneway": "False" }, "geometry": { "type": "LineString", "coordinates": [ [ 745547.416999999899417, 2574092.950999999884516 ], [ 745547.49366666667629, 2574092.776 ], [ 745547.539666666649282, 2574092.671 ], [ 745547.451998848468065, 2574090.746578300371766 ], [ 745547.236612145206891, 2574086.623207279946655 ], [ 745546.894428419880569, 2574079.921473702415824 ], [ 745546.617038505501114, 2574074.075807731132954 ], [ 745546.408799731521867, 2574069.430851371958852 ], [ 745546.284123568213545, 2574066.331017861608416 ], [ 745546.154420334496535, 2574063.231298737227917 ], [ 745546.024717100895941, 2574060.131579612847418 ], [ 745545.895013867295347, 2574057.031860488001257 ], [ 745545.765310633694753, 2574053.932141363620758 ] ] } },
{ "type": "Feature", "properties": { "osmid": "28692003", "name": "nan", "highway": "residential", "oneway": "False" }, "geometry": { "type": "LineString", "coordinates": [ [ 746125.838985152193345, 2574580.410757537931204 ], [ 746128.834281056537293, 2574580.621391981374472 ], [ 746131.829576960881241, 2574580.83202642435208 ], [ 746134.824872865225188, 2574581.042660868261009 ], [ 746137.820168769569136, 2574581.253295311704278 ], [ 746140.815464673913084, 2574581.463929755147547 ], [ 746143.810833366587758, 2574581.673489998560399 ], [ 746146.806389839970507, 2574581.880278998985887 ], [ 746149.802249086555094, 2574582.0825997130014 ], [ 746152.79838052240666, 2574582.280903496779501 ], [ 746155.794669154565781, 2574582.476887394674122 ], [ 746158.790999991004355, 2574582.67224844917655 ], [ 746161.787330827559344, 2574582.867609504144639 ], [ 746164.774225082364865, 2574582.968929536640644 ], [ 746167.740732083213516, 2574582.867078730370849 ], [ 746170.675901157897897, 2574582.452927269041538 ], [ 746173.587654797360301, 2574581.805427381303161 ], [ 746176.486943673808128, 2574581.033708883449435 ], [ 746179.384718459565192, 2574580.246901591774076 ], [ 746182.282493245205842, 2574579.460094299633056 ], [ 746185.180268030730076, 2574578.673287007492036 ], [ 746188.084475728683174, 2574577.931876671966165 ], [ 746191.006729016662575, 2574577.3178137736395 ], [ 746193.958640573080629, 2574576.91304879123345 ], [ 746196.931492621544749, 2574576.756391286849976 ], [ 746199.896020097308792, 2574576.878580766264349 ], [ 746202.822957935859449, 2574577.310356739908457 ], [ 746205.704403244424611, 2574578.032549684401602 ], [ 746208.558008409687318, 2574578.932469612918794 ], [ 746211.401425818330608, 2574579.897426536306739 ], [ 746214.244843226857483, 2574580.862383459694684 ], [ 746217.088260635384358, 2574581.827340383082628 ], [ 746219.931678043911234, 2574582.792297306470573 ] ] } },
{ "type": "Feature", "properties": { "osmid": "28692003", "name": "nan", "highway": "residential", "oneway": "False" }, "geometry": { "type": "LineString", "coordinates": [ [ 746125.838985152193345, 2574580.410757537931204 ], [ 746122.767430868349038, 2574580.124225364532322 ], [ 746119.695876584504731, 2574579.837693190667778 ], [ 746116.624322300776839, 2574579.551161017734557 ], [ 746113.552768017048948, 2574579.264628844335675 ], [ 746110.48121373320464, 2574578.978096670936793 ], [ 746107.409659449476749, 2574578.69156449707225 ], [ 746104.338105165748857, 2574578.405032324139029 ], [ 746101.26655088190455, 2574578.118500150740147 ], [ 746098.194996598060243, 2574577.831967977341264 ], [ 746095.123442314215936, 2574577.545435803476721 ], [ 746092.051888030488044, 2574577.2589036305435 ], [ 746088.980333746760152, 2574576.972371457144618 ], [ 746085.908779462915845, 2574576.685839283745736 ], [ 746082.837225179071538, 2574576.399307109881192 ], [ 746079.765670895227231, 2574576.11277493648231 ], [ 746076.694116611499339, 2574575.826242763083428 ], [ 746073.622562327771448, 2574575.539710589218885 ], [ 746070.551008043927141, 2574575.253178416285664 ], [ 746067.479453760199249, 2574574.966646242886782 ], [ 746064.407899476471357, 2574574.6801140694879 ], [ 746061.33634519262705, 2574574.393581895623356 ], [ 746058.264790908782743, 2574574.107049722690135 ], [ 746055.193236624938436, 2574573.820517549291253 ], [ 746052.121682341210544, 2574573.533985375892371 ], [ 746049.050128057482652, 2574573.247453202027828 ], [ 746046.052810489782132, 2574572.782028692308813 ], [ 746043.207463644095697, 2574571.950391896534711 ], [ 746040.591821526526473, 2574570.565222864504904 ], [ 746038.135144710191526, 2574568.796986320521683 ], [ 746035.759699189569801, 2574566.833002213388681 ], [ 746033.387750958558172, 2574564.860590493306518 ] ] } },
{ "type": "Feature", "properties": { "osmid": "967840300", "name": "nan", "highway": "residential", "oneway": "False" }, "geometry": { "type": "LineString", "coordinates": [ [ 746059.202999999979511, 2573866.162 ], [ 746055.367399054113775, 2573867.858637769240886 ], [ 746051.702999999979511, 2573869.312 ] ] } },
{ "type": "Feature", "properties": { "osmid": "28691618", "name": "nan", "highway": "tertiary", "oneway": "False" }, "geometry": { "type": "LineString", "coordinates": [ [ 746059.202999999979511, 2573866.162 ], [ 746059.902839425485581, 2573864.961942645721138 ], [ 746060.508446222986095, 2573862.541610619053245 ], [ 746060.667153652873822, 2573859.207517060916871 ], [ 746060.313779568765312, 2573855.699135261122137 ], [ 746059.595408214256167, 2573852.723734343890101 ], [ 746058.856669922242872, 2573849.859943231102079 ], [ 746058.123039160389453, 2573846.995375963393599 ], [ 746057.414210095186718, 2573844.125171426683664 ], [ 746056.822340887971222, 2573841.470679329242557 ], [ 746056.439537520403974, 2573838.731164518278092 ], [ 746056.206191541976295, 2573835.805112669244409 ], [ 746055.979688548133709, 2573832.476003460586071 ], [ 746055.66653793246951, 2573829.325643110554665 ], [ 746055.23222803499084, 2573826.128552108537406 ], [ 746054.731569947558455, 2573823.110601569991559 ], [ 746054.218577557126991, 2573820.097652914468199 ], [ 746053.853152705705725, 2573817.646307273302227 ], [ 746053.798525821999647, 2573815.200085766147822 ], [ 746053.909644153434783, 2573812.316951407585293 ], [ 746053.957262567128055, 2573808.553722143638879 ], [ 746053.617921283934265, 2573804.78337430069223 ], [ 746053.086407755035907, 2573801.538375974167138 ], [ 746051.723147261422127, 2573798.253371745347977 ], [ 746049.7468135926174, 2573794.725634402129799 ], [ 746047.003472161013633, 2573791.104662799742073 ], [ 746044.958035893854685, 2573788.963791725691408 ], [ 746043.555741909425706, 2573788.073408381547779 ] ] } },
{ "type": "Feature", "properties": { "osmid": "28691618", "name": "nan", "highway": "tertiary", "oneway": "False" }, "geometry": { "type": "LineString", "coordinates": [ [ 746059.202999999979511, 2573866.162 ], [ 746058.025023511261679, 2573868.243080890271813 ], [ 746056.278144525364041, 2573871.481392228510231 ], [ 746054.195539696258493, 2573876.393021561671048 ], [ 746053.143587566097267, 2573881.049264553934336 ], [ 746053.062767459196039, 2573885.280938617885113 ], [ 746053.648291112855077, 2573888.357704030815512 ], [ 746054.166390084545128, 2573891.334058796521276 ], [ 746054.593529631267302, 2573894.213495199102908 ], [ 746054.994701309595257, 2573897.211058035027236 ], [ 746055.373594172648154, 2573900.211672416422516 ], [ 746055.739890349679627, 2573903.213837392162532 ], [ 746056.074556829989888, 2573906.106384377926588 ], [ 746056.348470617551357, 2573909.003048325423151 ], [ 746056.566559009836055, 2573911.903180865570903 ], [ 746056.858016610261984, 2573915.239899489562958 ], [ 746058.127932051196694, 2573919.120829003397375 ], [ 746060.444627370568924, 2573923.233843613881618 ], [ 746062.662029024329968, 2573926.706986378412694 ], [ 746062.097921626758762, 2573928.646187928970903 ], [ 746058.680999999982305, 2573929.364 ] ] } },
{ "type": "Feature", "properties": { "osmid": "28691863", "name": "nan", "highway": "tertiary", "oneway": "False" }, "geometry": { "type": "LineString", "coordinates": [ [ 746121.553102388163097, 2574514.180055864155293 ], [ 746118.681084761279635, 2574515.543276615906507 ], [ 746115.809067134396173, 2574516.906497368123382 ], [ 746112.937049507512711, 2574518.269718119874597 ], [ 746110.065031880512834, 2574519.632938871625811 ], [ 746107.193014253512956, 2574520.996159623842686 ], [ 746104.320996626629494, 2574522.359380375593901 ], [ 746101.448978999746032, 2574523.722601127345115 ], [ 746098.57696137286257, 2574525.08582187956199 ], [ 746095.704943745862693, 2574526.449042630847543 ] ] } },
{ "type": "Feature", "properties": { "osmid": "28691863", "name": "nan", "highway": "tertiary", "oneway": "False" }, "geometry": { "type": "LineString", "coordinates": [ [ 746121.553102388163097, 2574514.180055864155293 ], [ 746124.303028914961033, 2574512.874789172783494 ], [ 746127.052955441642553, 2574511.569522481877357 ], [ 746129.802881968324073, 2574510.264255791436881 ], [ 746132.552808495122008, 2574508.958989100065082 ], [ 746135.302735021919943, 2574507.653722408693284 ], [ 746138.052661548717879, 2574506.348455717787147 ], [ 746140.802588075399399, 2574505.043189026415348 ], [ 746143.552514602080919, 2574503.73792233504355 ], [ 746146.302441128878854, 2574502.432655644137412 ], [ 746149.052367655560374, 2574501.127388953696936 ], [ 746151.802294182241894, 2574499.822122262325138 ], [ 746154.55222070903983, 2574498.516855570953339 ], [ 746157.302147235837765, 2574497.211588880047202 ], [ 746160.0520737626357, 2574495.906322188675404 ], [ 746162.80200028931722, 2574494.601055497769266 ], [ 746165.55192681599874, 2574493.29578880732879 ], [ 746168.301853342796676, 2574491.990522115956992 ], [ 746171.051779869594611, 2574490.685255424585193 ], [ 746173.801706396392547, 2574489.379988733679056 ], [ 746176.551632923074067, 2574488.074722042307258 ], [ 746179.301559449755587, 2574486.769455350935459 ], [ 746182.051485976553522, 2574485.464188660029322 ], [ 746184.801412503235042, 2574484.158921969588846 ], [ 746187.551339029916562, 2574482.853655278217047 ], [ 746190.301265556714498, 2574481.548388586845249 ], [ 746193.051192083512433, 2574480.243121895939112 ], [ 746195.801118610310368, 2574478.937855204567313 ], [ 746198.551045136991888, 2574477.632588513661176 ], [ 746201.300971663673408, 2574476.3273218232207 ], [ 746204.050898190471344, 2574475.022055131848902 ], [ 746206.800824717152864, 2574473.716788440477103 ], [ 746209.550751243834384, 2574472.411521749105304 ], [ 746212.300677770632319, 2574471.106255058199167 ], [ 746215.050604297430255, 2574469.800988366827369 ], [ 746217.80053082422819, 2574468.495721675921232 ], [ 746220.55045735090971, 2574467.190454985480756 ], [ 746223.30038387759123, 2574465.885188294108957 ], [ 746226.050310404389165, 2574464.579921602737159 ] ] } },
{ "type": "Feature", "properties": { "osmid": "1304613614", "name": "nan", "highway": "residential", "oneway": "False" }, "geometry": { "type": "LineString", "coordinates": [ [ 746121.553102388163097, 2574514.180055864155293 ], [ 746119.539042985881679, 2574511.672441506758332 ], [ 746117.52498358336743, 2574509.164827148895711 ], [ 746115.510924180969596, 2574506.657212790567428 ], [ 746113.496864778571762, 2574504.149598433170468 ], [ 746111.482805376290344, 2574501.641984075773507 ], [ 746109.46874597389251, 2574499.134369717910886 ], [ 746107.454686571494676, 2574496.626755360513926 ], [ 746105.440627169213258, 2574494.119141003116965 ], [ 746103.426567766815424, 2574491.611526645254344 ], [ 746101.412508364301175, 2574489.103912287391722 ] ] } },
{ "type": "Feature", "properties": { "osmid": "28691530", "name": "nan", "highway": "residential", "oneway": "True" }, "geometry": { "type": "LineString", "coordinates": [ [ 745356.222099405829795, 2574229.961302306503057 ], [ 745355.216777606518008, 2574233.180060606915504 ], [ 745354.211455807439052, 2574236.398818907793611 ], [ 745353.206134008010849, 2574239.617577208206058 ] ] } },
{ "type": "Feature", "properties": { "osmid": "1338869936", "name": "nan", "highway": "secondary_link", "oneway": "False" }, "geometry": { "type": "LineString", "coordinates": [ [ 745356.222099405829795, 2574229.961302306503057 ], [ 745358.526996720116585, 2574227.969535335898399 ], [ 745360.831894034519792, 2574225.977768365293741 ], [ 745363.136791348806582, 2574223.986001394689083 ], [ 745365.441688662976958, 2574221.994234424084425 ], [ 745367.730128632276319, 2574219.989018821623176 ], [ 745369.911870088428259, 2574217.896611206233501 ], [ 745371.896671863622032, 2574215.643268197309226 ], [ 745373.627207479788922, 2574213.182143678423017 ], [ 745375.193718104972504, 2574210.586981029715389 ], [ 745376.686444906983525, 2574207.931523632258177 ], [ 745378.179171708994545, 2574205.276066234800965 ], [ 745379.671898511121981, 2574202.620608837809414 ], [ 745381.164625313249417, 2574199.965151440352201 ], [ 745382.657352115376852, 2574197.309694042429328 ], [ 745384.150078917387873, 2574194.654236644972116 ], [ 745385.642805719398893, 2574191.998779247980565 ], [ 745387.135532521642745, 2574189.343321850523353 ] ] } }
]
}
