{
"type": "FeatureCollection",
"name": "bhopal_boundary",
"crs": { "type": "name", "properties": { "name": "urn:ogc:def:crs:EPSG::32643" } },
"features": [
{ "type": "Feature", "properties": { "path": "Bhopal_1" }, "geometry": { "type": "LineString", "coordinates": [ [ 746027.4330000000773, 2573766.132000000216067 ], [ 746024.894000000087544, 2573766.805000000167638 ], [ 746022.9330000000773, 2573768.217999999877065 ], [ 746020.955000000074506, 2573769.504999999888241 ], [ 746020.233, 2573772.055000000167638 ], [ 746019.174, 2573774.305000000167638 ], [ 746017.533000000054017, 2573775.986 ], [ 746015.733, 2573777.376999999862164 ], [ 746013.298000000067987, 2573778.205 ], [ 746011.233, 2573779.478000000119209 ], [ 746008.233, 2573779.813999999780208 ], [ 746005.533000000054017, 2573780.450999999884516 ], [ 746002.833000000100583, 2573781.11200000019744 ], [ 746000.439000000013039, 2573782.105 ], [ 745998.9330000000773, 2573783.642 ], [ 745996.233, 2573784.254999999888241 ], [ 745993.233, 2573784.63799999980256 ], [ 745990.603, 2573785.404999999795109 ], [ 745988.133000000030734, 2573786.281 ], [ 745985.733, 2573787.166000000201166 ], [ 745983.033000000054017, 2573787.781 ], [ 745980.866000000038184, 2573788.705 ], [ 745978.409000000101514, 2573789.605 ], [ 745975.833000000100583, 2573790.467999999877065 ], [ 745973.742000000085682, 2573791.705 ], [ 745971.333000000100583, 2573792.552999999839813 ], [ 745968.779000000096858, 2573793.205 ], [ 745966.233, 2573792.703000000212342 ], [ 745963.833000000100583, 2573792.96 ], [ 745961.733, 2573794.259999999776483 ], [ 745960.154000000096858, 2573795.904999999795109 ], [ 745957.833000000100583, 2573796.859999999869615 ], [ 745955.4330000000773, 2573797.731000000145286 ], [ 745952.733, 2573798.455999999772757 ], [ 745950.333000000100583, 2573799.257000000216067 ], [ 745947.9330000000773, 2573800.131 ], [ 745945.233, 2573800.950000000186265 ], [ 745942.833000000100583, 2573801.643999999854714 ], [ 745940.133000000030734, 2573802.322000000160187 ], [ 745937.557000000029802, 2573803.105 ], [ 745935.033000000054017, 2573803.821 ], [ 745932.457000000053085, 2573804.605 ], [ 745929.9330000000773, 2573805.355 ], [ 745927.533000000054017, 2573806.402000000234693 ], [ 745925.133000000030734, 2573807.253 ], [ 745922.733, 2573808.055000000167638 ], [ 745920.279000000096858, 2573808.805000000167638 ], [ 745918.614000000059605, 2573810.605 ], [ 745916.133000000030734, 2573811.424999999813735 ], [ 745913.733, 2573812.291999999899417 ], [ 745911.333000000100583, 2573813.06 ], [ 745908.633000000030734, 2573813.853000000119209 ], [ 745906.233, 2573814.637000000104308 ], [ 745903.617000000085682, 2573815.404999999795109 ], [ 745901.133000000030734, 2573816.188999999780208 ], [ 745898.4330000000773, 2573816.76299999980256 ], [ 745896.033000000054017, 2573817.762000000104308 ], [ 745893.333000000100583, 2573818.362999999895692 ], [ 745890.775000000023283, 2573819.004999999888241 ], [ 745888.07300000009127, 2573819.605 ], [ 745885.233, 2573820.089000000152737 ], [ 745882.533000000054017, 2573820.76299999980256 ], [ 745880.133000000030734, 2573821.457 ], [ 745877.4330000000773, 2573822.122 ], [ 745874.4330000000773, 2573822.364 ], [ 745871.733, 2573823.003 ], [ 745869.033000000054017, 2573823.514 ], [ 745866.491000000038184, 2573824.404999999795109 ], [ 745863.818000000086613, 2573825.004999999888241 ], [ 745861.233, 2573825.869 ], [ 745859.4330000000773, 2573827.234000000171363 ], [ 745856.909000000101514, 2573828.004999999888241 ], [ 745854.333000000100583, 2573828.816000000108033 ], [ 745851.9330000000773, 2573829.531 ], [ 745849.233, 2573830.256 ], [ 745846.833000000100583, 2573831.04 ], [ 745844.133000000030734, 2573831.754999999888241 ], [ 745841.733, 2573832.579 ], [ 745839.033000000054017, 2573833.23700000019744 ], [ 745836.033000000054017, 2573833.555000000167638 ], [ 745833.033000000054017, 2573833.873000000137836 ], [ 745830.033000000054017, 2573834.205999999772757 ], [ 745827.333000000100583, 2573834.643000000156462 ], [ 745824.333000000100583, 2573835.051 ], [ 745821.333000000100583, 2573835.359999999869615 ], [ 745818.333000000100583, 2573835.673 ], [ 745815.333000000100583, 2573836.066999999806285 ], [ 745812.633000000030734, 2573836.538000000175089 ], [ 745809.633000000030734, 2573836.856000000145286 ], [ 745806.633000000030734, 2573837.156 ], [ 745803.633000000030734, 2573837.506 ], [ 745800.783000000054017, 2573837.904999999795109 ], [ 745797.9330000000773, 2573838.336999999824911 ], [ 745794.9330000000773, 2573838.651 ], [ 745791.9330000000773, 2573838.950999999884516 ], [ 745788.9330000000773, 2573839.367 ], [ 745786.083000000100583, 2573839.705 ], [ 745783.233, 2573840.103999999817461 ], [ 745780.233, 2573840.438 ], [ 745777.533000000054017, 2573840.994 ], [ 745774.833000000100583, 2573841.543 ], [ 745771.533000000054017, 2573841.705999999772757 ], [ 745768.533000000054017, 2573842.066999999806285 ], [ 745765.533000000054017, 2573842.30599999986589 ], [ 745762.533000000054017, 2573842.666999999899417 ], [ 745759.833000000100583, 2573843.117999999783933 ], [ 745757.133000000030734, 2573843.639 ], [ 745753.833000000100583, 2573843.867 ], [ 745751.133000000030734, 2573844.304 ], [ 745748.133000000030734, 2573844.671999999787658 ], [ 745745.4330000000773, 2573845.143999999854714 ], [ 745742.733, 2573845.740000000223517 ], [ 745739.733, 2573846.262000000104308 ], [ 745737.187000000034459, 2573846.305000000167638 ], [ 745734.333000000100583, 2573846.805000000167638 ], [ 745731.633000000030734, 2573847.304 ], [ 745728.633000000030734, 2573847.705 ], [ 745725.9330000000773, 2573848.204 ], [ 745722.9330000000773, 2573848.666000000201166 ], [ 745720.233, 2573849.105 ], [ 745717.385, 2573849.305000000167638 ], [ 745714.383000000030734, 2573849.305000000167638 ], [ 745711.533000000054017, 2573849.742 ], [ 745708.533000000054017, 2573850.072999999858439 ], [ 745705.533000000054017, 2573850.43099999986589 ], [ 745702.533000000054017, 2573850.771999999880791 ], [ 745700.646000000066124, 2573852.004999999888241 ], [ 745698.033000000054017, 2573852.643000000156462 ], [ 745695.033000000054017, 2573853.102 ], [ 745692.333000000100583, 2573853.543 ], [ 745689.333000000100583, 2573853.967999999877065 ], [ 745686.633000000030734, 2573854.443 ], [ 745683.633000000030734, 2573854.902000000234693 ], [ 745680.783000000054017, 2573855.305000000167638 ], [ 745677.9330000000773, 2573855.754999999888241 ], [ 745675.233, 2573856.242999999783933 ], [ 745672.233, 2573856.654999999795109 ], [ 745669.383000000030734, 2573857.105 ], [ 745666.533000000054017, 2573857.555000000167638 ], [ 745663.6830000000773, 2573858.004999999888241 ], [ 745660.833000000100583, 2573858.455 ], [ 745658.133000000030734, 2573858.96100000012666 ], [ 745655.283000000054017, 2573859.504999999888241 ], [ 745652.4330000000773, 2573859.904 ], [ 745649.4330000000773, 2573860.268000000156462 ], [ 745646.733, 2573860.794000000227243 ], [ 745644.033000000054017, 2573861.489 ], [ 745641.475000000093132, 2573862.205 ], [ 745638.809, 2573862.805000000167638 ], [ 745636.233, 2573863.616 ], [ 745633.833000000100583, 2573864.356999999843538 ], [ 745631.133000000030734, 2573865.15 ], [ 745628.733, 2573865.9 ], [ 745626.033000000054017, 2573866.444999999832362 ], [ 745623.633000000030734, 2573867.356999999843538 ], [ 745620.9330000000773, 2573868.153 ], [ 745618.533000000054017, 2573868.859999999869615 ], [ 745615.833000000100583, 2573869.649000000208616 ], [ 745613.133000000030734, 2573870.043 ], [ 745609.833000000100583, 2573870.160000000149012 ], [ 745606.833000000100583, 2573870.46 ], [ 745603.833000000100583, 2573870.896000000182539 ], [ 745601.4330000000773, 2573871.163000000175089 ], [ 745598.4330000000773, 2573871.355 ], [ 745595.4330000000773, 2573871.543 ], [ 745592.133000000030734, 2573871.654999999795109 ], [ 745589.133000000030734, 2573871.955 ], [ 745586.133000000030734, 2573872.259999999776483 ], [ 745583.133000000030734, 2573872.555000000167638 ], [ 745580.133000000030734, 2573872.838 ], [ 745577.133000000030734, 2573873.160000000149012 ], [ 745574.133000000030734, 2573873.566999999806285 ], [ 745571.4330000000773, 2573873.506 ], [ 745568.4330000000773, 2573873.802000000141561 ], [ 745565.733, 2573874.355 ], [ 745563.033000000054017, 2573874.907999999821186 ], [ 745560.333000000100583, 2573875.509 ], [ 745557.9330000000773, 2573876.4 ], [ 745554.633000000030734, 2573876.46 ], [ 745551.633000000030734, 2573876.754999999888241 ], [ 745548.333000000100583, 2573876.754999999888241 ], [ 745545.033000000054017, 2573876.754999999888241 ], [ 745541.733, 2573876.754999999888241 ], [ 745538.4330000000773, 2573876.754999999888241 ], [ 745535.133000000030734, 2573876.754999999888241 ], [ 745531.833000000100583, 2573876.754999999888241 ], [ 745528.833000000100583, 2573877.0 ], [ 745525.994000000064261, 2573876.904999999795109 ], [ 745522.833000000100583, 2573877.009 ], [ 745519.533000000054017, 2573877.055000000167638 ], [ 745516.233, 2573877.055000000167638 ], [ 745512.9330000000773, 2573877.055000000167638 ], [ 745509.633000000030734, 2573877.106000000145286 ], [ 745506.9330000000773, 2573877.531 ], [ 745503.633000000030734, 2573877.654999999795109 ], [ 745500.333000000100583, 2573877.654999999795109 ], [ 745497.033000000054017, 2573877.654999999795109 ], [ 745493.733, 2573877.654999999795109 ], [ 745490.4330000000773, 2573877.654999999795109 ], [ 745487.4330000000773, 2573877.87900000018999 ], [ 745484.133000000030734, 2573877.955 ], [ 745480.833000000100583, 2573877.955 ], [ 745477.533000000054017, 2573877.955 ], [ 745474.233, 2573877.955 ], [ 745471.233, 2573878.25400000018999 ], [ 745467.9330000000773, 2573878.254999999888241 ], [ 745464.633000000030734, 2573878.254999999888241 ], [ 745461.333000000100583, 2573878.254999999888241 ], [ 745458.333000000100583, 2573878.423 ], [ 745455.424, 2573878.404999999795109 ], [ 745452.633000000030734, 2573878.967000000178814 ], [ 745449.633000000030734, 2573879.154 ], [ 745446.333000000100583, 2573879.154999999795109 ], [ 745443.033000000054017, 2573879.173 ], [ 745440.033000000054017, 2573879.455 ], [ 745436.733, 2573879.455 ], [ 745433.733, 2573879.751000000163913 ], [ 745430.4330000000773, 2573879.754999999888241 ], [ 745427.133000000030734, 2573879.773 ], [ 745424.133000000030734, 2573880.055000000167638 ], [ 745420.833000000100583, 2573880.058999999891967 ], [ 745417.833000000100583, 2573880.244 ], [ 745414.533000000054017, 2573880.412 ], [ 745412.733, 2573881.853000000119209 ], [ 745411.233, 2573883.558999999891967 ], [ 745409.733, 2573885.347 ], [ 745409.866000000038184, 2573888.305000000167638 ], [ 745410.1830000000773, 2573891.305000000167638 ], [ 745410.484000000054948, 2573894.305000000167638 ], [ 745410.788000000058673, 2573897.305000000167638 ], [ 745411.087999999988824, 2573900.305000000167638 ], [ 745411.533000000054017, 2573903.154999999795109 ], [ 745411.734000000054948, 2573906.305000000167638 ], [ 745412.095000000088476, 2573909.305000000167638 ], [ 745412.284000000101514, 2573912.305000000167638 ], [ 745412.733, 2573915.157000000122935 ], [ 745412.901000000070781, 2573918.305000000167638 ], [ 745413.188000000081956, 2573921.305000000167638 ], [ 745414.033000000054017, 2573923.705 ], [ 745414.383000000030734, 2573926.705 ], [ 745414.665000000037253, 2573929.705 ], [ 745414.907, 2573932.705 ], [ 745415.133000000030734, 2573935.855 ], [ 745415.471000000019558, 2573938.705 ], [ 745415.866000000038184, 2573941.705 ], [ 745416.182000000029802, 2573944.705 ], [ 745416.465000000083819, 2573947.705 ], [ 745416.671000000089407, 2573950.705 ], [ 745417.065000000060536, 2573953.705 ], [ 745417.310000000055879, 2573956.705 ], [ 745417.495, 2573960.004999999888241 ], [ 745417.79500000004191, 2573963.004999999888241 ], [ 745418.001000000047497, 2573966.004999999888241 ], [ 745418.288000000058673, 2573969.004999999888241 ], [ 745418.617000000085682, 2573972.004999999888241 ], [ 745418.883000000030734, 2573975.004999999888241 ], [ 745419.182000000029802, 2573978.004999999888241 ], [ 745419.479000000050291, 2573981.004999999888241 ], [ 745419.779000000096858, 2573984.004999999888241 ], [ 745420.065000000060536, 2573987.004999999888241 ], [ 745420.271000000066124, 2573990.004999999888241 ], [ 745420.533000000054017, 2573993.154999999795109 ], [ 745420.688000000081956, 2573996.305000000167638 ], [ 745420.983, 2573999.305000000167638 ], [ 745421.232000000076368, 2574002.305000000167638 ], [ 745421.395000000018626, 2574005.605 ], [ 745421.587999999988824, 2574008.605 ], [ 745421.883000000030734, 2574011.605 ], [ 745421.883000000030734, 2574014.904999999795109 ], [ 745421.883000000030734, 2574018.205 ], [ 745422.071, 2574021.205 ], [ 745422.0580000000773, 2574023.904999999795109 ], [ 745422.033000000054017, 2574026.775 ], [ 745424.733, 2574027.355 ], [ 745427.733, 2574027.054 ], [ 745429.446, 2574025.404999999795109 ], [ 745431.333000000100583, 2574024.06 ], [ 745434.333000000100583, 2574024.305000000167638 ], [ 745436.830000000074506, 2574025.105 ], [ 745438.833000000100583, 2574026.350999999791384 ], [ 745440.761999999987893, 2574027.805000000167638 ], [ 745442.493000000016764, 2574029.305000000167638 ], [ 745444.233, 2574030.947999999858439 ], [ 745446.033000000054017, 2574032.458999999798834 ], [ 745447.600000000093132, 2574034.105 ], [ 745449.633000000030734, 2574035.492999999783933 ], [ 745451.4330000000773, 2574036.924999999813735 ], [ 745453.296000000089407, 2574038.305000000167638 ], [ 745455.272, 2574039.805000000167638 ], [ 745457.133000000030734, 2574041.125 ], [ 745459.018000000040047, 2574042.504999999888241 ], [ 745461.193000000086613, 2574043.705 ], [ 745463.366000000038184, 2574044.904999999795109 ], [ 745465.533000000054017, 2574045.856999999843538 ], [ 745468.017, 2574046.705 ], [ 745470.174, 2574047.904999999795109 ], [ 745472.201, 2574049.105 ], [ 745474.233, 2574050.358 ], [ 745476.333000000100583, 2574051.654999999795109 ], [ 745478.686000000103377, 2574052.404999999795109 ], [ 745479.858, 2574050.305000000167638 ], [ 745479.633000000030734, 2574048.438 ], [ 745478.259000000078231, 2574046.404999999795109 ], [ 745479.909000000101514, 2574044.605 ], [ 745481.883000000030734, 2574043.404999999795109 ], [ 745484.133000000030734, 2574042.281 ], [ 745486.327000000048429, 2574041.305000000167638 ], [ 745488.633000000030734, 2574040.316999999806285 ], [ 745491.033000000054017, 2574039.291000000201166 ], [ 745493.4330000000773, 2574038.489 ], [ 745496.133000000030734, 2574037.745000000111759 ], [ 745498.533000000054017, 2574037.062 ], [ 745501.233, 2574036.352 ], [ 745503.633000000030734, 2574035.452 ], [ 745505.733, 2574034.319999999832362 ], [ 745507.662000000011176, 2574032.904999999795109 ], [ 745509.483, 2574031.404999999795109 ], [ 745511.37300000002142, 2574029.904999999795109 ], [ 745513.233, 2574028.450000000186265 ], [ 745515.033000000054017, 2574027.120000000111759 ], [ 745516.833000000100583, 2574025.592000000178814 ], [ 745518.633000000030734, 2574024.160000000149012 ], [ 745520.565000000060536, 2574022.705 ], [ 745522.38, 2574021.205 ], [ 745524.033000000054017, 2574019.555000000167638 ], [ 745525.833000000100583, 2574017.992999999783933 ], [ 745527.9330000000773, 2574016.919000000227243 ], [ 745530.033000000054017, 2574015.728999999817461 ], [ 745532.200000000069849, 2574014.605 ], [ 745534.533000000054017, 2574013.410999999847263 ], [ 745536.633000000030734, 2574012.298 ], [ 745539.333000000100583, 2574011.773 ], [ 745542.333000000100583, 2574011.473000000230968 ], [ 745545.633000000030734, 2574011.455 ], [ 745548.9330000000773, 2574011.404 ], [ 745551.633000000030734, 2574010.742999999783933 ], [ 745554.333000000100583, 2574011.450999999884516 ], [ 745557.633000000030734, 2574011.395 ], [ 745558.243000000016764, 2574008.904999999795109 ], [ 745556.4330000000773, 2574007.691000000108033 ], [ 745554.674, 2574005.904999999795109 ], [ 745554.783000000054017, 2574002.605 ], [ 745554.333000000100583, 2573999.873999999836087 ], [ 745554.1830000000773, 2573996.605 ], [ 745554.482000000076368, 2573993.605 ], [ 745554.479000000050291, 2573990.305000000167638 ], [ 745554.333000000100583, 2573987.455 ], [ 745554.149000000092201, 2573984.605 ], [ 745554.483, 2573981.605 ], [ 745554.483, 2573978.305000000167638 ], [ 745554.483, 2573975.004999999888241 ], [ 745554.483, 2573971.705 ], [ 745554.483, 2573968.404999999795109 ], [ 745554.575000000069849, 2573965.105 ], [ 745554.484000000054948, 2573961.805000000167638 ], [ 745554.707000000053085, 2573958.805000000167638 ], [ 745554.614000000059605, 2573955.805000000167638 ], [ 745554.628000000026077, 2573953.105 ], [ 745554.727000000071712, 2573950.705 ], [ 745554.483, 2573947.705 ], [ 745554.484000000054948, 2573944.404999999795109 ], [ 745554.671000000089407, 2573941.404999999795109 ], [ 745554.589000000036322, 2573938.404999999795109 ], [ 745554.75, 2573935.404999999795109 ], [ 745554.635, 2573932.705 ], [ 745554.577000000048429, 2573929.705 ], [ 745555.383000000030734, 2573927.305000000167638 ], [ 745558.233, 2573926.855 ], [ 745561.533000000054017, 2573926.859999999869615 ], [ 745564.233, 2573926.872 ], [ 745567.233, 2573926.558999999891967 ], [ 745570.533000000054017, 2573926.555000000167638 ], [ 745573.833000000100583, 2573926.555000000167638 ], [ 745577.133000000030734, 2573926.555000000167638 ], [ 745580.4330000000773, 2573926.555000000167638 ], [ 745583.733, 2573926.555000000167638 ], [ 745587.033000000054017, 2573926.55599999986589 ], [ 745590.333000000100583, 2573926.589000000152737 ], [ 745593.633000000030734, 2573926.555000000167638 ], [ 745596.9330000000773, 2573926.666999999899417 ], [ 745599.9330000000773, 2573926.855 ], [ 745603.233, 2573926.906 ], [ 745605.9330000000773, 2573927.37900000018999 ], [ 745609.233, 2573927.473000000230968 ], [ 745612.233, 2573927.756 ], [ 745615.233, 2573928.038000000175089 ], [ 745618.233, 2573928.242999999783933 ], [ 745621.533000000054017, 2573928.355 ], [ 745624.833000000100583, 2573928.355 ], [ 745628.133000000030734, 2573928.359999999869615 ], [ 745631.133000000030734, 2573928.654999999795109 ], [ 745634.4330000000773, 2573928.654999999795109 ], [ 745637.4330000000773, 2573928.937 ], [ 745640.733, 2573928.989 ], [ 745643.733, 2573929.273 ], [ 745646.4330000000773, 2573929.804 ], [ 745649.733, 2573929.855 ], [ 745652.733, 2573930.12900000018999 ], [ 745654.212999999988824, 2573932.105 ], [ 745656.9330000000773, 2573932.526 ], [ 745658.4330000000773, 2573930.796999999787658 ], [ 745661.133000000030734, 2573930.103999999817461 ], [ 745664.133000000030734, 2573929.742999999783933 ], [ 745666.833000000100583, 2573929.273 ], [ 745670.133000000030734, 2573929.254999999888241 ], [ 745673.133000000030734, 2573928.955999999772757 ], [ 745676.4330000000773, 2573928.955 ], [ 745679.733, 2573928.950999999884516 ], [ 745682.733, 2573928.654999999795109 ], [ 745686.033000000054017, 2573928.654999999795109 ], [ 745689.333000000100583, 2573928.654999999795109 ], [ 745692.333000000100583, 2573928.294000000227243 ], [ 745695.333000000100583, 2573928.072999999858439 ], [ 745698.333000000100583, 2573928.355 ], [ 745701.633000000030734, 2573928.355 ], [ 745704.633000000030734, 2573928.543 ], [ 745707.9330000000773, 2573928.654999999795109 ], [ 745710.9330000000773, 2573928.842999999877065 ], [ 745714.233, 2573928.955 ], [ 745717.533000000054017, 2573928.955999999772757 ], [ 745720.533000000054017, 2573929.222 ], [ 745723.321, 2573929.105 ], [ 745726.533000000054017, 2573929.259999999776483 ], [ 745729.233, 2573929.367 ], [ 745732.533000000054017, 2573929.251000000163913 ], [ 745735.833000000100583, 2573929.367 ], [ 745738.296000000089407, 2573930.004999999888241 ], [ 745738.434, 2573932.705 ], [ 745738.833000000100583, 2573935.551 ], [ 745741.646000000066124, 2573935.105 ], [ 745742.413999999989755, 2573932.404999999795109 ], [ 745744.233, 2573931.074 ], [ 745747.233, 2573930.771999999880791 ], [ 745750.233, 2573930.450999999884516 ], [ 745753.233, 2573930.154999999795109 ], [ 745756.233, 2573929.873000000137836 ], [ 745759.233, 2573929.623999999836087 ], [ 745761.9330000000773, 2573929.598000000230968 ], [ 745764.9330000000773, 2573929.324 ], [ 745767.9330000000773, 2573929.551 ], [ 745771.233, 2573929.555000000167638 ], [ 745774.233, 2573929.723000000230968 ], [ 745777.233, 2573929.555000000167638 ], [ 745780.533000000054017, 2573929.555000000167638 ], [ 745783.833000000100583, 2573929.443 ], [ 745786.533000000054017, 2573929.50400000018999 ], [ 745789.533000000054017, 2573929.273 ], [ 745792.233, 2573928.68099999986589 ], [ 745794.9330000000773, 2573928.767 ], [ 745798.233, 2573928.53899999987334 ], [ 745800.633000000030734, 2573927.807 ], [ 745803.9330000000773, 2573927.754999999888241 ], [ 745807.233, 2573927.754999999888241 ], [ 745810.533000000054017, 2573927.754999999888241 ], [ 745813.533000000054017, 2573927.586999999824911 ], [ 745816.533000000054017, 2573927.759999999776483 ], [ 745818.633000000030734, 2573929.061000000219792 ], [ 745818.783000000054017, 2573932.105 ], [ 745818.671000000089407, 2573935.404999999795109 ], [ 745818.913999999989755, 2573938.105 ], [ 745821.9330000000773, 2573938.117 ], [ 745822.495, 2573935.404999999795109 ], [ 745822.984000000054948, 2573932.705 ], [ 745824.033000000054017, 2573930.586999999824911 ], [ 745826.4330000000773, 2573929.572999999858439 ], [ 745829.4330000000773, 2573929.256 ], [ 745832.733, 2573929.237999999895692 ], [ 745836.033000000054017, 2573929.254999999888241 ], [ 745839.333000000100583, 2573929.254999999888241 ], [ 745842.633000000030734, 2573929.254999999888241 ], [ 745845.9330000000773, 2573929.143000000156462 ], [ 745848.9330000000773, 2573928.955 ], [ 745852.233, 2573928.955 ], [ 745855.233, 2573928.771999999880791 ], [ 745858.233, 2573928.955 ], [ 745861.533000000054017, 2573928.955 ], [ 745864.833000000100583, 2573929.072000000160187 ], [ 745866.432000000029802, 2573930.605 ], [ 745866.700000000069849, 2573933.605 ], [ 745868.733, 2573934.949 ], [ 745870.084000000031665, 2573933.004999999888241 ], [ 745871.133000000030734, 2573930.825999999884516 ], [ 745874.133000000030734, 2573930.455 ], [ 745877.4330000000773, 2573930.455 ], [ 745880.733, 2573930.455 ], [ 745884.033000000054017, 2573930.455 ], [ 745887.333000000100583, 2573930.342999999877065 ], [ 745890.333000000100583, 2573930.154999999795109 ], [ 745893.633000000030734, 2573930.205999999772757 ], [ 745896.633000000030734, 2573930.455 ], [ 745899.9330000000773, 2573930.455 ], [ 745903.233, 2573930.455 ], [ 745906.533000000054017, 2573930.455 ], [ 745909.833000000100583, 2573930.455 ], [ 745913.133000000030734, 2573930.404 ], [ 745916.133000000030734, 2573930.154999999795109 ], [ 745919.4330000000773, 2573930.154999999795109 ], [ 745922.733, 2573930.154999999795109 ], [ 745925.813000000081956, 2573930.305000000167638 ], [ 745926.779000000096858, 2573932.705 ], [ 745926.783000000054017, 2573936.004999999888241 ], [ 745928.133000000030734, 2573937.903 ], [ 745930.845000000088476, 2573937.504999999888241 ], [ 745930.983, 2573934.205 ], [ 745931.66600000008475, 2573931.504999999888241 ], [ 745934.133000000030734, 2573930.759999999776483 ], [ 745937.4330000000773, 2573930.754999999888241 ], [ 745940.733, 2573930.754999999888241 ], [ 745944.033000000054017, 2573930.754999999888241 ], [ 745947.333000000100583, 2573930.771999999880791 ], [ 745949.733, 2573931.009 ], [ 745953.033000000054017, 2573931.055000000167638 ], [ 745955.733, 2573931.761 ], [ 745958.133000000030734, 2573931.432 ], [ 745960.833000000100583, 2573931.353999999817461 ], [ 745964.133000000030734, 2573931.356000000145286 ], [ 745967.133000000030734, 2573931.654999999795109 ], [ 745970.4330000000773, 2573931.654999999795109 ], [ 745973.733, 2573931.654999999795109 ], [ 745976.733, 2573931.937 ], [ 745979.133000000030734, 2573932.981000000145286 ], [ 745980.009000000078231, 2573935.404999999795109 ], [ 745982.300000000046566, 2573934.805000000167638 ], [ 745983.333000000100583, 2573932.429 ], [ 745986.333000000100583, 2573932.254999999888241 ], [ 745989.633000000030734, 2573932.254999999888241 ], [ 745992.633000000030734, 2573931.955999999772757 ], [ 745995.9330000000773, 2573931.955 ], [ 745999.233, 2573931.955 ], [ 746002.533000000054017, 2573931.96 ], [ 746005.233, 2573932.066999999806285 ], [ 746008.533000000054017, 2573931.955 ], [ 746011.833000000100583, 2573931.955 ], [ 746014.833000000100583, 2573931.767 ], [ 746018.133000000030734, 2573931.654999999795109 ], [ 746021.4330000000773, 2573931.543 ], [ 746024.062000000034459, 2573931.805000000167638 ], [ 746026.833000000100583, 2573932.367 ], [ 746029.833000000100583, 2573932.686000000219792 ], [ 746032.833000000100583, 2573932.853999999817461 ], [ 746035.533000000054017, 2573933.399000000208616 ], [ 746037.9330000000773, 2573932.572000000160187 ], [ 746040.9330000000773, 2573932.254999999888241 ], [ 746044.233, 2573932.25400000018999 ], [ 746047.533000000054017, 2573932.241 ], [ 746050.533000000054017, 2573932.088 ], [ 746052.413999999989755, 2573933.305000000167638 ], [ 746052.548000000067987, 2573936.605 ], [ 746052.710000000079162, 2573939.605 ], [ 746052.483, 2573942.605 ], [ 746053.175000000046566, 2573945.305000000167638 ], [ 746053.533000000054017, 2573947.358 ], [ 746054.41800000006333, 2573949.504999999888241 ], [ 746057.283000000054017, 2573949.805000000167638 ], [ 746060.133000000030734, 2573950.204 ], [ 746062.82300000009127, 2573949.504999999888241 ], [ 746063.785000000032596, 2573947.404999999795109 ], [ 746064.413000000058673, 2573944.705 ], [ 746064.277, 2573942.305000000167638 ], [ 746064.718, 2573939.605 ], [ 746063.733, 2573937.285999999847263 ], [ 746063.009000000078231, 2573934.805000000167638 ], [ 746064.333000000100583, 2573932.841 ], [ 746066.733, 2573933.262000000104308 ], [ 746068.485000000102445, 2573934.805000000167638 ], [ 746070.643000000040047, 2573935.404999999795109 ], [ 746071.079000000027008, 2573932.404999999795109 ], [ 746070.783000000054017, 2573929.404999999795109 ], [ 746070.773000000044703, 2573926.105 ], [ 746068.533000000054017, 2573925.055000000167638 ], [ 746065.233, 2573925.054 ], [ 746063.24, 2573923.705 ], [ 746062.476000000024214, 2573921.305000000167638 ], [ 746060.776000000070781, 2573919.504999999888241 ], [ 746060.533000000054017, 2573916.504999999888241 ], [ 746060.288000000058673, 2573913.504999999888241 ], [ 746060.26500000001397, 2573910.205 ], [ 746059.965000000083819, 2573907.205 ], [ 746059.6830000000773, 2573904.205 ], [ 746059.384000000078231, 2573901.205 ], [ 746059.083000000100583, 2573898.205 ], [ 746058.76500000001397, 2573895.205 ], [ 746058.371000000042841, 2573892.205 ], [ 746057.901000000070781, 2573889.504999999888241 ], [ 746057.831, 2573886.205 ], [ 746057.052000000025146, 2573883.805000000167638 ], [ 746056.680000000051223, 2573880.805000000167638 ], [ 746056.386999999987893, 2573877.805000000167638 ], [ 746056.087999999988824, 2573874.805000000167638 ], [ 746057.412000000011176, 2573872.705 ], [ 746059.858, 2573873.004999999888241 ], [ 746061.9330000000773, 2573873.822000000160187 ], [ 746064.333000000100583, 2573872.745000000111759 ], [ 746066.4330000000773, 2573871.731000000145286 ], [ 746068.367000000085682, 2573870.305000000167638 ], [ 746067.591000000014901, 2573867.904999999795109 ], [ 746067.633000000030734, 2573865.208000000100583 ], [ 746067.1830000000773, 2573862.805000000167638 ], [ 746066.533000000054017, 2573860.105 ], [ 746065.744000000064261, 2573857.705 ], [ 746064.9330000000773, 2573855.154999999795109 ], [ 746064.085000000079162, 2573852.605 ], [ 746063.284000000101514, 2573850.205 ], [ 746062.533000000054017, 2573847.62900000018999 ], [ 746061.830000000074506, 2573845.105 ], [ 746061.930000000051223, 2573842.404999999795109 ], [ 746061.333000000100583, 2573840.009 ], [ 746059.707000000053085, 2573838.504999999888241 ], [ 746061.171000000089407, 2573836.705 ], [ 746061.883000000030734, 2573834.004999999888241 ], [ 746061.033000000054017, 2573832.143999999854714 ], [ 746061.033000000054017, 2573829.378 ], [ 746060.531000000075437, 2573826.504999999888241 ], [ 746060.279000000096858, 2573823.504999999888241 ], [ 746060.827000000048429, 2573820.805000000167638 ], [ 746059.833000000100583, 2573818.605 ], [ 746058.633000000030734, 2573816.683999999891967 ], [ 746060.298000000067987, 2573815.105 ], [ 746061.145000000018626, 2573812.705 ], [ 746061.16600000008475, 2573809.404999999795109 ], [ 746061.1830000000773, 2573806.105 ], [ 746061.020000000018626, 2573803.105 ], [ 746062.470000000088476, 2573801.305000000167638 ], [ 746061.033000000054017, 2573799.907999999821186 ], [ 746059.065000000060536, 2573798.605 ], [ 746058.923000000067987, 2573795.605 ], [ 746060.733, 2573794.31 ], [ 746063.733, 2573793.954 ], [ 746065.233, 2573792.569999999832362 ], [ 746064.333000000100583, 2573790.058000000193715 ], [ 746063.381000000052154, 2573787.805000000167638 ], [ 746062.533000000054017, 2573785.109000000171363 ], [ 746060.5, 2573783.904999999795109 ], [ 746058.333000000100583, 2573782.748000000137836 ], [ 746056.233, 2573781.594 ], [ 746054.133000000030734, 2573780.447000000160187 ], [ 746052.51500000001397, 2573778.805000000167638 ], [ 746050.976000000024214, 2573777.004999999888241 ], [ 746049.333000000100583, 2573775.393000000156462 ], [ 746047.233, 2573774.015999999828637 ], [ 746045.4330000000773, 2573772.705999999772757 ], [ 746043.633000000030734, 2573771.154999999795109 ], [ 746042.133000000030734, 2573769.416000000201166 ], [ 746039.733, 2573768.995000000111759 ], [ 746037.333000000100583, 2573770.063 ], [ 746034.9330000000773, 2573770.836999999824911 ], [ 746031.9330000000773, 2573770.410000000149012 ], [ 746030.011999999987893, 2573769.205 ], [ 746028.587000000057742, 2573767.404999999795109 ], [ 746027.4330000000773, 2573766.132000000216067 ] ] } },
{ "type": "Feature", "properties": { "path": "Bhopal_1" }, "geometry": { "type": "LineString", "coordinates": [ [ 746025.677000000025146, 2573787.805000000167638 ], [ 746027.081, 2573789.904999999795109 ], [ 746027.993000000016764, 2573792.305000000167638 ], [ 746028.9330000000773, 2573794.555000000167638 ], [ 746029.190000000060536, 2573797.105 ], [ 746030.796000000089407, 2573798.605 ], [ 746031.633000000030734, 2573801.154999999795109 ], [ 746032.491000000038184, 2573803.705 ], [ 746032.833000000100583, 2573806.165 ], [ 746032.833000000100583, 2573808.636 ], [ 746034.333000000100583, 2573810.483 ], [ 746035.57300000009127, 2573812.404999999795109 ], [ 746036.011999999987893, 2573815.404999999795109 ], [ 746038.233, 2573815.867999999783933 ], [ 746040.9330000000773, 2573815.367 ], [ 746043.048000000067987, 2573814.205 ], [ 746042.9330000000773, 2573811.805000000167638 ], [ 746042.297000000020489, 2573809.105 ], [ 746041.79500000004191, 2573806.404999999795109 ], [ 746041.272, 2573803.404999999795109 ], [ 746040.834000000031665, 2573800.705 ], [ 746040.466000000014901, 2573797.705 ], [ 746040.033000000054017, 2573794.855 ], [ 746040.633000000030734, 2573792.333999999798834 ], [ 746043.333000000100583, 2573792.472 ], [ 746044.867000000085682, 2573794.105 ], [ 746045.334000000031665, 2573797.105 ], [ 746045.772, 2573799.805000000167638 ], [ 746046.187000000034459, 2573802.805000000167638 ], [ 746046.538000000058673, 2573805.805000000167638 ], [ 746047.576, 2573807.904999999795109 ], [ 746048.752000000094995, 2573810.004999999888241 ], [ 746049.031000000075437, 2573812.705 ], [ 746047.961000000010245, 2573815.105 ], [ 746048.396000000066124, 2573818.105 ], [ 746048.900000000023283, 2573820.805000000167638 ], [ 746049.376000000047497, 2573823.504999999888241 ], [ 746050.079000000027008, 2573826.205 ], [ 746050.333000000100583, 2573829.205 ], [ 746050.79500000004191, 2573832.205 ], [ 746051.296000000089407, 2573834.904999999795109 ], [ 746051.772, 2573837.605 ], [ 746052.29500000004191, 2573840.605 ], [ 746052.796000000089407, 2573843.305000000167638 ], [ 746053.276000000070781, 2573846.004999999888241 ], [ 746053.988000000012107, 2573848.705 ], [ 746055.159000000101514, 2573850.805000000167638 ], [ 746055.033000000054017, 2573853.643000000156462 ], [ 746055.796000000089407, 2573856.205 ], [ 746056.78000000002794, 2573858.605 ], [ 746056.702000000048429, 2573861.305000000167638 ], [ 746055.9330000000773, 2573863.75400000018999 ], [ 746052.9330000000773, 2573864.267 ], [ 746050.533000000054017, 2573863.842000000178814 ], [ 746049.247000000090338, 2573861.904999999795109 ], [ 746048.107000000076368, 2573859.805000000167638 ], [ 746046.9330000000773, 2573857.419000000227243 ], [ 746044.533000000054017, 2573858.458999999798834 ], [ 746043.184, 2573860.404999999795109 ], [ 746043.964000000036322, 2573862.805000000167638 ], [ 746044.833000000100583, 2573865.035000000149012 ], [ 746044.290000000037253, 2573867.305000000167638 ], [ 746045.4330000000773, 2573869.498000000137836 ], [ 746046.1830000000773, 2573872.105 ], [ 746046.595000000088476, 2573875.105 ], [ 746047.083000000100583, 2573877.805000000167638 ], [ 746047.533000000054017, 2573880.654999999795109 ], [ 746047.987000000081025, 2573883.504999999888241 ], [ 746048.771000000066124, 2573885.904999999795109 ], [ 746049.527, 2573888.605 ], [ 746050.134000000078231, 2573891.305000000167638 ], [ 746050.632000000099652, 2573894.004999999888241 ], [ 746050.983, 2573897.004999999888241 ], [ 746051.395000000018626, 2573900.004999999888241 ], [ 746051.695000000065193, 2573903.004999999888241 ], [ 746052.217000000062399, 2573905.705 ], [ 746052.779000000096858, 2573908.404999999795109 ], [ 746052.9330000000773, 2573911.253 ], [ 746052.766000000061467, 2573914.404999999795109 ], [ 746053.375, 2573917.105 ], [ 746053.571, 2573920.105 ], [ 746053.702000000048429, 2573923.404999999795109 ], [ 746054.259000000078231, 2573926.105 ], [ 746052.333000000100583, 2573927.450999999884516 ], [ 746049.633000000030734, 2573928.049999999813735 ], [ 746046.333000000100583, 2573928.055000000167638 ], [ 746043.033000000054017, 2573928.054 ], [ 746040.033000000054017, 2573927.754999999888241 ], [ 746037.033000000054017, 2573928.054 ], [ 746033.733, 2573928.055000000167638 ], [ 746030.4330000000773, 2573928.088 ], [ 746027.133000000030734, 2573928.072999999858439 ], [ 746024.4330000000773, 2573928.06 ], [ 746021.133000000030734, 2573928.055000000167638 ], [ 746017.833000000100583, 2573928.055000000167638 ], [ 746014.533000000054017, 2573927.98 ], [ 746013.39000000001397, 2573925.805000000167638 ], [ 746011.833000000100583, 2573924.173 ], [ 746008.814000000013039, 2573924.305000000167638 ], [ 746008.305000000051223, 2573927.305000000167638 ], [ 746006.133000000030734, 2573928.305000000167638 ], [ 746003.133000000030734, 2573928.654999999795109 ], [ 745999.833000000100583, 2573928.654999999795109 ], [ 745996.533000000054017, 2573928.656 ], [ 745993.533000000054017, 2573928.9 ], [ 745990.533000000054017, 2573928.654999999795109 ], [ 745987.533000000054017, 2573928.941999999806285 ], [ 745984.533000000054017, 2573929.254999999888241 ], [ 745981.233, 2573929.25400000018999 ], [ 745978.233, 2573928.955 ], [ 745974.9330000000773, 2573928.904 ], [ 745971.9330000000773, 2573928.546999999787658 ], [ 745970.570000000065193, 2573927.004999999888241 ], [ 745968.9330000000773, 2573928.586999999824911 ], [ 745965.633000000030734, 2573928.603999999817461 ], [ 745962.633000000030734, 2573928.373000000137836 ], [ 745959.9330000000773, 2573928.404999999795109 ], [ 745956.9330000000773, 2573928.055000000167638 ], [ 745953.633000000030734, 2573928.00400000018999 ], [ 745950.633000000030734, 2573927.754999999888241 ], [ 745947.633000000030734, 2573927.582 ], [ 745944.333000000100583, 2573927.455 ], [ 745941.333000000100583, 2573927.156 ], [ 745938.033000000054017, 2573927.154999999795109 ], [ 745934.733, 2573927.154999999795109 ], [ 745931.733, 2573926.775 ], [ 745930.6830000000773, 2573924.605 ], [ 745930.678000000072643, 2573921.305000000167638 ], [ 745929.033000000054017, 2573919.768000000156462 ], [ 745926.526000000070781, 2573920.404999999795109 ], [ 745926.29500000004191, 2573923.404999999795109 ], [ 745925.4330000000773, 2573925.992999999783933 ], [ 745922.733, 2573926.443 ], [ 745919.4330000000773, 2573926.555000000167638 ], [ 745916.133000000030734, 2573926.555000000167638 ], [ 745912.833000000100583, 2573926.555000000167638 ], [ 745909.533000000054017, 2573926.555000000167638 ], [ 745906.233, 2573926.555000000167638 ], [ 745902.9330000000773, 2573926.555000000167638 ], [ 745899.633000000030734, 2573926.662 ], [ 745897.233, 2573926.791000000201166 ], [ 745894.233, 2573926.504999999888241 ], [ 745891.233, 2573926.30599999986589 ], [ 745888.233, 2573926.555000000167638 ], [ 745884.9330000000773, 2573926.631 ], [ 745881.9330000000773, 2573926.855 ], [ 745878.633000000030734, 2573926.902000000234693 ], [ 745875.633000000030734, 2573927.154999999795109 ], [ 745872.333000000100583, 2573927.156 ], [ 745869.333000000100583, 2573927.389 ], [ 745866.9330000000773, 2573926.589000000152737 ], [ 745864.602000000071712, 2573925.504999999888241 ], [ 745863.534000000101514, 2573923.404999999795109 ], [ 745862.133000000030734, 2573921.526 ], [ 745859.65500000002794, 2573922.205 ], [ 745857.9330000000773, 2573923.944999999832362 ], [ 745854.9330000000773, 2573924.168 ], [ 745851.633000000030734, 2573924.160000000149012 ], [ 745848.9330000000773, 2573924.811000000219792 ], [ 745845.9330000000773, 2573924.963 ], [ 745842.9330000000773, 2573925.375 ], [ 745840.906000000075437, 2573924.004999999888241 ], [ 745839.033000000054017, 2573925.068 ], [ 745836.033000000054017, 2573925.359999999869615 ], [ 745833.033000000054017, 2573925.642 ], [ 745829.733, 2573925.654999999795109 ], [ 745826.733, 2573925.466 ], [ 745824.491000000038184, 2573924.305000000167638 ], [ 745823.4330000000773, 2573922.045 ], [ 745823.283000000054017, 2573918.904999999795109 ], [ 745823.330000000074506, 2573915.605 ], [ 745822.233, 2573913.384 ], [ 745819.233, 2573913.654999999795109 ], [ 745816.99800000002142, 2573914.705 ], [ 745817.288000000058673, 2573917.705 ], [ 745817.770000000018626, 2573920.404999999795109 ], [ 745817.4330000000773, 2573923.126999999862164 ], [ 745814.885, 2573924.004999999888241 ], [ 745811.733, 2573924.137000000104308 ], [ 745808.733, 2573923.924000000115484 ], [ 745805.4330000000773, 2573923.855 ], [ 745802.133000000030734, 2573923.724 ], [ 745799.733, 2573923.011 ], [ 745797.033000000054017, 2573923.572999999858439 ], [ 745794.033000000054017, 2573923.88799999980256 ], [ 745791.9330000000773, 2573925.032999999821186 ], [ 745789.233, 2573924.441000000108033 ], [ 745786.233, 2573924.236 ], [ 745783.233, 2573924.455 ], [ 745779.9330000000773, 2573924.455999999772757 ], [ 745776.9330000000773, 2573924.754999999888241 ], [ 745773.633000000030734, 2573924.768000000156462 ], [ 745770.333000000100583, 2573924.754999999888241 ], [ 745767.033000000054017, 2573924.801 ], [ 745763.733, 2573924.759999999776483 ], [ 745761.033000000054017, 2573925.264 ], [ 745758.633000000030734, 2573926.381 ], [ 745755.633000000030734, 2573926.555000000167638 ], [ 745752.333000000100583, 2573926.62099999981001 ], [ 745749.633000000030734, 2573927.151 ], [ 745746.633000000030734, 2573926.856000000145286 ], [ 745743.9330000000773, 2573927.450000000186265 ], [ 745741.557000000029802, 2573926.404999999795109 ], [ 745741.366000000038184, 2573923.404999999795109 ], [ 745741.259000000078231, 2573920.705 ], [ 745739.689000000013039, 2573919.504999999888241 ], [ 745738.310000000055879, 2573921.605 ], [ 745738.082000000053085, 2573924.605 ], [ 745736.845000000088476, 2573926.705 ], [ 745734.033000000054017, 2573926.555000000167638 ], [ 745731.033000000054017, 2573926.794000000227243 ], [ 745728.033000000054017, 2573927.154999999795109 ], [ 745724.733, 2573927.151 ], [ 745721.4330000000773, 2573927.154999999795109 ], [ 745718.4330000000773, 2573926.859999999869615 ], [ 745715.224000000045635, 2573926.705 ], [ 745712.133000000030734, 2573926.555000000167638 ], [ 745708.833000000100583, 2573926.50400000018999 ], [ 745705.833000000100583, 2573926.254999999888241 ], [ 745702.833000000100583, 2573925.973000000230968 ], [ 745699.533000000054017, 2573925.950999999884516 ], [ 745696.533000000054017, 2573925.654999999795109 ], [ 745693.233, 2573925.637000000104308 ], [ 745690.233, 2573925.355 ], [ 745687.233, 2573925.637000000104308 ], [ 745683.9330000000773, 2573925.654999999795109 ], [ 745680.633000000030734, 2573925.673 ], [ 745677.633000000030734, 2573925.955 ], [ 745674.333000000100583, 2573925.96 ], [ 745671.333000000100583, 2573926.251000000163913 ], [ 745668.033000000054017, 2573926.254999999888241 ], [ 745665.333000000100583, 2573926.36200000019744 ], [ 745662.033000000054017, 2573926.256 ], [ 745659.333000000100583, 2573926.174999999813735 ], [ 745657.921000000089407, 2573924.305000000167638 ], [ 745657.15500000002794, 2573921.904999999795109 ], [ 745655.4330000000773, 2573920.373999999836087 ], [ 745654.083000000100583, 2573922.205 ], [ 745654.060000000055879, 2573925.504999999888241 ], [ 745652.133000000030734, 2573926.850999999791384 ], [ 745649.133000000030734, 2573927.154 ], [ 745645.833000000100583, 2573927.154999999795109 ], [ 745642.833000000100583, 2573926.967000000178814 ], [ 745639.833000000100583, 2573926.568 ], [ 745637.133000000030734, 2573926.484999999869615 ], [ 745634.4330000000773, 2573926.071 ], [ 745631.4330000000773, 2573926.143000000156462 ], [ 745628.733, 2573925.674000000115484 ], [ 745625.4330000000773, 2573925.651 ], [ 745622.4330000000773, 2573925.355 ], [ 745619.133000000030734, 2573925.355 ], [ 745616.133000000030734, 2573925.072999999858439 ], [ 745613.133000000030734, 2573924.80599999986589 ], [ 745610.133000000030734, 2573924.407999999821186 ], [ 745607.133000000030734, 2573924.103999999817461 ], [ 745604.133000000030734, 2573923.88799999980256 ], [ 745600.833000000100583, 2573923.859999999869615 ], [ 745598.247000000090338, 2573923.705 ], [ 745595.133000000030734, 2573923.50400000018999 ], [ 745592.133000000030734, 2573923.254999999888241 ], [ 745589.133000000030734, 2573922.973000000230968 ], [ 745585.833000000100583, 2573922.955 ], [ 745582.6830000000773, 2573922.805000000167638 ], [ 745579.533000000054017, 2573922.654999999795109 ], [ 745576.233, 2573922.654999999795109 ], [ 745572.9330000000773, 2573922.654999999795109 ], [ 745569.633000000030734, 2573922.654999999795109 ], [ 745566.493000000016764, 2573922.805000000167638 ], [ 745563.9330000000773, 2573923.503 ], [ 745560.633000000030734, 2573923.639 ], [ 745557.633000000030734, 2573923.859000000171363 ], [ 745554.9330000000773, 2573923.183000000193715 ], [ 745554.425000000046566, 2573920.404999999795109 ], [ 745552.233, 2573919.359999999869615 ], [ 745550.29300000006333, 2573920.705 ], [ 745550.283000000054017, 2573924.004999999888241 ], [ 745550.395000000018626, 2573927.305000000167638 ], [ 745550.579000000027008, 2573930.305000000167638 ], [ 745550.583000000100583, 2573933.605 ], [ 745550.583000000100583, 2573936.904999999795109 ], [ 745550.583000000100583, 2573940.205 ], [ 745550.832000000053085, 2573943.205 ], [ 745550.883000000030734, 2573946.504999999888241 ], [ 745550.883000000030734, 2573949.805000000167638 ], [ 745550.133000000030734, 2573952.362999999895692 ], [ 745548.837000000057742, 2573954.305000000167638 ], [ 745550.4330000000773, 2573956.041999999899417 ], [ 745550.883000000030734, 2573958.805000000167638 ], [ 745550.846000000019558, 2573962.105 ], [ 745550.596000000019558, 2573965.105 ], [ 745550.583000000100583, 2573968.404999999795109 ], [ 745550.301000000094064, 2573971.404999999795109 ], [ 745550.283000000054017, 2573974.705 ], [ 745550.283000000054017, 2573978.004999999888241 ], [ 745550.171000000089407, 2573981.305000000167638 ], [ 745549.983, 2573984.305000000167638 ], [ 745549.983, 2573987.605 ], [ 745549.988000000012107, 2573990.904999999795109 ], [ 745550.817000000039116, 2573993.305000000167638 ], [ 745551.052000000025146, 2573996.305000000167638 ], [ 745550.91600000008475, 2573999.305000000167638 ], [ 745550.861000000033528, 2574002.004999999888241 ], [ 745550.582000000053085, 2574005.004999999888241 ], [ 745549.233, 2574007.046 ], [ 745546.233, 2574007.254999999888241 ], [ 745543.233, 2574007.44400000013411 ], [ 745540.833000000100583, 2574007.855 ], [ 745537.833000000100583, 2574008.268000000156462 ], [ 745535.4330000000773, 2574008.94400000013411 ], [ 745532.940000000060536, 2574009.805000000167638 ], [ 745530.633000000030734, 2574010.794000000227243 ], [ 745528.393000000040047, 2574011.904999999795109 ], [ 745526.283000000054017, 2574013.105 ], [ 745524.272, 2574014.305000000167638 ], [ 745522.383000000030734, 2574015.805000000167638 ], [ 745520.583000000100583, 2574017.305000000167638 ], [ 745518.76500000001397, 2574018.805000000167638 ], [ 745516.833000000100583, 2574020.259999999776483 ], [ 745515.092000000062399, 2574021.805000000167638 ], [ 745513.233, 2574023.162 ], [ 745511.4330000000773, 2574024.654999999795109 ], [ 745509.633000000030734, 2574026.119 ], [ 745507.755, 2574027.504999999888241 ], [ 745505.733, 2574028.92 ], [ 745503.647, 2574030.205 ], [ 745501.533000000054017, 2574031.254999999888241 ], [ 745499.133000000030734, 2574032.265999999828637 ], [ 745496.733, 2574032.96 ], [ 745494.033000000054017, 2574033.659 ], [ 745491.633000000030734, 2574034.521000000182539 ], [ 745489.029000000096858, 2574035.305000000167638 ], [ 745486.6830000000773, 2574036.205 ], [ 745484.340000000083819, 2574037.105 ], [ 745482.033000000054017, 2574038.217000000178814 ], [ 745479.781000000075437, 2574039.205 ], [ 745477.441, 2574040.105 ], [ 745475.133000000030734, 2574041.152000000234693 ], [ 745472.733, 2574041.927000000141561 ], [ 745469.4330000000773, 2574042.055000000167638 ], [ 745466.4330000000773, 2574041.631 ], [ 745464.1830000000773, 2574040.705 ], [ 745461.9330000000773, 2574039.623000000137836 ], [ 745460.133000000030734, 2574038.259999999776483 ], [ 745458.033000000054017, 2574036.903 ], [ 745455.9330000000773, 2574035.821 ], [ 745453.833000000100583, 2574034.517 ], [ 745452.033000000054017, 2574033.055000000167638 ], [ 745450.233, 2574031.562 ], [ 745448.4330000000773, 2574029.992 ], [ 745446.633000000030734, 2574028.450000000186265 ], [ 745444.893000000040047, 2574026.904999999795109 ], [ 745443.033000000054017, 2574025.450999999884516 ], [ 745441.233, 2574024.153 ], [ 745439.133000000030734, 2574022.855 ], [ 745437.033000000054017, 2574021.796999999787658 ], [ 745434.483, 2574020.904999999795109 ], [ 745431.633000000030734, 2574020.454 ], [ 745429.368000000016764, 2574019.404999999795109 ], [ 745428.672000000020489, 2574016.705 ], [ 745428.483, 2574013.705 ], [ 745428.479000000050291, 2574010.404999999795109 ], [ 745428.1830000000773, 2574007.404999999795109 ], [ 745427.901000000070781, 2574004.404999999795109 ], [ 745427.832000000053085, 2574001.105 ], [ 745427.587000000057742, 2573998.105 ], [ 745427.566, 2573994.805000000167638 ], [ 745427.284000000101514, 2573991.805000000167638 ], [ 745427.284000000101514, 2573988.504999999888241 ], [ 745426.984000000054948, 2573985.504999999888241 ], [ 745426.688000000081956, 2573982.504999999888241 ], [ 745426.386999999987893, 2573979.504999999888241 ], [ 745426.083000000100583, 2573976.504999999888241 ], [ 745425.797000000020489, 2573973.504999999888241 ], [ 745425.595000000088476, 2573970.504999999888241 ], [ 745425.371000000042841, 2573967.205 ], [ 745424.901000000070781, 2573964.504999999888241 ], [ 745424.832000000053085, 2573961.205 ], [ 745424.471000000019558, 2573958.205 ], [ 745424.26500000001397, 2573955.205 ], [ 745423.982000000076368, 2573952.205 ], [ 745423.679, 2573949.205 ], [ 745423.379000000073574, 2573946.205 ], [ 745423.087000000057742, 2573943.205 ], [ 745422.784000000101514, 2573940.205 ], [ 745422.770000000018626, 2573936.904999999795109 ], [ 745422.501000000047497, 2573933.904999999795109 ], [ 745422.483, 2573930.605 ], [ 745422.371000000042841, 2573927.305000000167638 ], [ 745421.995, 2573924.605 ], [ 745421.472000000067055, 2573921.605 ], [ 745421.059, 2573918.904999999795109 ], [ 745420.871000000042841, 2573915.605 ], [ 745420.533000000054017, 2573912.754999999888241 ], [ 745420.195000000065193, 2573909.904999999795109 ], [ 745419.801000000094064, 2573906.904999999795109 ], [ 745419.580000000074506, 2573903.904999999795109 ], [ 745419.234000000054948, 2573900.904999999795109 ], [ 745418.901000000070781, 2573897.904999999795109 ], [ 745418.587999999988824, 2573894.904999999795109 ], [ 745418.288000000058673, 2573891.904999999795109 ], [ 745418.728, 2573888.904999999795109 ], [ 745421.074000000022352, 2573888.004999999888241 ], [ 745423.833000000100583, 2573887.606000000145286 ], [ 745427.133000000030734, 2573887.443 ], [ 745430.133000000030734, 2573887.204 ], [ 745433.133000000030734, 2573886.955 ], [ 745436.133000000030734, 2573886.660000000149012 ], [ 745439.133000000030734, 2573886.373000000137836 ], [ 745442.133000000030734, 2573886.106000000145286 ], [ 745445.4330000000773, 2573886.00400000018999 ], [ 745448.133000000030734, 2573885.586999999824911 ], [ 745450.833000000100583, 2573885.46 ], [ 745453.833000000100583, 2573885.643000000156462 ], [ 745456.833000000100583, 2573886.051 ], [ 745460.133000000030734, 2573886.055000000167638 ], [ 745463.4330000000773, 2573886.06 ], [ 745466.733, 2573886.018000000156462 ], [ 745469.4330000000773, 2573886.034 ], [ 745472.4330000000773, 2573885.867999999783933 ], [ 745475.4330000000773, 2573885.981999999843538 ], [ 745478.4330000000773, 2573885.867 ], [ 745481.4330000000773, 2573886.051 ], [ 745484.733, 2573886.055000000167638 ], [ 745488.033000000054017, 2573886.055000000167638 ], [ 745491.333000000100583, 2573886.055000000167638 ], [ 745494.633000000030734, 2573886.055000000167638 ], [ 745497.9330000000773, 2573886.055000000167638 ], [ 745501.233, 2573886.055000000167638 ], [ 745504.533000000054017, 2573886.055000000167638 ], [ 745507.833000000100583, 2573886.049999999813735 ], [ 745510.533000000054017, 2573885.450999999884516 ], [ 745513.533000000054017, 2573885.154999999795109 ], [ 745516.833000000100583, 2573885.154999999795109 ], [ 745520.133000000030734, 2573885.160000000149012 ], [ 745523.133000000030734, 2573885.421999999787658 ], [ 745526.4330000000773, 2573885.455 ], [ 745529.733, 2573885.404 ], [ 745532.733, 2573885.154999999795109 ], [ 745536.033000000054017, 2573885.154999999795109 ], [ 745539.333000000100583, 2573885.154999999795109 ], [ 745542.633000000030734, 2573885.154999999795109 ], [ 745545.9330000000773, 2573885.154999999795109 ], [ 745548.9330000000773, 2573884.967999999877065 ], [ 745551.335000000079162, 2573884.705 ], [ 745553.733, 2573883.544000000227243 ], [ 745556.733, 2573883.355 ], [ 745559.733, 2573883.106000000145286 ], [ 745562.733, 2573883.33600000012666 ], [ 745565.4330000000773, 2573882.756 ], [ 745568.4330000000773, 2573882.566999999806285 ], [ 745571.733, 2573882.455 ], [ 745574.733, 2573882.173 ], [ 745577.733, 2573881.906 ], [ 745581.033000000054017, 2573881.853999999817461 ], [ 745584.033000000054017, 2573881.555000000167638 ], [ 745587.033000000054017, 2573881.367 ], [ 745590.333000000100583, 2573881.254999999888241 ], [ 745593.333000000100583, 2573881.006 ], [ 745596.633000000030734, 2573880.958999999798834 ], [ 745599.9330000000773, 2573880.890000000130385 ], [ 745602.9330000000773, 2573880.707 ], [ 745605.633000000030734, 2573880.055000000167638 ], [ 745608.333000000100583, 2573879.421999999787658 ], [ 745611.033000000054017, 2573878.822000000160187 ], [ 745613.733, 2573878.222 ], [ 745616.4330000000773, 2573877.62099999981001 ], [ 745619.133000000030734, 2573877.004999999888241 ], [ 745621.833000000100583, 2573876.407999999821186 ], [ 745624.417000000015832, 2573875.705 ], [ 745627.233, 2573875.143000000156462 ], [ 745629.783000000054017, 2573874.504999999888241 ], [ 745632.333000000100583, 2573873.833000000100583 ], [ 745632.644000000087544, 2573872.105 ], [ 745634.733, 2573870.812 ], [ 745636.233, 2573872.461999999824911 ], [ 745638.9330000000773, 2573871.96 ], [ 745642.081, 2573871.805000000167638 ], [ 745644.9330000000773, 2573871.338 ], [ 745647.633000000030734, 2573870.867 ], [ 745650.633000000030734, 2573870.404999999795109 ], [ 745653.333000000100583, 2573869.771000000182539 ], [ 745655.733, 2573869.43099999986589 ], [ 745658.551000000094064, 2573869.105 ], [ 745660.233, 2573867.518000000156462 ], [ 745662.333000000100583, 2573866.188999999780208 ], [ 745664.4330000000773, 2573864.994 ], [ 745666.833000000100583, 2573864.25 ], [ 745669.472000000067055, 2573863.404999999795109 ], [ 745672.233, 2573862.842999999877065 ], [ 745674.633000000030734, 2573862.105 ], [ 745677.633000000030734, 2573861.643000000156462 ], [ 745680.333000000100583, 2573861.205 ], [ 745683.333000000100583, 2573860.742999999783933 ], [ 745686.033000000054017, 2573860.242 ], [ 745689.033000000054017, 2573859.842999999877065 ], [ 745691.733, 2573859.367999999783933 ], [ 745694.733, 2573858.943 ], [ 745697.4330000000773, 2573858.472 ], [ 745700.4330000000773, 2573858.043 ], [ 745703.133000000030734, 2573857.494 ], [ 745705.533000000054017, 2573856.71100000012666 ], [ 745708.533000000054017, 2573856.950999999884516 ], [ 745711.533000000054017, 2573856.654999999795109 ], [ 745714.533000000054017, 2573856.481999999843538 ], [ 745717.233, 2573856.355 ], [ 745720.533000000054017, 2573856.355 ], [ 745723.533000000054017, 2573856.06900000013411 ], [ 745726.833000000100583, 2573856.018000000156462 ], [ 745729.833000000100583, 2573855.754999999888241 ], [ 745732.833000000100583, 2573855.469 ], [ 745736.133000000030734, 2573855.453000000212342 ], [ 745738.151000000070781, 2573854.105 ], [ 745740.9330000000773, 2573853.63799999980256 ], [ 745743.633000000030734, 2573853.106000000145286 ], [ 745746.633000000030734, 2573852.688 ], [ 745748.733, 2573851.592999999877065 ], [ 745751.4330000000773, 2573851.066999999806285 ], [ 745754.4330000000773, 2573850.54 ], [ 745756.533000000054017, 2573849.580999999772757 ], [ 745759.374000000068918, 2573849.004999999888241 ], [ 745762.233, 2573848.464000000152737 ], [ 745765.233, 2573848.853999999817461 ], [ 745768.233, 2573848.443 ], [ 745770.9330000000773, 2573848.006 ], [ 745773.9330000000773, 2573847.765999999828637 ], [ 745776.9330000000773, 2573847.244 ], [ 745779.633000000030734, 2573846.768000000156462 ], [ 745782.633000000030734, 2573846.450999999884516 ], [ 745785.633000000030734, 2573846.043 ], [ 745788.333000000100583, 2573845.605 ], [ 745791.333000000100583, 2573845.23700000019744 ], [ 745794.033000000054017, 2573844.561000000219792 ], [ 745796.733, 2573844.166999999899417 ], [ 745799.733, 2573843.759999999776483 ], [ 745802.733, 2573843.455999999772757 ], [ 745805.733, 2573843.154999999795109 ], [ 745808.733, 2573842.804 ], [ 745811.583000000100583, 2573842.404999999795109 ], [ 745814.4330000000773, 2573842.066999999806285 ], [ 745817.4330000000773, 2573842.160999999847263 ], [ 745820.4330000000773, 2573842.555000000167638 ], [ 745823.733, 2573842.551 ], [ 745826.628000000026077, 2573842.105 ], [ 745829.733, 2573841.937 ], [ 745832.4330000000773, 2573841.355 ], [ 745835.133000000030734, 2573840.69400000013411 ], [ 745837.709000000031665, 2573840.004999999888241 ], [ 745840.167000000015832, 2573839.105 ], [ 745842.633000000030734, 2573838.450000000186265 ], [ 745845.333000000100583, 2573837.646999999880791 ], [ 745847.857000000076368, 2573837.004999999888241 ], [ 745850.4330000000773, 2573836.254999999888241 ], [ 745852.983, 2573835.504999999888241 ], [ 745855.533000000054017, 2573834.849 ], [ 745858.233, 2573834.06 ], [ 745860.691, 2573833.404999999795109 ], [ 745863.033000000054017, 2573832.298 ], [ 745865.618000000016764, 2573831.605 ], [ 745868.133000000030734, 2573830.966 ], [ 745870.833000000100583, 2573830.392 ], [ 745873.233, 2573829.356000000145286 ], [ 745875.809, 2573828.605 ], [ 745878.333000000100583, 2573827.855 ], [ 745880.857000000076368, 2573827.105 ], [ 745883.4330000000773, 2573826.261 ], [ 745886.133000000030734, 2573825.708000000100583 ], [ 745889.133000000030734, 2573825.404 ], [ 745891.833000000100583, 2573824.88799999980256 ], [ 745894.233, 2573824.052999999839813 ], [ 745896.783000000054017, 2573823.205 ], [ 745899.12, 2573823.205 ], [ 745901.288999999989755, 2573824.105 ], [ 745903.833000000100583, 2573823.355 ], [ 745906.233, 2573822.376000000163913 ], [ 745907.727000000071712, 2573820.504999999888241 ], [ 745909.833000000100583, 2573819.356999999843538 ], [ 745912.233, 2573818.518999999854714 ], [ 745914.633000000030734, 2573817.748999999836087 ], [ 745917.033000000054017, 2573816.853000000119209 ], [ 745920.033000000054017, 2573816.509999999776483 ], [ 745922.133000000030734, 2573817.666000000201166 ], [ 745923.230000000097789, 2573819.904999999795109 ], [ 745923.9330000000773, 2573822.305000000167638 ], [ 745926.633000000030734, 2573821.933000000193715 ], [ 745927.332000000053085, 2573819.305000000167638 ], [ 745926.9330000000773, 2573816.455 ], [ 745927.241000000038184, 2573813.904999999795109 ], [ 745929.633000000030734, 2573812.953000000212342 ], [ 745932.333000000100583, 2573812.143999999854714 ], [ 745934.733, 2573811.245000000111759 ], [ 745937.133000000030734, 2573810.345000000204891 ], [ 745939.533000000054017, 2573809.444999999832362 ], [ 745942.233, 2573808.839000000152737 ], [ 745944.633000000030734, 2573808.055000000167638 ], [ 745947.102000000071712, 2573807.305000000167638 ], [ 745949.733, 2573806.457 ], [ 745952.133000000030734, 2573805.654999999795109 ], [ 745954.533000000054017, 2573804.853000000119209 ], [ 745957.233, 2573804.057 ], [ 745959.633000000030734, 2573803.254999999888241 ], [ 745962.033000000054017, 2573802.453000000212342 ], [ 745964.733, 2573801.631 ], [ 745967.133000000030734, 2573800.855 ], [ 745969.533000000054017, 2573800.052999999839813 ], [ 745972.083000000100583, 2573799.205 ], [ 745974.633000000030734, 2573798.421999999787658 ], [ 745977.238000000012107, 2573797.705 ], [ 745979.733, 2573796.856999999843538 ], [ 745982.133000000030734, 2573795.991 ], [ 745984.533000000054017, 2573795.188999999780208 ], [ 745987.233, 2573794.44400000013411 ], [ 745989.633000000030734, 2573793.76299999980256 ], [ 745992.333000000100583, 2573793.089000000152737 ], [ 745995.033000000054017, 2573792.344 ], [ 745997.4330000000773, 2573791.589000000152737 ], [ 746000.133000000030734, 2573790.921999999787658 ], [ 746002.709000000031665, 2573790.205 ], [ 746005.385, 2573789.605 ], [ 746008.347000000067055, 2573789.605 ], [ 746010.9330000000773, 2573790.342000000178814 ], [ 746013.633000000030734, 2573790.355 ], [ 746016.333000000100583, 2573789.866 ], [ 746018.733, 2573788.887000000104308 ], [ 746021.133000000030734, 2573787.861 ], [ 746024.133000000030734, 2573787.747 ], [ 746025.677000000025146, 2573787.805000000167638 ] ] } },
{ "type": "Feature", "properties": { "path": "Bhopal_1" }, "geometry": { "type": "LineString", "coordinates": [ [ 746045.575000000069849, 2573776.404999999795109 ], [ 746045.733, 2573776.537 ], [ 746045.874000000068918, 2573776.705 ], [ 746046.018000000040047, 2573777.004999999888241 ], [ 746046.033000000054017, 2573777.085 ], [ 746046.071, 2573777.305000000167638 ], [ 746046.054, 2573777.605 ], [ 746046.033000000054017, 2573777.734000000171363 ], [ 746046.005, 2573777.904999999795109 ], [ 746045.972000000067055, 2573778.205 ], [ 746045.974000000045635, 2573778.504999999888241 ], [ 746045.99800000002142, 2573778.805000000167638 ], [ 746046.022, 2573779.105 ], [ 746046.033000000054017, 2573779.248000000137836 ], [ 746046.04500000004191, 2573779.404999999795109 ], [ 746046.074000000022352, 2573779.705 ], [ 746046.111000000033528, 2573780.004999999888241 ], [ 746046.146000000066124, 2573780.305000000167638 ], [ 746046.163999999989755, 2573780.605 ], [ 746046.158000000054017, 2573780.904999999795109 ], [ 746046.116000000038184, 2573781.205 ], [ 746046.033000000054017, 2573781.463 ], [ 746046.018000000040047, 2573781.504999999888241 ], [ 746045.859000000054948, 2573781.805000000167638 ], [ 746045.733, 2573781.987999999895692 ], [ 746045.644000000087544, 2573782.105 ], [ 746045.4330000000773, 2573782.338 ], [ 746045.359000000054948, 2573782.404999999795109 ], [ 746045.133000000030734, 2573782.574 ], [ 746044.896000000066124, 2573782.705 ], [ 746044.833000000100583, 2573782.73700000019744 ], [ 746044.533000000054017, 2573782.865000000223517 ], [ 746044.238000000012107, 2573783.004999999888241 ], [ 746044.233, 2573783.008 ], [ 746043.9330000000773, 2573783.197999999858439 ], [ 746043.79100000008475, 2573783.305000000167638 ], [ 746043.633000000030734, 2573783.424999999813735 ], [ 746043.381000000052154, 2573783.605 ], [ 746043.333000000100583, 2573783.637000000104308 ], [ 746043.033000000054017, 2573783.801 ], [ 746042.781000000075437, 2573783.904999999795109 ], [ 746042.733, 2573783.924000000115484 ], [ 746042.4330000000773, 2573784.0 ], [ 746042.133000000030734, 2573784.037 ], [ 746041.833000000100583, 2573784.049999999813735 ], [ 746041.533000000054017, 2573784.052999999839813 ], [ 746041.233, 2573784.049999999813735 ], [ 746040.9330000000773, 2573784.037 ], [ 746040.633000000030734, 2573784.003 ], [ 746040.333000000100583, 2573783.938999999780208 ], [ 746040.224000000045635, 2573783.904999999795109 ], [ 746040.033000000054017, 2573783.846 ], [ 746039.733, 2573783.739 ], [ 746039.449000000022352, 2573783.605 ], [ 746039.4330000000773, 2573783.597 ], [ 746039.133000000030734, 2573783.382000000216067 ], [ 746039.053000000072643, 2573783.305000000167638 ], [ 746038.833000000100583, 2573783.041999999899417 ], [ 746038.80600000009872, 2573783.004999999888241 ], [ 746038.634000000078231, 2573782.705 ], [ 746038.533000000054017, 2573782.487999999895692 ], [ 746038.496000000042841, 2573782.404999999795109 ], [ 746038.386999999987893, 2573782.105 ], [ 746038.290000000037253, 2573781.805000000167638 ], [ 746038.233, 2573781.617999999783933 ], [ 746038.199000000022352, 2573781.504999999888241 ], [ 746038.135, 2573781.205 ], [ 746038.101000000024214, 2573780.904999999795109 ], [ 746038.087999999988824, 2573780.605 ], [ 746038.084000000031665, 2573780.305000000167638 ], [ 746038.084000000031665, 2573780.004999999888241 ], [ 746038.087999999988824, 2573779.705 ], [ 746038.105000000097789, 2573779.404999999795109 ], [ 746038.151000000070781, 2573779.105 ], [ 746038.233, 2573778.866 ], [ 746038.257000000099652, 2573778.805000000167638 ], [ 746038.438000000081956, 2573778.504999999888241 ], [ 746038.533000000054017, 2573778.38799999980256 ], [ 746038.696, 2573778.205 ], [ 746038.833000000100583, 2573778.066000000108033 ], [ 746039.006000000052154, 2573777.904999999795109 ], [ 746039.133000000030734, 2573777.795 ], [ 746039.38800000003539, 2573777.605 ], [ 746039.4330000000773, 2573777.574 ], [ 746039.733, 2573777.404999999795109 ], [ 746039.950000000069849, 2573777.305000000167638 ], [ 746040.033000000054017, 2573777.268000000156462 ], [ 746040.333000000100583, 2573777.157999999821186 ], [ 746040.633000000030734, 2573777.058000000193715 ], [ 746040.784000000101514, 2573777.004999999888241 ], [ 746040.9330000000773, 2573776.953000000212342 ], [ 746041.233, 2573776.856000000145286 ], [ 746041.533000000054017, 2573776.761 ], [ 746041.719000000040978, 2573776.705 ], [ 746041.833000000100583, 2573776.671 ], [ 746042.133000000030734, 2573776.606000000145286 ], [ 746042.4330000000773, 2573776.568 ], [ 746042.733, 2573776.541999999899417 ], [ 746043.033000000054017, 2573776.50400000018999 ], [ 746043.333000000100583, 2573776.438999999780208 ], [ 746043.449000000022352, 2573776.404999999795109 ], [ 746043.633000000030734, 2573776.35 ], [ 746043.9330000000773, 2573776.259999999776483 ], [ 746044.233, 2573776.18099999986589 ], [ 746044.533000000054017, 2573776.131 ], [ 746044.833000000100583, 2573776.133 ], [ 746045.133000000030734, 2573776.194999999832362 ], [ 746045.4330000000773, 2573776.313999999780208 ], [ 746045.575000000069849, 2573776.404999999795109 ] ] } },
{ "type": "Feature", "properties": { "path": "Bhopal_2" }, "geometry": { "type": "LineString", "coordinates": [ [ 745552.054999999934807, 2573909.904999999795109 ], [ 745549.160999999963678, 2573911.117999999783933 ], [ 745549.292999999946915, 2573915.318 ], [ 745549.505, 2573919.217999999877065 ], [ 745549.804, 2573923.117999999783933 ], [ 745549.87699999997858, 2573927.318 ], [ 745550.104999999981374, 2573931.217999999877065 ], [ 745550.255, 2573935.268000000156462 ], [ 745550.404999999911524, 2573939.318 ], [ 745550.404999999911524, 2573943.518000000156462 ], [ 745550.404999999911524, 2573947.717999999877065 ], [ 745550.072999999974854, 2573951.617999999783933 ], [ 745547.255, 2573952.967999999877065 ], [ 745544.554999999934807, 2573954.213 ], [ 745546.054999999934807, 2573956.268000000156462 ], [ 745549.95499999995809, 2573956.446 ], [ 745550.854999999981374, 2573959.481000000145286 ], [ 745550.400999999954365, 2573963.318 ], [ 745550.105999999912456, 2573967.217999999877065 ], [ 745549.992999999900348, 2573971.418 ], [ 745549.354999999981374, 2573974.96100000012666 ], [ 745549.324999999953434, 2573978.318 ], [ 745548.657, 2573981.918 ], [ 745549.203999999910593, 2573985.518000000156462 ], [ 745549.186999999918044, 2573989.717999999877065 ], [ 745548.904999999911524, 2573993.617999999783933 ], [ 745549.610999999917112, 2573997.217999999877065 ], [ 745550.049999999930151, 2574000.217999999877065 ], [ 745549.804999999934807, 2574004.117999999783933 ], [ 745548.755, 2574007.395 ], [ 745545.45499999995809, 2574008.117 ], [ 745541.554999999934807, 2574008.467999999877065 ], [ 745537.354999999981374, 2574008.356000000145286 ], [ 745534.054999999934807, 2574008.707 ], [ 745531.354999999981374, 2574010.160999999847263 ], [ 745528.354999999981374, 2574011.58 ], [ 745525.95499999995809, 2574013.171999999787658 ], [ 745523.503999999957159, 2574014.918 ], [ 745520.934, 2574016.717999999877065 ], [ 745518.45499999995809, 2574018.466 ], [ 745516.054999999934807, 2574020.168 ], [ 745513.802999999956228, 2574022.117999999783933 ], [ 745511.554999999934807, 2574024.173 ], [ 745509.45499999995809, 2574026.166999999899417 ], [ 745507.115, 2574028.117999999783933 ], [ 745504.654999999911524, 2574029.758 ], [ 745501.95499999995809, 2574031.191000000108033 ], [ 745498.654999999911524, 2574032.168 ], [ 745495.354999999981374, 2574033.177999999839813 ], [ 745492.230999999912456, 2574034.117999999783933 ], [ 745489.054999999934807, 2574035.069999999832362 ], [ 745485.961999999941327, 2574036.217999999877065 ], [ 745483.054999999934807, 2574037.642 ], [ 745480.261999999987893, 2574038.918 ], [ 745477.354999999981374, 2574040.268000000156462 ], [ 745474.354999999981374, 2574041.541000000201166 ], [ 745471.354999999981374, 2574042.697000000160187 ], [ 745468.054999999934807, 2574042.950999999884516 ], [ 745465.054999999934807, 2574041.83 ], [ 745462.19399999990128, 2574040.418 ], [ 745460.066, 2574042.217999999877065 ], [ 745462.514999999897555, 2574044.018000000156462 ], [ 745465.20499999995809, 2574045.518000000156462 ], [ 745467.832999999984168, 2574047.018000000156462 ], [ 745470.45499999995809, 2574048.773999999742955 ], [ 745472.854999999981374, 2574050.393999999854714 ], [ 745475.854999999981374, 2574051.775 ], [ 745478.404999999911524, 2574053.318 ], [ 745481.181999999913387, 2574054.818 ], [ 745483.814999999944121, 2574056.318 ], [ 745486.654999999911524, 2574057.81 ], [ 745489.290999999968335, 2574059.318 ], [ 745492.054999999934807, 2574060.734000000171363 ], [ 745494.755, 2574062.242 ], [ 745497.393999999971129, 2574063.818 ], [ 745499.854999999981374, 2574065.572000000160187 ], [ 745502.194999999948777, 2574067.418 ], [ 745504.483999999938533, 2574069.217999999877065 ], [ 745506.49, 2574071.318 ], [ 745508.179, 2574074.018000000156462 ], [ 745509.679999999934807, 2574076.717999999877065 ], [ 745511.255, 2574079.350999999791384 ], [ 745512.755, 2574081.886 ], [ 745514.32999999995809, 2574084.518000000156462 ], [ 745515.755, 2574087.369 ], [ 745516.33199999993667, 2574091.117999999783933 ], [ 745516.95499999995809, 2574094.487999999895692 ], [ 745519.371999999973923, 2574093.518000000156462 ], [ 745520.554999999934807, 2574090.5 ], [ 745523.854999999981374, 2574091.12099999981001 ], [ 745526.554999999934807, 2574092.731000000145286 ], [ 745530.154999999911524, 2574093.386 ], [ 745533.755, 2574093.967999999877065 ], [ 745537.654999999911524, 2574094.379999999888241 ], [ 745541.255, 2574094.867 ], [ 745545.154999999911524, 2574095.168 ], [ 745548.745999999926426, 2574095.918 ], [ 745550.154999999911524, 2574098.617999999783933 ], [ 745550.358999999938533, 2574102.518000000156462 ], [ 745550.404999999911524, 2574106.717999999877065 ], [ 745549.992999999900348, 2574110.617999999783933 ], [ 745549.616999999969266, 2574114.217999999877065 ], [ 745549.354999999981374, 2574118.117999999783933 ], [ 745549.930999999982305, 2574121.717999999877065 ], [ 745550.277, 2574125.318 ], [ 745550.854999999981374, 2574128.614 ], [ 745553.662000000011176, 2574128.318 ], [ 745553.70499999995809, 2574124.117999999783933 ], [ 745554.005999999935739, 2574120.217999999877065 ], [ 745556.255, 2574118.256 ], [ 745560.154999999911524, 2574117.916999999899417 ], [ 745564.054999999934807, 2574117.66399999987334 ], [ 745567.95499999995809, 2574117.316999999806285 ], [ 745571.554999999934807, 2574116.879999999888241 ], [ 745575.45499999995809, 2574116.472999999765307 ], [ 745579.354999999981374, 2574116.166999999899417 ], [ 745583.255, 2574115.864 ], [ 745587.154999999911524, 2574115.566999999806285 ], [ 745591.054999999934807, 2574115.156 ], [ 745594.654999999911524, 2574114.717999999877065 ], [ 745598.854999999981374, 2574114.599 ], [ 745602.755, 2574114.367999999783933 ], [ 745606.654999999911524, 2574114.072999999858439 ], [ 745610.255, 2574114.041999999899417 ], [ 745611.042999999946915, 2574117.518000000156462 ], [ 745613.408999999985099, 2574118.418 ], [ 745613.554999999934807, 2574114.88799999980256 ], [ 745616.554999999934807, 2574113.768000000156462 ], [ 745620.45499999995809, 2574113.36200000019744 ], [ 745623.755, 2574113.182 ], [ 745627.654999999911524, 2574112.918999999761581 ], [ 745631.854999999981374, 2574112.867999999783933 ], [ 745635.755, 2574112.568 ], [ 745639.654999999911524, 2574112.264 ], [ 745643.404999999911524, 2574111.818 ], [ 745647.154999999911524, 2574111.955999999772757 ], [ 745648.510999999940395, 2574114.818 ], [ 745651.054999999934807, 2574115.288000000175089 ], [ 745651.682999999960884, 2574111.818 ], [ 745655.255, 2574111.068 ], [ 745659.45499999995809, 2574111.066999999806285 ], [ 745663.354999999981374, 2574110.83 ], [ 745667.255, 2574110.955999999772757 ], [ 745670.854999999981374, 2574111.634999999776483 ], [ 745674.154999999911524, 2574112.535000000149012 ], [ 745677.45499999995809, 2574113.501999999862164 ], [ 745680.639999999897555, 2574114.518000000156462 ], [ 745684.054999999934807, 2574115.254999999888241 ], [ 745687.654999999911524, 2574115.816999999806285 ], [ 745691.554999999934807, 2574116.168 ], [ 745695.45499999995809, 2574116.484999999869615 ], [ 745699.054999999934807, 2574117.179 ], [ 745702.654999999911524, 2574117.719 ], [ 745705.95499999995809, 2574118.517 ], [ 745710.154999999911524, 2574118.568 ], [ 745714.354999999981374, 2574118.643999999854714 ], [ 745718.255, 2574118.867 ], [ 745722.45499999995809, 2574118.867999999783933 ], [ 745726.654999999911524, 2574118.80599999986589 ], [ 745730.255, 2574118.867999999783933 ], [ 745734.45499999995809, 2574118.869 ], [ 745736.403999999980442, 2574121.117999999783933 ], [ 745737.45499999995809, 2574124.21 ], [ 745739.137999999918975, 2574121.717999999877065 ], [ 745741.654999999911524, 2574120.06900000013411 ], [ 745745.255, 2574120.12900000018999 ], [ 745749.154999999911524, 2574120.367999999783933 ], [ 745753.054999999934807, 2574120.66399999987334 ], [ 745757.255, 2574120.668 ], [ 745761.45499999995809, 2574120.66399999987334 ], [ 745765.054999999934807, 2574120.700000000186265 ], [ 745769.255, 2574120.673 ], [ 745773.017999999923632, 2574120.818 ], [ 745776.755, 2574120.986 ], [ 745780.654999999911524, 2574121.273 ], [ 745783.95499999995809, 2574121.563999999780208 ], [ 745788.149999999906868, 2574121.717999999877065 ], [ 745792.054999999934807, 2574121.776 ], [ 745796.255, 2574121.98 ], [ 745799.554999999934807, 2574122.122 ], [ 745803.45499999995809, 2574121.933000000193715 ], [ 745807.654999999911524, 2574121.873000000137836 ], [ 745811.554999999934807, 2574122.168 ], [ 745815.154999999911524, 2574122.646999999880791 ], [ 745815.604999999981374, 2574125.918 ], [ 745815.604999999981374, 2574130.117999999783933 ], [ 745816.421999999904074, 2574133.418 ], [ 745820.125, 2574133.717999999877065 ], [ 745820.70499999995809, 2574130.117999999783933 ], [ 745820.723, 2574125.918 ], [ 745821.755, 2574122.66399999987334 ], [ 745825.354999999981374, 2574122.768000000156462 ], [ 745829.554999999934807, 2574122.81900000013411 ], [ 745833.45499999995809, 2574123.068 ], [ 745837.354999999981374, 2574123.367 ], [ 745841.554999999934807, 2574123.386 ], [ 745845.45499999995809, 2574123.611 ], [ 745849.654999999911524, 2574123.719 ], [ 745853.554999999934807, 2574124.032999999821186 ], [ 745857.45499999995809, 2574124.268000000156462 ], [ 745861.354999999981374, 2574124.517 ], [ 745865.554999999934807, 2574124.683999999891967 ], [ 745867.654999999911524, 2574126.557 ], [ 745870.054999999934807, 2574128.435 ], [ 745872.08199999993667, 2574126.217999999877065 ], [ 745875.154999999911524, 2574125.166999999899417 ], [ 745879.354999999981374, 2574125.168 ], [ 745883.554999999934807, 2574125.168 ], [ 745887.45499999995809, 2574125.0 ], [ 745891.354999999981374, 2574125.111 ], [ 745895.554999999934807, 2574125.166999999899417 ], [ 745899.45499999995809, 2574124.821 ], [ 745902.755, 2574123.921999999787658 ], [ 745906.054999999934807, 2574124.867999999783933 ], [ 745909.654999999911524, 2574124.741 ], [ 745913.554999999934807, 2574124.568 ], [ 745917.604999999981374, 2574124.418 ], [ 745921.348, 2574124.717999999877065 ], [ 745922.052999999956228, 2574128.018000000156462 ], [ 745922.194999999948777, 2574131.617999999783933 ], [ 745925.554999999934807, 2574132.475 ], [ 745928.380999999935739, 2574131.617999999783933 ], [ 745928.755999999935739, 2574127.717999999877065 ], [ 745930.545999999972992, 2574125.318 ], [ 745934.554999999934807, 2574125.168 ], [ 745938.154999999911524, 2574125.117 ], [ 745942.354999999981374, 2574125.163000000175089 ], [ 745945.804999999934807, 2574124.418 ], [ 745949.854999999981374, 2574124.273 ], [ 745953.45499999995809, 2574124.867999999783933 ], [ 745957.354999999981374, 2574125.168 ], [ 745961.115999999921769, 2574125.318 ], [ 745964.554999999934807, 2574125.768000000156462 ], [ 745967.854999999981374, 2574126.55599999986589 ], [ 745971.45499999995809, 2574127.234999999869615 ], [ 745974.755, 2574128.318 ], [ 745975.25199999997858, 2574131.918 ], [ 745975.745, 2574135.518000000156462 ], [ 745979.104999999981374, 2574136.418 ], [ 745981.95499999995809, 2574135.927999999839813 ], [ 745982.854999999981374, 2574132.606999999843538 ], [ 745985.854999999981374, 2574132.778 ], [ 745988.854999999981374, 2574133.932 ], [ 745991.854999999981374, 2574135.065 ], [ 745994.854999999981374, 2574136.191999999806285 ], [ 745997.854999999981374, 2574137.325000000186265 ], [ 746000.854999999981374, 2574138.731999999843538 ], [ 746003.70499999995809, 2574140.018000000156462 ], [ 746006.648999999975786, 2574141.217999999877065 ], [ 746009.554999999934807, 2574142.506999999750406 ], [ 746012.457999999984168, 2574143.918 ], [ 746015.255, 2574145.194999999832362 ], [ 746018.255, 2574146.529999999795109 ], [ 746021.255, 2574147.728999999817461 ], [ 746024.70499999995809, 2574148.418 ], [ 746028.45499999995809, 2574148.98 ], [ 746030.938999999896623, 2574150.518000000156462 ], [ 746031.005, 2574154.717999999877065 ], [ 746033.255, 2574156.654 ], [ 746034.493999999947846, 2574153.818 ], [ 746035.054999999934807, 2574150.687 ], [ 746038.157999999937601, 2574149.617999999783933 ], [ 746041.95499999995809, 2574149.768000000156462 ], [ 746046.154999999911524, 2574149.768000000156462 ], [ 746049.813999999896623, 2574150.217999999877065 ], [ 746052.154999999911524, 2574152.251000000163913 ], [ 746053.354999999981374, 2574155.142 ], [ 746054.502999999909662, 2574158.318 ], [ 746055.51, 2574161.318 ], [ 746056.628999999957159, 2574164.617999999783933 ], [ 746059.054999999934807, 2574165.668 ], [ 746062.354999999981374, 2574164.876000000163913 ], [ 746064.649999999906868, 2574162.818 ], [ 746063.816, 2574159.518000000156462 ], [ 746062.791999999899417, 2574156.217999999877065 ], [ 746062.015999999945052, 2574152.918 ], [ 746061.555999999982305, 2574149.617999999783933 ], [ 746065.054999999934807, 2574149.355 ], [ 746066.988000000012107, 2574147.217999999877065 ], [ 746065.054999999934807, 2574145.015999999828637 ], [ 746061.608999999938533, 2574144.217999999877065 ], [ 746060.152, 2574141.518000000156462 ], [ 746059.555999999982305, 2574137.918 ], [ 746058.755, 2574134.53899999987334 ], [ 746054.854999999981374, 2574134.18099999986589 ], [ 746052.305999999982305, 2574135.818 ], [ 746052.154999999911524, 2574139.867999999783933 ], [ 746051.936999999918044, 2574143.918 ], [ 746049.45499999995809, 2574145.549999999813735 ], [ 746045.255, 2574145.665 ], [ 746041.054999999934807, 2574145.660000000149012 ], [ 746037.154999999911524, 2574145.315 ], [ 746033.255, 2574145.079 ], [ 746030.06899999990128, 2574144.518000000156462 ], [ 746026.37699999997858, 2574143.918 ], [ 746023.654999999911524, 2574143.217999999877065 ], [ 746020.354999999981374, 2574142.268000000156462 ], [ 746017.354999999981374, 2574141.01299999980256 ], [ 746017.017, 2574137.918 ], [ 746017.560999999986961, 2574134.318 ], [ 746016.154999999911524, 2574131.52 ], [ 746014.328999999910593, 2574133.717999999877065 ], [ 746013.066, 2574136.717999999877065 ], [ 746010.407, 2574136.717999999877065 ], [ 746009.10999999998603, 2574133.717999999877065 ], [ 746009.554999999934807, 2574130.004999999888241 ], [ 746010.358999999938533, 2574126.518000000156462 ], [ 746007.45499999995809, 2574125.080999999772757 ], [ 746005.654999999911524, 2574126.967999999877065 ], [ 746004.712999999988824, 2574130.117999999783933 ], [ 746002.95499999995809, 2574132.815 ], [ 745999.96999999997206, 2574131.918 ], [ 745996.95499999995809, 2574130.864999999757856 ], [ 745993.95499999995809, 2574129.73 ], [ 745990.95499999995809, 2574128.471 ], [ 745987.95499999995809, 2574127.366 ], [ 745984.654999999911524, 2574126.244 ], [ 745981.95499999995809, 2574124.799000000115484 ], [ 745981.453999999910593, 2574121.717999999877065 ], [ 745981.738999999943189, 2574117.818 ], [ 745981.804999999934807, 2574113.617999999783933 ], [ 745981.804, 2574109.418 ], [ 745981.505999999935739, 2574105.518000000156462 ], [ 745981.804999999934807, 2574101.617999999783933 ], [ 745981.804999999934807, 2574097.418 ], [ 745981.522999999928288, 2574093.518000000156462 ], [ 745981.505, 2574089.318 ], [ 745981.505, 2574085.117999999783933 ], [ 745981.782999999937601, 2574081.217999999877065 ], [ 745981.225999999907799, 2574077.617999999783933 ], [ 745981.804999999934807, 2574074.018000000156462 ], [ 745982.057999999960884, 2574070.117999999783933 ], [ 745982.104999999981374, 2574065.918 ], [ 745982.104999999981374, 2574061.717999999877065 ], [ 745982.104999999981374, 2574057.518000000156462 ], [ 745982.104999999981374, 2574053.318 ], [ 745982.104999999981374, 2574049.117999999783933 ], [ 745982.137999999918975, 2574044.918 ], [ 745982.403999999980442, 2574041.018000000156462 ], [ 745982.515999999945052, 2574037.418 ], [ 745982.517, 2574033.217999999877065 ], [ 745982.892999999923632, 2574029.617999999783933 ], [ 745983.154999999911524, 2574025.568 ], [ 745983.45499999995809, 2574021.568 ], [ 745983.637999999918975, 2574017.617999999783933 ], [ 745983.900999999954365, 2574013.717999999877065 ], [ 745983.812999999965541, 2574009.518000000156462 ], [ 745983.903999999980442, 2574005.318 ], [ 745983.674999999930151, 2574001.418 ], [ 745983.904999999911524, 2573997.518000000156462 ], [ 745984.186999999918044, 2573993.617999999783933 ], [ 745984.203999999910593, 2573989.418 ], [ 745983.904999999911524, 2573985.518000000156462 ], [ 745983.684, 2573981.617999999783933 ], [ 745983.604999999981374, 2573977.418 ], [ 745983.305999999982305, 2573973.518000000156462 ], [ 745983.192999999970198, 2573969.318 ], [ 745983.005, 2573965.418 ], [ 745982.8169999999227, 2573961.518000000156462 ], [ 745983.003999999957159, 2573957.617999999783933 ], [ 745982.554999999934807, 2573954.18099999986589 ], [ 745982.701, 2573950.117999999783933 ], [ 745982.299, 2573946.217999999877065 ], [ 745982.122999999905005, 2573942.918 ], [ 745982.103999999933876, 2573938.717999999877065 ], [ 745981.912000000011176, 2573935.418 ], [ 745983.45499999995809, 2573932.935999999754131 ], [ 745987.354999999981374, 2573932.680000000167638 ], [ 745991.255, 2573932.25 ], [ 745992.407999999937601, 2573929.717999999877065 ], [ 745989.154999999911524, 2573928.654999999795109 ], [ 745984.95499999995809, 2573928.779999999795109 ], [ 745981.054999999934807, 2573929.025 ], [ 745977.45499999995809, 2573929.018999999854714 ], [ 745973.554999999934807, 2573928.685999999754131 ], [ 745969.654999999911524, 2573928.386 ], [ 745965.755, 2573928.072999999858439 ], [ 745961.854999999981374, 2573928.219 ], [ 745957.95499999995809, 2573927.971 ], [ 745954.054999999934807, 2573927.717000000178814 ], [ 745950.154999999911524, 2573927.435 ], [ 745945.95499999995809, 2573927.467999999877065 ], [ 745942.054999999934807, 2573927.168 ], [ 745938.154999999911524, 2573926.816999999806285 ], [ 745934.407, 2573926.418 ], [ 745930.95499999995809, 2573925.758 ], [ 745928.952999999979511, 2573923.418 ], [ 745928.321, 2573920.418 ], [ 745924.95499999995809, 2573920.173 ], [ 745923.856999999959953, 2573923.418 ], [ 745921.354999999981374, 2573924.937 ], [ 745917.755, 2573925.089999999850988 ], [ 745913.854999999981374, 2573925.217999999877065 ], [ 745911.270999999949709, 2573926.418 ], [ 745911.755, 2573930.248000000137836 ], [ 745915.654999999911524, 2573930.467999999877065 ], [ 745919.854999999981374, 2573930.467000000178814 ], [ 745923.767, 2573930.617999999783933 ], [ 745924.95499999995809, 2573933.768000000156462 ], [ 745925.104999999981374, 2573937.818 ], [ 745925.104999999981374, 2573942.018000000156462 ], [ 745925.104999999981374, 2573946.217999999877065 ], [ 745925.307999999960884, 2573950.117999999783933 ], [ 745925.403999999980442, 2573954.318 ], [ 745925.090999999898486, 2573958.217999999877065 ], [ 745924.804999999934807, 2573962.117999999783933 ], [ 745924.505, 2573966.018000000156462 ], [ 745924.213999999919906, 2573969.918 ], [ 745924.207999999984168, 2573974.117999999783933 ], [ 745923.904999999911524, 2573978.018000000156462 ], [ 745923.904999999911524, 2573982.217999999877065 ], [ 745923.604999999981374, 2573986.117999999783933 ], [ 745923.604999999981374, 2573990.318 ], [ 745923.604999999981374, 2573994.518000000156462 ], [ 745923.604999999981374, 2573998.717999999877065 ], [ 745923.604999999981374, 2574002.918 ], [ 745923.322999999974854, 2574006.818 ], [ 745922.892999999923632, 2574010.717999999877065 ], [ 745922.400999999954365, 2574014.318 ], [ 745919.854999999981374, 2574015.967999999877065 ], [ 745915.654999999911524, 2574015.967999999877065 ], [ 745911.902999999932945, 2574016.117999999783933 ], [ 745908.154999999911524, 2574015.673 ], [ 745904.255, 2574015.369 ], [ 745900.354999999981374, 2574015.168999999761581 ], [ 745896.755, 2574014.575999999884516 ], [ 745893.154999999911524, 2574013.761 ], [ 745889.554999999934807, 2574013.233 ], [ 745888.493999999947846, 2574010.117999999783933 ], [ 745886.70699999993667, 2574010.418 ], [ 745885.354999999981374, 2574013.177999999839813 ], [ 745881.154999999911524, 2574013.236 ], [ 745877.255, 2574013.568 ], [ 745873.654999999911524, 2574013.679 ], [ 745870.538999999989755, 2574012.518000000156462 ], [ 745870.449999999953434, 2574008.318 ], [ 745868.554999999934807, 2574005.949 ], [ 745864.935999999986961, 2574005.918 ], [ 745864.560999999986961, 2574009.217999999877065 ], [ 745863.45499999995809, 2574011.636 ], [ 745859.255, 2574011.768000000156462 ], [ 745855.054999999934807, 2574011.768000000156462 ], [ 745850.854999999981374, 2574011.768000000156462 ], [ 745846.95499999995809, 2574011.998000000137836 ], [ 745843.054999999934807, 2574011.768000000156462 ], [ 745838.854999999981374, 2574011.768000000156462 ], [ 745834.654999999911524, 2574011.768000000156462 ], [ 745830.45499999995809, 2574011.768999999854714 ], [ 745826.554999999934807, 2574012.068 ], [ 745822.95499999995809, 2574011.562 ], [ 745821.007999999914318, 2574009.217999999877065 ], [ 745818.45499999995809, 2574008.171999999787658 ], [ 745816.353, 2574010.117999999783933 ], [ 745814.255, 2574012.367 ], [ 745810.054999999934807, 2574012.322000000160187 ], [ 745806.45499999995809, 2574012.489999999757856 ], [ 745802.854999999981374, 2574011.821 ], [ 745799.952999999979511, 2574011.617999999783933 ], [ 745795.95499999995809, 2574011.467999999877065 ], [ 745791.755, 2574011.535999999847263 ], [ 745789.054999999934807, 2574011.782999999821186 ], [ 745785.304999999934807, 2574011.617999999783933 ], [ 745781.554999999934807, 2574012.066999999806285 ], [ 745777.654999999911524, 2574011.691999999806285 ], [ 745773.755, 2574011.435 ], [ 745770.09699999995064, 2574011.918 ], [ 745766.255, 2574012.367999999783933 ], [ 745762.054999999934807, 2574012.367999999783933 ], [ 745757.854999999981374, 2574012.367999999783933 ], [ 745753.654999999911524, 2574012.367999999783933 ], [ 745749.45499999995809, 2574012.367999999783933 ], [ 745745.255, 2574012.367999999783933 ], [ 745741.054999999934807, 2574012.349 ], [ 745739.473999999929219, 2574009.818 ], [ 745737.154999999911524, 2574007.81900000013411 ], [ 745735.354999999981374, 2574010.166000000201166 ], [ 745732.95499999995809, 2574012.049999999813735 ], [ 745728.755, 2574012.072000000160187 ], [ 745724.554999999934807, 2574012.021000000182539 ], [ 745720.654999999911524, 2574011.751000000163913 ], [ 745717.054999999934807, 2574011.200999999884516 ], [ 745713.755, 2574010.359000000171363 ], [ 745710.154999999911524, 2574010.862999999895692 ], [ 745706.255, 2574010.699 ], [ 745702.354999999981374, 2574010.217000000178814 ], [ 745698.755, 2574009.668999999761581 ], [ 745694.554999999934807, 2574009.671999999787658 ], [ 745690.654999999911524, 2574009.438 ], [ 745687.354999999981374, 2574009.021000000182539 ], [ 745684.054999999934807, 2574008.219 ], [ 745679.854999999981374, 2574008.168 ], [ 745675.654999999911524, 2574008.168 ], [ 745671.45499999995809, 2574008.16399999987334 ], [ 745667.554999999934807, 2574007.867999999783933 ], [ 745663.354999999981374, 2574007.867999999783933 ], [ 745659.154999999911524, 2574007.864 ], [ 745656.26, 2574006.518000000156462 ], [ 745655.255, 2574003.410999999847263 ], [ 745653.005, 2574005.318 ], [ 745653.005, 2574009.518000000156462 ], [ 745653.005, 2574013.717999999877065 ], [ 745653.005, 2574017.918 ], [ 745653.005, 2574022.117999999783933 ], [ 745653.005, 2574026.318 ], [ 745653.005, 2574030.518000000156462 ], [ 745653.154999999911524, 2574034.568 ], [ 745653.304999999934807, 2574038.617999999783933 ], [ 745653.287999999942258, 2574042.818 ], [ 745653.304999999934807, 2574047.018000000156462 ], [ 745652.854999999981374, 2574050.768000000156462 ], [ 745652.01, 2574054.217999999877065 ], [ 745650.755, 2574057.16399999987334 ], [ 745648.95499999995809, 2574059.543 ], [ 745646.983, 2574061.717999999877065 ], [ 745644.154999999911524, 2574063.018999999854714 ], [ 745642.56899999990128, 2574065.617999999783933 ], [ 745641.675999999977648, 2574068.918 ], [ 745642.448999999905936, 2574072.217999999877065 ], [ 745642.743999999947846, 2574075.518000000156462 ], [ 745643.593, 2574078.818 ], [ 745643.709999999962747, 2574083.018000000156462 ], [ 745644.154999999911524, 2574086.768000000156462 ], [ 745644.586999999941327, 2574090.518000000156462 ], [ 745644.922999999951571, 2574094.418 ], [ 745645.453999999910593, 2574098.018000000156462 ], [ 745645.855999999912456, 2574101.918 ], [ 745646.327999999979511, 2574105.518000000156462 ], [ 745643.554999999934807, 2574106.918 ], [ 745639.95499999995809, 2574107.579 ], [ 745636.354999999981374, 2574108.119 ], [ 745632.755, 2574108.668 ], [ 745628.854999999981374, 2574108.847999999765307 ], [ 745626.45499999995809, 2574109.614 ], [ 745622.854999999981374, 2574110.168999999761581 ], [ 745618.95499999995809, 2574110.467999999877065 ], [ 745614.755, 2574110.467999999877065 ], [ 745610.854999999981374, 2574110.764 ], [ 745606.95499999995809, 2574111.017 ], [ 745602.755, 2574111.102 ], [ 745599.45499999995809, 2574110.654999999795109 ], [ 745598.498999999952503, 2574107.617999999783933 ], [ 745597.692999999970198, 2574104.018000000156462 ], [ 745596.851999999955297, 2574100.717999999877065 ], [ 745596.554999999934807, 2574096.818 ], [ 745595.8169999999227, 2574093.518000000156462 ], [ 745594.95499999995809, 2574089.977 ], [ 745594.354999999981374, 2574086.501999999862164 ], [ 745593.617999999900348, 2574083.018000000156462 ], [ 745592.95499999995809, 2574079.418 ], [ 745591.654999999911524, 2574076.579 ], [ 745589.854999999981374, 2574074.075999999884516 ], [ 745588.578999999910593, 2574071.318 ], [ 745587.154999999911524, 2574068.518000000156462 ], [ 745585.962999999988824, 2574065.318 ], [ 745585.054999999934807, 2574062.194999999832362 ], [ 745583.957999999984168, 2574059.018000000156462 ], [ 745582.95499999995809, 2574055.869 ], [ 745581.904999999911524, 2574052.717999999877065 ], [ 745580.897, 2574049.418 ], [ 745580.123999999952503, 2574046.117999999783933 ], [ 745581.755, 2574043.677999999839813 ], [ 745582.354999999981374, 2574041.509999999776483 ], [ 745579.323999999905936, 2574040.418 ], [ 745578.154999999911524, 2574037.268000000156462 ], [ 745577.138999999966472, 2574034.117999999783933 ], [ 745576.170999999972992, 2574030.818 ], [ 745575.19399999990128, 2574027.518000000156462 ], [ 745574.101999999955297, 2574024.518000000156462 ], [ 745573.002999999909662, 2574021.518000000156462 ], [ 745571.854999999981374, 2574018.287 ], [ 745570.902999999932945, 2574015.217999999877065 ], [ 745569.904999999911524, 2574011.918 ], [ 745568.939999999944121, 2574008.617999999783933 ], [ 745566.154999999911524, 2574007.268000000156462 ], [ 745562.255, 2574007.614 ], [ 745558.354999999981374, 2574007.816999999806285 ], [ 745554.936999999918044, 2574007.117999999783933 ], [ 745553.854999999981374, 2574003.967999999877065 ], [ 745553.437999999965541, 2574000.217999999877065 ], [ 745552.866999999969266, 2573997.217999999877065 ], [ 745553.386999999987893, 2573993.617999999783933 ], [ 745553.404999999911524, 2573989.418 ], [ 745553.70499999995809, 2573985.518000000156462 ], [ 745553.968999999924563, 2573981.617999999783933 ], [ 745554.003999999957159, 2573978.018000000156462 ], [ 745554.008999999961816, 2573973.818 ], [ 745554.005, 2573969.617999999783933 ], [ 745554.005, 2573965.418 ], [ 745554.073999999905936, 2573961.217999999877065 ], [ 745554.506999999983236, 2573957.617999999783933 ], [ 745554.604999999981374, 2573953.418 ], [ 745554.492999999900348, 2573949.217999999877065 ], [ 745554.304999999934807, 2573945.318 ], [ 745553.854999999981374, 2573941.893000000156462 ], [ 745554.304999999934807, 2573938.117999999783933 ], [ 745554.23699999996461, 2573933.918 ], [ 745554.309999999939464, 2573929.717999999877065 ], [ 745555.716999999945983, 2573927.018000000156462 ], [ 745559.854999999981374, 2573926.867999999783933 ], [ 745564.054999999934807, 2573926.867999999783933 ], [ 745567.654999999911524, 2573926.918 ], [ 745570.725999999907799, 2573925.818 ], [ 745568.554999999934807, 2573923.867999999783933 ], [ 745564.354999999981374, 2573923.867999999783933 ], [ 745560.45499999995809, 2573924.168 ], [ 745556.255, 2573924.168 ], [ 745553.47199999995064, 2573922.818 ], [ 745552.916999999899417, 2573919.217999999877065 ], [ 745553.049999999930151, 2573915.318 ], [ 745552.692999999970198, 2573911.418 ], [ 745552.054999999934807, 2573909.904999999795109 ] ] } },
{ "type": "Feature", "properties": { "path": "Bhopal_2" }, "geometry": { "type": "LineString", "coordinates": [ [ 745948.505, 2573930.918 ], [ 745950.154999999911524, 2573931.068 ], [ 745951.95499999995809, 2573931.068 ], [ 745953.755, 2573931.068 ], [ 745955.554999999934807, 2573931.068 ], [ 745957.354999999981374, 2573931.180000000167638 ], [ 745958.854999999981374, 2573931.367 ], [ 745960.654999999911524, 2573931.367999999783933 ], [ 745962.45499999995809, 2573931.367999999783933 ], [ 745964.104999999981374, 2573931.518000000156462 ], [ 745965.755, 2573931.611 ], [ 745967.554999999934807, 2573931.719 ], [ 745969.054999999934807, 2573931.964000000152737 ], [ 745970.554999999934807, 2573932.156 ], [ 745972.354999999981374, 2573932.379999999888241 ], [ 745973.854999999981374, 2573932.566999999806285 ], [ 745975.402999999932945, 2573932.717999999877065 ], [ 745976.527999999932945, 2573933.617999999783933 ], [ 745976.821, 2573935.117999999783933 ], [ 745977.235999999917112, 2573936.318 ], [ 745977.321999999927357, 2573938.117999999783933 ], [ 745977.305999999982305, 2573939.918 ], [ 745977.492999999900348, 2573941.418 ], [ 745977.604999999981374, 2573943.217999999877065 ], [ 745977.604999999981374, 2573945.018000000156462 ], [ 745977.604999999981374, 2573946.818 ], [ 745977.604999999981374, 2573948.617999999783933 ], [ 745977.655999999959022, 2573950.418 ], [ 745977.900999999954365, 2573951.918 ], [ 745977.904999999911524, 2573953.717999999877065 ], [ 745977.904999999911524, 2573955.518000000156462 ], [ 745977.904999999911524, 2573957.318 ], [ 745977.904999999911524, 2573959.117999999783933 ], [ 745978.054999999934807, 2573960.768000000156462 ], [ 745978.296999999904074, 2573962.418 ], [ 745978.209999999962747, 2573964.217999999877065 ], [ 745978.238000000012107, 2573966.018000000156462 ], [ 745978.213999999919906, 2573967.818 ], [ 745978.654999999911524, 2573969.276 ], [ 745979.299999999930151, 2573970.217999999877065 ], [ 745979.246999999973923, 2573971.717999999877065 ], [ 745978.572999999974854, 2573972.918 ], [ 745978.505, 2573974.717999999877065 ], [ 745978.505, 2573976.518000000156462 ], [ 745978.522999999928288, 2573978.318 ], [ 745978.787000000011176, 2573979.818 ], [ 745978.804999999934807, 2573981.617999999783933 ], [ 745978.804999999934807, 2573983.418 ], [ 745978.800999999977648, 2573985.217999999877065 ], [ 745978.555999999982305, 2573986.717999999877065 ], [ 745978.505, 2573988.518000000156462 ], [ 745978.573999999905936, 2573990.318 ], [ 745978.505, 2573992.117999999783933 ], [ 745978.500999999931082, 2573993.918 ], [ 745978.250999999931082, 2573995.418 ], [ 745977.755, 2573996.68099999986589 ], [ 745976.255, 2573997.191000000108033 ], [ 745974.755, 2573997.362999999895692 ], [ 745973.238000000012107, 2573997.217999999877065 ], [ 745972.054999999934807, 2573997.56 ], [ 745971.655999999959022, 2573999.018000000156462 ], [ 745971.755, 2574000.707 ], [ 745972.654999999911524, 2574001.435999999754131 ], [ 745974.45499999995809, 2574001.517 ], [ 745975.95499999995809, 2574001.256 ], [ 745977.755, 2574001.353999999817461 ], [ 745978.202999999979511, 2574002.617999999783933 ], [ 745978.20499999995809, 2574004.418 ], [ 745978.20499999995809, 2574006.217999999877065 ], [ 745978.203999999910593, 2574008.018000000156462 ], [ 745978.093, 2574009.818 ], [ 745977.909999999916181, 2574011.318 ], [ 745977.904999999911524, 2574013.117999999783933 ], [ 745977.904999999911524, 2574014.918 ], [ 745977.904999999911524, 2574016.717999999877065 ], [ 745977.848, 2574018.518000000156462 ], [ 745977.903999999980442, 2574020.318 ], [ 745977.904999999911524, 2574022.117999999783933 ], [ 745977.961999999941327, 2574023.918 ], [ 745977.905999999959022, 2574025.717999999877065 ], [ 745978.017, 2574027.518000000156462 ], [ 745978.153999999980442, 2574029.018000000156462 ], [ 745978.087999999988824, 2574030.217999999877065 ], [ 745978.495, 2574031.717999999877065 ], [ 745978.054999999934807, 2574033.20299999974668 ], [ 745977.655999999959022, 2574034.418 ], [ 745977.398999999975786, 2574035.918 ], [ 745977.022999999928288, 2574037.418 ], [ 745976.988000000012107, 2574039.217999999877065 ], [ 745976.95899999991525, 2574041.018000000156462 ], [ 745976.916999999899417, 2574042.818 ], [ 745976.723, 2574044.318 ], [ 745976.761999999987893, 2574046.117999999783933 ], [ 745976.70499999995809, 2574047.918 ], [ 745976.8169999999227, 2574049.717999999877065 ], [ 745976.983, 2574051.217999999877065 ], [ 745976.554999999934807, 2574052.449 ], [ 745976.404999999911524, 2574054.217999999877065 ], [ 745976.409999999916181, 2574056.018000000156462 ], [ 745976.593, 2574057.518000000156462 ], [ 745976.703999999910593, 2574059.318 ], [ 745976.70499999995809, 2574061.117999999783933 ], [ 745976.70499999995809, 2574062.918 ], [ 745976.70499999995809, 2574064.717999999877065 ], [ 745976.70499999995809, 2574066.518000000156462 ], [ 745976.70499999995809, 2574068.318 ], [ 745976.671999999904074, 2574070.117999999783933 ], [ 745976.588999999919906, 2574071.918 ], [ 745976.405999999959022, 2574073.418 ], [ 745976.424, 2574075.217999999877065 ], [ 745976.854999999981374, 2574076.717999999877065 ], [ 745976.593999999924563, 2574077.918 ], [ 745975.95499999995809, 2574079.069999999832362 ], [ 745975.804999999934807, 2574080.617999999783933 ], [ 745975.800999999977648, 2574082.418 ], [ 745975.555999999982305, 2574083.918 ], [ 745975.51, 2574085.717999999877065 ], [ 745975.753999999957159, 2574087.217999999877065 ], [ 745975.804999999934807, 2574089.018000000156462 ], [ 745975.804999999934807, 2574090.818 ], [ 745975.804999999934807, 2574092.617999999783933 ], [ 745975.804999999934807, 2574094.418 ], [ 745975.804999999934807, 2574096.217999999877065 ], [ 745975.692999999970198, 2574098.018000000156462 ], [ 745975.505999999935739, 2574099.518000000156462 ], [ 745975.505, 2574101.318 ], [ 745975.505, 2574103.117999999783933 ], [ 745975.505, 2574104.918 ], [ 745975.654999999911524, 2574106.568 ], [ 745975.804999999934807, 2574108.217999999877065 ], [ 745975.804999999934807, 2574110.018000000156462 ], [ 745975.804999999934807, 2574111.818 ], [ 745975.804999999934807, 2574113.617999999783933 ], [ 745975.804999999934807, 2574115.418 ], [ 745975.787000000011176, 2574117.217999999877065 ], [ 745975.517999999923632, 2574118.717999999877065 ], [ 745975.238000000012107, 2574120.217999999877065 ], [ 745974.666999999899417, 2574121.418 ], [ 745973.255, 2574121.859000000171363 ], [ 745971.755, 2574121.617999999783933 ], [ 745970.255, 2574121.379999999888241 ], [ 745968.45499999995809, 2574121.217000000178814 ], [ 745966.95499999995809, 2574120.955 ], [ 745965.45499999995809, 2574120.68099999986589 ], [ 745963.95499999995809, 2574120.418999999761581 ], [ 745962.154999999911524, 2574120.367999999783933 ], [ 745960.354999999981374, 2574120.367999999783933 ], [ 745958.554999999934807, 2574120.367999999783933 ], [ 745956.892, 2574120.217999999877065 ], [ 745955.554999999934807, 2574120.256999999750406 ], [ 745953.904999999911524, 2574120.217999999877065 ], [ 745952.255, 2574120.068 ], [ 745950.45499999995809, 2574120.068 ], [ 745948.804999999934807, 2574120.217999999877065 ], [ 745947.154999999911524, 2574120.369 ], [ 745945.654999999911524, 2574120.55599999986589 ], [ 745943.854999999981374, 2574120.617 ], [ 745942.354999999981374, 2574120.372 ], [ 745940.854999999981374, 2574120.185 ], [ 745939.354999999981374, 2574120.316999999806285 ], [ 745937.554999999934807, 2574120.256 ], [ 745936.054999999934807, 2574120.06900000013411 ], [ 745934.255, 2574120.017 ], [ 745932.755, 2574119.773 ], [ 745930.95499999995809, 2574119.768000000156462 ], [ 745929.154999999911524, 2574119.748999999836087 ], [ 745927.95499999995809, 2574119.23 ], [ 745927.381999999983236, 2574117.818 ], [ 745926.957999999984168, 2574116.617999999783933 ], [ 745926.45499999995809, 2574115.406 ], [ 745924.654999999911524, 2574115.268000000156462 ], [ 745922.854999999981374, 2574115.310999999754131 ], [ 745922.115999999921769, 2574116.318 ], [ 745922.099999999976717, 2574118.117999999783933 ], [ 745921.654999999911524, 2574119.381 ], [ 745920.154999999911524, 2574119.767 ], [ 745918.446, 2574119.918 ], [ 745916.854999999981374, 2574119.975999999791384 ], [ 745915.054999999934807, 2574120.068 ], [ 745913.255, 2574120.006 ], [ 745911.755, 2574119.815 ], [ 745909.95499999995809, 2574119.768000000156462 ], [ 745908.154999999911524, 2574119.768999999854714 ], [ 745906.59699999995064, 2574119.918 ], [ 745905.154999999911524, 2574119.824 ], [ 745903.654999999911524, 2574120.049999999813735 ], [ 745901.854999999981374, 2574120.068 ], [ 745900.054999999934807, 2574120.08600000012666 ], [ 745898.554999999934807, 2574120.273 ], [ 745897.054999999934807, 2574120.114999999757856 ], [ 745895.255, 2574120.072000000160187 ], [ 745893.45499999995809, 2574120.068 ], [ 745891.654999999911524, 2574120.06900000013411 ], [ 745890.154999999911524, 2574120.256 ], [ 745888.354999999981374, 2574120.367999999783933 ], [ 745886.554999999934807, 2574120.367999999783933 ], [ 745884.755, 2574120.318 ], [ 745883.456, 2574120.217999999877065 ], [ 745882.054999999934807, 2574120.200000000186265 ], [ 745880.554999999934807, 2574120.481000000145286 ], [ 745878.755, 2574120.318 ], [ 745877.255, 2574120.183999999891967 ], [ 745875.95499999995809, 2574120.217999999877065 ], [ 745874.554999999934807, 2574119.651 ], [ 745873.654999999911524, 2574118.969 ], [ 745872.45499999995809, 2574118.271000000182539 ], [ 745870.95499999995809, 2574117.867999999783933 ], [ 745869.45499999995809, 2574117.68099999986589 ], [ 745867.9419999999227, 2574117.818 ], [ 745867.194999999948777, 2574119.018000000156462 ], [ 745866.666999999899417, 2574120.217999999877065 ], [ 745865.255, 2574120.663000000175089 ], [ 745863.45499999995809, 2574120.668 ], [ 745861.804999999934807, 2574120.518000000156462 ], [ 745860.154999999911524, 2574120.367999999783933 ], [ 745858.424999999930151, 2574120.217999999877065 ], [ 745857.154999999911524, 2574120.508 ], [ 745855.654999999911524, 2574120.668 ], [ 745853.854999999981374, 2574120.666999999899417 ], [ 745852.354999999981374, 2574120.48 ], [ 745850.554999999934807, 2574120.367999999783933 ], [ 745848.755, 2574120.316999999806285 ], [ 745847.255, 2574120.072999999858439 ], [ 745845.45499999995809, 2574120.066999999806285 ], [ 745843.95499999995809, 2574119.879999999888241 ], [ 745842.154999999911524, 2574119.656 ], [ 745840.654999999911524, 2574119.469 ], [ 745838.854999999981374, 2574119.469 ], [ 745837.354999999981374, 2574119.656 ], [ 745835.554999999934807, 2574119.768000000156462 ], [ 745833.755, 2574119.768000000156462 ], [ 745831.95499999995809, 2574119.764 ], [ 745830.45499999995809, 2574119.518999999854714 ], [ 745828.654999999911524, 2574119.467999999877065 ], [ 745826.854999999981374, 2574119.416999999899417 ], [ 745825.354999999981374, 2574119.173 ], [ 745823.554999999934807, 2574119.05599999986589 ], [ 745822.054999999934807, 2574118.847 ], [ 745820.854999999981374, 2574118.222 ], [ 745820.546999999904074, 2574116.918 ], [ 745820.56899999990128, 2574116.018000000156462 ], [ 745820.70499999995809, 2574114.217999999877065 ], [ 745820.653999999980442, 2574112.418 ], [ 745820.441, 2574110.918 ], [ 745819.95499999995809, 2574109.682 ], [ 745818.45499999995809, 2574109.322999999858439 ], [ 745816.654999999911524, 2574109.312 ], [ 745815.647999999928288, 2574110.018000000156462 ], [ 745815.604999999981374, 2574111.818 ], [ 745815.604999999981374, 2574113.617999999783933 ], [ 745815.492999999900348, 2574115.418 ], [ 745815.238000000012107, 2574116.918 ], [ 745814.554999999934807, 2574117.910000000149012 ], [ 745813.054999999934807, 2574118.267 ], [ 745811.255, 2574118.268000000156462 ], [ 745809.45499999995809, 2574118.268000000156462 ], [ 745807.654999999911524, 2574118.268000000156462 ], [ 745805.854999999981374, 2574118.268000000156462 ], [ 745804.054999999934807, 2574118.268000000156462 ], [ 745802.255, 2574118.268000000156462 ], [ 745800.45499999995809, 2574118.268000000156462 ], [ 745798.654999999911524, 2574118.268000000156462 ], [ 745796.854999999981374, 2574118.268000000156462 ], [ 745795.054999999934807, 2574118.268000000156462 ], [ 745793.255, 2574118.268000000156462 ], [ 745791.45499999995809, 2574118.285999999847263 ], [ 745789.95499999995809, 2574118.549999999813735 ], [ 745788.304999999934807, 2574118.418 ], [ 745786.654999999911524, 2574118.268000000156462 ], [ 745784.854999999981374, 2574118.268000000156462 ], [ 745783.054999999934807, 2574118.268000000156462 ], [ 745781.255, 2574118.217999999877065 ], [ 745779.755, 2574118.103999999817461 ], [ 745777.95499999995809, 2574117.964000000152737 ], [ 745776.45499999995809, 2574117.719 ], [ 745774.654999999911524, 2574117.668999999761581 ], [ 745772.854999999981374, 2574117.798 ], [ 745771.054999999934807, 2574117.55599999986589 ], [ 745769.554999999934807, 2574117.369 ], [ 745767.755, 2574117.367999999783933 ], [ 745765.95499999995809, 2574117.364 ], [ 745764.45499999995809, 2574117.154 ], [ 745762.654999999911524, 2574117.072000000160187 ], [ 745760.854999999981374, 2574116.961999999824911 ], [ 745759.654999999911524, 2574116.941999999806285 ], [ 745757.854999999981374, 2574117.026 ], [ 745756.354999999981374, 2574117.316999999806285 ], [ 745754.554999999934807, 2574117.367999999783933 ], [ 745752.892, 2574117.217999999877065 ], [ 745751.554999999934807, 2574117.256999999750406 ], [ 745749.755, 2574117.48 ], [ 745748.255, 2574117.648999999742955 ], [ 745746.755, 2574117.403 ], [ 745744.95499999995809, 2574117.41399999987334 ], [ 745743.154999999911524, 2574117.367999999783933 ], [ 745741.354999999981374, 2574117.347 ], [ 745740.154999999911524, 2574116.725999999791384 ], [ 745739.709999999962747, 2574115.418 ], [ 745739.510999999940395, 2574113.918 ], [ 745738.826, 2574112.717999999877065 ], [ 745737.154999999911524, 2574112.611 ], [ 745736.414999999920838, 2574113.617999999783933 ], [ 745736.116999999969266, 2574115.117999999783933 ], [ 745735.054999999934807, 2574115.810999999754131 ], [ 745733.255, 2574115.756 ], [ 745731.755, 2574115.56900000013411 ], [ 745729.95499999995809, 2574115.568 ], [ 745728.154999999911524, 2574115.568 ], [ 745726.354999999981374, 2574115.660000000149012 ], [ 745724.554999999934807, 2574115.680000000167638 ], [ 745723.354999999981374, 2574115.674999999813735 ], [ 745721.554999999934807, 2574115.568 ], [ 745719.755, 2574115.568 ], [ 745717.95499999995809, 2574115.568 ], [ 745716.154999999911524, 2574115.600999999791384 ], [ 745714.354999999981374, 2574115.572000000160187 ], [ 745712.554999999934807, 2574115.472 ], [ 745711.354999999981374, 2574115.449 ], [ 745709.554999999934807, 2574115.568 ], [ 745708.054999999934807, 2574115.393999999854714 ], [ 745707.118999999947846, 2574114.518000000156462 ], [ 745705.978999999933876, 2574114.518000000156462 ], [ 745704.755, 2574114.896999999880791 ], [ 745703.255, 2574114.654999999795109 ], [ 745701.755, 2574114.381 ], [ 745700.255, 2574114.119 ], [ 745698.604999999981374, 2574113.918 ], [ 745696.95499999995809, 2574113.767 ], [ 745695.45499999995809, 2574113.579 ], [ 745693.688999999896623, 2574113.318 ], [ 745692.218999999924563, 2574113.018000000156462 ], [ 745690.654999999911524, 2574112.756 ], [ 745689.154999999911524, 2574112.56900000013411 ], [ 745687.505, 2574112.418 ], [ 745685.854999999981374, 2574112.25 ], [ 745684.354999999981374, 2574111.984999999869615 ], [ 745682.854999999981374, 2574111.779999999795109 ], [ 745681.20699999993667, 2574111.518000000156462 ], [ 745679.74, 2574111.217999999877065 ], [ 745678.354999999981374, 2574110.707 ], [ 745677.154999999911524, 2574110.312 ], [ 745675.855999999912456, 2574109.717999999877065 ], [ 745674.45499999995809, 2574109.157999999821186 ], [ 745673.255, 2574108.671 ], [ 745671.868999999947846, 2574108.217999999877065 ], [ 745670.255, 2574108.068 ], [ 745668.45499999995809, 2574107.975 ], [ 745667.534999999916181, 2574107.918 ], [ 745665.755, 2574107.768999999854714 ], [ 745663.95499999995809, 2574107.768000000156462 ], [ 745662.154999999911524, 2574107.773 ], [ 745660.654999999911524, 2574108.017 ], [ 745658.854999999981374, 2574108.072999999858439 ], [ 745657.354999999981374, 2574108.316999999806285 ], [ 745655.554999999934807, 2574108.369 ], [ 745654.054999999934807, 2574108.55599999986589 ], [ 745652.255, 2574108.663000000175089 ], [ 745650.976999999955297, 2574108.217999999877065 ], [ 745650.243999999947846, 2574107.018000000156462 ], [ 745649.821, 2574105.818 ], [ 745649.593, 2574104.018000000156462 ], [ 745649.387999999918975, 2574102.518000000156462 ], [ 745649.122999999905005, 2574101.018000000156462 ], [ 745648.992999999900348, 2574099.217999999877065 ], [ 745648.800999999977648, 2574097.717999999877065 ], [ 745648.555999999982305, 2574096.217999999877065 ], [ 745648.354999999981374, 2574094.568 ], [ 745648.093, 2574092.918 ], [ 745647.755, 2574091.558000000193715 ], [ 745647.604999999981374, 2574089.918 ], [ 745647.492999999900348, 2574088.117999999783933 ], [ 745647.305999999982305, 2574086.617999999783933 ], [ 745647.300999999977648, 2574084.818 ], [ 745647.055999999982305, 2574083.318 ], [ 745646.854999999981374, 2574081.67 ], [ 745646.554999999934807, 2574080.166000000201166 ], [ 745646.353999999933876, 2574078.518000000156462 ], [ 745646.091999999945983, 2574077.018000000156462 ], [ 745645.822999999974854, 2574075.518000000156462 ], [ 745645.692999999970198, 2574073.717999999877065 ], [ 745645.506999999983236, 2574072.217999999877065 ], [ 745645.69399999990128, 2574070.717999999877065 ], [ 745646.047999999951571, 2574069.217999999877065 ], [ 745646.73699999996461, 2574068.018000000156462 ], [ 745647.45499999995809, 2574067.04 ], [ 745648.23499999998603, 2574065.918 ], [ 745648.95499999995809, 2574064.955999999772757 ], [ 745649.809999999939464, 2574063.818 ], [ 745650.598, 2574062.918 ], [ 745651.354999999981374, 2574061.867999999783933 ], [ 745652.113000000012107, 2574060.818 ], [ 745652.997999999905005, 2574059.918 ], [ 745653.755, 2574059.004999999888241 ], [ 745654.819999999948777, 2574058.117999999783933 ], [ 745655.404999999911524, 2574056.918 ], [ 745655.894999999902211, 2574055.717999999877065 ], [ 745656.287999999942258, 2574054.217999999877065 ], [ 745656.45499999995809, 2574052.548 ], [ 745656.412999999942258, 2574051.217999999877065 ], [ 745656.45499999995809, 2574049.568 ], [ 745656.604999999981374, 2574047.918 ], [ 745656.604999999981374, 2574046.117999999783933 ], [ 745656.604999999981374, 2574044.318 ], [ 745656.604999999981374, 2574042.518000000156462 ], [ 745656.604999999981374, 2574040.717999999877065 ], [ 745656.604999999981374, 2574038.918 ], [ 745656.603999999933876, 2574037.117999999783933 ], [ 745656.474999999976717, 2574035.318 ], [ 745656.603999999933876, 2574033.518000000156462 ], [ 745656.497999999905005, 2574031.717999999877065 ], [ 745656.427999999956228, 2574030.217999999877065 ], [ 745656.305999999982305, 2574028.418 ], [ 745656.304999999934807, 2574026.617999999783933 ], [ 745656.304999999934807, 2574024.818 ], [ 745656.287000000011176, 2574023.018000000156462 ], [ 745656.023999999975786, 2574021.518000000156462 ], [ 745656.081, 2574019.717999999877065 ], [ 745656.287999999942258, 2574018.217999999877065 ], [ 745656.45499999995809, 2574016.506 ], [ 745656.409999999916181, 2574015.217999999877065 ], [ 745656.617999999900348, 2574013.717999999877065 ], [ 745657.054999999934807, 2574012.234000000171363 ], [ 745657.95499999995809, 2574011.424000000115484 ], [ 745659.355999999912456, 2574011.318 ], [ 745660.654999999911524, 2574011.273 ], [ 745662.154999999911524, 2574011.446 ], [ 745663.654999999911524, 2574011.237999999895692 ], [ 745665.154999999911524, 2574011.464000000152737 ], [ 745666.95499999995809, 2574011.455 ], [ 745668.755, 2574011.455 ], [ 745670.554999999934807, 2574011.467999999877065 ], [ 745672.354999999981374, 2574011.560999999754131 ], [ 745673.274999999906868, 2574011.617999999783933 ], [ 745675.054999999934807, 2574011.767 ], [ 745676.854999999981374, 2574011.81900000013411 ], [ 745678.354999999981374, 2574012.063999999780208 ], [ 745680.154999999911524, 2574012.068 ], [ 745681.804999999934807, 2574012.217999999877065 ], [ 745683.45499999995809, 2574012.367999999783933 ], [ 745685.255, 2574012.389 ], [ 745686.46999999997206, 2574012.818 ], [ 745687.95499999995809, 2574013.217000000178814 ], [ 745689.755, 2574013.268000000156462 ], [ 745691.554999999934807, 2574013.285999999847263 ], [ 745693.054999999934807, 2574013.549999999813735 ], [ 745694.854999999981374, 2574013.568 ], [ 745696.505, 2574013.717999999877065 ], [ 745698.154999999911524, 2574013.867999999783933 ], [ 745699.95499999995809, 2574013.869 ], [ 745701.755, 2574013.947000000160187 ], [ 745703.255, 2574013.640000000130385 ], [ 745704.45499999995809, 2574014.102 ], [ 745706.255, 2574014.173 ], [ 745707.755, 2574014.356000000145286 ], [ 745709.554999999934807, 2574014.467000000178814 ], [ 745711.354999999981374, 2574014.467999999877065 ], [ 745713.154999999911524, 2574014.36200000019744 ], [ 745714.354999999981374, 2574014.36200000019744 ], [ 745716.154999999911524, 2574014.472999999765307 ], [ 745717.654999999911524, 2574014.717999999877065 ], [ 745719.154999999911524, 2574014.975 ], [ 745720.354999999981374, 2574015.605 ], [ 745720.910999999963678, 2574017.018000000156462 ], [ 745721.615999999921769, 2574017.018000000156462 ], [ 745722.263999999966472, 2574015.818 ], [ 745723.654999999911524, 2574015.370000000111759 ], [ 745725.154999999911524, 2574015.55599999986589 ], [ 745726.95499999995809, 2574015.634999999776483 ], [ 745728.755, 2574015.665 ], [ 745730.554, 2574015.818 ], [ 745731.45499999995809, 2574015.81900000013411 ], [ 745732.745999999926426, 2574015.818 ], [ 745734.34699999995064, 2574016.117999999783933 ], [ 745735.186999999918044, 2574017.018000000156462 ], [ 745735.503999999957159, 2574018.518000000156462 ], [ 745735.547999999951571, 2574020.318 ], [ 745736.554999999934807, 2574021.062 ], [ 745738.054999999934807, 2574021.291000000201166 ], [ 745739.025999999954365, 2574020.617999999783933 ], [ 745739.104999999981374, 2574018.818 ], [ 745739.159999999916181, 2574017.018000000156462 ], [ 745739.777, 2574015.818 ], [ 745741.054999999934807, 2574015.373000000137836 ], [ 745742.854999999981374, 2574015.367999999783933 ], [ 745744.654999999911524, 2574015.367999999783933 ], [ 745746.45499999995809, 2574015.367999999783933 ], [ 745748.255, 2574015.373000000137836 ], [ 745749.755, 2574015.55599999986589 ], [ 745751.554999999934807, 2574015.666999999899417 ], [ 745753.354999999981374, 2574015.668 ], [ 745755.154999999911524, 2574015.673 ], [ 745756.650999999954365, 2574016.117999999783933 ], [ 745757.263999999966472, 2574017.018000000156462 ], [ 745758.220999999903142, 2574016.418 ], [ 745759.654999999911524, 2574015.879999999888241 ], [ 745761.154999999911524, 2574015.765000000130385 ], [ 745762.95499999995809, 2574015.668 ], [ 745764.755, 2574015.682 ], [ 745766.255, 2574015.873000000137836 ], [ 745767.755, 2574015.699 ], [ 745769.554999999934807, 2574015.68099999986589 ], [ 745771.354999999981374, 2574015.668 ], [ 745773.005, 2574015.818 ], [ 745774.654999999911524, 2574015.967999999877065 ], [ 745776.45499999995809, 2574015.967999999877065 ], [ 745778.255, 2574015.967999999877065 ], [ 745780.054999999934807, 2574015.967999999877065 ], [ 745781.854999999981374, 2574015.969 ], [ 745783.654999999911524, 2574016.025 ], [ 745785.45499999995809, 2574016.018999999854714 ], [ 745786.95499999995809, 2574016.26299999980256 ], [ 745788.45499999995809, 2574016.08 ], [ 745790.255, 2574015.967999999877065 ], [ 745792.054999999934807, 2574015.967999999877065 ], [ 745793.854999999981374, 2574015.964000000152737 ], [ 745795.354999999981374, 2574015.719 ], [ 745797.154999999911524, 2574015.668 ], [ 745798.95499999995809, 2574015.668 ], [ 745800.755, 2574015.668 ], [ 745802.554999999934807, 2574015.668 ], [ 745804.354999999981374, 2574015.668 ], [ 745806.154999999911524, 2574015.685999999754131 ], [ 745807.654999999911524, 2574016.063 ], [ 745809.014999999897555, 2574016.418 ], [ 745810.654999999911524, 2574016.568 ], [ 745812.304999999934807, 2574016.717999999877065 ], [ 745813.95499999995809, 2574016.867999999783933 ], [ 745815.684, 2574017.018000000156462 ], [ 745816.488000000012107, 2574017.918 ], [ 745816.654999999911524, 2574019.205 ], [ 745816.505, 2574020.918 ], [ 745816.505, 2574022.717999999877065 ], [ 745816.512999999918975, 2574024.518000000156462 ], [ 745817.554999999934807, 2574025.373999999836087 ], [ 745819.054999999934807, 2574025.566999999806285 ], [ 745820.854999999981374, 2574025.589999999850988 ], [ 745821.817999999970198, 2574024.818 ], [ 745821.677999999956228, 2574023.318 ], [ 745822.332999999984168, 2574022.117999999783933 ], [ 745822.537999999942258, 2574020.617999999783933 ], [ 745822.660999999963678, 2574019.117999999783933 ], [ 745823.554999999934807, 2574018.154999999795109 ], [ 745825.054999999934807, 2574017.773 ], [ 745826.854999999981374, 2574017.656 ], [ 745828.354999999981374, 2574017.469 ], [ 745830.154999999911524, 2574017.467999999877065 ], [ 745831.95499999995809, 2574017.467999999877065 ], [ 745833.755, 2574017.467999999877065 ], [ 745835.554999999934807, 2574017.467999999877065 ], [ 745837.354999999981374, 2574017.467999999877065 ], [ 745839.154999999911524, 2574017.467000000178814 ], [ 745840.95499999995809, 2574017.336999999824911 ], [ 745842.45499999995809, 2574017.279 ], [ 745844.255, 2574017.168 ], [ 745846.054999999934807, 2574017.168 ], [ 745847.854999999981374, 2574017.168 ], [ 745849.654999999911524, 2574017.117 ], [ 745851.154999999911524, 2574016.873000000137836 ], [ 745852.654999999911524, 2574017.05599999986589 ], [ 745854.45499999995809, 2574017.166999999899417 ], [ 745855.95499999995809, 2574016.98 ], [ 745857.755, 2574016.867999999783933 ], [ 745859.554999999934807, 2574016.886 ], [ 745861.054999999934807, 2574017.15 ], [ 745862.854999999981374, 2574017.299000000115484 ], [ 745863.83199999993667, 2574017.918 ], [ 745864.388999999966472, 2574019.117999999783933 ], [ 745864.505999999935739, 2574020.918 ], [ 745864.95499999995809, 2574022.271999999880791 ], [ 745866.45499999995809, 2574022.676 ], [ 745867.95499999995809, 2574022.867999999783933 ], [ 745869.755, 2574022.955999999772757 ], [ 745870.186999999918044, 2574021.518000000156462 ], [ 745869.924, 2574020.018000000156462 ], [ 745870.231999999959953, 2574018.518000000156462 ], [ 745871.255, 2574017.796999999787658 ], [ 745872.755, 2574017.518999999854714 ], [ 745874.402999999932945, 2574017.318 ], [ 745875.907, 2574017.018000000156462 ], [ 745877.554999999934807, 2574016.867999999783933 ], [ 745879.354999999981374, 2574016.867999999783933 ], [ 745881.154999999911524, 2574016.867999999783933 ], [ 745882.95499999995809, 2574016.867999999783933 ], [ 745884.755, 2574016.918999999761581 ], [ 745886.255, 2574017.16399999987334 ], [ 745888.054999999934807, 2574017.168 ], [ 745889.854999999981374, 2574017.168 ], [ 745891.654999999911524, 2574017.168 ], [ 745893.45499999995809, 2574017.168 ], [ 745895.167999999946915, 2574017.318 ], [ 745896.45499999995809, 2574017.219 ], [ 745898.255, 2574017.225999999791384 ], [ 745899.755, 2574017.356000000145286 ], [ 745901.554999999934807, 2574017.467999999877065 ], [ 745903.354999999981374, 2574017.472999999765307 ], [ 745904.854999999981374, 2574017.717000000178814 ], [ 745906.654999999911524, 2574017.717999999877065 ], [ 745907.942999999970198, 2574017.617999999783933 ], [ 745909.654999999911524, 2574017.768000000156462 ], [ 745911.45499999995809, 2574017.767 ], [ 745913.255, 2574017.765999999828637 ], [ 745915.054999999934807, 2574017.768000000156462 ], [ 745916.854999999981374, 2574017.879999999888241 ], [ 745918.354999999981374, 2574018.066999999806285 ], [ 745920.154999999911524, 2574018.08600000012666 ], [ 745921.654999999911524, 2574018.406 ], [ 745922.802999999956228, 2574019.117999999783933 ], [ 745923.005, 2574020.617999999783933 ], [ 745923.005999999935739, 2574022.418 ], [ 745923.192999999970198, 2574023.918 ], [ 745923.253999999957159, 2574025.717999999877065 ], [ 745923.154999999911524, 2574027.055000000167638 ], [ 745924.354999999981374, 2574027.666999999899417 ], [ 745925.854999999981374, 2574027.916999999899417 ], [ 745927.654999999911524, 2574028.021000000182539 ], [ 745928.400999999954365, 2574026.918 ], [ 745928.554999999934807, 2574025.254999999888241 ], [ 745928.520999999949709, 2574023.918 ], [ 745928.652999999932945, 2574022.418 ], [ 745928.573999999905936, 2574020.617999999783933 ], [ 745928.515999999945052, 2574019.117999999783933 ], [ 745928.517, 2574017.318 ], [ 745928.703999999910593, 2574015.818 ], [ 745928.70499999995809, 2574014.018000000156462 ], [ 745928.70499999995809, 2574012.217999999877065 ], [ 745928.70499999995809, 2574010.418 ], [ 745928.70499999995809, 2574008.617999999783933 ], [ 745928.70499999995809, 2574006.818 ], [ 745928.70499999995809, 2574005.018000000156462 ], [ 745928.70499999995809, 2574003.217999999877065 ], [ 745928.70499999995809, 2574001.418 ], [ 745928.70499999995809, 2573999.617999999783933 ], [ 745928.70499999995809, 2573997.818 ], [ 745928.70499999995809, 2573996.018000000156462 ], [ 745928.70499999995809, 2573994.217999999877065 ], [ 745928.70499999995809, 2573992.418 ], [ 745928.8169999999227, 2573990.617999999783933 ], [ 745929.003999999957159, 2573989.117999999783933 ], [ 745929.005999999935739, 2573987.318 ], [ 745929.192999999970198, 2573985.818 ], [ 745929.304999999934807, 2573984.018000000156462 ], [ 745929.304999999934807, 2573982.217999999877065 ], [ 745929.304999999934807, 2573980.418 ], [ 745929.304999999934807, 2573978.617999999783933 ], [ 745929.322999999974854, 2573976.818 ], [ 745929.586999999941327, 2573975.318 ], [ 745929.365999999921769, 2573973.818 ], [ 745929.01, 2573972.318 ], [ 745928.912999999942258, 2573970.518000000156462 ], [ 745929.000999999931082, 2573968.717999999877065 ], [ 745929.005, 2573966.918 ], [ 745929.005999999935739, 2573965.117999999783933 ], [ 745929.192999999970198, 2573963.617999999783933 ], [ 745929.304999999934807, 2573961.818 ], [ 745929.23699999996461, 2573960.018000000156462 ], [ 745929.305999999982305, 2573958.217999999877065 ], [ 745929.435999999986961, 2573956.418 ], [ 745929.304999999934807, 2573954.617999999783933 ], [ 745929.416999999899417, 2573952.818 ], [ 745929.603999999933876, 2573951.318 ], [ 745929.655999999959022, 2573949.518000000156462 ], [ 745929.900999999954365, 2573948.018000000156462 ], [ 745929.904999999911524, 2573946.217999999877065 ], [ 745929.904999999911524, 2573944.418 ], [ 745929.904999999911524, 2573942.617999999783933 ], [ 745929.904999999911524, 2573940.818 ], [ 745929.922999999951571, 2573939.018000000156462 ], [ 745930.186999999918044, 2573937.518000000156462 ], [ 745930.209999999962747, 2573935.717999999877065 ], [ 745930.453999999910593, 2573934.217999999877065 ], [ 745930.527, 2573932.418 ], [ 745931.255, 2573931.247 ], [ 745932.755, 2573931.017 ], [ 745934.255, 2573930.773 ], [ 745936.054999999934807, 2573930.768000000156462 ], [ 745937.854999999981374, 2573930.768000000156462 ], [ 745939.654999999911524, 2573930.768000000156462 ], [ 745941.45499999995809, 2573930.768000000156462 ], [ 745943.255, 2573930.768000000156462 ], [ 745945.054999999934807, 2573930.768000000156462 ], [ 745946.854999999981374, 2573930.768000000156462 ], [ 745948.505, 2573930.918 ] ] } },
{ "type": "Feature", "properties": { "path": "Bhopal_2" }, "geometry": { "type": "LineString", "coordinates": [ [ 745549.505, 2574011.318 ], [ 745549.95499999995809, 2574011.416999999899417 ], [ 745550.554999999934807, 2574011.467999999877065 ], [ 745551.154999999911524, 2574011.518000000156462 ], [ 745551.663999999989755, 2574011.617999999783933 ], [ 745552.054999999934807, 2574011.668 ], [ 745552.654999999911524, 2574011.631999999750406 ], [ 745553.255, 2574011.676 ], [ 745553.854999999981374, 2574011.751000000163913 ], [ 745554.45499999995809, 2574011.767 ], [ 745555.054999999934807, 2574011.768000000156462 ], [ 745555.654999999911524, 2574011.768000000156462 ], [ 745556.255, 2574011.768000000156462 ], [ 745556.854999999981374, 2574011.768000000156462 ], [ 745557.45499999995809, 2574011.768000000156462 ], [ 745558.054999999934807, 2574011.768000000156462 ], [ 745558.654999999911524, 2574011.768000000156462 ], [ 745559.255, 2574011.768000000156462 ], [ 745559.854999999981374, 2574011.768000000156462 ], [ 745560.45499999995809, 2574011.773 ], [ 745561.054999999934807, 2574011.81900000013411 ], [ 745561.505, 2574011.918 ], [ 745561.95499999995809, 2574012.017 ], [ 745562.554999999934807, 2574012.063999999780208 ], [ 745563.154999999911524, 2574012.068 ], [ 745563.755, 2574012.068 ], [ 745564.354999999981374, 2574012.072999999858439 ], [ 745564.95499999995809, 2574012.123000000137836 ], [ 745565.299999999930151, 2574012.217999999877065 ], [ 745565.854999999981374, 2574012.512000000104308 ], [ 745566.154999999911524, 2574012.81 ], [ 745566.349999999976717, 2574013.117999999783933 ], [ 745566.490999999921769, 2574013.418 ], [ 745566.698999999905936, 2574014.018000000156462 ], [ 745566.794, 2574014.318 ], [ 745566.938999999896623, 2574014.918 ], [ 745567.054999999934807, 2574015.367999999783933 ], [ 745567.171999999904074, 2574015.818 ], [ 745567.3169999999227, 2574016.418 ], [ 745567.409999999916181, 2574016.717999999877065 ], [ 745567.603, 2574017.318 ], [ 745567.70699999993667, 2574017.617999999783933 ], [ 745567.899999999906868, 2574018.217999999877065 ], [ 745567.993999999947846, 2574018.518000000156462 ], [ 745568.138999999966472, 2574019.117999999783933 ], [ 745568.255, 2574019.541000000201166 ], [ 745568.408999999985099, 2574020.018000000156462 ], [ 745568.554999999934807, 2574020.41399999987334 ], [ 745568.764999999897555, 2574020.918 ], [ 745568.877999999909662, 2574021.217999999877065 ], [ 745569.005, 2574021.818 ], [ 745569.12, 2574022.418 ], [ 745569.211000000010245, 2574022.717999999877065 ], [ 745569.399999999906868, 2574023.318 ], [ 745569.493999999947846, 2574023.617999999783933 ], [ 745569.638999999966472, 2574024.217999999877065 ], [ 745569.755, 2574024.640999999828637 ], [ 745569.908999999985099, 2574025.117999999783933 ], [ 745570.054999999934807, 2574025.51299999980256 ], [ 745570.268999999971129, 2574026.018000000156462 ], [ 745570.394999999902211, 2574026.318 ], [ 745570.598999999929219, 2574026.918 ], [ 745570.69399999990128, 2574027.217999999877065 ], [ 745570.838999999919906, 2574027.818 ], [ 745570.95499999995809, 2574028.23700000019744 ], [ 745571.120999999926426, 2574028.717999999877065 ], [ 745571.258999999961816, 2574029.018000000156462 ], [ 745571.554999999934807, 2574029.46100000012666 ], [ 745571.854999999981374, 2574029.867 ], [ 745572.0669999999227, 2574030.217999999877065 ], [ 745572.225999999907799, 2574030.518000000156462 ], [ 745572.45499999995809, 2574031.052000000141561 ], [ 745572.56899999990128, 2574031.418 ], [ 745572.728999999933876, 2574032.018000000156462 ], [ 745572.843999999924563, 2574032.318 ], [ 745573.054999999934807, 2574032.849 ], [ 745573.167999999946915, 2574033.217999999877065 ], [ 745573.316, 2574033.818 ], [ 745573.409999999916181, 2574034.117999999783933 ], [ 745573.603, 2574034.717999999877065 ], [ 745573.70699999993667, 2574035.018000000156462 ], [ 745573.899999999906868, 2574035.617999999783933 ], [ 745573.993999999947846, 2574035.918 ], [ 745574.138999999966472, 2574036.518000000156462 ], [ 745574.255, 2574036.941999999806285 ], [ 745574.404999999911524, 2574037.418 ], [ 745574.554999999934807, 2574037.893999999854714 ], [ 745574.670999999972992, 2574038.318 ], [ 745574.816, 2574038.918 ], [ 745574.909999999916181, 2574039.217999999877065 ], [ 745575.099999999976717, 2574039.818 ], [ 745575.19399999990128, 2574040.117999999783933 ], [ 745575.338999999919906, 2574040.717999999877065 ], [ 745575.45499999995809, 2574041.142 ], [ 745575.605999999912456, 2574041.617999999783933 ], [ 745575.755, 2574042.068 ], [ 745575.904999999911524, 2574042.518000000156462 ], [ 745576.054999999934807, 2574043.001999999862164 ], [ 745576.157999999937601, 2574043.418 ], [ 745576.25199999997858, 2574044.018000000156462 ], [ 745576.354999999981374, 2574044.433999999891967 ], [ 745576.505, 2574044.918 ], [ 745576.654999999911524, 2574045.393999999854714 ], [ 745576.770999999949709, 2574045.818 ], [ 745576.915999999968335, 2574046.418 ], [ 745577.01, 2574046.717999999877065 ], [ 745577.199999999953434, 2574047.318 ], [ 745577.294, 2574047.617999999783933 ], [ 745577.438999999896623, 2574048.217999999877065 ], [ 745577.554999999934807, 2574048.668 ], [ 745577.671999999904074, 2574049.117999999783933 ], [ 745577.8169999999227, 2574049.717999999877065 ], [ 745577.909999999916181, 2574050.018000000156462 ], [ 745578.103, 2574050.617999999783933 ], [ 745578.20699999993667, 2574050.918 ], [ 745578.398999999975786, 2574051.518000000156462 ], [ 745578.488000000012107, 2574051.818 ], [ 745578.56899999990128, 2574052.418 ], [ 745578.485999999917112, 2574053.018000000156462 ], [ 745578.385, 2574053.318 ], [ 745578.154999999911524, 2574053.765999999828637 ], [ 745577.854999999981374, 2574054.068 ], [ 745577.554999999934807, 2574054.231999999843538 ], [ 745576.95499999995809, 2574054.403 ], [ 745576.652999999932945, 2574054.518000000156462 ], [ 745576.370999999926426, 2574055.117999999783933 ], [ 745576.654999999911524, 2574055.491 ], [ 745577.255, 2574055.582 ], [ 745577.854999999981374, 2574055.585 ], [ 745578.45499999995809, 2574055.707 ], [ 745578.755, 2574055.856000000145286 ], [ 745579.054999999934807, 2574056.105 ], [ 745579.354999999981374, 2574056.560999999754131 ], [ 745579.502999999909662, 2574056.918 ], [ 745579.654999999911524, 2574057.312 ], [ 745579.880999999935739, 2574057.818 ], [ 745580.028999999980442, 2574058.117999999783933 ], [ 745580.255, 2574058.651999999769032 ], [ 745580.367999999900348, 2574059.018000000156462 ], [ 745580.515999999945052, 2574059.617999999783933 ], [ 745580.60999999998603, 2574059.918 ], [ 745580.802999999956228, 2574060.518000000156462 ], [ 745580.907, 2574060.818 ], [ 745581.103, 2574061.418 ], [ 745581.20699999993667, 2574061.717999999877065 ], [ 745581.402999999932945, 2574062.318 ], [ 745581.507999999914318, 2574062.617999999783933 ], [ 745581.714999999967404, 2574063.217999999877065 ], [ 745581.840999999898486, 2574063.518000000156462 ], [ 745582.054999999934807, 2574064.023 ], [ 745582.201999999932013, 2574064.418 ], [ 745582.354999999981374, 2574064.867999999783933 ], [ 745582.507999999914318, 2574065.318 ], [ 745582.654999999911524, 2574065.714000000152737 ], [ 745582.865999999921769, 2574066.217999999877065 ], [ 745582.980999999912456, 2574066.518000000156462 ], [ 745583.138999999966472, 2574067.117999999783933 ], [ 745583.255, 2574067.541999999899417 ], [ 745583.405999999959022, 2574068.018000000156462 ], [ 745583.554999999934807, 2574068.467999999877065 ], [ 745583.70499999995809, 2574068.918 ], [ 745583.854999999981374, 2574069.367999999783933 ], [ 745584.005, 2574069.818 ], [ 745584.154999999911524, 2574070.268000000156462 ], [ 745584.304999999934807, 2574070.717999999877065 ], [ 745584.45499999995809, 2574071.168 ], [ 745584.604999999981374, 2574071.617999999783933 ], [ 745584.755, 2574072.066999999806285 ], [ 745584.907999999937601, 2574072.518000000156462 ], [ 745585.054999999934807, 2574072.913000000175089 ], [ 745585.268999999971129, 2574073.418 ], [ 745585.394999999902211, 2574073.717999999877065 ], [ 745585.615, 2574074.318 ], [ 745585.740999999921769, 2574074.617999999783933 ], [ 745585.95499999995809, 2574075.148999999742955 ], [ 745586.067999999970198, 2574075.518000000156462 ], [ 745586.215999999898486, 2574076.117999999783933 ], [ 745586.309999999939464, 2574076.418 ], [ 745586.502999999909662, 2574077.018000000156462 ], [ 745586.606999999959953, 2574077.318 ], [ 745586.802999999956228, 2574077.918 ], [ 745586.907, 2574078.217999999877065 ], [ 745587.103999999933876, 2574078.818 ], [ 745587.211999999941327, 2574079.117999999783933 ], [ 745587.45499999995809, 2574079.651999999769032 ], [ 745587.755, 2574079.977 ], [ 745588.054999999934807, 2574080.160000000149012 ], [ 745588.354999999981374, 2574080.322999999858439 ], [ 745588.720999999903142, 2574080.617999999783933 ], [ 745588.95499999995809, 2574080.970000000204891 ], [ 745589.135999999940395, 2574081.518000000156462 ], [ 745589.255, 2574081.943 ], [ 745589.404999999911524, 2574082.418 ], [ 745589.554999999934807, 2574082.901999999769032 ], [ 745589.657999999937601, 2574083.318 ], [ 745589.75199999997858, 2574083.918 ], [ 745589.854999999981374, 2574084.333999999798834 ], [ 745590.005, 2574084.818 ], [ 745590.154999999911524, 2574085.293999999761581 ], [ 745590.270999999949709, 2574085.717999999877065 ], [ 745590.412000000011176, 2574086.318 ], [ 745590.493999999947846, 2574086.617999999783933 ], [ 745590.605999999912456, 2574087.217999999877065 ], [ 745590.733, 2574087.818 ], [ 745590.843999999924563, 2574088.117999999783933 ], [ 745591.054999999934807, 2574088.657000000122935 ], [ 745591.154999999911524, 2574089.018000000156462 ], [ 745591.25199999997858, 2574089.617999999783933 ], [ 745591.354999999981374, 2574090.068 ], [ 745591.45899999991525, 2574090.518000000156462 ], [ 745591.55199999990873, 2574091.117999999783933 ], [ 745591.654999999911524, 2574091.534 ], [ 745591.804999999934807, 2574092.018000000156462 ], [ 745591.95499999995809, 2574092.50400000018999 ], [ 745592.052999999956228, 2574092.918 ], [ 745592.100999999907799, 2574093.518000000156462 ], [ 745592.122999999905005, 2574094.117999999783933 ], [ 745592.233, 2574094.717999999877065 ], [ 745592.34499999997206, 2574095.018000000156462 ], [ 745592.554999999934807, 2574095.523999999742955 ], [ 745592.696999999927357, 2574095.918 ], [ 745592.831, 2574096.518000000156462 ], [ 745592.80199999990873, 2574097.117999999783933 ], [ 745592.773999999975786, 2574097.717999999877065 ], [ 745592.854999999981374, 2574098.154999999795109 ], [ 745592.95499999995809, 2574098.617999999783933 ], [ 745593.017999999923632, 2574099.217999999877065 ], [ 745593.116999999969266, 2574099.818 ], [ 745593.192999999970198, 2574100.117999999783933 ], [ 745593.287999999942258, 2574100.717999999877065 ], [ 745593.321999999927357, 2574101.318 ], [ 745593.417999999946915, 2574101.918 ], [ 745593.497999999905005, 2574102.217999999877065 ], [ 745593.642, 2574102.818 ], [ 745593.755, 2574103.187 ], [ 745593.965999999898486, 2574103.717999999877065 ], [ 745594.076999999932013, 2574104.018000000156462 ], [ 745594.187999999965541, 2574104.617999999783933 ], [ 745594.22199999995064, 2574105.217999999877065 ], [ 745594.3169999999227, 2574105.818 ], [ 745594.392999999923632, 2574106.117999999783933 ], [ 745594.488000000012107, 2574106.717999999877065 ], [ 745594.522, 2574107.318 ], [ 745594.616999999969266, 2574107.918 ], [ 745594.692999999970198, 2574108.217999999877065 ], [ 745594.787000000011176, 2574108.818 ], [ 745594.802999999956228, 2574109.418 ], [ 745594.782999999937601, 2574110.018000000156462 ], [ 745594.654999999911524, 2574110.546999999787658 ], [ 745594.417999999946915, 2574110.918 ], [ 745594.054999999934807, 2574111.19400000013411 ], [ 745593.755, 2574111.316999999806285 ], [ 745593.154999999911524, 2574111.475 ], [ 745592.854999999981374, 2574111.55599999986589 ], [ 745592.255, 2574111.65 ], [ 745591.654999999911524, 2574111.671999999787658 ], [ 745591.054999999934807, 2574111.719 ], [ 745590.604999999981374, 2574111.818 ], [ 745590.154999999911524, 2574111.916999999899417 ], [ 745589.554999999934807, 2574111.967999999877065 ], [ 745588.95499999995809, 2574112.018999999854714 ], [ 745588.506999999983236, 2574112.117999999783933 ], [ 745588.054999999934807, 2574112.221 ], [ 745587.45499999995809, 2574112.315 ], [ 745587.002999999909662, 2574112.418 ], [ 745586.554999999934807, 2574112.517 ], [ 745585.95499999995809, 2574112.563999999780208 ], [ 745585.354999999981374, 2574112.572999999858439 ], [ 745584.755, 2574112.619 ], [ 745584.304999999934807, 2574112.717999999877065 ], [ 745583.854999999981374, 2574112.816999999806285 ], [ 745583.255, 2574112.867999999783933 ], [ 745582.654999999911524, 2574112.918999999761581 ], [ 745582.20499999995809, 2574113.018000000156462 ], [ 745581.755, 2574113.117 ], [ 745581.154999999911524, 2574113.168 ], [ 745580.554999999934807, 2574113.219 ], [ 745580.104999999981374, 2574113.318 ], [ 745579.654999999911524, 2574113.416999999899417 ], [ 745579.054999999934807, 2574113.464000000152737 ], [ 745578.45499999995809, 2574113.467999999877065 ], [ 745577.854999999981374, 2574113.467999999877065 ], [ 745577.255, 2574113.469 ], [ 745576.654999999911524, 2574113.486 ], [ 745576.054999999934807, 2574113.58 ], [ 745575.755, 2574113.656 ], [ 745575.154999999911524, 2574113.75400000018999 ], [ 745574.554999999934807, 2574113.799999999813735 ], [ 745573.95499999995809, 2574113.842000000178814 ], [ 745573.354999999981374, 2574113.853999999817461 ], [ 745572.949999999953434, 2574113.918 ], [ 745572.45499999995809, 2574114.018000000156462 ], [ 745571.854999999981374, 2574114.063999999780208 ], [ 745571.255, 2574114.068 ], [ 745570.654999999911524, 2574114.072999999858439 ], [ 745570.054999999934807, 2574114.119 ], [ 745569.604999999981374, 2574114.217999999877065 ], [ 745569.154999999911524, 2574114.316999999806285 ], [ 745568.554999999934807, 2574114.364 ], [ 745567.95499999995809, 2574114.367999999783933 ], [ 745567.354999999981374, 2574114.367999999783933 ], [ 745566.755, 2574114.373000000137836 ], [ 745566.154999999911524, 2574114.418999999761581 ], [ 745565.70499999995809, 2574114.518000000156462 ], [ 745565.255, 2574114.617 ], [ 745564.654999999911524, 2574114.66399999987334 ], [ 745564.054999999934807, 2574114.668 ], [ 745563.45499999995809, 2574114.673 ], [ 745562.854999999981374, 2574114.719 ], [ 745562.404999999911524, 2574114.818 ], [ 745561.95499999995809, 2574114.916999999899417 ], [ 745561.354999999981374, 2574114.964000000152737 ], [ 745560.755, 2574114.967999999877065 ], [ 745560.154999999911524, 2574114.967999999877065 ], [ 745559.554999999934807, 2574114.967999999877065 ], [ 745558.95499999995809, 2574114.967999999877065 ], [ 745558.354999999981374, 2574114.967999999877065 ], [ 745557.755, 2574114.967999999877065 ], [ 745557.154999999911524, 2574114.967999999877065 ], [ 745556.554999999934807, 2574114.963 ], [ 745555.95499999995809, 2574114.893000000156462 ], [ 745555.654999999911524, 2574114.765000000130385 ], [ 745555.354999999981374, 2574114.509 ], [ 745555.054999999934807, 2574113.961999999824911 ], [ 745554.961000000010245, 2574113.617999999783933 ], [ 745554.909999999916181, 2574113.018000000156462 ], [ 745554.904999999911524, 2574112.418 ], [ 745554.890999999945052, 2574111.818 ], [ 745554.828999999910593, 2574111.217999999877065 ], [ 745554.755, 2574110.748000000137836 ], [ 745554.701, 2574110.318 ], [ 745554.733, 2574109.717999999877065 ], [ 745554.797999999951571, 2574109.418 ], [ 745554.886999999987893, 2574108.818 ], [ 745554.903999999980442, 2574108.217999999877065 ], [ 745554.904999999911524, 2574107.617999999783933 ], [ 745554.900999999954365, 2574107.018000000156462 ], [ 745554.853999999933876, 2574106.418 ], [ 745554.755, 2574105.967999999877065 ], [ 745554.655999999959022, 2574105.518000000156462 ], [ 745554.605999999912456, 2574104.918 ], [ 745554.567999999970198, 2574104.318 ], [ 745554.480999999912456, 2574103.717999999877065 ], [ 745554.429, 2574103.418 ], [ 745554.343, 2574102.818 ], [ 745554.309, 2574102.217999999877065 ], [ 745554.304999999934807, 2574101.617999999783933 ], [ 745554.304, 2574101.018000000156462 ], [ 745554.287000000011176, 2574100.418 ], [ 745554.192999999970198, 2574099.818 ], [ 745554.116999999969266, 2574099.518000000156462 ], [ 745554.022999999928288, 2574098.918 ], [ 745554.005, 2574098.318 ], [ 745553.98699999996461, 2574097.717999999877065 ], [ 745553.892999999923632, 2574097.117999999783933 ], [ 745553.8169999999227, 2574096.818 ], [ 745553.723, 2574096.217999999877065 ], [ 745553.701, 2574095.617999999783933 ], [ 745553.653999999980442, 2574095.018000000156462 ], [ 745553.554999999934807, 2574094.583999999798834 ], [ 745553.422999999951571, 2574094.117999999783933 ], [ 745553.255, 2574093.708999999798834 ], [ 745552.95499999995809, 2574093.359999999869615 ], [ 745552.654999999911524, 2574093.159 ], [ 745552.113000000012107, 2574092.918 ], [ 745551.755, 2574092.818 ], [ 745551.154999999911524, 2574092.705 ], [ 745550.854999999981374, 2574092.595000000204891 ], [ 745550.446999999927357, 2574092.318 ], [ 745550.162999999942258, 2574092.018000000156462 ], [ 745549.95499999995809, 2574091.660999999847263 ], [ 745549.809, 2574091.117999999783933 ], [ 745549.69399999990128, 2574090.518000000156462 ], [ 745549.615999999921769, 2574090.217999999877065 ], [ 745549.505, 2574089.617999999783933 ], [ 745549.393999999971129, 2574089.018000000156462 ], [ 745549.316, 2574088.717999999877065 ], [ 745549.203999999910593, 2574088.117999999783933 ], [ 745549.061999999918044, 2574087.518000000156462 ], [ 745548.893999999971129, 2574087.217999999877065 ], [ 745548.534999999916181, 2574086.918 ], [ 745548.154999999911524, 2574086.802000000141561 ], [ 745547.554999999934807, 2574086.77 ], [ 745546.95499999995809, 2574086.77 ], [ 745546.354999999981374, 2574086.810999999754131 ], [ 745546.035999999963678, 2574086.918 ], [ 745545.742999999900348, 2574087.217999999877065 ], [ 745545.615999999921769, 2574087.818 ], [ 745545.60999999998603, 2574088.418 ], [ 745545.655999999959022, 2574089.018000000156462 ], [ 745545.755, 2574089.470000000204891 ], [ 745545.848999999929219, 2574089.918 ], [ 745545.84499999997206, 2574090.518000000156462 ], [ 745545.755, 2574090.862999999895692 ], [ 745545.481999999959953, 2574091.418 ], [ 745545.233, 2574091.717999999877065 ], [ 745544.854999999981374, 2574091.989999999757856 ], [ 745544.554999999934807, 2574092.099 ], [ 745543.95499999995809, 2574092.157999999821186 ], [ 745543.354999999981374, 2574092.117 ], [ 745542.914999999920838, 2574092.018000000156462 ], [ 745542.45499999995809, 2574091.901999999769032 ], [ 745541.854999999981374, 2574091.761 ], [ 745541.554999999934807, 2574091.680000000167638 ], [ 745540.95499999995809, 2574091.568 ], [ 745540.354999999981374, 2574091.457 ], [ 745540.054999999934807, 2574091.37900000018999 ], [ 745539.45499999995809, 2574091.268000000156462 ], [ 745538.854999999981374, 2574091.157000000122935 ], [ 745538.554999999934807, 2574091.079 ], [ 745537.95499999995809, 2574090.967999999877065 ], [ 745537.354999999981374, 2574090.856000000145286 ], [ 745537.054999999934807, 2574090.775 ], [ 745536.45499999995809, 2574090.634999999776483 ], [ 745535.995999999926426, 2574090.518000000156462 ], [ 745535.554999999934807, 2574090.418999999761581 ], [ 745534.95499999995809, 2574090.355 ], [ 745534.354999999981374, 2574090.256 ], [ 745534.054999999934807, 2574090.174999999813735 ], [ 745533.45499999995809, 2574090.035000000149012 ], [ 745532.996999999973923, 2574089.918 ], [ 745532.554999999934807, 2574089.815 ], [ 745531.95499999995809, 2574089.721 ], [ 745531.539999999920838, 2574089.617999999783933 ], [ 745531.054999999934807, 2574089.467000000178814 ], [ 745530.605999999912456, 2574089.318 ], [ 745530.154999999911524, 2574089.165 ], [ 745529.76, 2574089.018000000156462 ], [ 745529.255, 2574088.804 ], [ 745528.95499999995809, 2574088.677999999839813 ], [ 745528.354999999981374, 2574088.470000000204891 ], [ 745528.054999999934807, 2574088.366 ], [ 745527.45499999995809, 2574088.173 ], [ 745527.154999999911524, 2574088.079 ], [ 745526.554999999934807, 2574087.93099999986589 ], [ 745526.196999999927357, 2574087.818 ], [ 745525.654999999911524, 2574087.558000000193715 ], [ 745525.354999999981374, 2574087.366 ], [ 745525.054999999934807, 2574087.165 ], [ 745524.67699999990873, 2574086.918 ], [ 745524.22199999995064, 2574086.617999999783933 ], [ 745523.854999999981374, 2574086.401999999769032 ], [ 745523.554999999934807, 2574086.233 ], [ 745523.203999999910593, 2574086.018000000156462 ], [ 745522.805999999982305, 2574085.717999999877065 ], [ 745522.415999999968335, 2574085.418 ], [ 745522.054999999934807, 2574085.171 ], [ 745521.755, 2574084.96100000012666 ], [ 745521.45499999995809, 2574084.734000000171363 ], [ 745521.154999999911524, 2574084.472999999765307 ], [ 745520.854999999981374, 2574084.179 ], [ 745520.510999999940395, 2574083.918 ], [ 745519.95499999995809, 2574083.660999999847263 ], [ 745519.654999999911524, 2574083.528 ], [ 745519.245, 2574083.318 ], [ 745518.822999999974854, 2574083.018000000156462 ], [ 745518.533999999985099, 2574082.717999999877065 ], [ 745518.282, 2574082.418 ], [ 745518.035999999963678, 2574082.117999999783933 ], [ 745517.809999999939464, 2574081.818 ], [ 745517.554999999934807, 2574081.438999999780208 ], [ 745517.255, 2574080.995000000111759 ], [ 745517.007999999914318, 2574080.617999999783933 ], [ 745516.804999999934807, 2574080.318 ], [ 745516.600999999907799, 2574080.018000000156462 ], [ 745516.354999999981374, 2574079.657000000122935 ], [ 745516.054999999934807, 2574079.268000000156462 ], [ 745515.755, 2574078.87900000018999 ], [ 745515.508999999961816, 2574078.518000000156462 ], [ 745515.304999999934807, 2574078.217999999877065 ], [ 745515.100999999907799, 2574077.918 ], [ 745514.854999999981374, 2574077.557 ], [ 745514.554999999934807, 2574077.166999999899417 ], [ 745514.255, 2574076.768999999854714 ], [ 745514.040999999968335, 2574076.418 ], [ 745513.870999999926426, 2574076.117999999783933 ], [ 745513.654999999911524, 2574075.751000000163913 ], [ 745513.354999999981374, 2574075.296 ], [ 745513.108, 2574074.918 ], [ 745512.907, 2574074.617999999783933 ], [ 745512.711999999941327, 2574074.318 ], [ 745512.45499999995809, 2574073.867999999783933 ], [ 745512.197999999974854, 2574073.418 ], [ 745512.002999999909662, 2574073.117999999783933 ], [ 745511.802999999956228, 2574072.818 ], [ 745511.554999999934807, 2574072.44 ], [ 745511.255, 2574071.984999999869615 ], [ 745511.040999999968335, 2574071.617999999783933 ], [ 745510.88, 2574071.318 ], [ 745510.654999999911524, 2574070.878 ], [ 745510.397999999928288, 2574070.418 ], [ 745510.20499999995809, 2574070.117999999783933 ], [ 745510.011999999987893, 2574069.818 ], [ 745509.755, 2574069.367999999783933 ], [ 745509.497999999905005, 2574068.918 ], [ 745509.302999999956228, 2574068.617999999783933 ], [ 745509.100999999907799, 2574068.318 ], [ 745508.854999999981374, 2574067.958999999798834 ], [ 745508.554999999934807, 2574067.589000000152737 ], [ 745508.255, 2574067.271000000182539 ], [ 745507.95499999995809, 2574066.967999999877065 ], [ 745507.654999999911524, 2574066.668 ], [ 745507.354999999981374, 2574066.369 ], [ 745507.054999999934807, 2574066.075999999884516 ], [ 745506.755, 2574065.805000000167638 ], [ 745506.45499999995809, 2574065.572999999858439 ], [ 745506.093, 2574065.318 ], [ 745505.70499999995809, 2574065.018000000156462 ], [ 745505.316, 2574064.717999999877065 ], [ 745504.95499999995809, 2574064.472 ], [ 745504.654999999911524, 2574064.27 ], [ 745504.354999999981374, 2574064.075000000186265 ], [ 745503.894999999902211, 2574063.818 ], [ 745503.45499999995809, 2574063.595000000204891 ], [ 745503.154999999911524, 2574063.441999999806285 ], [ 745502.714999999967404, 2574063.217999999877065 ], [ 745502.255, 2574062.96100000012666 ], [ 745501.95499999995809, 2574062.765999999828637 ], [ 745501.654999999911524, 2574062.565 ], [ 745501.277999999932945, 2574062.318 ], [ 745500.837999999988824, 2574062.018000000156462 ], [ 745500.45499999995809, 2574061.73700000019744 ], [ 745500.154999999911524, 2574061.427000000141561 ], [ 745499.964999999967404, 2574061.117999999783933 ], [ 745499.837999999988824, 2574060.818 ], [ 745499.747999999905005, 2574060.217999999877065 ], [ 745499.854999999981374, 2574059.736 ], [ 745500.154999999911524, 2574059.325000000186265 ], [ 745500.45499999995809, 2574059.126000000163913 ], [ 745500.755, 2574058.981999999843538 ], [ 745501.354999999981374, 2574058.753 ], [ 745501.654999999911524, 2574058.600999999791384 ], [ 745501.95499999995809, 2574058.366 ], [ 745502.135999999940395, 2574057.818 ], [ 745501.95499999995809, 2574057.410000000149012 ], [ 745501.654999999911524, 2574056.981999999843538 ], [ 745501.407999999937601, 2574056.617999999783933 ], [ 745501.194999999948777, 2574056.318 ], [ 745500.947999999974854, 2574056.018000000156462 ], [ 745500.545999999972992, 2574055.717999999877065 ], [ 745500.154999999911524, 2574055.606000000145286 ], [ 745499.554999999934807, 2574055.625 ], [ 745499.198999999905936, 2574055.717999999877065 ], [ 745498.654999999911524, 2574055.944999999832362 ], [ 745498.354999999981374, 2574056.095000000204891 ], [ 745497.914999999920838, 2574056.318 ], [ 745497.45499999995809, 2574056.572000000160187 ], [ 745497.154999999911524, 2574056.753 ], [ 745496.8169999999227, 2574056.918 ], [ 745496.255, 2574057.046999999787658 ], [ 745495.654999999911524, 2574057.063 ], [ 745495.054999999934807, 2574057.017 ], [ 745494.604999999981374, 2574056.918 ], [ 745494.154999999911524, 2574056.81900000013411 ], [ 745493.554999999934807, 2574056.768000000156462 ], [ 745492.95499999995809, 2574056.716 ], [ 745492.541999999899417, 2574056.617999999783933 ], [ 745492.054999999934807, 2574056.464999999850988 ], [ 745491.662999999942258, 2574056.318 ], [ 745491.154999999911524, 2574056.092000000178814 ], [ 745490.854999999981374, 2574055.941000000108033 ], [ 745490.414999999920838, 2574055.717999999877065 ], [ 745489.95499999995809, 2574055.46100000012666 ], [ 745489.654999999911524, 2574055.265999999828637 ], [ 745489.354999999981374, 2574055.065 ], [ 745488.976999999955297, 2574054.818 ], [ 745488.522, 2574054.518000000156462 ], [ 745488.154999999911524, 2574054.304 ], [ 745487.854999999981374, 2574054.143000000156462 ], [ 745487.414999999920838, 2574053.918 ], [ 745486.95499999995809, 2574053.660999999847263 ], [ 745486.654999999911524, 2574053.467999999877065 ], [ 745486.354999999981374, 2574053.275 ], [ 745485.895999999949709, 2574053.018000000156462 ], [ 745485.45499999995809, 2574052.793 ], [ 745485.154999999911524, 2574052.631999999750406 ], [ 745484.787999999942258, 2574052.418 ], [ 745484.322999999974854, 2574052.117999999783933 ], [ 745483.95499999995809, 2574051.901999999769032 ], [ 745483.654999999911524, 2574051.734000000171363 ], [ 745483.287999999942258, 2574051.518000000156462 ], [ 745482.822999999974854, 2574051.217999999877065 ], [ 745482.45499999995809, 2574051.001999999862164 ], [ 745482.154999999911524, 2574050.833999999798834 ], [ 745481.787999999942258, 2574050.617999999783933 ], [ 745481.33399999991525, 2574050.318 ], [ 745480.95499999995809, 2574050.063 ], [ 745480.654999999911524, 2574049.838 ], [ 745480.354999999981374, 2574049.597999999765307 ], [ 745480.054999999934807, 2574049.373000000137836 ], [ 745479.67699999990873, 2574049.117999999783933 ], [ 745479.233, 2574048.818 ], [ 745478.854999999981374, 2574048.571 ], [ 745478.554999999934807, 2574048.367999999783933 ], [ 745478.255, 2574048.166000000201166 ], [ 745477.88, 2574047.918 ], [ 745477.462999999988824, 2574047.617999999783933 ], [ 745477.122999999905005, 2574047.318 ], [ 745476.895999999949709, 2574047.018000000156462 ], [ 745476.755, 2574046.642 ], [ 745476.755, 2574046.126999999862164 ], [ 745476.853999999933876, 2574045.818 ], [ 745477.054999999934807, 2574045.387000000104308 ], [ 745477.345999999903142, 2574044.918 ], [ 745477.643999999971129, 2574044.617999999783933 ], [ 745477.95499999995809, 2574044.410999999847263 ], [ 745478.255, 2574044.244 ], [ 745478.696, 2574044.018000000156462 ], [ 745479.154999999911524, 2574043.761 ], [ 745479.45499999995809, 2574043.568 ], [ 745479.755, 2574043.375 ], [ 745480.214999999967404, 2574043.117999999783933 ], [ 745480.654999999911524, 2574042.895 ], [ 745480.95499999995809, 2574042.742 ], [ 745481.404999999911524, 2574042.518000000156462 ], [ 745481.854999999981374, 2574042.295 ], [ 745482.154999999911524, 2574042.143999999854714 ], [ 745482.662000000011176, 2574041.918 ], [ 745483.054999999934807, 2574041.768000000156462 ], [ 745483.448999999905936, 2574041.617999999783933 ], [ 745483.95499999995809, 2574041.392 ], [ 745484.255, 2574041.241 ], [ 745484.70499999995809, 2574041.018000000156462 ], [ 745485.154999999911524, 2574040.793999999761581 ], [ 745485.45499999995809, 2574040.642 ], [ 745485.907999999937601, 2574040.418 ], [ 745486.354999999981374, 2574040.207 ], [ 745486.654999999911524, 2574040.07799999974668 ], [ 745487.255, 2574039.858 ], [ 745487.554999999934807, 2574039.731999999843538 ], [ 745488.059999999939464, 2574039.518000000156462 ], [ 745488.45499999995809, 2574039.37099999981001 ], [ 745488.905999999959022, 2574039.217999999877065 ], [ 745489.354999999981374, 2574039.068 ], [ 745489.804999999934807, 2574038.918 ], [ 745490.255, 2574038.768000000156462 ], [ 745490.70499999995809, 2574038.617999999783933 ], [ 745491.154999999911524, 2574038.469 ], [ 745491.631999999983236, 2574038.318 ], [ 745492.054999999934807, 2574038.202 ], [ 745492.654999999911524, 2574038.06 ], [ 745492.95499999995809, 2574037.975999999791384 ], [ 745493.554999999934807, 2574037.835 ], [ 745494.005, 2574037.717999999877065 ], [ 745494.45499999995809, 2574037.602 ], [ 745495.054999999934807, 2574037.457 ], [ 745495.354999999981374, 2574037.362999999895692 ], [ 745495.95499999995809, 2574037.174000000115484 ], [ 745496.255, 2574037.083000000100583 ], [ 745496.854999999981374, 2574036.967999999877065 ], [ 745497.45499999995809, 2574036.853000000119209 ], [ 745497.755, 2574036.762000000104308 ], [ 745498.354999999981374, 2574036.572999999858439 ], [ 745498.654999999911524, 2574036.478999999817461 ], [ 745499.255, 2574036.335 ], [ 745499.70499999995809, 2574036.217999999877065 ], [ 745500.154999999911524, 2574036.100999999791384 ], [ 745500.755, 2574035.94400000013411 ], [ 745501.054999999934807, 2574035.829 ], [ 745501.559, 2574035.617999999783933 ], [ 745501.95499999995809, 2574035.467999999877065 ], [ 745502.350999999907799, 2574035.318 ], [ 745502.854999999981374, 2574035.103999999817461 ], [ 745503.154999999911524, 2574034.978000000119209 ], [ 745503.755, 2574034.756 ], [ 745504.054999999934807, 2574034.620000000111759 ], [ 745504.419, 2574034.418 ], [ 745504.887999999918975, 2574034.117999999783933 ], [ 745505.255, 2574033.904 ], [ 745505.554999999934807, 2574033.742999999783933 ], [ 745505.995999999926426, 2574033.518000000156462 ], [ 745506.45499999995809, 2574033.261 ], [ 745506.755, 2574033.066000000108033 ], [ 745507.054999999934807, 2574032.864 ], [ 745507.413999999989755, 2574032.617999999783933 ], [ 745507.787000000011176, 2574032.318 ], [ 745508.122999999905005, 2574032.018000000156462 ], [ 745508.495, 2574031.717999999877065 ], [ 745508.854999999981374, 2574031.463 ], [ 745509.154999999911524, 2574031.231000000145286 ], [ 745509.45499999995809, 2574030.96100000012666 ], [ 745509.755, 2574030.666999999899417 ], [ 745510.054999999934807, 2574030.369 ], [ 745510.354999999981374, 2574030.075000000186265 ], [ 745510.654999999911524, 2574029.799999999813735 ], [ 745510.95499999995809, 2574029.548 ], [ 745511.255, 2574029.298 ], [ 745511.577999999979511, 2574029.018000000156462 ], [ 745511.938999999896623, 2574028.717999999877065 ], [ 745512.289999999920838, 2574028.418 ], [ 745512.620999999926426, 2574028.117999999783933 ], [ 745512.970999999903142, 2574027.818 ], [ 745513.33199999993667, 2574027.518000000156462 ], [ 745513.654999999911524, 2574027.237999999895692 ], [ 745513.95499999995809, 2574026.987999999895692 ], [ 745514.255, 2574026.73700000019744 ], [ 745514.554999999934807, 2574026.469 ], [ 745514.854999999981374, 2574026.205 ], [ 745515.154999999911524, 2574025.972999999765307 ], [ 745515.517999999923632, 2574025.717999999877065 ], [ 745515.904999999911524, 2574025.418 ], [ 745516.292999999946915, 2574025.117999999783933 ], [ 745516.654999999911524, 2574024.862999999895692 ], [ 745516.95499999995809, 2574024.631999999750406 ], [ 745517.255, 2574024.367999999783933 ], [ 745517.554999999934807, 2574024.105 ], [ 745517.854999999981374, 2574023.873000000137836 ], [ 745518.214999999967404, 2574023.617999999783933 ], [ 745518.586999999941327, 2574023.318 ], [ 745518.922999999951571, 2574023.018000000156462 ], [ 745519.294999999925494, 2574022.717999999877065 ], [ 745519.654999999911524, 2574022.463 ], [ 745519.95499999995809, 2574022.231000000145286 ], [ 745520.255, 2574021.96100000012666 ], [ 745520.554999999934807, 2574021.674999999813735 ], [ 745520.854999999981374, 2574021.404999999795109 ], [ 745521.154999999911524, 2574021.173 ], [ 745521.517999999923632, 2574020.918 ], [ 745521.904999999911524, 2574020.617999999783933 ], [ 745522.292999999946915, 2574020.318 ], [ 745522.654999999911524, 2574020.063999999780208 ], [ 745522.95499999995809, 2574019.838 ], [ 745523.255, 2574019.597999999765307 ], [ 745523.554999999934807, 2574019.373000000137836 ], [ 745523.934, 2574019.117999999783933 ], [ 745524.387999999918975, 2574018.818 ], [ 745524.755, 2574018.602 ], [ 745525.054999999934807, 2574018.433999999891967 ], [ 745525.422999999951571, 2574018.217999999877065 ], [ 745525.887999999918975, 2574017.918 ], [ 745526.255, 2574017.702 ], [ 745526.554999999934807, 2574017.534 ], [ 745526.922999999951571, 2574017.318 ], [ 745527.387999999918975, 2574017.018000000156462 ], [ 745527.755, 2574016.802000000141561 ], [ 745528.054999999934807, 2574016.634 ], [ 745528.429, 2574016.418 ], [ 745528.946, 2574016.117999999783933 ], [ 745529.255, 2574015.981999999843538 ], [ 745529.70899999991525, 2574015.818 ], [ 745530.154999999911524, 2574015.665 ], [ 745530.538999999989755, 2574015.518000000156462 ], [ 745531.054999999934807, 2574015.259 ], [ 745531.354999999981374, 2574015.068 ], [ 745531.654999999911524, 2574014.878 ], [ 745532.170999999972992, 2574014.617999999783933 ], [ 745532.554999999934807, 2574014.471 ], [ 745533.005999999935739, 2574014.318 ], [ 745533.45499999995809, 2574014.168 ], [ 745533.903999999980442, 2574014.018000000156462 ], [ 745534.354999999981374, 2574013.864999999757856 ], [ 745534.75, 2574013.717999999877065 ], [ 745535.255, 2574013.50400000018999 ], [ 745535.554999999934807, 2574013.378 ], [ 745536.154999999911524, 2574013.174999999813735 ], [ 745536.45499999995809, 2574013.083999999798834 ], [ 745537.054999999934807, 2574012.984999999869615 ], [ 745537.654999999911524, 2574012.955 ], [ 745538.255, 2574012.892 ], [ 745538.70499999995809, 2574012.818 ], [ 745539.154999999911524, 2574012.742999999783933 ], [ 745539.755, 2574012.66399999987334 ], [ 745540.354999999981374, 2574012.557 ], [ 745540.654999999911524, 2574012.478999999817461 ], [ 745541.255, 2574012.367999999783933 ], [ 745541.854999999981374, 2574012.256999999750406 ], [ 745542.154999999911524, 2574012.179 ], [ 745542.755, 2574012.068 ], [ 745543.354999999981374, 2574011.957 ], [ 745543.654999999911524, 2574011.87900000018999 ], [ 745544.255, 2574011.768000000156462 ], [ 745544.854999999981374, 2574011.657000000122935 ], [ 745545.154999999911524, 2574011.579 ], [ 745545.755, 2574011.467999999877065 ], [ 745546.354999999981374, 2574011.356999999843538 ], [ 745546.654999999911524, 2574011.279999999795109 ], [ 745547.255, 2574011.185999999754131 ], [ 745547.854999999981374, 2574011.168999999761581 ], [ 745548.45499999995809, 2574011.173 ], [ 745549.054999999934807, 2574011.219 ], [ 745549.505, 2574011.318 ] ] } },
{ "type": "Feature", "properties": { "path": "Bhopal_3" }, "geometry": { "type": "LineString", "coordinates": [ [ 745926.850000000093132, 2573816.75 ], [ 745924.450000000069849, 2573817.017 ], [ 745922.350000000093132, 2573817.552000000141561 ], [ 745922.050000000046566, 2573819.201000000350177 ], [ 745922.398000000044703, 2573821.320000000298023 ], [ 745922.518000000040047, 2573824.02 ], [ 745922.800000000046566, 2573826.420000000391155 ], [ 745922.800000000046566, 2573829.120000000111759 ], [ 745922.804, 2573831.820000000298023 ], [ 745922.993000000016764, 2573834.220000000204891 ], [ 745923.100000000093132, 2573836.920000000391155 ], [ 745923.100000000093132, 2573839.620000000111759 ], [ 745923.100000000093132, 2573842.320000000298023 ], [ 745923.100000000093132, 2573845.02 ], [ 745923.25, 2573847.62900000018999 ], [ 745923.396000000066124, 2573850.120000000111759 ], [ 745923.400000000023283, 2573852.820000000298023 ], [ 745923.400000000023283, 2573855.52 ], [ 745923.400000000023283, 2573858.220000000204891 ], [ 745923.400000000023283, 2573860.920000000391155 ], [ 745923.550000000046566, 2573863.470000000204891 ], [ 745923.700000000069849, 2573866.02 ], [ 745923.700000000069849, 2573868.720000000204891 ], [ 745923.700000000069849, 2573871.420000000391155 ], [ 745923.701, 2573874.120000000111759 ], [ 745923.996000000042841, 2573876.52 ], [ 745924.0, 2573879.220000000204891 ], [ 745924.0, 2573881.920000000391155 ], [ 745924.150000000023283, 2573884.470000000204891 ], [ 745924.300000000046566, 2573887.02 ], [ 745924.300000000046566, 2573889.720000000204891 ], [ 745924.301000000094064, 2573892.420000000391155 ], [ 745924.596000000019558, 2573894.820000000298023 ], [ 745924.600000000093132, 2573897.52 ], [ 745924.601000000024214, 2573900.220000000204891 ], [ 745924.716000000014901, 2573902.920000000391155 ], [ 745924.900000000023283, 2573905.320000000298023 ], [ 745924.900000000023283, 2573908.02 ], [ 745925.027, 2573910.720000000204891 ], [ 745925.200000000069849, 2573913.120000000111759 ], [ 745925.200000000069849, 2573915.820000000298023 ], [ 745925.200000000069849, 2573918.52 ], [ 745925.201, 2573921.220000000204891 ], [ 745925.490000000107102, 2573923.620000000111759 ], [ 745924.450000000069849, 2573925.396000000182539 ], [ 745922.050000000046566, 2573925.570000000298023 ], [ 745919.350000000093132, 2573925.570000000298023 ], [ 745916.650000000023283, 2573925.682 ], [ 745914.25, 2573925.870000000111759 ], [ 745911.550000000046566, 2573925.870000000111759 ], [ 745908.850000000093132, 2573925.870000000111759 ], [ 745906.150000000023283, 2573925.870000000111759 ], [ 745903.450000000069849, 2573925.870000000111759 ], [ 745900.75, 2573925.870000000111759 ], [ 745898.050000000046566, 2573925.870000000111759 ], [ 745895.650000000023283, 2573926.119 ], [ 745892.950000000069849, 2573926.170000000391155 ], [ 745890.25, 2573926.174000000115484 ], [ 745887.550000000046566, 2573926.171 ], [ 745884.850000000093132, 2573926.170000000391155 ], [ 745882.450000000069849, 2573926.414000000339001 ], [ 745880.050000000046566, 2573926.171 ], [ 745877.650000000023283, 2573926.419000000227243 ], [ 745874.950000000069849, 2573926.470000000204891 ], [ 745872.25, 2573926.470000000204891 ], [ 745869.550000000046566, 2573926.470000000204891 ], [ 745867.150000000023283, 2573926.227 ], [ 745865.350000000093132, 2573925.1980000003241 ], [ 745864.89000000001397, 2573923.02 ], [ 745863.25, 2573921.913000000175089 ], [ 745860.550000000046566, 2573921.937000000383705 ], [ 745859.4330000000773, 2573923.620000000111759 ], [ 745858.150000000023283, 2573924.902000000234693 ], [ 745855.600000000093132, 2573925.120000000111759 ], [ 745853.050000000046566, 2573925.27 ], [ 745850.650000000023283, 2573925.552000000141561 ], [ 745847.950000000069849, 2573925.625 ], [ 745845.850000000093132, 2573926.161000000312924 ], [ 745843.450000000069849, 2573925.870000000111759 ], [ 745841.557000000029802, 2573925.120000000111759 ], [ 745840.150000000023283, 2573923.800000000279397 ], [ 745838.532, 2573924.820000000298023 ], [ 745836.411000000080094, 2573925.420000000391155 ], [ 745833.850000000093132, 2573925.570000000298023 ], [ 745831.300000000046566, 2573925.720000000204891 ], [ 745828.75, 2573925.740000000223517 ], [ 745826.200000000069849, 2573925.720000000204891 ], [ 745823.722000000067055, 2573925.420000000391155 ], [ 745822.75, 2573923.685 ], [ 745820.350000000093132, 2573923.321 ], [ 745817.950000000069849, 2573923.208000000100583 ], [ 745816.150000000023283, 2573924.128 ], [ 745816.001000000047497, 2573926.620000000111759 ], [ 745816.490000000107102, 2573928.720000000204891 ], [ 745817.139000000082888, 2573930.820000000298023 ], [ 745817.5, 2573933.220000000204891 ], [ 745817.5, 2573935.920000000391155 ], [ 745817.5, 2573938.620000000111759 ], [ 745817.5, 2573941.320000000298023 ], [ 745817.5, 2573944.02 ], [ 745817.5, 2573946.720000000204891 ], [ 745817.469000000040978, 2573949.420000000391155 ], [ 745817.200000000069849, 2573951.820000000298023 ], [ 745817.200000000069849, 2573954.52 ], [ 745817.132000000099652, 2573957.220000000204891 ], [ 745816.322000000043772, 2573959.02 ], [ 745816.676000000094064, 2573961.420000000391155 ], [ 745817.050000000046566, 2573963.52 ], [ 745816.900000000023283, 2573965.920000000391155 ], [ 745816.900000000023283, 2573968.620000000111759 ], [ 745816.900000000023283, 2573971.320000000298023 ], [ 745816.849000000045635, 2573974.02 ], [ 745816.600000000093132, 2573976.420000000391155 ], [ 745816.600000000093132, 2573979.120000000111759 ], [ 745816.488000000012107, 2573981.820000000298023 ], [ 745816.300000000046566, 2573984.220000000204891 ], [ 745816.296000000089407, 2573986.920000000391155 ], [ 745816.051000000094064, 2573989.320000000298023 ], [ 745816.131000000052154, 2573991.420000000391155 ], [ 745816.076, 2573993.52 ], [ 745816.0, 2573996.220000000204891 ], [ 745816.0, 2573998.920000000391155 ], [ 745816.0, 2574001.620000000111759 ], [ 745816.0, 2574004.320000000298023 ], [ 745816.0, 2574007.02 ], [ 745816.0, 2574009.720000000204891 ], [ 745815.550000000046566, 2574011.974 ], [ 745813.943000000086613, 2574013.02 ], [ 745813.901000000070781, 2574015.720000000204891 ], [ 745814.950000000069849, 2574017.346000000368804 ], [ 745816.872000000090338, 2574018.120000000111759 ], [ 745816.936000000103377, 2574020.220000000204891 ], [ 745817.200000000069849, 2574022.620000000111759 ], [ 745816.974000000045635, 2574025.02 ], [ 745817.427000000025146, 2574027.120000000111759 ], [ 745816.354000000050291, 2574028.620000000111759 ], [ 745816.112000000081025, 2574031.02 ], [ 745816.287000000011176, 2574033.420000000391155 ], [ 745816.582000000053085, 2574035.820000000298023 ], [ 745816.599000000045635, 2574038.52 ], [ 745816.374000000068918, 2574040.920000000391155 ], [ 745816.300000000046566, 2574043.620000000111759 ], [ 745816.29500000004191, 2574046.320000000298023 ], [ 745815.761000000056811, 2574048.420000000391155 ], [ 745816.325000000069849, 2574050.52 ], [ 745816.300000000046566, 2574053.220000000204891 ], [ 745816.413000000058673, 2574055.920000000391155 ], [ 745816.628000000026077, 2574058.320000000298023 ], [ 745816.071, 2574060.420000000391155 ], [ 745816.051000000094064, 2574062.52 ], [ 745815.850000000093132, 2574064.977 ], [ 745814.664000000106171, 2574066.720000000204891 ], [ 745813.909000000101514, 2574068.52 ], [ 745815.25, 2574069.785000000149012 ], [ 745817.051000000094064, 2574070.620000000111759 ], [ 745817.200000000069849, 2574073.320000000298023 ], [ 745817.182000000029802, 2574076.02 ], [ 745817.084000000031665, 2574078.120000000111759 ], [ 745816.901000000070781, 2574080.52 ], [ 745816.900000000023283, 2574083.220000000204891 ], [ 745816.900000000023283, 2574085.920000000391155 ], [ 745816.882000000099652, 2574088.620000000111759 ], [ 745816.613000000012107, 2574091.02 ], [ 745816.600000000093132, 2574093.720000000204891 ], [ 745816.600000000093132, 2574096.420000000391155 ], [ 745816.600000000093132, 2574099.120000000111759 ], [ 745816.882000000099652, 2574101.52 ], [ 745816.900000000023283, 2574104.220000000204891 ], [ 745816.90500000002794, 2574106.920000000391155 ], [ 745817.007000000099652, 2574109.02 ], [ 745816.946, 2574111.720000000204891 ], [ 745817.088000000105239, 2574114.120000000111759 ], [ 745817.179, 2574116.820000000298023 ], [ 745816.089000000036322, 2574118.320000000298023 ], [ 745814.243000000016764, 2574119.220000000204891 ], [ 745814.337000000057742, 2574121.920000000391155 ], [ 745816.150000000023283, 2574122.624000000301749 ], [ 745817.669, 2574123.720000000204891 ], [ 745818.315000000060536, 2574125.820000000298023 ], [ 745817.852000000071712, 2574127.920000000391155 ], [ 745817.518000000040047, 2574130.320000000298023 ], [ 745817.5, 2574133.02 ], [ 745817.218, 2574135.420000000391155 ], [ 745817.201, 2574138.120000000111759 ], [ 745817.409000000101514, 2574140.52 ], [ 745817.200000000069849, 2574142.920000000391155 ], [ 745817.330000000074506, 2574145.620000000111759 ], [ 745817.200000000069849, 2574148.320000000298023 ], [ 745817.200000000069849, 2574151.02 ], [ 745817.200000000069849, 2574153.720000000204891 ], [ 745817.088000000105239, 2574156.420000000391155 ], [ 745816.957000000053085, 2574158.820000000298023 ], [ 745816.900000000023283, 2574161.52 ], [ 745816.900000000023283, 2574164.220000000204891 ], [ 745816.900000000023283, 2574166.920000000391155 ], [ 745816.618000000016764, 2574169.320000000298023 ], [ 745816.600000000093132, 2574172.02 ], [ 745816.600000000093132, 2574174.720000000204891 ], [ 745816.412000000011176, 2574177.120000000111759 ], [ 745816.300000000046566, 2574179.820000000298023 ], [ 745816.300000000046566, 2574182.52 ], [ 745816.300000000046566, 2574185.220000000204891 ], [ 745816.112000000081025, 2574187.620000000111759 ], [ 745816.0, 2574190.320000000298023 ], [ 745815.982000000076368, 2574193.02 ], [ 745815.830000000074506, 2574195.420000000391155 ], [ 745815.038000000058673, 2574197.52 ], [ 745813.150000000023283, 2574198.178000000305474 ], [ 745811.631000000052154, 2574199.320000000298023 ], [ 745811.950000000069849, 2574201.707 ], [ 745813.75, 2574201.933000000193715 ], [ 745814.950000000069849, 2574203.294000000227243 ], [ 745817.050000000046566, 2574203.920000000391155 ], [ 745819.450000000069849, 2574204.226000000257045 ], [ 745820.76, 2574202.920000000391155 ], [ 745823.050000000046566, 2574202.475 ], [ 745825.450000000069849, 2574202.769000000320375 ], [ 745828.150000000023283, 2574202.77 ], [ 745830.55600000009872, 2574202.920000000391155 ], [ 745833.25, 2574203.070000000298023 ], [ 745835.800000000046566, 2574203.220000000204891 ], [ 745838.350000000093132, 2574203.370000000111759 ], [ 745841.050000000046566, 2574203.370000000111759 ], [ 745843.75, 2574203.388000000268221 ], [ 745846.150000000023283, 2574203.670000000391155 ], [ 745848.850000000093132, 2574203.670000000391155 ], [ 745851.550000000046566, 2574203.675000000279397 ], [ 745853.950000000069849, 2574203.902000000234693 ], [ 745856.650000000023283, 2574203.970000000204891 ], [ 745859.350000000093132, 2574203.970000000204891 ], [ 745862.050000000046566, 2574203.970000000204891 ], [ 745864.450000000069849, 2574204.158000000286847 ], [ 745867.150000000023283, 2574204.339000000152737 ], [ 745868.237000000081025, 2574205.920000000391155 ], [ 745870.150000000023283, 2574206.670000000391155 ], [ 745872.232000000076368, 2574205.920000000391155 ], [ 745873.150000000023283, 2574204.343000000342727 ], [ 745875.25, 2574203.563 ], [ 745877.650000000023283, 2574203.370000000111759 ], [ 745880.350000000093132, 2574203.370000000111759 ], [ 745883.050000000046566, 2574203.337000000290573 ], [ 745885.600000000093132, 2574203.220000000204891 ], [ 745888.150000000023283, 2574203.070000000298023 ], [ 745890.550000000046566, 2574203.25800000037998 ], [ 745893.25, 2574203.370000000111759 ], [ 745895.950000000069849, 2574203.384 ], [ 745898.350000000093132, 2574203.535000000149012 ], [ 745901.050000000046566, 2574203.670000000391155 ], [ 745903.75, 2574203.806000000331551 ], [ 745905.550000000046566, 2574204.00800000037998 ], [ 745907.550000000046566, 2574204.720000000204891 ], [ 745909.450000000069849, 2574204.398 ], [ 745912.0, 2574204.420000000391155 ], [ 745914.25, 2574204.369 ], [ 745916.650000000023283, 2574204.556000000331551 ], [ 745919.050000000046566, 2574204.800000000279397 ], [ 745921.75, 2574204.802000000141561 ], [ 745923.796000000089407, 2574205.02 ], [ 745924.75, 2574206.539000000339001 ], [ 745927.104000000050291, 2574206.820000000298023 ], [ 745928.050000000046566, 2574205.242 ], [ 745930.150000000023283, 2574204.69 ], [ 745932.550000000046566, 2574204.853000000119209 ], [ 745934.950000000069849, 2574204.621000000275671 ], [ 745937.350000000093132, 2574204.81900000013411 ], [ 745940.050000000046566, 2574204.870000000111759 ], [ 745942.75, 2574204.875 ], [ 745945.150000000023283, 2574205.123000000137836 ], [ 745947.850000000093132, 2574205.157000000122935 ], [ 745950.550000000046566, 2574205.170000000391155 ], [ 745953.25, 2574205.170000000391155 ], [ 745955.950000000069849, 2574205.170000000391155 ], [ 745958.650000000023283, 2574205.152000000234693 ], [ 745960.862000000081025, 2574205.02 ], [ 745963.150000000023283, 2574205.469 ], [ 745965.850000000093132, 2574205.470000000204891 ], [ 745968.550000000046566, 2574205.470000000204891 ], [ 745971.25, 2574205.488000000361353 ], [ 745973.650000000023283, 2574205.77 ], [ 745976.350000000093132, 2574205.775000000372529 ], [ 745978.150000000023283, 2574206.588 ], [ 745979.050000000046566, 2574208.42200000025332 ], [ 745981.75, 2574208.446 ], [ 745982.950000000069849, 2574207.066000000108033 ], [ 745984.75, 2574206.202 ], [ 745987.450000000069849, 2574206.103000000119209 ], [ 745990.150000000023283, 2574206.070000000298023 ], [ 745992.550000000046566, 2574205.729000000283122 ], [ 745994.950000000069849, 2574205.381 ], [ 745997.050000000046566, 2574205.466 ], [ 745999.75, 2574205.521000000182539 ], [ 746002.150000000023283, 2574205.77 ], [ 746004.850000000093132, 2574205.808000000193715 ], [ 746007.25, 2574206.018000000156462 ], [ 746009.650000000023283, 2574205.720000000204891 ], [ 746012.050000000046566, 2574205.488000000361353 ], [ 746014.450000000069849, 2574205.769000000320375 ], [ 746017.150000000023283, 2574205.77 ], [ 746019.550000000046566, 2574205.582 ], [ 746021.950000000069849, 2574205.752000000327826 ], [ 746024.650000000023283, 2574205.753 ], [ 746027.350000000093132, 2574205.707 ], [ 746029.75, 2574205.539000000339001 ], [ 746031.850000000093132, 2574206.115000000223517 ], [ 746034.25, 2574205.774000000208616 ], [ 746036.650000000023283, 2574205.475 ], [ 746039.050000000046566, 2574205.77 ], [ 746041.450000000069849, 2574205.963 ], [ 746043.550000000046566, 2574206.117 ], [ 746045.650000000023283, 2574206.804 ], [ 746047.75, 2574207.252000000327826 ], [ 746050.450000000069849, 2574207.27 ], [ 746053.150000000023283, 2574207.154 ], [ 746055.25, 2574206.692000000271946 ], [ 746057.350000000093132, 2574206.781 ], [ 746059.75, 2574206.96500000031665 ], [ 746061.550000000046566, 2574207.177000000141561 ], [ 746064.219000000040978, 2574207.120000000111759 ], [ 746066.050000000046566, 2574206.911000000312924 ], [ 746068.450000000069849, 2574207.339000000152737 ], [ 746071.150000000023283, 2574207.208000000100583 ], [ 746073.550000000046566, 2574206.971000000368804 ], [ 746076.25, 2574206.970000000204891 ], [ 746078.950000000069849, 2574207.00800000037998 ], [ 746081.050000000046566, 2574206.375 ], [ 746083.75, 2574206.375 ], [ 746086.150000000023283, 2574206.669000000227243 ], [ 746088.850000000093132, 2574206.656 ], [ 746090.950000000069849, 2574207.307 ], [ 746092.547000000020489, 2574208.320000000298023 ], [ 746093.90500000002794, 2574209.820000000298023 ], [ 746095.75, 2574210.522000000346452 ], [ 746098.150000000023283, 2574210.86600000038743 ], [ 746100.15500000002794, 2574211.620000000111759 ], [ 746100.79100000008475, 2574213.720000000204891 ], [ 746100.850000000093132, 2574216.414000000339001 ], [ 746101.450000000069849, 2574218.451000000350177 ], [ 746103.700000000069849, 2574218.820000000298023 ], [ 746106.25, 2574218.970000000204891 ], [ 746108.650000000023283, 2574219.158000000286847 ], [ 746111.350000000093132, 2574219.268000000156462 ], [ 746112.703000000095926, 2574217.920000000391155 ], [ 746113.0, 2574215.52 ], [ 746113.238000000012107, 2574213.120000000111759 ], [ 746113.488000000012107, 2574210.720000000204891 ], [ 746113.150000000023283, 2574208.574 ], [ 746113.150000000023283, 2574206.589000000152737 ], [ 746113.899000000092201, 2574204.720000000204891 ], [ 746114.204000000027008, 2574202.320000000298023 ], [ 746114.604000000050291, 2574199.920000000391155 ], [ 746115.562000000034459, 2574198.420000000391155 ], [ 746115.585000000079162, 2574195.720000000204891 ], [ 746115.551000000094064, 2574193.620000000111759 ], [ 746114.93100000009872, 2574191.820000000298023 ], [ 746114.851000000024214, 2574189.120000000111759 ], [ 746115.100000000093132, 2574186.720000000204891 ], [ 746115.101000000024214, 2574184.02 ], [ 746115.249000000068918, 2574181.920000000391155 ], [ 746115.550000000046566, 2574179.772000000346452 ], [ 746117.050000000046566, 2574178.355 ], [ 746117.557000000029802, 2574176.820000000298023 ], [ 746116.525000000023283, 2574175.02 ], [ 746115.550000000046566, 2574173.370000000111759 ], [ 746114.551000000094064, 2574171.720000000204891 ], [ 746112.550000000046566, 2574171.632000000216067 ], [ 746110.741000000038184, 2574172.320000000298023 ], [ 746108.857000000076368, 2574173.220000000204891 ], [ 746106.850000000093132, 2574174.00400000018999 ], [ 746104.75, 2574174.664000000339001 ], [ 746102.350000000093132, 2574174.870000000111759 ], [ 746099.950000000069849, 2574174.621000000275671 ], [ 746097.93100000009872, 2574173.820000000298023 ], [ 746096.050000000046566, 2574173.043 ], [ 746094.061000000103377, 2574173.820000000298023 ], [ 746091.850000000093132, 2574173.531 ], [ 746089.450000000069849, 2574173.370000000111759 ], [ 746087.050000000046566, 2574173.121000000275671 ], [ 746084.350000000093132, 2574173.070000000298023 ], [ 746081.950000000069849, 2574172.821 ], [ 746079.25, 2574172.719 ], [ 746076.850000000093132, 2574172.503 ], [ 746074.150000000023283, 2574172.415 ], [ 746072.050000000046566, 2574171.759 ], [ 746070.25, 2574171.043 ], [ 746068.450000000069849, 2574170.00400000018999 ], [ 746066.898000000044703, 2574169.02 ], [ 746065.63, 2574167.52 ], [ 746064.550000000046566, 2574165.858 ], [ 746063.800000000046566, 2574163.920000000391155 ], [ 746063.106000000028871, 2574161.820000000298023 ], [ 746062.712000000057742, 2574159.720000000204891 ], [ 746062.764000000082888, 2574157.320000000298023 ], [ 746063.491000000038184, 2574155.220000000204891 ], [ 746063.050000000046566, 2574152.896000000182539 ], [ 746063.650000000023283, 2574151.243000000249594 ], [ 746065.450000000069849, 2574150.396000000182539 ], [ 746066.389000000082888, 2574148.620000000111759 ], [ 746065.69800000009127, 2574146.820000000298023 ], [ 746064.792000000015832, 2574145.02 ], [ 746063.208000000100583, 2574143.820000000298023 ], [ 746062.110000000102445, 2574142.320000000298023 ], [ 746061.700000000069849, 2574139.920000000391155 ], [ 746061.894000000087544, 2574137.52 ], [ 746061.700000000069849, 2574135.120000000111759 ], [ 746061.682000000029802, 2574132.420000000391155 ], [ 746061.400000000023283, 2574130.02 ], [ 746061.400000000023283, 2574127.320000000298023 ], [ 746061.401000000070781, 2574124.620000000111759 ], [ 746061.696, 2574122.220000000204891 ], [ 746061.812000000034459, 2574119.52 ], [ 746062.0, 2574117.120000000111759 ], [ 746062.150000000023283, 2574114.570000000298023 ], [ 746062.300000000046566, 2574112.02 ], [ 746062.397, 2574109.320000000298023 ], [ 746062.599000000045635, 2574106.920000000391155 ], [ 746062.600000000093132, 2574104.220000000204891 ], [ 746062.788000000058673, 2574101.820000000298023 ], [ 746062.914000000106171, 2574099.120000000111759 ], [ 746063.200000000069849, 2574096.720000000204891 ], [ 746063.38800000003539, 2574094.320000000298023 ], [ 746063.518000000040047, 2574091.620000000111759 ], [ 746063.731000000028871, 2574089.220000000204891 ], [ 746063.805000000051223, 2574086.52 ], [ 746064.537000000011176, 2574084.420000000391155 ], [ 746064.700000000069849, 2574082.02 ], [ 746064.25, 2574079.77 ], [ 746063.782, 2574077.52 ], [ 746063.5, 2574075.120000000111759 ], [ 746063.482000000076368, 2574072.420000000391155 ], [ 746063.200000000069849, 2574070.02 ], [ 746063.196, 2574067.320000000298023 ], [ 746062.901000000070781, 2574064.920000000391155 ], [ 746062.900000000023283, 2574062.220000000204891 ], [ 746062.900000000023283, 2574059.52 ], [ 746062.900000000023283, 2574056.820000000298023 ], [ 746062.900000000023283, 2574054.120000000111759 ], [ 746062.900000000023283, 2574051.420000000391155 ], [ 746062.900000000023283, 2574048.720000000204891 ], [ 746062.900000000023283, 2574046.02 ], [ 746062.900000000023283, 2574043.320000000298023 ], [ 746062.900000000023283, 2574040.620000000111759 ], [ 746062.769000000087544, 2574037.920000000391155 ], [ 746062.605000000097789, 2574035.52 ], [ 746062.600000000093132, 2574032.820000000298023 ], [ 746062.450000000069849, 2574030.27 ], [ 746062.300000000046566, 2574027.720000000204891 ], [ 746062.300000000046566, 2574025.02 ], [ 746062.018000000040047, 2574022.620000000111759 ], [ 746062.0, 2574019.920000000391155 ], [ 746061.88800000003539, 2574017.220000000204891 ], [ 746061.700000000069849, 2574014.820000000298023 ], [ 746061.649000000092201, 2574012.120000000111759 ], [ 746061.400000000023283, 2574009.720000000204891 ], [ 746061.400000000023283, 2574007.02 ], [ 746061.400000000023283, 2574004.320000000298023 ], [ 746061.118000000016764, 2574001.920000000391155 ], [ 746061.151000000070781, 2573999.220000000204891 ], [ 746061.512000000104308, 2573996.820000000298023 ], [ 746061.88800000003539, 2573994.720000000204891 ], [ 746062.005, 2573992.02 ], [ 746062.299, 2573989.620000000111759 ], [ 746062.488000000012107, 2573987.220000000204891 ], [ 746062.651000000070781, 2573984.52 ], [ 746062.900000000023283, 2573982.120000000111759 ], [ 746062.900000000023283, 2573979.420000000391155 ], [ 746063.093, 2573977.02 ], [ 746063.950000000069849, 2573975.057 ], [ 746065.874000000068918, 2573974.320000000298023 ], [ 746067.992000000085682, 2573973.720000000204891 ], [ 746069.19800000009127, 2573972.220000000204891 ], [ 746069.200000000069849, 2573969.52 ], [ 746069.360000000102445, 2573967.120000000111759 ], [ 746067.850000000093132, 2573966.566000000108033 ], [ 746065.75, 2573965.983 ], [ 746064.550000000046566, 2573964.512000000104308 ], [ 746063.855000000097789, 2573962.620000000111759 ], [ 746063.800000000046566, 2573959.920000000391155 ], [ 746063.650000000023283, 2573957.370000000111759 ], [ 746063.350000000093132, 2573954.970000000204891 ], [ 746063.088000000105239, 2573952.420000000391155 ], [ 746062.849000000045635, 2573950.02 ], [ 746062.596000000019558, 2573947.620000000111759 ], [ 746062.300000000046566, 2573945.220000000204891 ], [ 746062.0, 2573942.820000000298023 ], [ 746061.881000000052154, 2573940.720000000204891 ], [ 746062.0, 2573938.02 ], [ 746062.051000000094064, 2573935.320000000298023 ], [ 746062.710000000079162, 2573933.220000000204891 ], [ 746063.950000000069849, 2573931.829000000376254 ], [ 746066.350000000093132, 2573931.432 ], [ 746066.805000000051223, 2573929.320000000298023 ], [ 746066.650000000023283, 2573926.677000000141561 ], [ 746064.25, 2573926.429 ], [ 746063.007000000099652, 2573925.120000000111759 ], [ 746061.937000000034459, 2573923.320000000298023 ], [ 746061.51300000003539, 2573921.220000000204891 ], [ 746061.700000000069849, 2573918.820000000298023 ], [ 746061.588000000105239, 2573916.120000000111759 ], [ 746061.194000000017695, 2573914.02 ], [ 746060.985000000102445, 2573911.920000000391155 ], [ 746061.006000000052154, 2573909.220000000204891 ], [ 746060.847000000067055, 2573907.420000000391155 ], [ 746060.560000000055879, 2573905.02 ], [ 746059.798000000067987, 2573902.920000000391155 ], [ 746058.25, 2573901.872 ], [ 746055.850000000093132, 2573902.119 ], [ 746053.28000000002794, 2573902.320000000298023 ], [ 746052.705000000074506, 2573904.420000000391155 ], [ 746052.999000000068918, 2573906.820000000298023 ], [ 746053.282, 2573909.220000000204891 ], [ 746053.549, 2573911.620000000111759 ], [ 746053.788000000058673, 2573914.02 ], [ 746054.050000000046566, 2573916.570000000298023 ], [ 746054.218, 2573919.120000000111759 ], [ 746054.187000000034459, 2573921.220000000204891 ], [ 746054.499000000068918, 2573923.620000000111759 ], [ 746054.478, 2573926.320000000298023 ], [ 746053.195000000065193, 2573927.820000000298023 ], [ 746050.75, 2573927.970000000204891 ], [ 746048.050000000046566, 2573927.970000000204891 ], [ 746045.350000000093132, 2573927.970000000204891 ], [ 746042.650000000023283, 2573927.970000000204891 ], [ 746039.950000000069849, 2573927.970000000204891 ], [ 746037.25, 2573927.970000000204891 ], [ 746034.550000000046566, 2573927.970000000204891 ], [ 746031.850000000093132, 2573927.970000000204891 ], [ 746029.150000000023283, 2573927.970000000204891 ], [ 746026.450000000069849, 2573927.970000000204891 ], [ 746023.75, 2573927.970000000204891 ], [ 746021.050000000046566, 2573927.970000000204891 ], [ 746018.350000000093132, 2573927.970000000204891 ], [ 746015.650000000023283, 2573927.970000000204891 ], [ 746012.950000000069849, 2573927.970000000204891 ], [ 746010.25, 2573928.067000000271946 ], [ 746007.850000000093132, 2573928.269000000320375 ], [ 746005.450000000069849, 2573928.458000000100583 ], [ 746002.75, 2573928.570000000298023 ], [ 746000.050000000046566, 2573928.570000000298023 ], [ 745997.350000000093132, 2573928.570000000298023 ], [ 745994.650000000023283, 2573928.570000000298023 ], [ 745991.950000000069849, 2573928.570000000298023 ], [ 745989.550000000046566, 2573928.409 ], [ 745987.450000000069849, 2573928.295000000391155 ], [ 745985.050000000046566, 2573928.537 ], [ 745982.350000000093132, 2573928.570000000298023 ], [ 745979.650000000023283, 2573928.662 ], [ 745976.950000000069849, 2573928.570000000298023 ], [ 745974.550000000046566, 2573928.382000000216067 ], [ 745971.850000000093132, 2573928.269000000320375 ], [ 745969.450000000069849, 2573928.032000000122935 ], [ 745966.75, 2573928.039000000339001 ], [ 745964.050000000046566, 2573927.969 ], [ 745961.350000000093132, 2573927.949 ], [ 745958.950000000069849, 2573927.744 ], [ 745956.550000000046566, 2573927.370000000111759 ], [ 745954.150000000023283, 2573927.182 ], [ 745951.450000000069849, 2573927.121000000275671 ], [ 745949.050000000046566, 2573927.370000000111759 ], [ 745946.350000000093132, 2573927.370000000111759 ], [ 745943.650000000023283, 2573927.370000000111759 ], [ 745941.100000000093132, 2573927.220000000204891 ], [ 745938.550000000046566, 2573927.070000000298023 ], [ 745935.850000000093132, 2573927.06900000013411 ], [ 745933.450000000069849, 2573926.775000000372529 ], [ 745931.050000000046566, 2573926.550000000279397 ], [ 745930.596000000019558, 2573924.220000000204891 ], [ 745930.301000000094064, 2573921.820000000298023 ], [ 745930.300000000046566, 2573919.120000000111759 ], [ 745930.300000000046566, 2573916.420000000391155 ], [ 745930.282, 2573913.720000000204891 ], [ 745930.0, 2573911.320000000298023 ], [ 745930.0, 2573908.620000000111759 ], [ 745929.996000000042841, 2573905.920000000391155 ], [ 745929.701, 2573903.52 ], [ 745929.700000000069849, 2573900.820000000298023 ], [ 745929.700000000069849, 2573898.120000000111759 ], [ 745929.550000000046566, 2573895.570000000298023 ], [ 745929.400000000023283, 2573893.02 ], [ 745929.512000000104308, 2573890.320000000298023 ], [ 745929.512000000104308, 2573888.220000000204891 ], [ 745929.648000000044703, 2573885.820000000298023 ], [ 745929.6830000000773, 2573883.120000000111759 ], [ 745929.700000000069849, 2573880.420000000391155 ], [ 745929.722000000067055, 2573877.720000000204891 ], [ 745930.75, 2573876.189000000245869 ], [ 745932.316000000108033, 2573875.02 ], [ 745931.050000000046566, 2573873.608 ], [ 745929.768000000040047, 2573872.320000000298023 ], [ 745929.6830000000773, 2573869.620000000111759 ], [ 745929.699000000022352, 2573866.920000000391155 ], [ 745929.550000000046566, 2573864.226000000257045 ], [ 745929.400000000023283, 2573861.820000000298023 ], [ 745929.307000000029802, 2573859.120000000111759 ], [ 745929.165000000037253, 2573857.320000000298023 ], [ 745929.25, 2573854.926 ], [ 745929.100000000093132, 2573852.52 ], [ 745929.100000000093132, 2573849.820000000298023 ], [ 745929.100000000093132, 2573847.120000000111759 ], [ 745929.100000000093132, 2573844.420000000391155 ], [ 745928.851000000024214, 2573842.02 ], [ 745928.800000000046566, 2573839.320000000298023 ], [ 745928.800000000046566, 2573836.620000000111759 ], [ 745928.800000000046566, 2573833.920000000391155 ], [ 745928.799, 2573831.220000000204891 ], [ 745928.505, 2573828.820000000298023 ], [ 745928.350000000093132, 2573826.372 ], [ 745927.479000000050291, 2573824.320000000298023 ], [ 745927.881000000052154, 2573821.920000000391155 ], [ 745927.600000000093132, 2573819.52 ], [ 745927.38, 2573817.120000000111759 ], [ 745926.850000000093132, 2573816.75 ] ] } },
{ "type": "Feature", "properties": { "path": "Bhopal_3" }, "geometry": { "type": "LineString", "coordinates": [ [ 745846.300000000046566, 2573929.920000000391155 ], [ 745848.25, 2573930.070000000298023 ], [ 745850.350000000093132, 2573930.070000000298023 ], [ 745852.450000000069849, 2573930.070000000298023 ], [ 745854.550000000046566, 2573930.070000000298023 ], [ 745856.650000000023283, 2573930.070000000298023 ], [ 745858.75, 2573930.070000000298023 ], [ 745860.850000000093132, 2573930.083000000100583 ], [ 745862.650000000023283, 2573930.273 ], [ 745864.463000000105239, 2573930.52 ], [ 745865.216000000014901, 2573932.02 ], [ 745865.496000000042841, 2573933.820000000298023 ], [ 745865.950000000069849, 2573935.352 ], [ 745867.75, 2573935.766000000294298 ], [ 745869.850000000093132, 2573935.864 ], [ 745870.599000000045635, 2573934.420000000391155 ], [ 745870.75, 2573932.382000000216067 ], [ 745871.712000000057742, 2573931.420000000391155 ], [ 745873.75, 2573931.27 ], [ 745875.700000000069849, 2573931.120000000111759 ], [ 745877.650000000023283, 2573931.039000000339001 ], [ 745879.75, 2573930.970000000204891 ], [ 745881.850000000093132, 2573930.970000000204891 ], [ 745883.950000000069849, 2573930.952 ], [ 745885.537000000011176, 2573930.820000000298023 ], [ 745887.550000000046566, 2573930.873000000137836 ], [ 745889.350000000093132, 2573930.683000000193715 ], [ 745891.450000000069849, 2573930.670000000391155 ], [ 745893.550000000046566, 2573930.670000000391155 ], [ 745895.650000000023283, 2573930.670000000391155 ], [ 745897.75, 2573930.670000000391155 ], [ 745899.550000000046566, 2573930.48700000019744 ], [ 745901.350000000093132, 2573930.594 ], [ 745903.150000000023283, 2573930.481000000145286 ], [ 745905.25, 2573930.370000000111759 ], [ 745907.350000000093132, 2573930.370000000111759 ], [ 745909.450000000069849, 2573930.370000000111759 ], [ 745911.550000000046566, 2573930.370000000111759 ], [ 745913.650000000023283, 2573930.370000000111759 ], [ 745915.75, 2573930.369 ], [ 745917.550000000046566, 2573930.121000000275671 ], [ 745919.650000000023283, 2573930.070000000298023 ], [ 745921.75, 2573930.146000000182539 ], [ 745923.550000000046566, 2573930.36600000038743 ], [ 745925.350000000093132, 2573930.535000000149012 ], [ 745926.368000000016764, 2573931.720000000204891 ], [ 745926.649000000092201, 2573933.52 ], [ 745926.708000000100583, 2573935.620000000111759 ], [ 745927.493000000016764, 2573936.820000000298023 ], [ 745929.550000000046566, 2573936.966 ], [ 745931.350000000093132, 2573936.539000000339001 ], [ 745931.5, 2573934.720000000204891 ], [ 745931.501000000047497, 2573932.620000000111759 ], [ 745931.959000000031665, 2573931.120000000111759 ], [ 745933.75, 2573930.671 ], [ 745935.850000000093132, 2573930.657000000122935 ], [ 745937.950000000069849, 2573930.609000000171363 ], [ 745940.050000000046566, 2573930.670000000391155 ], [ 745942.150000000023283, 2573930.670000000391155 ], [ 745944.25, 2573930.670000000391155 ], [ 745946.350000000093132, 2573930.670000000391155 ], [ 745948.450000000069849, 2573930.782000000122935 ], [ 745950.25, 2573930.970000000204891 ], [ 745952.350000000093132, 2573930.971000000368804 ], [ 745954.150000000023283, 2573931.219 ], [ 745956.25, 2573931.382000000216067 ], [ 745957.75, 2573930.747 ], [ 745959.550000000046566, 2573930.371000000275671 ], [ 745961.650000000023283, 2573930.371000000275671 ], [ 745963.450000000069849, 2573930.619 ], [ 745965.550000000046566, 2573930.670000000391155 ], [ 745967.650000000023283, 2573930.688 ], [ 745969.450000000069849, 2573931.017 ], [ 745971.110000000102445, 2573931.420000000391155 ], [ 745973.050000000046566, 2573931.570000000298023 ], [ 745975.150000000023283, 2573931.570000000298023 ], [ 745977.007000000099652, 2573931.720000000204891 ], [ 745978.399000000092201, 2573932.620000000111759 ], [ 745978.788000000058673, 2573934.120000000111759 ], [ 745979.350000000093132, 2573935.632000000216067 ], [ 745981.450000000069849, 2573935.767 ], [ 745982.603, 2573934.720000000204891 ], [ 745983.061000000103377, 2573933.220000000204891 ], [ 745984.75, 2573932.77 ], [ 745986.850000000093132, 2573932.752000000327826 ], [ 745988.536000000080094, 2573932.320000000298023 ], [ 745990.363000000012107, 2573932.02 ], [ 745991.950000000069849, 2573932.152000000234693 ], [ 745994.050000000046566, 2573932.137000000104308 ], [ 745996.150000000023283, 2573932.153 ], [ 745997.950000000069849, 2573931.933000000193715 ], [ 746000.050000000046566, 2573931.903 ], [ 746002.063000000081956, 2573932.02 ], [ 746003.650000000023283, 2573931.94 ], [ 746005.450000000069849, 2573932.119 ], [ 746006.950000000069849, 2573932.064000000245869 ], [ 746009.050000000046566, 2573932.166000000201166 ], [ 746010.850000000093132, 2573931.888000000268221 ], [ 746012.950000000069849, 2573931.874000000301749 ], [ 746014.751000000047497, 2573932.02 ], [ 746016.550000000046566, 2573932.348000000230968 ], [ 746018.050000000046566, 2573931.891000000294298 ], [ 746019.850000000093132, 2573931.682 ], [ 746021.950000000069849, 2573931.570000000298023 ], [ 746023.900000000023283, 2573931.720000000204891 ], [ 746025.850000000093132, 2573931.982000000309199 ], [ 746027.650000000023283, 2573932.282000000122935 ], [ 746029.450000000069849, 2573932.521000000182539 ], [ 746031.100000000093132, 2573932.620000000111759 ], [ 746032.75, 2573932.719 ], [ 746034.550000000046566, 2573933.142 ], [ 746035.75, 2573933.935 ], [ 746037.241000000038184, 2573933.220000000204891 ], [ 746038.450000000069849, 2573932.44 ], [ 746040.25, 2573932.171 ], [ 746042.350000000093132, 2573932.152000000234693 ], [ 746044.150000000023283, 2573931.875 ], [ 746046.113000000012107, 2573932.02 ], [ 746047.75, 2573931.976000000257045 ], [ 746049.550000000046566, 2573932.169000000227243 ], [ 746051.650000000023283, 2573932.170000000391155 ], [ 746053.49800000002142, 2573932.320000000298023 ], [ 746054.787000000011176, 2573933.220000000204891 ], [ 746055.507000000099652, 2573934.720000000204891 ], [ 746055.700000000069849, 2573936.52 ], [ 746055.850000000093132, 2573938.614 ], [ 746055.996000000042841, 2573940.420000000391155 ], [ 746056.018000000040047, 2573942.52 ], [ 746056.296000000089407, 2573944.320000000298023 ], [ 746056.300000000046566, 2573946.420000000391155 ], [ 746056.412000000011176, 2573948.52 ], [ 746056.600000000093132, 2573950.320000000298023 ], [ 746056.713000000105239, 2573952.420000000391155 ], [ 746057.139000000082888, 2573953.920000000391155 ], [ 746057.702000000048429, 2573955.420000000391155 ], [ 746058.385, 2573956.920000000391155 ], [ 746058.700000000069849, 2573958.720000000204891 ], [ 746058.701, 2573960.820000000298023 ], [ 746058.949000000022352, 2573962.620000000111759 ], [ 746058.850000000093132, 2573964.420000000391155 ], [ 746058.934, 2573966.220000000204891 ], [ 746058.65300000004936, 2573968.02 ], [ 746058.333000000100583, 2573969.820000000298023 ], [ 746057.350000000093132, 2573970.996000000275671 ], [ 746055.831, 2573971.320000000298023 ], [ 746055.400000000023283, 2573973.120000000111759 ], [ 746055.312000000034459, 2573975.220000000204891 ], [ 746055.201, 2573977.02 ], [ 746056.450000000069849, 2573977.75400000018999 ], [ 746057.650000000023283, 2573978.75 ], [ 746057.701, 2573980.620000000111759 ], [ 746057.5, 2573982.420000000391155 ], [ 746057.38800000003539, 2573984.52 ], [ 746057.182000000029802, 2573986.320000000298023 ], [ 746056.904000000096858, 2573988.120000000111759 ], [ 746056.651000000070781, 2573989.920000000391155 ], [ 746056.549, 2573992.02 ], [ 746056.301000000094064, 2573993.820000000298023 ], [ 746056.150000000023283, 2573995.77 ], [ 746055.999000000068918, 2573997.720000000204891 ], [ 746055.751000000047497, 2573999.52 ], [ 746055.700000000069849, 2574001.620000000111759 ], [ 746055.700000000069849, 2574003.720000000204891 ], [ 746055.700000000069849, 2574005.820000000298023 ], [ 746055.700000000069849, 2574007.920000000391155 ], [ 746055.797000000020489, 2574010.02 ], [ 746055.987000000081025, 2574011.820000000298023 ], [ 746056.112000000081025, 2574013.920000000391155 ], [ 746056.300000000046566, 2574015.720000000204891 ], [ 746056.450000000069849, 2574017.670000000391155 ], [ 746056.605000000097789, 2574019.620000000111759 ], [ 746056.882000000099652, 2574021.420000000391155 ], [ 746057.012000000104308, 2574023.52 ], [ 746057.200000000069849, 2574025.320000000298023 ], [ 746057.350000000093132, 2574027.27 ], [ 746057.44800000009127, 2574029.220000000204891 ], [ 746057.016000000061467, 2574030.720000000204891 ], [ 746056.882000000099652, 2574032.820000000298023 ], [ 746056.605000000097789, 2574034.620000000111759 ], [ 746056.600000000093132, 2574036.720000000204891 ], [ 746056.600000000093132, 2574038.820000000298023 ], [ 746056.600000000093132, 2574040.920000000391155 ], [ 746056.600000000093132, 2574043.02 ], [ 746056.600000000093132, 2574045.120000000111759 ], [ 746056.600000000093132, 2574047.220000000204891 ], [ 746056.605000000097789, 2574049.320000000298023 ], [ 746056.882000000099652, 2574051.120000000111759 ], [ 746056.754000000073574, 2574053.220000000204891 ], [ 746056.896000000066124, 2574055.320000000298023 ], [ 746056.900000000023283, 2574057.420000000391155 ], [ 746056.900000000023283, 2574059.52 ], [ 746056.900000000023283, 2574061.620000000111759 ], [ 746056.901000000070781, 2574063.720000000204891 ], [ 746057.088000000105239, 2574065.52 ], [ 746057.200000000069849, 2574067.620000000111759 ], [ 746057.200000000069849, 2574069.720000000204891 ], [ 746057.200000000069849, 2574071.820000000298023 ], [ 746057.200000000069849, 2574073.920000000391155 ], [ 746057.350000000093132, 2574075.870000000111759 ], [ 746057.479000000050291, 2574077.820000000298023 ], [ 746056.832000000053085, 2574079.320000000298023 ], [ 746056.633000000030734, 2574081.120000000111759 ], [ 746056.287000000011176, 2574082.920000000391155 ], [ 746055.878000000026077, 2574084.720000000204891 ], [ 746056.01300000003539, 2574086.820000000298023 ], [ 746055.88800000003539, 2574088.920000000391155 ], [ 746055.811000000103377, 2574090.720000000204891 ], [ 746055.811000000103377, 2574092.220000000204891 ], [ 746055.811000000103377, 2574094.320000000298023 ], [ 746055.807000000029802, 2574095.820000000298023 ], [ 746055.682000000029802, 2574097.920000000391155 ], [ 746055.400000000023283, 2574099.720000000204891 ], [ 746055.118000000016764, 2574101.52 ], [ 746054.950000000069849, 2574103.470000000204891 ], [ 746054.800000000046566, 2574105.420000000391155 ], [ 746054.800000000046566, 2574107.52 ], [ 746054.800000000046566, 2574109.620000000111759 ], [ 746054.650000000023283, 2574111.614 ], [ 746054.517000000108965, 2574113.52 ], [ 746054.51300000003539, 2574115.620000000111759 ], [ 746054.350000000093132, 2574117.570000000298023 ], [ 746054.084000000031665, 2574119.52 ], [ 746053.652, 2574121.02 ], [ 746053.600000000093132, 2574123.120000000111759 ], [ 746053.600000000093132, 2574125.220000000204891 ], [ 746053.488000000012107, 2574127.320000000298023 ], [ 746053.300000000046566, 2574129.120000000111759 ], [ 746053.300000000046566, 2574131.220000000204891 ], [ 746053.300000000046566, 2574133.320000000298023 ], [ 746053.300000000046566, 2574135.420000000391155 ], [ 746053.318000000086613, 2574137.52 ], [ 746053.600000000093132, 2574139.320000000298023 ], [ 746053.881000000052154, 2574141.120000000111759 ], [ 746053.647, 2574142.920000000391155 ], [ 746053.150000000023283, 2574144.427000000141561 ], [ 746051.743000000016764, 2574145.320000000298023 ], [ 746050.150000000023283, 2574145.864 ], [ 746048.502000000094995, 2574145.920000000391155 ], [ 746046.550000000046566, 2574145.909 ], [ 746046.25, 2574147.264 ], [ 746046.535000000032596, 2574149.220000000204891 ], [ 746047.75, 2574149.857000000309199 ], [ 746049.850000000093132, 2574150.025000000372529 ], [ 746051.350000000093132, 2574150.689000000245869 ], [ 746052.25, 2574151.863000000361353 ], [ 746052.667000000015832, 2574153.420000000391155 ], [ 746053.108, 2574155.220000000204891 ], [ 746053.51, 2574156.720000000204891 ], [ 746054.407, 2574157.920000000391155 ], [ 746055.25, 2574159.31 ], [ 746055.550000000046566, 2574161.070000000298023 ], [ 746055.813000000081956, 2574163.02 ], [ 746056.239000000059605, 2574164.52 ], [ 746056.715000000083819, 2574166.320000000298023 ], [ 746057.214000000036322, 2574167.820000000298023 ], [ 746057.950000000069849, 2574169.081000000238419 ], [ 746058.850000000093132, 2574170.462000000290573 ], [ 746059.450000000069849, 2574171.839000000152737 ], [ 746060.5, 2574172.920000000391155 ], [ 746061.550000000046566, 2574173.969 ], [ 746062.75, 2574174.933000000193715 ], [ 746064.090000000083819, 2574175.620000000111759 ], [ 746065.450000000069849, 2574176.434000000357628 ], [ 746066.950000000069849, 2574177.068 ], [ 746068.450000000069849, 2574177.570000000298023 ], [ 746069.950000000069849, 2574178.072000000160187 ], [ 746071.75, 2574178.581000000238419 ], [ 746073.25, 2574179.023 ], [ 746075.050000000046566, 2574179.464000000152737 ], [ 746076.850000000093132, 2574179.670000000391155 ], [ 746078.950000000069849, 2574179.670000000391155 ], [ 746081.050000000046566, 2574179.688 ], [ 746082.850000000093132, 2574179.96500000031665 ], [ 746084.950000000069849, 2574179.913000000175089 ], [ 746087.050000000046566, 2574179.970000000204891 ], [ 746089.150000000023283, 2574179.970000000204891 ], [ 746091.25, 2574179.975 ], [ 746092.75, 2574180.526 ], [ 746094.550000000046566, 2574180.870000000111759 ], [ 746096.650000000023283, 2574180.871000000275671 ], [ 746098.450000000069849, 2574181.294000000227243 ], [ 746099.178000000072643, 2574182.52 ], [ 746099.350000000093132, 2574184.470000000204891 ], [ 746099.5, 2574186.420000000391155 ], [ 746099.505, 2574188.52 ], [ 746099.749000000068918, 2574190.320000000298023 ], [ 746099.732000000076368, 2574192.420000000391155 ], [ 746099.164000000106171, 2574193.920000000391155 ], [ 746099.38800000003539, 2574195.720000000204891 ], [ 746099.627000000094995, 2574197.820000000298023 ], [ 746100.843, 2574198.720000000204891 ], [ 746101.429, 2574200.220000000204891 ], [ 746100.850000000093132, 2574201.803000000305474 ], [ 746099.650000000023283, 2574202.723000000230968 ], [ 746098.104000000050291, 2574202.920000000391155 ], [ 746096.650000000023283, 2574202.122 ], [ 746094.99800000002142, 2574201.720000000204891 ], [ 746093.050000000046566, 2574201.570000000298023 ], [ 746091.100000000093132, 2574201.720000000204891 ], [ 746089.150000000023283, 2574201.870000000111759 ], [ 746087.050000000046566, 2574201.870000000111759 ], [ 746085.100000000093132, 2574202.02 ], [ 746083.150000000023283, 2574202.120000000111759 ], [ 746081.650000000023283, 2574202.058000000193715 ], [ 746079.850000000093132, 2574201.869 ], [ 746078.350000000093132, 2574201.399000000208616 ], [ 746076.25, 2574201.419000000227243 ], [ 746074.450000000069849, 2574201.442000000271946 ], [ 746072.950000000069849, 2574200.988000000361353 ], [ 746070.850000000093132, 2574201.082 ], [ 746069.050000000046566, 2574201.288000000175089 ], [ 746067.550000000046566, 2574201.736 ], [ 746065.75, 2574201.702 ], [ 746063.950000000069849, 2574201.777000000234693 ], [ 746062.75, 2574201.706000000238419 ], [ 746060.650000000023283, 2574201.682 ], [ 746058.850000000093132, 2574201.801 ], [ 746056.837000000057742, 2574202.02 ], [ 746055.25, 2574201.941000000108033 ], [ 746053.450000000069849, 2574202.208000000100583 ], [ 746051.650000000023283, 2574201.8230000003241 ], [ 746049.850000000093132, 2574201.571 ], [ 746047.75, 2574201.681000000331551 ], [ 746046.25, 2574201.681000000331551 ], [ 746044.150000000023283, 2574201.454000000376254 ], [ 746042.350000000093132, 2574201.306000000331551 ], [ 746040.906000000075437, 2574202.02 ], [ 746039.210000000079162, 2574202.02 ], [ 746037.550000000046566, 2574201.640000000130385 ], [ 746035.75, 2574201.808000000193715 ], [ 746034.550000000046566, 2574201.04 ], [ 746033.050000000046566, 2574200.337000000290573 ], [ 746031.550000000046566, 2574200.841 ], [ 746029.75, 2574201.38300000037998 ], [ 746028.522, 2574201.120000000111759 ], [ 746026.450000000069849, 2574201.021000000182539 ], [ 746024.650000000023283, 2574201.203000000212342 ], [ 746023.150000000023283, 2574200.687000000383705 ], [ 746021.350000000093132, 2574200.388000000268221 ], [ 746019.25, 2574200.372 ], [ 746017.75, 2574200.912 ], [ 746016.25, 2574201.565 ], [ 746014.150000000023283, 2574201.570000000298023 ], [ 746012.050000000046566, 2574201.570000000298023 ], [ 746010.087000000057742, 2574201.420000000391155 ], [ 746008.450000000069849, 2574201.519000000320375 ], [ 746006.350000000093132, 2574201.524000000208616 ], [ 746004.326, 2574201.420000000391155 ], [ 746002.800000000046566, 2574201.120000000111759 ], [ 746000.981000000028871, 2574201.120000000111759 ], [ 745999.450000000069849, 2574200.675000000279397 ], [ 745997.350000000093132, 2574200.670000000391155 ], [ 745995.25, 2574200.671 ], [ 745993.450000000069849, 2574200.864 ], [ 745991.650000000023283, 2574200.666000000201166 ], [ 745989.850000000093132, 2574200.506 ], [ 745988.07300000009127, 2574200.820000000298023 ], [ 745986.25, 2574200.998000000137836 ], [ 745984.75, 2574200.391000000294298 ], [ 745982.650000000023283, 2574200.375 ], [ 745981.0, 2574200.820000000298023 ], [ 745979.350000000093132, 2574201.265000000130385 ], [ 745977.25, 2574201.256 ], [ 745975.450000000069849, 2574201.012000000104308 ], [ 745973.650000000023283, 2574201.204000000376254 ], [ 745971.850000000093132, 2574201.00400000018999 ], [ 745969.75, 2574200.970000000204891 ], [ 745967.950000000069849, 2574200.809000000357628 ], [ 745966.150000000023283, 2574200.502000000327826 ], [ 745964.050000000046566, 2574200.481000000145286 ], [ 745962.550000000046566, 2574200.481000000145286 ], [ 745960.450000000069849, 2574200.371000000275671 ], [ 745958.650000000023283, 2574200.731000000145286 ], [ 745956.850000000093132, 2574200.970000000204891 ], [ 745954.75, 2574200.970000000204891 ], [ 745952.798000000067987, 2574200.820000000298023 ], [ 745951.150000000023283, 2574200.858 ], [ 745949.350000000093132, 2574200.782000000122935 ], [ 745947.25, 2574200.670000000391155 ], [ 745945.150000000023283, 2574200.675000000279397 ], [ 745943.050000000046566, 2574200.716 ], [ 745941.087000000057742, 2574200.52 ], [ 745939.450000000069849, 2574200.618000000249594 ], [ 745937.350000000093132, 2574200.637000000104308 ], [ 745935.25, 2574200.670000000391155 ], [ 745933.150000000023283, 2574200.597 ], [ 745931.44800000009127, 2574200.52 ], [ 745929.850000000093132, 2574200.374000000301749 ], [ 745928.344000000040978, 2574199.920000000391155 ], [ 745927.582000000053085, 2574198.420000000391155 ], [ 745926.550000000046566, 2574197.489 ], [ 745924.75, 2574197.121000000275671 ], [ 745922.650000000023283, 2574197.113000000361353 ], [ 745921.884000000078231, 2574198.420000000391155 ], [ 745921.257000000099652, 2574199.920000000391155 ], [ 745919.950000000069849, 2574200.773 ], [ 745918.450000000069849, 2574200.805000000167638 ], [ 745916.650000000023283, 2574200.371000000275671 ], [ 745914.550000000046566, 2574200.369 ], [ 745912.450000000069849, 2574200.390000000130385 ], [ 745910.650000000023283, 2574200.089000000152737 ], [ 745908.850000000093132, 2574200.309000000357628 ], [ 745907.050000000046566, 2574200.669000000227243 ], [ 745904.950000000069849, 2574200.542000000365078 ], [ 745903.450000000069849, 2574200.088 ], [ 745901.350000000093132, 2574200.070000000298023 ], [ 745899.25, 2574200.070000000298023 ], [ 745897.150000000023283, 2574200.070000000298023 ], [ 745895.050000000046566, 2574200.070000000298023 ], [ 745892.950000000069849, 2574200.070000000298023 ], [ 745890.850000000093132, 2574200.070000000298023 ], [ 745888.75, 2574200.070000000298023 ], [ 745886.950000000069849, 2574199.898 ], [ 745885.150000000023283, 2574199.973000000230968 ], [ 745883.050000000046566, 2574200.052000000141561 ], [ 745881.25, 2574199.775000000372529 ], [ 745879.150000000023283, 2574199.803000000305474 ], [ 745877.350000000093132, 2574199.518000000156462 ], [ 745875.850000000093132, 2574198.962000000290573 ], [ 745874.650000000023283, 2574199.721000000368804 ], [ 745873.150000000023283, 2574200.313 ], [ 745871.350000000093132, 2574200.088 ], [ 745869.25, 2574200.070000000298023 ], [ 745867.150000000023283, 2574200.088 ], [ 745865.350000000093132, 2574200.253 ], [ 745863.550000000046566, 2574200.070000000298023 ], [ 745861.450000000069849, 2574200.070000000298023 ], [ 745859.350000000093132, 2574199.936000000219792 ], [ 745857.25, 2574200.136 ], [ 745855.75, 2574199.964000000152737 ], [ 745853.650000000023283, 2574199.958000000100583 ], [ 745851.850000000093132, 2574199.73700000019744 ], [ 745849.75, 2574199.658000000286847 ], [ 745847.950000000069849, 2574199.532000000122935 ], [ 745845.850000000093132, 2574199.470000000204891 ], [ 745843.75, 2574199.470000000204891 ], [ 745841.650000000023283, 2574199.413000000175089 ], [ 745839.550000000046566, 2574199.358 ], [ 745837.75, 2574199.170000000391155 ], [ 745835.650000000023283, 2574199.170000000391155 ], [ 745833.550000000046566, 2574199.171 ], [ 745831.75, 2574199.364 ], [ 745829.950000000069849, 2574199.171 ], [ 745827.850000000093132, 2574199.170000000391155 ], [ 745825.75, 2574199.170000000391155 ], [ 745823.650000000023283, 2574199.058000000193715 ], [ 745821.850000000093132, 2574198.852 ], [ 745820.350000000093132, 2574198.1980000003241 ], [ 745819.901000000070781, 2574196.620000000111759 ], [ 745819.917000000015832, 2574194.52 ], [ 745820.031000000075437, 2574192.420000000391155 ], [ 745820.200000000069849, 2574190.620000000111759 ], [ 745820.200000000069849, 2574188.52 ], [ 745820.350000000093132, 2574186.570000000298023 ], [ 745820.5, 2574184.620000000111759 ], [ 745820.5, 2574182.52 ], [ 745820.523000000044703, 2574180.420000000391155 ], [ 745821.264000000082888, 2574179.220000000204891 ], [ 745821.430000000051223, 2574177.720000000204891 ], [ 745820.552000000025146, 2574176.52 ], [ 745820.483, 2574174.420000000391155 ], [ 745820.5, 2574172.320000000298023 ], [ 745820.505, 2574170.220000000204891 ], [ 745820.724000000045635, 2574168.420000000391155 ], [ 745820.818000000086613, 2574166.320000000298023 ], [ 745821.096000000019558, 2574164.52 ], [ 745821.119000000064261, 2574162.420000000391155 ], [ 745821.6830000000773, 2574160.920000000391155 ], [ 745821.550000000046566, 2574159.482000000309199 ], [ 745821.101000000024214, 2574157.920000000391155 ], [ 745821.100000000093132, 2574155.820000000298023 ], [ 745821.100000000093132, 2574153.720000000204891 ], [ 745821.100000000093132, 2574151.620000000111759 ], [ 745821.100000000093132, 2574149.52 ], [ 745821.105000000097789, 2574147.420000000391155 ], [ 745821.330000000074506, 2574145.620000000111759 ], [ 745821.105000000097789, 2574143.820000000298023 ], [ 745821.147, 2574141.720000000204891 ], [ 745821.300000000046566, 2574139.920000000391155 ], [ 745821.396000000066124, 2574137.820000000298023 ], [ 745821.41800000006333, 2574135.720000000204891 ], [ 745821.696, 2574133.920000000391155 ], [ 745821.700000000069849, 2574131.820000000298023 ], [ 745821.850000000093132, 2574129.870000000111759 ], [ 745822.0, 2574127.920000000391155 ], [ 745822.150000000023283, 2574125.972 ], [ 745822.450000000069849, 2574124.301 ], [ 745823.382000000099652, 2574123.120000000111759 ], [ 745824.39000000001397, 2574121.920000000391155 ], [ 745824.39000000001397, 2574119.820000000298023 ], [ 745823.350000000093132, 2574118.725 ], [ 745822.077000000048429, 2574118.02 ], [ 745821.75, 2574116.220000000204891 ], [ 745821.869000000064261, 2574114.420000000391155 ], [ 745821.817000000039116, 2574112.620000000111759 ], [ 745821.868000000016764, 2574110.820000000298023 ], [ 745821.700000000069849, 2574109.02 ], [ 745821.701, 2574106.920000000391155 ], [ 745822.061000000103377, 2574105.120000000111759 ], [ 745822.300000000046566, 2574103.320000000298023 ], [ 745822.300000000046566, 2574101.220000000204891 ], [ 745822.150000000023283, 2574099.27 ], [ 745822.0, 2574097.320000000298023 ], [ 745821.996000000042841, 2574095.220000000204891 ], [ 745821.726000000024214, 2574093.420000000391155 ], [ 745821.574000000022352, 2574091.920000000391155 ], [ 745821.6830000000773, 2574089.820000000298023 ], [ 745821.757000000099652, 2574087.720000000204891 ], [ 745821.82300000009127, 2574085.620000000111759 ], [ 745821.928000000072643, 2574083.820000000298023 ], [ 745821.996000000042841, 2574081.720000000204891 ], [ 745822.0, 2574079.620000000111759 ], [ 745822.0, 2574077.52 ], [ 745822.0, 2574075.420000000391155 ], [ 745822.0, 2574073.320000000298023 ], [ 745822.0, 2574071.220000000204891 ], [ 745822.051000000094064, 2574069.120000000111759 ], [ 745822.299, 2574067.320000000298023 ], [ 745822.194000000017695, 2574065.220000000204891 ], [ 745822.230000000097789, 2574063.720000000204891 ], [ 745821.550000000046566, 2574062.263000000268221 ], [ 745820.942000000039116, 2574061.02 ], [ 745821.550000000046566, 2574059.702 ], [ 745822.178000000072643, 2574058.320000000298023 ], [ 745821.686000000103377, 2574056.820000000298023 ], [ 745821.119000000064261, 2574055.320000000298023 ], [ 745821.100000000093132, 2574053.220000000204891 ], [ 745821.100000000093132, 2574051.120000000111759 ], [ 745821.100000000093132, 2574049.02 ], [ 745821.04300000006333, 2574046.920000000391155 ], [ 745821.100000000093132, 2574044.820000000298023 ], [ 745821.100000000093132, 2574042.720000000204891 ], [ 745821.031000000075437, 2574040.620000000111759 ], [ 745821.096000000019558, 2574038.52 ], [ 745820.950000000069849, 2574037.018000000156462 ], [ 745821.006000000052154, 2574035.52 ], [ 745820.852000000071712, 2574033.720000000204891 ], [ 745821.014000000082888, 2574031.920000000391155 ], [ 745821.132000000099652, 2574029.820000000298023 ], [ 745820.971000000019558, 2574027.720000000204891 ], [ 745821.348, 2574025.920000000391155 ], [ 745821.400000000023283, 2574023.820000000298023 ], [ 745821.4330000000773, 2574021.720000000204891 ], [ 745821.401000000070781, 2574019.620000000111759 ], [ 745821.776000000070781, 2574017.820000000298023 ], [ 745823.350000000093132, 2574017.408000000286847 ], [ 745825.169, 2574017.220000000204891 ], [ 745825.600000000093132, 2574015.420000000391155 ], [ 745825.169, 2574013.620000000111759 ], [ 745823.350000000093132, 2574013.46500000031665 ], [ 745821.962000000057742, 2574012.720000000204891 ], [ 745821.700000000069849, 2574010.920000000391155 ], [ 745821.650000000023283, 2574008.820000000298023 ], [ 745821.462000000057742, 2574007.02 ], [ 745821.413000000058673, 2574004.920000000391155 ], [ 745821.400000000023283, 2574002.820000000298023 ], [ 745821.400000000023283, 2574000.720000000204891 ], [ 745821.400000000023283, 2573998.620000000111759 ], [ 745821.400000000023283, 2573996.52 ], [ 745821.400000000023283, 2573994.420000000391155 ], [ 745821.457000000053085, 2573992.320000000298023 ], [ 745821.550000000046566, 2573990.372 ], [ 745821.746000000042841, 2573988.420000000391155 ], [ 745821.550000000046566, 2573986.435 ], [ 745821.343, 2573984.52 ], [ 745821.399000000092201, 2573982.420000000391155 ], [ 745821.354000000050291, 2573980.320000000298023 ], [ 745821.393000000040047, 2573978.220000000204891 ], [ 745821.354000000050291, 2573976.120000000111759 ], [ 745821.208000000100583, 2573974.320000000298023 ], [ 745821.29300000006333, 2573972.52 ], [ 745821.794, 2573970.720000000204891 ], [ 745822.0, 2573968.920000000391155 ], [ 745822.051000000094064, 2573966.820000000298023 ], [ 745822.299, 2573965.02 ], [ 745822.300000000046566, 2573962.920000000391155 ], [ 745822.350000000093132, 2573960.820000000298023 ], [ 745822.407, 2573959.320000000298023 ], [ 745822.300000000046566, 2573957.220000000204891 ], [ 745822.300000000046566, 2573955.120000000111759 ], [ 745822.300000000046566, 2573953.02 ], [ 745822.300000000046566, 2573950.920000000391155 ], [ 745822.300000000046566, 2573948.820000000298023 ], [ 745822.300000000046566, 2573946.720000000204891 ], [ 745822.300000000046566, 2573944.620000000111759 ], [ 745822.300000000046566, 2573942.52 ], [ 745822.488000000012107, 2573940.720000000204891 ], [ 745822.600000000093132, 2573938.620000000111759 ], [ 745822.600000000093132, 2573936.52 ], [ 745822.652, 2573934.420000000391155 ], [ 745823.136000000056811, 2573932.920000000391155 ], [ 745823.915000000037253, 2573931.420000000391155 ], [ 745824.960000000079162, 2573930.52 ], [ 745826.350000000093132, 2573929.887000000104308 ], [ 745828.450000000069849, 2573929.900000000372529 ], [ 745830.550000000046566, 2573929.77 ], [ 745832.650000000023283, 2573929.77 ], [ 745834.75, 2573929.77 ], [ 745836.850000000093132, 2573929.77 ], [ 745838.950000000069849, 2573929.77 ], [ 745841.050000000046566, 2573929.77 ], [ 745843.150000000023283, 2573929.77 ], [ 745845.25, 2573929.775000000372529 ], [ 745846.300000000046566, 2573929.920000000391155 ] ] } },
{ "type": "Feature", "properties": { "path": "Bhopal_4" }, "geometry": { "type": "LineString", "coordinates": [ [ 745423.265999999945052, 2574023.756 ], [ 745421.020999999949709, 2574024.994 ], [ 745421.12699999997858, 2574028.594 ], [ 745420.677000000025146, 2574031.293999999761581 ], [ 745420.716000000014901, 2574034.893999999854714 ], [ 745420.865999999921769, 2574038.344 ], [ 745421.033999999985099, 2574041.793999999761581 ], [ 745421.316, 2574045.094 ], [ 745421.615999999921769, 2574048.393999999854714 ], [ 745421.915999999968335, 2574051.693999999668449 ], [ 745422.027, 2574055.293999999761581 ], [ 745422.216000000014901, 2574058.594 ], [ 745422.513999999966472, 2574061.893999999854714 ], [ 745422.515999999945052, 2574065.494 ], [ 745422.816, 2574068.793999999761581 ], [ 745422.816, 2574072.393999999854714 ], [ 745422.816, 2574075.994 ], [ 745422.816, 2574079.594 ], [ 745423.049999999930151, 2574082.893999999854714 ], [ 745422.991999999969266, 2574085.893999999854714 ], [ 745423.115999999921769, 2574089.494 ], [ 745423.115999999921769, 2574093.094 ], [ 745423.304, 2574096.393999999854714 ], [ 745423.110999999917112, 2574099.693999999668449 ], [ 745422.704000000027008, 2574102.994 ], [ 745422.233, 2574105.994 ], [ 745421.897999999928288, 2574109.293999999761581 ], [ 745421.503999999957159, 2574112.594 ], [ 745421.0669999999227, 2574115.594 ], [ 745420.711000000010245, 2574118.893999999854714 ], [ 745420.365, 2574122.193999999668449 ], [ 745419.927000000025146, 2574125.193999999668449 ], [ 745419.498999999952503, 2574128.494 ], [ 745419.103999999933876, 2574131.793999999761581 ], [ 745418.765999999945052, 2574134.943999999668449 ], [ 745418.316, 2574138.094 ], [ 745417.964999999967404, 2574141.393999999854714 ], [ 745417.566, 2574144.588999999687076 ], [ 745417.167000000015832, 2574147.693999999668449 ], [ 745416.832999999984168, 2574150.994 ], [ 745416.49800000002142, 2574154.293999999761581 ], [ 745416.066, 2574157.407999999821186 ], [ 745415.165999999968335, 2574160.171 ], [ 745414.321, 2574162.994 ], [ 745413.417999999946915, 2574165.693999999668449 ], [ 745412.466000000014901, 2574168.298999999649823 ], [ 745411.566, 2574170.943999999668449 ], [ 745410.811999999918044, 2574173.793999999761581 ], [ 745409.689000000013039, 2574176.193999999668449 ], [ 745408.566, 2574178.744999999646097 ], [ 745407.665999999968335, 2574181.443999999668449 ], [ 745406.976000000024214, 2574184.293999999761581 ], [ 745405.790999999968335, 2574186.693999999668449 ], [ 745404.665999999968335, 2574189.242 ], [ 745403.466000000014901, 2574191.643999999854714 ], [ 745402.265999999945052, 2574194.043999999761581 ], [ 745401.105999999912456, 2574196.594 ], [ 745399.9419999999227, 2574198.994 ], [ 745398.743000000016764, 2574201.393999999854714 ], [ 745397.689000000013039, 2574203.793999999761581 ], [ 745396.488999999943189, 2574206.193999999668449 ], [ 745395.324000000022352, 2574208.594 ], [ 745394.088999999919906, 2574210.994 ], [ 745392.816, 2574213.393999999854714 ], [ 745391.625999999931082, 2574215.793999999761581 ], [ 745390.488999999943189, 2574218.193999999668449 ], [ 745389.108999999938533, 2574220.594 ], [ 745387.822999999974854, 2574222.693999999668449 ], [ 745386.449999999953434, 2574225.094 ], [ 745385.165999999968335, 2574227.267999999690801 ], [ 745383.750999999931082, 2574229.594 ], [ 745382.466000000014901, 2574231.742999999783933 ], [ 745380.902999999932945, 2574233.793999999761581 ], [ 745381.566, 2574236.671 ], [ 745382.409999999916181, 2574239.494 ], [ 745383.181999999913387, 2574242.193999999668449 ], [ 745383.966000000014901, 2574245.071 ], [ 745384.809999999939464, 2574247.893999999854714 ], [ 745385.765999999945052, 2574250.358 ], [ 745388.588999999919906, 2574250.293999999761581 ], [ 745391.765999999945052, 2574250.528 ], [ 745394.165999999968335, 2574251.756999999750406 ], [ 745397.165999999968335, 2574252.295 ], [ 745400.165999999968335, 2574252.844 ], [ 745403.165999999968335, 2574252.94 ], [ 745404.216000000014901, 2574255.393999999854714 ], [ 745404.510999999940395, 2574258.693999999668449 ], [ 745404.704000000027008, 2574261.994 ], [ 745404.927000000025146, 2574265.594 ], [ 745405.115999999921769, 2574268.893999999854714 ], [ 745405.304, 2574272.193999999668449 ], [ 745405.58199999993667, 2574275.494 ], [ 745405.716999999945983, 2574278.494 ], [ 745405.865999999921769, 2574281.943999999668449 ], [ 745406.017, 2574285.393999999854714 ], [ 745406.316, 2574288.693999999668449 ], [ 745406.503999999957159, 2574291.994 ], [ 745406.62, 2574295.594 ], [ 745407.022999999928288, 2574298.893999999854714 ], [ 745407.216000000014901, 2574302.193999999668449 ], [ 745407.51500000001397, 2574305.494 ], [ 745407.797999999951571, 2574308.793999999761581 ], [ 745408.003999999957159, 2574312.094 ], [ 745408.304, 2574315.393999999854714 ], [ 745408.434, 2574318.994 ], [ 745408.716999999945983, 2574322.293999999761581 ], [ 745409.020000000018626, 2574325.594 ], [ 745409.3169999999227, 2574328.893999999854714 ], [ 745409.615999999921769, 2574332.193999999668449 ], [ 745409.647, 2574335.793999999761581 ], [ 745410.145999999949709, 2574338.793999999761581 ], [ 745410.267, 2574342.393999999854714 ], [ 745410.517, 2574345.693999999668449 ], [ 745410.816, 2574348.994 ], [ 745410.988000000012107, 2574352.293999999761581 ], [ 745411.51, 2574354.994 ], [ 745411.767, 2574358.293999999761581 ], [ 745412.015999999945052, 2574361.594 ], [ 745412.365999999921769, 2574364.893999999854714 ], [ 745412.800999999977648, 2574367.893999999854714 ], [ 745413.216999999945983, 2574371.193999999668449 ], [ 745413.5669999999227, 2574374.494 ], [ 745413.83399999991525, 2574377.793999999761581 ], [ 745414.1919999999227, 2574381.094 ], [ 745414.566, 2574384.389 ], [ 745414.733999999938533, 2574387.693999999668449 ], [ 745415.033999999985099, 2574390.994 ], [ 745415.427000000025146, 2574394.293999999761581 ], [ 745415.615999999921769, 2574397.594 ], [ 745415.912000000011176, 2574400.893999999854714 ], [ 745416.267, 2574404.193999999668449 ], [ 745416.704000000027008, 2574407.193999999668449 ], [ 745417.132999999914318, 2574410.494 ], [ 745417.527, 2574413.793999999761581 ], [ 745417.903999999980442, 2574416.793999999761581 ], [ 745418.366999999969266, 2574420.094 ], [ 745418.915999999968335, 2574423.094 ], [ 745419.197999999974854, 2574426.393999999854714 ], [ 745419.451, 2574429.693999999668449 ], [ 745419.665999999968335, 2574432.532999999821186 ], [ 745420.003999999957159, 2574435.693999999668449 ], [ 745420.1919999999227, 2574439.293999999761581 ], [ 745420.527, 2574442.594 ], [ 745420.71999999997206, 2574445.893999999854714 ], [ 745421.033999999985099, 2574449.193999999668449 ], [ 745421.366999999969266, 2574452.494 ], [ 745421.667000000015832, 2574455.793999999761581 ], [ 745421.917000000015832, 2574459.094 ], [ 745422.216000000014901, 2574462.393999999854714 ], [ 745422.62699999997858, 2574465.693999999668449 ], [ 745422.816, 2574468.994 ], [ 745423.167000000015832, 2574472.293999999761581 ], [ 745423.468, 2574475.594 ], [ 745423.716000000014901, 2574478.893999999854714 ], [ 745423.767, 2574482.494 ], [ 745424.015999999945052, 2574485.793999999761581 ], [ 745424.314999999944121, 2574489.094 ], [ 745424.503999999957159, 2574492.393999999854714 ], [ 745424.616999999969266, 2574495.994 ], [ 745424.915999999968335, 2574499.293999999761581 ], [ 745425.211000000010245, 2574502.594 ], [ 745425.216999999945983, 2574506.193999999668449 ], [ 745425.515999999945052, 2574509.494 ], [ 745425.810999999986961, 2574512.793999999761581 ], [ 745426.045999999972992, 2574516.094 ], [ 745428.966000000014901, 2574516.230999999679625 ], [ 745432.265999999945052, 2574515.99599999981001 ], [ 745435.265999999945052, 2574516.503 ], [ 745437.066, 2574514.833000000100583 ], [ 745438.150000000023283, 2574512.193999999668449 ], [ 745439.765999999945052, 2574510.299999999813735 ], [ 745443.365999999921769, 2574510.296 ], [ 745446.665999999968335, 2574510.543999999761581 ], [ 745450.265999999945052, 2574510.543999999761581 ], [ 745453.566, 2574510.282999999821186 ], [ 745456.865999999921769, 2574510.543999999761581 ], [ 745460.165999999968335, 2574510.733 ], [ 745463.765999999945052, 2574510.955999999772757 ], [ 745466.765999999945052, 2574511.4269999996759 ], [ 745470.365999999921769, 2574511.574999999720603 ], [ 745473.066, 2574512.225999999791384 ], [ 745476.365999999921769, 2574512.643999999854714 ], [ 745479.814000000013039, 2574512.793999999761581 ], [ 745482.966000000014901, 2574513.133 ], [ 745486.415999999968335, 2574513.393999999854714 ], [ 745489.865999999921769, 2574513.562 ], [ 745493.165999999968335, 2574513.849 ], [ 745496.466000000014901, 2574514.143999999854714 ], [ 745499.765999999945052, 2574514.426 ], [ 745502.878999999957159, 2574514.293999999761581 ], [ 745506.066, 2574514.855999999679625 ], [ 745509.066, 2574515.233 ], [ 745512.136999999987893, 2574515.793999999761581 ], [ 745515.365999999921769, 2574516.244 ], [ 745518.966000000014901, 2574516.244 ], [ 745522.566, 2574516.244 ], [ 745526.165999999968335, 2574516.244 ], [ 745529.765999999945052, 2574516.244 ], [ 745533.365999999921769, 2574516.244 ], [ 745536.966000000014901, 2574516.239999999757856 ], [ 745540.265999999945052, 2574515.886999999638647 ], [ 745543.865999999921769, 2574515.943999999668449 ], [ 745547.165999999968335, 2574515.750999999698251 ], [ 745550.165999999968335, 2574515.045 ], [ 745553.765999999945052, 2574515.065999999642372 ], [ 745556.165999999968335, 2574516.188999999780208 ], [ 745559.765999999945052, 2574516.244 ], [ 745563.066, 2574515.99599999981001 ], [ 745566.665999999968335, 2574515.808999999891967 ], [ 745569.066, 2574515.9269999996759 ], [ 745572.365999999921769, 2574515.643999999854714 ], [ 745575.665999999968335, 2574515.344 ], [ 745579.265999999945052, 2574515.293 ], [ 745582.566, 2574515.043999999761581 ], [ 745586.027999999932945, 2574514.893999999854714 ], [ 745589.466000000014901, 2574514.781999999657273 ], [ 745593.066, 2574514.796 ], [ 745596.365999999921769, 2574515.043999999761581 ], [ 745599.966000000014901, 2574515.086999999824911 ], [ 745603.265999999945052, 2574515.291999999899417 ], [ 745606.265999999945052, 2574514.883 ], [ 745608.966000000014901, 2574514.552999999839813 ], [ 745611.966000000014901, 2574515.043999999761581 ], [ 745615.566, 2574515.043999999761581 ], [ 745619.165999999968335, 2574515.043999999761581 ], [ 745622.765999999945052, 2574515.043999999761581 ], [ 745626.066, 2574515.293 ], [ 745629.424999999930151, 2574515.193999999668449 ], [ 745632.665999999968335, 2574514.744 ], [ 745636.265999999945052, 2574514.744 ], [ 745639.566, 2574514.444999999832362 ], [ 745643.165999999968335, 2574514.392999999690801 ], [ 745646.466000000014901, 2574514.143999999854714 ], [ 745650.066, 2574514.140999999828637 ], [ 745653.365999999921769, 2574513.849 ], [ 745656.966000000014901, 2574513.827 ], [ 745659.966000000014901, 2574513.841 ], [ 745663.566, 2574513.842999999877065 ], [ 745666.865999999921769, 2574513.543999999761581 ], [ 745669.865999999921769, 2574514.250999999698251 ], [ 745672.265999999945052, 2574515.38799999980256 ], [ 745674.665999999968335, 2574514.276999999769032 ], [ 745677.966000000014901, 2574514.449 ], [ 745681.115999999921769, 2574514.893999999854714 ], [ 745684.265999999945052, 2574515.342999999877065 ], [ 745687.865999999921769, 2574515.344 ], [ 745690.265999999945052, 2574516.401999999769032 ], [ 745692.665999999968335, 2574517.739 ], [ 745694.015999999945052, 2574515.494 ], [ 745694.01500000001397, 2574511.893999999854714 ], [ 745693.716000000014901, 2574508.594 ], [ 745693.417000000015832, 2574505.293999999761581 ], [ 745693.415999999968335, 2574501.693999999668449 ], [ 745694.466000000014901, 2574499.1 ], [ 745696.865999999921769, 2574498.072999999858439 ], [ 745700.466000000014901, 2574497.944999999832362 ], [ 745703.765999999945052, 2574498.244 ], [ 745707.066, 2574498.437 ], [ 745709.765999999945052, 2574499.321 ], [ 745712.015999999945052, 2574500.793999999761581 ], [ 745713.966000000014901, 2574502.503999999724329 ], [ 745715.466000000014901, 2574504.540999999735504 ], [ 745717.415999999968335, 2574506.193999999668449 ], [ 745719.365999999921769, 2574507.791999999899417 ], [ 745721.466000000014901, 2574509.440999999642372 ], [ 745723.265999999945052, 2574511.03899999987334 ], [ 745725.216000000014901, 2574512.793999999761581 ], [ 745727.105999999912456, 2574514.594 ], [ 745729.09499999997206, 2574516.094 ], [ 745730.855999999912456, 2574517.893999999854714 ], [ 745733.289999999920838, 2574519.094 ], [ 745736.165999999968335, 2574519.958000000100583 ], [ 745737.512999999918975, 2574522.094 ], [ 745739.466000000014901, 2574523.742 ], [ 745741.025999999954365, 2574521.793999999761581 ], [ 745742.277, 2574519.393999999854714 ], [ 745742.593999999924563, 2574516.094 ], [ 745741.436999999918044, 2574513.693999999668449 ], [ 745741.265999999945052, 2574510.244 ], [ 745741.165999999968335, 2574506.793999999761581 ], [ 745741.128000000026077, 2574503.793999999761581 ], [ 745740.571, 2574500.793999999761581 ], [ 745740.566, 2574497.793999999761581 ], [ 745740.768999999971129, 2574494.494 ], [ 745740.520000000018626, 2574491.193999999668449 ], [ 745740.533999999985099, 2574487.594 ], [ 745740.865999999921769, 2574484.293999999761581 ], [ 745740.832999999984168, 2574481.293999999761581 ], [ 745740.824999999953434, 2574477.693999999668449 ], [ 745740.83399999991525, 2574474.693999999668449 ], [ 745740.665999999968335, 2574471.244 ], [ 745740.332999999984168, 2574468.094 ], [ 745740.62699999997858, 2574464.793999999761581 ], [ 745740.533999999985099, 2574461.793999999761581 ], [ 745740.515999999945052, 2574458.193999999668449 ], [ 745740.76500000001397, 2574454.893999999854714 ], [ 745740.665999999968335, 2574452.173999999649823 ], [ 745740.645999999949709, 2574448.594 ], [ 745740.23499999998603, 2574445.293999999761581 ], [ 745741.616999999969266, 2574443.193999999668449 ], [ 745741.566, 2574441.014 ], [ 745740.517, 2574438.393999999854714 ], [ 745740.233999999938533, 2574435.094 ], [ 745740.216000000014901, 2574431.494 ], [ 745740.216000000014901, 2574427.893999999854714 ], [ 745740.216000000014901, 2574424.293999999761581 ], [ 745740.216000000014901, 2574420.693999999668449 ], [ 745740.066, 2574417.242 ], [ 745740.0669999999227, 2574414.094 ], [ 745739.915999999968335, 2574410.793999999761581 ], [ 745739.915999999968335, 2574407.193999999668449 ], [ 745739.915999999968335, 2574403.594 ], [ 745740.066, 2574400.234999999869615 ], [ 745740.51500000001397, 2574396.994 ], [ 745740.326999999932013, 2574393.693999999668449 ], [ 745740.407999999937601, 2574390.994 ], [ 745739.932999999960884, 2574387.994 ], [ 745739.854999999981374, 2574384.994 ], [ 745740.216000000014901, 2574381.693999999668449 ], [ 745740.846000000019558, 2574378.693999999668449 ], [ 745741.907999999937601, 2574376.293999999761581 ], [ 745740.348, 2574374.494 ], [ 745740.022, 2574371.193999999668449 ], [ 745739.476999999955297, 2574368.494 ], [ 745739.427999999956228, 2574365.793999999761581 ], [ 745739.316, 2574362.193999999668449 ], [ 745739.316, 2574358.594 ], [ 745739.316, 2574354.994 ], [ 745739.466000000014901, 2574351.657999999821186 ], [ 745739.582999999984168, 2574348.094 ], [ 745739.615999999921769, 2574344.494 ], [ 745739.62, 2574340.893999999854714 ], [ 745739.84499999997206, 2574337.594 ], [ 745742.165999999968335, 2574336.16399999987334 ], [ 745742.466000000014901, 2574333.963 ], [ 745740.177000000025146, 2574332.494 ], [ 745739.915999999968335, 2574329.193999999668449 ], [ 745739.915999999968335, 2574325.594 ], [ 745739.915999999968335, 2574321.994 ], [ 745739.689000000013039, 2574318.693999999668449 ], [ 745739.615999999921769, 2574315.094 ], [ 745739.616999999969266, 2574311.494 ], [ 745739.915999999968335, 2574308.193999999668449 ], [ 745739.915999999968335, 2574304.594 ], [ 745739.620999999926426, 2574301.293999999761581 ], [ 745739.62, 2574297.693999999668449 ], [ 745739.897999999928288, 2574294.393999999854714 ], [ 745739.915999999968335, 2574290.793999999761581 ], [ 745739.915999999968335, 2574287.193999999668449 ], [ 745740.665999999968335, 2574284.467999999877065 ], [ 745740.966000000014901, 2574281.839999999850988 ], [ 745739.431999999913387, 2574279.994 ], [ 745739.390999999945052, 2574276.393999999854714 ], [ 745739.324999999953434, 2574272.793999999761581 ], [ 745739.427000000025146, 2574269.793999999761581 ], [ 745739.164999999920838, 2574266.494 ], [ 745739.028999999980442, 2574263.494 ], [ 745739.165999999968335, 2574260.054 ], [ 745739.615999999921769, 2574256.893999999854714 ], [ 745739.3169999999227, 2574253.594 ], [ 745740.066, 2574250.705 ], [ 745739.973, 2574248.793999999761581 ], [ 745739.615999999921769, 2574245.494 ], [ 745739.615999999921769, 2574241.893999999854714 ], [ 745739.804, 2574238.594 ], [ 745739.652, 2574235.293999999761581 ], [ 745739.672999999951571, 2574232.293999999761581 ], [ 745740.665999999968335, 2574229.642999999690801 ], [ 745743.066, 2574228.545 ], [ 745745.765999999945052, 2574227.693999999668449 ], [ 745749.066, 2574227.293 ], [ 745752.365999999921769, 2574227.020999999716878 ], [ 745753.966000000014901, 2574225.094 ], [ 745755.726999999955297, 2574223.293999999761581 ], [ 745758.966000000014901, 2574222.950999999884516 ], [ 745761.665999999968335, 2574221.836999999824911 ], [ 745763.83199999993667, 2574220.594 ], [ 745766.165999999968335, 2574219.136999999638647 ], [ 745768.265999999945052, 2574217.603999999817461 ], [ 745770.802000000025146, 2574216.693999999668449 ], [ 745772.897999999928288, 2574215.193999999668449 ], [ 745774.924999999930151, 2574213.693999999668449 ], [ 745776.711000000010245, 2574211.893999999854714 ], [ 745778.165999999968335, 2574209.793999999761581 ], [ 745779.665999999968335, 2574207.634999999776483 ], [ 745781.353, 2574205.594 ], [ 745782.966000000014901, 2574203.665 ], [ 745784.726999999955297, 2574201.693999999668449 ], [ 745787.765999999945052, 2574201.244999999646097 ], [ 745791.066, 2574201.543999999761581 ], [ 745794.665999999968335, 2574201.656 ], [ 745797.966000000014901, 2574201.844 ], [ 745801.113000000012107, 2574201.393999999854714 ], [ 745804.265999999945052, 2574200.949 ], [ 745807.265999999945052, 2574201.432999999728054 ], [ 745810.865999999921769, 2574201.543999999761581 ], [ 745814.165999999968335, 2574201.864999999757856 ], [ 745815.98499999998603, 2574203.494 ], [ 745817.165999999968335, 2574206.006 ], [ 745819.865999999921769, 2574205.177999999839813 ], [ 745821.966000000014901, 2574203.665999999735504 ], [ 745825.566, 2574203.501999999862164 ], [ 745825.865999999921769, 2574200.754999999888241 ], [ 745823.466000000014901, 2574199.443999999668449 ], [ 745820.58199999993667, 2574198.693999999668449 ], [ 745819.716000000014901, 2574195.994 ], [ 745818.620999999926426, 2574193.893999999854714 ], [ 745816.158999999985099, 2574194.494 ], [ 745815.775999999954365, 2574197.793999999761581 ], [ 745813.265999999945052, 2574198.861 ], [ 745809.665999999968335, 2574198.844 ], [ 745806.365999999921769, 2574198.548999999649823 ], [ 745803.066, 2574198.244 ], [ 745799.765999999945052, 2574197.944999999832362 ], [ 745796.618000000016764, 2574198.094 ], [ 745793.165999999968335, 2574197.943999999668449 ], [ 745790.165999999968335, 2574197.267999999690801 ], [ 745787.608999999938533, 2574196.893999999854714 ], [ 745785.665999999968335, 2574195.211999999824911 ], [ 745784.821, 2574192.393999999854714 ], [ 745784.10999999998603, 2574189.693999999668449 ], [ 745782.966000000014901, 2574187.091999999713153 ], [ 745781.773999999975786, 2574184.594 ], [ 745780.265999999945052, 2574182.708999999798834 ], [ 745778.723, 2574180.693999999668449 ], [ 745777.638999999966472, 2574177.994 ], [ 745776.066, 2574176.108999999705702 ], [ 745774.812999999965541, 2574173.793999999761581 ], [ 745773.75199999997858, 2574171.094 ], [ 745772.689000000013039, 2574168.693999999668449 ], [ 745771.566, 2574166.279999999795109 ], [ 745770.365999999921769, 2574163.744 ], [ 745769.165999999968335, 2574161.344 ], [ 745767.966000000014901, 2574159.026999999769032 ], [ 745766.62699999997858, 2574156.693999999668449 ], [ 745765.444999999948777, 2574154.293999999761581 ], [ 745763.466000000014901, 2574152.643999999854714 ], [ 745761.750999999931082, 2574150.693999999668449 ], [ 745760.765999999945052, 2574148.143999999854714 ], [ 745759.566, 2574145.784 ], [ 745756.566, 2574145.287 ], [ 745753.566, 2574144.543999999761581 ], [ 745750.566, 2574143.898 ], [ 745747.865999999921769, 2574143.080999999772757 ], [ 745744.566, 2574142.691999999806285 ], [ 745742.012999999918975, 2574141.693999999668449 ], [ 745739.966999999945983, 2574140.193999999668449 ], [ 745738.865999999921769, 2574137.56 ], [ 745737.365999999921769, 2574138.818 ], [ 745738.003999999957159, 2574141.693999999668449 ], [ 745737.23699999996461, 2574144.393999999854714 ], [ 745737.816, 2574147.393999999854714 ], [ 745737.520000000018626, 2574150.693999999668449 ], [ 745737.348, 2574153.994 ], [ 745737.337999999988824, 2574156.994 ], [ 745735.777999999932945, 2574159.094 ], [ 745734.365999999921769, 2574161.341 ], [ 745732.079000000027008, 2574162.693999999668449 ], [ 745728.665999999968335, 2574162.844 ], [ 745725.066, 2574162.844 ], [ 745721.765999999945052, 2574163.143999999854714 ], [ 745718.165999999968335, 2574163.143999999854714 ], [ 745714.566, 2574163.143999999854714 ], [ 745711.699999999953434, 2574163.893999999854714 ], [ 745709.765999999945052, 2574165.596 ], [ 745707.272, 2574166.594 ], [ 745704.966000000014901, 2574167.923999999649823 ], [ 745704.211000000010245, 2574170.793999999761581 ], [ 745703.865, 2574174.094 ], [ 745703.615999999921769, 2574177.393999999854714 ], [ 745703.910999999963678, 2574180.693999999668449 ], [ 745704.216000000014901, 2574183.994 ], [ 745704.5669999999227, 2574187.293999999761581 ], [ 745704.966000000014901, 2574190.443999999668449 ], [ 745705.115999999921769, 2574193.893999999854714 ], [ 745705.133999999961816, 2574197.494 ], [ 745704.966000000014901, 2574200.386 ], [ 745701.966000000014901, 2574200.943999999668449 ], [ 745698.365999999921769, 2574200.944999999832362 ], [ 745695.365999999921769, 2574200.992999999783933 ], [ 745692.424999999930151, 2574201.094 ], [ 745689.665999999968335, 2574200.722999999765307 ], [ 745687.380999999935739, 2574199.594 ], [ 745684.265999999945052, 2574200.026999999769032 ], [ 745681.115999999921769, 2574200.494 ], [ 745677.966000000014901, 2574200.943999999668449 ], [ 745674.665999999968335, 2574200.645 ], [ 745671.066, 2574200.643999999854714 ], [ 745667.765999999945052, 2574200.457 ], [ 745664.466000000014901, 2574200.662 ], [ 745661.165999999968335, 2574200.961999999824911 ], [ 745657.865999999921769, 2574201.335 ], [ 745655.466000000014901, 2574200.071999999694526 ], [ 745652.765999999945052, 2574199.159 ], [ 745651.265999999945052, 2574201.30599999986589 ], [ 745648.265999999945052, 2574201.895 ], [ 745645.265999999945052, 2574201.85 ], [ 745641.966000000014901, 2574202.092999999877065 ], [ 745638.665999999968335, 2574201.856999999843538 ], [ 745635.066, 2574201.957 ], [ 745632.066, 2574202.443999999668449 ], [ 745628.615999999921769, 2574202.293999999761581 ], [ 745625.165999999968335, 2574202.143999999854714 ], [ 745621.865999999921769, 2574201.830999999772757 ], [ 745618.566, 2574201.531 ], [ 745615.265999999945052, 2574201.239999999757856 ], [ 745612.265999999945052, 2574200.696 ], [ 745608.665999999968335, 2574200.643999999854714 ], [ 745605.066, 2574200.643999999854714 ], [ 745601.765999999945052, 2574200.921999999787658 ], [ 745598.765999999945052, 2574200.361999999731779 ], [ 745595.165999999968335, 2574200.339999999850988 ], [ 745591.865999999921769, 2574200.035999999847263 ], [ 745589.765999999945052, 2574198.676 ], [ 745587.365999999921769, 2574199.722999999765307 ], [ 745583.765999999945052, 2574199.744 ], [ 745580.165999999968335, 2574199.744 ], [ 745576.566, 2574199.744 ], [ 745572.966000000014901, 2574199.744 ], [ 745569.365999999921769, 2574199.744 ], [ 745566.066, 2574200.043 ], [ 745562.466000000014901, 2574199.975999999791384 ], [ 745559.165999999968335, 2574199.796 ], [ 745555.566, 2574199.742999999783933 ], [ 745553.348999999929219, 2574198.393999999854714 ], [ 745552.265999999945052, 2574195.878 ], [ 745549.74, 2574196.893999999854714 ], [ 745548.665999999968335, 2574199.571 ], [ 745545.365999999921769, 2574199.744999999646097 ], [ 745542.066, 2574200.04 ], [ 745538.466000000014901, 2574200.043999999761581 ], [ 745534.865999999921769, 2574200.043999999761581 ], [ 745531.265999999945052, 2574200.048 ], [ 745527.966000000014901, 2574200.298 ], [ 745525.265999999945052, 2574200.105999999679625 ], [ 745521.665999999968335, 2574200.043999999761581 ], [ 745518.066, 2574200.057 ], [ 745514.765999999945052, 2574199.725999999791384 ], [ 745513.485999999917112, 2574197.494 ], [ 745510.566, 2574197.233999999705702 ], [ 745508.4419999999227, 2574198.693999999668449 ], [ 745505.765999999945052, 2574199.727 ], [ 745502.165999999968335, 2574199.852 ], [ 745498.865999999921769, 2574200.031 ], [ 745495.270000000018626, 2574200.193999999668449 ], [ 745492.566, 2574200.341 ], [ 745488.966000000014901, 2574200.34499999973923 ], [ 745485.665999999968335, 2574200.643999999854714 ], [ 745482.066, 2574200.643999999854714 ], [ 745478.765999999945052, 2574200.349 ], [ 745475.165999999968335, 2574200.344 ], [ 745471.865999999921769, 2574200.168 ], [ 745468.265999999945052, 2574200.043999999761581 ], [ 745464.665999999968335, 2574200.043999999761581 ], [ 745461.365999999921769, 2574199.693999999668449 ], [ 745458.365999999921769, 2574199.037 ], [ 745455.066, 2574198.733 ], [ 745451.765999999945052, 2574198.543999999761581 ], [ 745448.466000000014901, 2574198.248999999836087 ], [ 745444.865999999921769, 2574198.239999999757856 ], [ 745441.566, 2574197.892999999690801 ], [ 745438.566, 2574197.455999999772757 ], [ 745434.966000000014901, 2574197.342999999877065 ], [ 745431.665999999968335, 2574197.043999999761581 ], [ 745428.365999999921769, 2574196.744 ], [ 745425.066, 2574196.932999999728054 ], [ 745421.527, 2574196.893999999854714 ], [ 745419.665999999968335, 2574195.349 ], [ 745417.716000000014901, 2574193.594 ], [ 745415.915999999968335, 2574191.793999999761581 ], [ 745414.170999999972992, 2574189.994 ], [ 745414.566, 2574187.455 ], [ 745415.927999999956228, 2574185.193999999668449 ], [ 745417.349999999976717, 2574183.094 ], [ 745418.765999999945052, 2574180.835 ], [ 745419.966000000014901, 2574178.58 ], [ 745421.165999999968335, 2574176.043999999761581 ], [ 745421.961999999941327, 2574173.193999999668449 ], [ 745422.503000000026077, 2574170.193999999668449 ], [ 745423.064999999944121, 2574167.193999999668449 ], [ 745423.603, 2574164.193999999668449 ], [ 745424.165999999968335, 2574160.898999999742955 ], [ 745424.662000000011176, 2574157.893999999854714 ], [ 745425.197999999974854, 2574154.893999999854714 ], [ 745425.576999999932013, 2574151.594 ], [ 745425.628000000026077, 2574148.594 ], [ 745425.816, 2574145.293999999761581 ], [ 745425.816, 2574141.693999999668449 ], [ 745425.966000000014901, 2574138.244 ], [ 745426.510999999940395, 2574135.094 ], [ 745427.015999999945052, 2574132.094 ], [ 745427.179999999934807, 2574128.793999999761581 ], [ 745427.427000000025146, 2574125.193999999668449 ], [ 745427.598999999929219, 2574121.893999999854714 ], [ 745428.042999999946915, 2574118.594 ], [ 745428.665999999968335, 2574115.744 ], [ 745428.819999999948777, 2574112.293999999761581 ], [ 745429.115999999921769, 2574108.994 ], [ 745429.115999999921769, 2574105.393999999854714 ], [ 745429.414999999920838, 2574102.094 ], [ 745429.566, 2574098.643999999854714 ], [ 745429.716000000014901, 2574095.193999999668449 ], [ 745429.903999999980442, 2574091.893999999854714 ], [ 745430.015999999945052, 2574088.293999999761581 ], [ 745430.015999999945052, 2574084.693999999668449 ], [ 745430.047999999951571, 2574081.094 ], [ 745430.015999999945052, 2574077.494 ], [ 745430.072999999974854, 2574073.893999999854714 ], [ 745430.165999999968335, 2574070.807 ], [ 745430.108, 2574067.293999999761581 ], [ 745430.015999999945052, 2574063.693999999668449 ], [ 745429.99800000002142, 2574060.094 ], [ 745429.865999999921769, 2574057.307 ], [ 745429.476000000024214, 2574054.094 ], [ 745428.866999999969266, 2574051.094 ], [ 745428.816, 2574047.494 ], [ 745428.816, 2574043.893999999854714 ], [ 745428.827999999979511, 2574040.293999999761581 ], [ 745428.515999999945052, 2574036.994 ], [ 745428.216999999945983, 2574033.693999999668449 ], [ 745427.853, 2574030.393999999854714 ], [ 745427.010999999940395, 2574027.693999999668449 ], [ 745426.223, 2574024.994 ], [ 745423.566, 2574023.833000000100583 ], [ 745423.265999999945052, 2574023.756 ] ] } },
{ "type": "Feature", "properties": { "path": "Bhopal_4" }, "geometry": { "type": "LineString", "coordinates": [ [ 745745.279999999911524, 2574145.893999999854714 ], [ 745747.566, 2574146.455 ], [ 745749.665999999968335, 2574146.892999999690801 ], [ 745752.066, 2574147.227 ], [ 745754.466000000014901, 2574147.591999999713153 ], [ 745756.265999999945052, 2574148.457 ], [ 745757.388999999966472, 2574150.094 ], [ 745758.365999999921769, 2574151.827 ], [ 745759.265999999945052, 2574153.600999999791384 ], [ 745760.165999999968335, 2574155.48 ], [ 745761.066, 2574157.143999999854714 ], [ 745762.039999999920838, 2574158.793999999761581 ], [ 745762.905999999959022, 2574160.594 ], [ 745763.757999999914318, 2574162.693999999668449 ], [ 745764.625, 2574164.494 ], [ 745765.451999999932013, 2574166.293999999761581 ], [ 745766.241999999969266, 2574168.094 ], [ 745767.027, 2574170.193999999668449 ], [ 745767.854999999981374, 2574171.994 ], [ 745769.077999999979511, 2574173.494 ], [ 745769.615999999921769, 2574175.594 ], [ 745770.279999999911524, 2574177.693999999668449 ], [ 745771.189000000013039, 2574179.494 ], [ 745772.088999999919906, 2574181.293999999761581 ], [ 745773.066, 2574183.026999999769032 ], [ 745774.265999999945052, 2574184.369 ], [ 745776.444000000017695, 2574184.893999999854714 ], [ 745777.265999999945052, 2574186.853999999817461 ], [ 745777.415999999968335, 2574189.393999999854714 ], [ 745777.415999999968335, 2574192.094 ], [ 745777.527, 2574194.793999999761581 ], [ 745777.716999999945983, 2574197.193999999668449 ], [ 745777.881999999983236, 2574199.594 ], [ 745776.966000000014901, 2574201.244 ], [ 745775.913999999989755, 2574202.893999999854714 ], [ 745774.865999999921769, 2574204.455999999772757 ], [ 745773.665999999968335, 2574206.043999999761581 ], [ 745772.517999999923632, 2574207.693999999668449 ], [ 745771.566, 2574209.242999999783933 ], [ 745770.365999999921769, 2574210.773 ], [ 745769.165999999968335, 2574212.3019999996759 ], [ 745767.365999999921769, 2574213.30599999986589 ], [ 745765.566, 2574214.025 ], [ 745764.066, 2574215.194999999832362 ], [ 745762.478, 2574216.393999999854714 ], [ 745760.165999999968335, 2574216.844 ], [ 745757.466000000014901, 2574216.776 ], [ 745755.029999999911524, 2574216.994 ], [ 745753.250999999931082, 2574217.893999999854714 ], [ 745751.636999999987893, 2574219.094 ], [ 745750.843999999924563, 2574220.893999999854714 ], [ 745749.966000000014901, 2574222.898999999742955 ], [ 745748.165999999968335, 2574223.818 ], [ 745746.365999999921769, 2574224.588999999687076 ], [ 745743.665999999968335, 2574224.5519999996759 ], [ 745741.115999999921769, 2574224.494 ], [ 745738.652999999932945, 2574224.494 ], [ 745736.466000000014901, 2574224.228999999817461 ], [ 745734.365999999921769, 2574223.636 ], [ 745732.36199999996461, 2574222.994 ], [ 745730.466000000014901, 2574222.171 ], [ 745728.665999999968335, 2574221.236999999731779 ], [ 745727.165999999968335, 2574220.28899999987334 ], [ 745725.233999999938533, 2574219.393999999854714 ], [ 745723.865999999921769, 2574220.41399999987334 ], [ 745722.966000000014901, 2574222.253 ], [ 745722.505999999935739, 2574224.494 ], [ 745723.566, 2574226.068 ], [ 745725.45899999991525, 2574226.893999999854714 ], [ 745727.316, 2574227.793999999761581 ], [ 745728.966000000014901, 2574228.739 ], [ 745730.466000000014901, 2574230.026999999769032 ], [ 745731.775999999954365, 2574231.393999999854714 ], [ 745732.414999999920838, 2574233.494 ], [ 745732.419999999925494, 2574236.193999999668449 ], [ 745732.566, 2574238.747999999672174 ], [ 745732.420999999972992, 2574240.994 ], [ 745732.432999999960884, 2574243.693999999668449 ], [ 745732.865999999921769, 2574245.994 ], [ 745733.893999999971129, 2574247.594 ], [ 745734.027, 2574250.293999999761581 ], [ 745734.287999999942258, 2574252.693999999668449 ], [ 745734.267, 2574255.393999999854714 ], [ 745734.066, 2574257.437 ], [ 745734.202999999979511, 2574259.594 ], [ 745734.966000000014901, 2574261.648 ], [ 745735.103, 2574264.094 ], [ 745734.62300000002142, 2574266.193999999668449 ], [ 745734.21999999997206, 2574268.594 ], [ 745734.76, 2574270.693999999668449 ], [ 745734.337999999988824, 2574272.793999999761581 ], [ 745734.5669999999227, 2574275.193999999668449 ], [ 745734.5669999999227, 2574277.293999999761581 ], [ 745734.496999999973923, 2574279.994 ], [ 745733.466000000014901, 2574281.571 ], [ 745731.966000000014901, 2574282.898999999742955 ], [ 745733.165999999968335, 2574283.991 ], [ 745735.566, 2574283.875999999698251 ], [ 745736.783999999985099, 2574285.094 ], [ 745736.929, 2574287.793999999761581 ], [ 745736.898999999975786, 2574290.494 ], [ 745736.628999999957159, 2574292.893999999854714 ], [ 745736.615999999921769, 2574295.594 ], [ 745736.615999999921769, 2574298.293999999761581 ], [ 745736.615999999921769, 2574300.994 ], [ 745736.615999999921769, 2574303.693999999668449 ], [ 745736.723, 2574306.393999999854714 ], [ 745736.860999999917112, 2574308.793999999761581 ], [ 745736.863999999943189, 2574310.893999999854714 ], [ 745736.912000000011176, 2574313.594 ], [ 745736.915999999968335, 2574316.293999999761581 ], [ 745736.915999999968335, 2574318.994 ], [ 745736.915999999968335, 2574321.693999999668449 ], [ 745736.915999999968335, 2574324.393999999854714 ], [ 745736.915999999968335, 2574327.094 ], [ 745736.915999999968335, 2574329.793999999761581 ], [ 745736.824000000022352, 2574332.494 ], [ 745736.947999999974854, 2574335.193999999668449 ], [ 745736.915999999968335, 2574337.893999999854714 ], [ 745736.765999999945052, 2574340.443999999668449 ], [ 745736.684, 2574342.994 ], [ 745736.851000000024214, 2574345.393999999854714 ], [ 745736.897999999928288, 2574348.094 ], [ 745736.615999999921769, 2574350.494 ], [ 745736.598, 2574353.193999999668449 ], [ 745736.348999999929219, 2574355.594 ], [ 745736.314999999944121, 2574358.293999999761581 ], [ 745736.020000000018626, 2574360.693999999668449 ], [ 745736.015999999945052, 2574363.393999999854714 ], [ 745736.015999999945052, 2574366.094 ], [ 745736.010999999940395, 2574368.793999999761581 ], [ 745735.684, 2574371.193999999668449 ], [ 745735.71999999997206, 2574373.893999999854714 ], [ 745736.26, 2574375.994 ], [ 745736.132999999914318, 2574378.393999999854714 ], [ 745736.246999999973923, 2574380.793999999761581 ], [ 745736.33399999991525, 2574383.494 ], [ 745736.615999999921769, 2574385.893999999854714 ], [ 745736.62, 2574388.594 ], [ 745736.72199999995064, 2574390.693999999668449 ], [ 745736.865, 2574393.094 ], [ 745736.915999999968335, 2574395.793999999761581 ], [ 745736.633999999961816, 2574398.193999999668449 ], [ 745736.615999999921769, 2574400.893999999854714 ], [ 745736.615999999921769, 2574403.594 ], [ 745736.804, 2574405.994 ], [ 745736.915999999968335, 2574408.693999999668449 ], [ 745736.915999999968335, 2574411.393999999854714 ], [ 745736.915999999968335, 2574414.094 ], [ 745737.027, 2574416.793999999761581 ], [ 745737.216000000014901, 2574419.193999999668449 ], [ 745737.216000000014901, 2574421.893999999854714 ], [ 745737.158999999985099, 2574424.594 ], [ 745737.047999999951571, 2574426.994 ], [ 745737.214999999967404, 2574429.393999999854714 ], [ 745737.199000000022352, 2574432.094 ], [ 745737.216000000014901, 2574434.793999999761581 ], [ 745737.216000000014901, 2574437.494 ], [ 745737.216000000014901, 2574440.193999999668449 ], [ 745737.388999999966472, 2574442.594 ], [ 745737.515999999945052, 2574445.293999999761581 ], [ 745737.76500000001397, 2574447.693999999668449 ], [ 745737.816, 2574450.393999999854714 ], [ 745737.816, 2574453.094 ], [ 745737.816, 2574455.793999999761581 ], [ 745737.816, 2574458.494 ], [ 745737.816, 2574461.193999999668449 ], [ 745737.665999999968335, 2574463.744 ], [ 745737.515999999945052, 2574466.293999999761581 ], [ 745737.403999999980442, 2574468.994 ], [ 745737.216000000014901, 2574471.393999999854714 ], [ 745737.403999999980442, 2574473.793999999761581 ], [ 745737.404999999911524, 2574476.494 ], [ 745737.446, 2574478.594 ], [ 745737.216000000014901, 2574480.994 ], [ 745737.37699999997858, 2574483.393999999854714 ], [ 745737.816, 2574485.793999999761581 ], [ 745738.003999999957159, 2574488.193999999668449 ], [ 745738.115999999921769, 2574490.893999999854714 ], [ 745738.115999999921769, 2574493.594 ], [ 745738.133999999961816, 2574496.293999999761581 ], [ 745738.226999999955297, 2574498.393999999854714 ], [ 745738.351000000024214, 2574500.793999999761581 ], [ 745738.265999999945052, 2574503.491 ], [ 745738.322999999974854, 2574504.994 ], [ 745738.415999999968335, 2574507.693999999668449 ], [ 745738.415999999968335, 2574510.393999999854714 ], [ 745738.415999999968335, 2574513.094 ], [ 745737.966000000014901, 2574515.480999999679625 ], [ 745735.799, 2574515.494 ], [ 745733.925999999977648, 2574514.594 ], [ 745732.265999999945052, 2574513.546 ], [ 745730.466000000014901, 2574512.537 ], [ 745728.966000000014901, 2574511.437 ], [ 745727.615999999921769, 2574510.094 ], [ 745726.265999999945052, 2574508.744 ], [ 745725.066, 2574507.364999999757856 ], [ 745723.566, 2574505.923999999649823 ], [ 745722.365999999921769, 2574504.545 ], [ 745721.017, 2574503.193999999668449 ], [ 745719.777999999932945, 2574501.693999999668449 ], [ 745718.466000000014901, 2574500.341999999713153 ], [ 745717.265999999945052, 2574498.901999999769032 ], [ 745715.765999999945052, 2574497.568999999668449 ], [ 745714.415999999968335, 2574496.293999999761581 ], [ 745713.066, 2574494.943999999668449 ], [ 745711.566, 2574493.639 ], [ 745710.066, 2574492.481999999843538 ], [ 745708.103999999933876, 2574491.793999999761581 ], [ 745705.865999999921769, 2574491.855999999679625 ], [ 745703.165999999968335, 2574491.9269999996759 ], [ 745700.765999999945052, 2574491.639999999664724 ], [ 745698.528999999980442, 2574491.494 ], [ 745695.966000000014901, 2574491.643999999854714 ], [ 745693.265999999945052, 2574491.639 ], [ 745691.213999999919906, 2574490.893999999854714 ], [ 745688.824999999953434, 2574490.893999999854714 ], [ 745687.49800000002142, 2574492.094 ], [ 745686.066, 2574493.443999999668449 ], [ 745684.738000000012107, 2574494.793999999761581 ], [ 745684.757999999914318, 2574497.494 ], [ 745686.365999999921769, 2574498.483999999705702 ], [ 745688.211000000010245, 2574499.293999999761581 ], [ 745689.365999999921769, 2574500.975 ], [ 745689.86199999996461, 2574503.193999999668449 ], [ 745690.069000000017695, 2574505.594 ], [ 745689.865999999921769, 2574507.994 ], [ 745689.072999999974854, 2574510.094 ], [ 745686.966000000014901, 2574510.543999999761581 ], [ 745684.265999999945052, 2574510.636 ], [ 745681.865999999921769, 2574510.791999999899417 ], [ 745679.466000000014901, 2574510.65999999968335 ], [ 745677.365999999921769, 2574510.557999999728054 ], [ 745674.966000000014901, 2574510.244999999646097 ], [ 745672.265999999945052, 2574510.244 ], [ 745669.865999999921769, 2574510.071 ], [ 745667.165999999968335, 2574509.9269999996759 ], [ 745664.765999999945052, 2574509.643999999854714 ], [ 745662.066, 2574509.532999999821186 ], [ 745659.665999999968335, 2574509.344 ], [ 745656.966000000014901, 2574509.344 ], [ 745654.566, 2574509.626999999862164 ], [ 745651.865999999921769, 2574509.690999999642372 ], [ 745649.165999999968335, 2574509.643999999854714 ], [ 745646.466000000014901, 2574509.532999999821186 ], [ 745644.066, 2574509.344 ], [ 745641.665999999968335, 2574509.156 ], [ 745638.966000000014901, 2574509.043 ], [ 745636.566, 2574508.846 ], [ 745634.466000000014901, 2574508.872 ], [ 745632.365999999921769, 2574508.742999999783933 ], [ 745630.324000000022352, 2574507.994 ], [ 745628.165999999968335, 2574508.074 ], [ 745625.765999999945052, 2574507.912999999709427 ], [ 745623.365999999921769, 2574507.994999999646097 ], [ 745621.265999999945052, 2574507.497999999672174 ], [ 745618.865999999921769, 2574507.261 ], [ 745616.466000000014901, 2574507.557 ], [ 745614.365999999921769, 2574507.56 ], [ 745612.098999999929219, 2574507.094 ], [ 745609.684999999939464, 2574507.094 ], [ 745607.765999999945052, 2574506.551 ], [ 745606.265999999945052, 2574505.509999999776483 ], [ 745603.865999999921769, 2574505.143999999854714 ], [ 745601.466000000014901, 2574504.957 ], [ 745598.765999999945052, 2574504.969 ], [ 745597.566, 2574506.253 ], [ 745596.066, 2574507.412 ], [ 745593.665999999968335, 2574507.713999999687076 ], [ 745591.265999999945052, 2574507.596 ], [ 745589.027, 2574507.393999999854714 ], [ 745586.466000000014901, 2574507.531 ], [ 745584.066, 2574507.733 ], [ 745581.365999999921769, 2574507.849 ], [ 745578.966000000014901, 2574508.148 ], [ 745576.566, 2574508.447999999858439 ], [ 745574.165999999968335, 2574508.872 ], [ 745572.066, 2574509.342999999877065 ], [ 745569.365999999921769, 2574509.344 ], [ 745566.665999999968335, 2574509.344 ], [ 745563.966000000014901, 2574509.233 ], [ 745561.566, 2574509.077 ], [ 745559.108, 2574509.193999999668449 ], [ 745556.913999999989755, 2574509.193999999668449 ], [ 745554.665999999968335, 2574509.048999999649823 ], [ 745551.966000000014901, 2574509.043999999761581 ], [ 745549.265999999945052, 2574509.043999999761581 ], [ 745546.566, 2574509.043999999761581 ], [ 745543.865999999921769, 2574509.043999999761581 ], [ 745541.165999999968335, 2574509.043999999761581 ], [ 745538.466000000014901, 2574509.077 ], [ 745535.765999999945052, 2574509.043999999761581 ], [ 745533.066, 2574509.043999999761581 ], [ 745530.365999999921769, 2574509.043999999761581 ], [ 745527.665999999968335, 2574509.057 ], [ 745524.966000000014901, 2574509.045 ], [ 745522.265999999945052, 2574509.071 ], [ 745519.566, 2574509.077 ], [ 745516.865999999921769, 2574509.043999999761581 ], [ 745514.165999999968335, 2574509.043999999761581 ], [ 745511.466000000014901, 2574509.04 ], [ 745509.066, 2574508.744999999646097 ], [ 745506.902999999932945, 2574509.193999999668449 ], [ 745505.165999999968335, 2574508.588999999687076 ], [ 745503.365999999921769, 2574508.636999999638647 ], [ 745500.966000000014901, 2574508.966 ], [ 745499.466000000014901, 2574507.878 ], [ 745497.066, 2574508.105 ], [ 745495.265999999945052, 2574507.261 ], [ 745492.865999999921769, 2574506.943999999668449 ], [ 745490.165999999968335, 2574506.943999999668449 ], [ 745487.615999999921769, 2574506.793999999761581 ], [ 745485.066, 2574506.643999999854714 ], [ 745482.365999999921769, 2574506.643999999854714 ], [ 745479.665999999968335, 2574506.532999999821186 ], [ 745477.353, 2574506.494 ], [ 745475.466000000014901, 2574506.790999999735504 ], [ 745473.365999999921769, 2574506.551 ], [ 745471.265999999945052, 2574506.694999999832362 ], [ 745469.165999999968335, 2574506.151999999769032 ], [ 745467.066, 2574506.588 ], [ 745465.265999999945052, 2574507.416999999899417 ], [ 745463.925999999977648, 2574506.193999999668449 ], [ 745461.665999999968335, 2574505.744 ], [ 745458.966000000014901, 2574505.761999999638647 ], [ 745456.865999999921769, 2574505.795 ], [ 745454.165999999968335, 2574505.747999999672174 ], [ 745451.466000000014901, 2574505.802999999839813 ], [ 745449.277, 2574505.893999999854714 ], [ 745446.665999999968335, 2574505.795 ], [ 745443.966000000014901, 2574505.744999999646097 ], [ 745441.265999999945052, 2574505.744 ], [ 745438.566, 2574505.872999999672174 ], [ 745435.865999999921769, 2574505.761999999638647 ], [ 745433.466000000014901, 2574506.094 ], [ 745431.691, 2574505.594 ], [ 745431.21999999997206, 2574503.494 ], [ 745430.934, 2574501.094 ], [ 745430.726999999955297, 2574498.693999999668449 ], [ 745430.466000000014901, 2574496.014 ], [ 745430.319999999948777, 2574494.193999999668449 ], [ 745430.033999999985099, 2574491.793999999761581 ], [ 745429.903999999980442, 2574489.094 ], [ 745429.697999999974854, 2574486.693999999668449 ], [ 745429.397999999928288, 2574484.293999999761581 ], [ 745428.966000000014901, 2574482.040999999735504 ], [ 745428.829000000027008, 2574479.494 ], [ 745428.76500000001397, 2574476.793999999761581 ], [ 745428.510999999940395, 2574474.393999999854714 ], [ 745428.216999999945983, 2574471.994 ], [ 745427.934, 2574469.594 ], [ 745427.726999999955297, 2574467.193999999668449 ], [ 745427.366999999969266, 2574464.793999999761581 ], [ 745427.297999999951571, 2574462.094 ], [ 745427.015999999945052, 2574459.693999999668449 ], [ 745426.733999999938533, 2574457.293999999761581 ], [ 745426.466999999945983, 2574454.893999999854714 ], [ 745426.397999999928288, 2574452.193999999668449 ], [ 745426.115999999921769, 2574449.793999999761581 ], [ 745426.003999999957159, 2574447.094 ], [ 745425.816, 2574444.693999999668449 ], [ 745425.768999999971129, 2574441.994 ], [ 745425.520000000018626, 2574439.594 ], [ 745425.510999999940395, 2574436.893999999854714 ], [ 745425.216999999945983, 2574434.494 ], [ 745425.027, 2574432.094 ], [ 745424.667000000015832, 2574429.693999999668449 ], [ 745424.33399999991525, 2574427.293999999761581 ], [ 745424.12699999997858, 2574424.893999999854714 ], [ 745423.865999999921769, 2574422.353999999817461 ], [ 745423.265999999945052, 2574420.21 ], [ 745422.83399999991525, 2574417.994 ], [ 745422.814999999944121, 2574415.293999999761581 ], [ 745422.577999999979511, 2574412.893999999854714 ], [ 745422.515999999945052, 2574410.193999999668449 ], [ 745422.515999999945052, 2574407.494 ], [ 745422.326999999932013, 2574405.094 ], [ 745422.216000000014901, 2574402.393999999854714 ], [ 745422.103999999933876, 2574399.693999999668449 ], [ 745421.910999999963678, 2574397.293999999761581 ], [ 745421.616999999969266, 2574394.893999999854714 ], [ 745421.564999999944121, 2574392.193999999668449 ], [ 745421.310999999986961, 2574389.793999999761581 ], [ 745421.199000000022352, 2574387.094 ], [ 745421.015999999945052, 2574384.693999999668449 ], [ 745421.015999999945052, 2574381.994 ], [ 745420.733999999938533, 2574379.594 ], [ 745420.603999999933876, 2574376.893999999854714 ], [ 745420.397999999928288, 2574374.494 ], [ 745420.115999999921769, 2574372.094 ], [ 745419.966000000014901, 2574369.543999999761581 ], [ 745419.816, 2574366.994 ], [ 745419.533999999985099, 2574364.594 ], [ 745419.403999999980442, 2574361.893999999854714 ], [ 745419.214999999967404, 2574359.494 ], [ 745418.915999999968335, 2574357.094 ], [ 745418.746999999973923, 2574354.693999999668449 ], [ 745418.610999999917112, 2574351.994 ], [ 745418.3169999999227, 2574349.594 ], [ 745418.204000000027008, 2574346.893999999854714 ], [ 745417.910999999963678, 2574344.494 ], [ 745417.265999999945052, 2574342.824999999720603 ], [ 745417.711000000010245, 2574340.594 ], [ 745417.417000000015832, 2574338.193999999668449 ], [ 745417.167000000015832, 2574335.793999999761581 ], [ 745417.077999999979511, 2574333.094 ], [ 745416.812999999965541, 2574330.693999999668449 ], [ 745416.562999999965541, 2574328.293999999761581 ], [ 745416.326999999932013, 2574325.893999999854714 ], [ 745416.066, 2574323.344 ], [ 745415.792000000015832, 2574320.793999999761581 ], [ 745415.615, 2574318.393999999854714 ], [ 745415.270000000018626, 2574315.994 ], [ 745415.061999999918044, 2574313.594 ], [ 745414.767, 2574311.193999999668449 ], [ 745414.684999999939464, 2574308.494 ], [ 745414.365999999921769, 2574306.094 ], [ 745414.110999999917112, 2574303.693999999668449 ], [ 745413.816, 2574301.293999999761581 ], [ 745413.814999999944121, 2574298.594 ], [ 745413.282, 2574296.494 ], [ 745413.066, 2574293.943999999668449 ], [ 745412.897999999928288, 2574291.393999999854714 ], [ 745412.615999999921769, 2574288.994 ], [ 745412.564999999944121, 2574286.293999999761581 ], [ 745412.314999999944121, 2574283.893999999854714 ], [ 745412.020000000018626, 2574281.494 ], [ 745411.964999999967404, 2574278.793999999761581 ], [ 745411.716000000014901, 2574276.393999999854714 ], [ 745411.434, 2574273.994 ], [ 745411.397999999928288, 2574271.293999999761581 ], [ 745411.115999999921769, 2574268.893999999854714 ], [ 745410.866999999969266, 2574266.494 ], [ 745410.782, 2574263.793999999761581 ], [ 745410.520000000018626, 2574261.393999999854714 ], [ 745410.403999999980442, 2574258.693999999668449 ], [ 745410.211000000010245, 2574256.293999999761581 ], [ 745409.804, 2574253.893999999854714 ], [ 745409.22199999995064, 2574251.793999999761581 ], [ 745408.903999999980442, 2574249.393999999854714 ], [ 745408.527999999932945, 2574247.293999999761581 ], [ 745409.137999999918975, 2574245.193999999668449 ], [ 745409.909999999916181, 2574243.393999999854714 ], [ 745409.765999999945052, 2574240.958000000100583 ], [ 745407.966000000014901, 2574239.875999999698251 ], [ 745406.765999999945052, 2574238.404 ], [ 745406.427000000025146, 2574236.193999999668449 ], [ 745406.316, 2574233.494 ], [ 745406.316, 2574230.793999999761581 ], [ 745406.316, 2574228.094 ], [ 745406.316, 2574225.393999999854714 ], [ 745406.316, 2574222.693999999668449 ], [ 745406.316, 2574219.994 ], [ 745406.316, 2574217.293999999761581 ], [ 745406.709999999962747, 2574214.893999999854714 ], [ 745407.181999999913387, 2574212.793999999761581 ], [ 745407.704000000027008, 2574210.693999999668449 ], [ 745408.265999999945052, 2574208.418 ], [ 745408.865999999921769, 2574206.31 ], [ 745409.348999999929219, 2574204.094 ], [ 745409.881999999983236, 2574201.994 ], [ 745410.665999999968335, 2574199.901 ], [ 745412.765999999945052, 2574199.375999999698251 ], [ 745415.466000000014901, 2574199.49599999981001 ], [ 745417.679999999934807, 2574199.893999999854714 ], [ 745419.966000000014901, 2574200.342999999877065 ], [ 745422.665999999968335, 2574200.344 ], [ 745425.365999999921769, 2574200.344 ], [ 745428.066, 2574200.344 ], [ 745430.615999999921769, 2574200.494 ], [ 745433.165999999968335, 2574200.643999999854714 ], [ 745435.865999999921769, 2574200.643999999854714 ], [ 745438.265999999945052, 2574200.892999999690801 ], [ 745440.966000000014901, 2574200.943999999668449 ], [ 745443.365999999921769, 2574201.210999999660999 ], [ 745445.618000000016764, 2574201.693999999668449 ], [ 745448.165999999968335, 2574201.844 ], [ 745450.566, 2574202.032999999821186 ], [ 745453.265999999945052, 2574202.256 ], [ 745455.665999999968335, 2574202.443999999668449 ], [ 745458.365999999921769, 2574202.55599999986589 ], [ 745460.765999999945052, 2574202.748999999836087 ], [ 745463.165999999968335, 2574203.043999999761581 ], [ 745465.566, 2574203.327 ], [ 745468.265999999945052, 2574203.395999999716878 ], [ 745470.665999999968335, 2574203.643999999854714 ], [ 745473.365999999921769, 2574203.756 ], [ 745475.765999999945052, 2574203.813999999780208 ], [ 745478.316, 2574204.094 ], [ 745480.865999999921769, 2574204.244 ], [ 745483.265999999945052, 2574204.437 ], [ 745485.665999999968335, 2574204.847999999765307 ], [ 745487.765999999945052, 2574205.450999999884516 ], [ 745488.966000000014901, 2574206.901999999769032 ], [ 745491.365999999921769, 2574206.682 ], [ 745492.294, 2574204.994 ], [ 745494.066, 2574203.99599999981001 ], [ 745496.615999999921769, 2574203.793999999761581 ], [ 745499.165999999968335, 2574203.736 ], [ 745501.865999999921769, 2574203.643999999854714 ], [ 745504.566, 2574203.643999999854714 ], [ 745507.265999999945052, 2574203.643999999854714 ], [ 745509.665999999968335, 2574203.483999999705702 ], [ 745512.017999999923632, 2574203.494 ], [ 745514.466000000014901, 2574203.344 ], [ 745517.165999999968335, 2574203.344 ], [ 745519.865999999921769, 2574203.344 ], [ 745522.566, 2574203.344 ], [ 745525.265999999945052, 2574203.293 ], [ 745527.665999999968335, 2574203.043999999761581 ], [ 745530.365999999921769, 2574203.031 ], [ 745532.765999999945052, 2574202.761 ], [ 745535.466000000014901, 2574202.744 ], [ 745538.165999999968335, 2574202.744 ], [ 745540.865999999921769, 2574202.744 ], [ 745543.566, 2574202.739999999757856 ], [ 745545.966000000014901, 2574202.444999999832362 ], [ 745548.665999999968335, 2574202.463 ], [ 745550.765999999945052, 2574203.156 ], [ 745553.466000000014901, 2574203.043999999761581 ], [ 745556.165999999968335, 2574203.043999999761581 ], [ 745558.865999999921769, 2574203.043999999761581 ], [ 745561.566, 2574203.043999999761581 ], [ 745564.265999999945052, 2574203.043999999761581 ], [ 745566.966000000014901, 2574203.043999999761581 ], [ 745569.665999999968335, 2574203.043999999761581 ], [ 745572.365999999921769, 2574203.043999999761581 ], [ 745575.066, 2574203.043999999761581 ], [ 745577.451, 2574203.494 ], [ 745579.566, 2574203.994999999646097 ], [ 745581.966000000014901, 2574204.244 ], [ 745584.665999999968335, 2574204.244 ], [ 745587.365999999921769, 2574204.244 ], [ 745590.066, 2574204.312 ], [ 745591.865999999921769, 2574205.082 ], [ 745593.365999999921769, 2574204.074999999720603 ], [ 745596.066, 2574203.943999999668449 ], [ 745598.765999999945052, 2574203.99599999981001 ], [ 745601.165999999968335, 2574204.244 ], [ 745603.865999999921769, 2574204.244 ], [ 745606.566, 2574204.244 ], [ 745609.265999999945052, 2574204.31 ], [ 745611.066, 2574205.029999999795109 ], [ 745612.865999999921769, 2574204.372999999672174 ], [ 745615.566, 2574204.244 ], [ 745617.966000000014901, 2574204.432999999728054 ], [ 745620.665999999968335, 2574204.596 ], [ 745623.066, 2574204.844 ], [ 745625.765999999945052, 2574204.844 ], [ 745628.466000000014901, 2574204.844 ], [ 745630.865999999921769, 2574205.126999999862164 ], [ 745633.566, 2574205.143999999854714 ], [ 745636.265999999945052, 2574205.213999999687076 ], [ 745638.665999999968335, 2574205.460999999660999 ], [ 745640.466000000014901, 2574206.446 ], [ 745642.265999999945052, 2574205.511999999638647 ], [ 745644.966000000014901, 2574205.44 ], [ 745647.365999999921769, 2574205.276 ], [ 745649.765999999945052, 2574205.312 ], [ 745652.165999999968335, 2574205.143999999854714 ], [ 745654.865999999921769, 2574205.126999999862164 ], [ 745657.265999999945052, 2574204.844 ], [ 745659.966000000014901, 2574204.844 ], [ 745662.365999999921769, 2574204.656 ], [ 745664.765999999945052, 2574204.244 ], [ 745667.165999999968335, 2574203.915999999735504 ], [ 745669.319000000017695, 2574204.393999999854714 ], [ 745670.466000000014901, 2574206.179 ], [ 745672.713999999919906, 2574206.494 ], [ 745675.115999999921769, 2574206.494 ], [ 745677.665999999968335, 2574206.344 ], [ 745680.365999999921769, 2574206.344 ], [ 745683.066, 2574206.344 ], [ 745685.765999999945052, 2574206.344 ], [ 745688.466000000014901, 2574206.364999999757856 ], [ 745690.422000000020489, 2574206.193999999668449 ], [ 745691.765999999945052, 2574204.867999999783933 ], [ 745694.466000000014901, 2574204.844 ], [ 745697.165999999968335, 2574204.713999999687076 ], [ 745699.566, 2574205.094 ], [ 745701.966000000014901, 2574205.571 ], [ 745703.466000000014901, 2574206.736 ], [ 745704.665999999968335, 2574208.04 ], [ 745707.066, 2574208.381999999750406 ], [ 745707.665999999968335, 2574206.582 ], [ 745707.883999999961816, 2574204.393999999854714 ], [ 745707.832999999984168, 2574201.693999999668449 ], [ 745707.983999999938533, 2574199.293999999761581 ], [ 745707.797999999951571, 2574196.893999999854714 ], [ 745707.677999999956228, 2574194.793999999761581 ], [ 745708.115999999921769, 2574192.393999999854714 ], [ 745708.115, 2574189.693999999668449 ], [ 745707.713999999919906, 2574187.293999999761581 ], [ 745707.868000000016764, 2574185.193999999668449 ], [ 745707.816, 2574182.494 ], [ 745707.665999999968335, 2574179.943999999668449 ], [ 745707.515999999945052, 2574177.393999999854714 ], [ 745707.797999999951571, 2574174.994 ], [ 745708.265999999945052, 2574172.754999999888241 ], [ 745709.466000000014901, 2574171.225999999791384 ], [ 745710.665999999968335, 2574169.747 ], [ 745712.018999999971129, 2574168.393999999854714 ], [ 745713.495, 2574167.193999999668449 ], [ 745715.165999999968335, 2574166.165999999735504 ], [ 745717.625, 2574166.293999999761581 ], [ 745719.966000000014901, 2574166.739999999757856 ], [ 745722.365999999921769, 2574166.501999999862164 ], [ 745725.066, 2574166.4269999996759 ], [ 745727.165999999968335, 2574166.313999999780208 ], [ 745729.566, 2574166.079 ], [ 745731.665999999968335, 2574166.032999999821186 ], [ 745734.066, 2574165.91399999987334 ], [ 745736.025000000023283, 2574166.594 ], [ 745737.665999999968335, 2574167.691999999806285 ], [ 745738.115999999921769, 2574165.393999999854714 ], [ 745738.419999999925494, 2574162.994 ], [ 745739.765999999945052, 2574161.619 ], [ 745741.397999999928288, 2574160.594 ], [ 745741.415999999968335, 2574157.893999999854714 ], [ 745741.162000000011176, 2574155.494 ], [ 745740.927999999956228, 2574153.094 ], [ 745741.115999999921769, 2574150.693999999668449 ], [ 745740.927999999956228, 2574148.293999999761581 ], [ 745741.566, 2574146.332 ], [ 745743.665999999968335, 2574145.761999999638647 ], [ 745745.279999999911524, 2574145.893999999854714 ] ] } },
{ "type": "Feature", "properties": { "path": "Bhopal_5" }, "geometry": { "type": "LineString", "coordinates": [ [ 745927.190000000060536, 2574268.778 ], [ 745923.89000000001397, 2574268.778 ], [ 745923.553000000072643, 2574271.491 ], [ 745923.141000000061467, 2574274.491 ], [ 745922.90500000002794, 2574277.491 ], [ 745922.452000000048429, 2574280.491 ], [ 745919.690000000060536, 2574280.941000000108033 ], [ 745916.39000000001397, 2574280.941999999806285 ], [ 745913.39000000001397, 2574281.241 ], [ 745910.090000000083819, 2574281.241 ], [ 745906.790000000037253, 2574281.241 ], [ 745903.49, 2574281.241 ], [ 745900.340000000083819, 2574281.091 ], [ 745897.190000000060536, 2574280.941000000108033 ], [ 745893.89000000001397, 2574280.941000000108033 ], [ 745890.590000000083819, 2574280.998999999836087 ], [ 745887.590000000083819, 2574281.241 ], [ 745884.290000000037253, 2574281.241 ], [ 745880.99, 2574281.241 ], [ 745877.690000000060536, 2574281.241 ], [ 745874.690000000060536, 2574281.062 ], [ 745873.940000000060536, 2574278.390999999828637 ], [ 745872.590000000083819, 2574276.441999999806285 ], [ 745870.940000000060536, 2574278.091 ], [ 745870.256000000052154, 2574280.790999999735504 ], [ 745867.49, 2574281.241 ], [ 745864.49, 2574281.54 ], [ 745861.190000000060536, 2574281.429 ], [ 745858.190000000060536, 2574281.148999999742955 ], [ 745854.89000000001397, 2574281.239999999757856 ], [ 745851.89000000001397, 2574280.941000000108033 ], [ 745848.590000000083819, 2574280.941000000108033 ], [ 745845.590000000083819, 2574280.696 ], [ 745842.590000000083819, 2574280.24599999981001 ], [ 745840.190000000060536, 2574279.478000000119209 ], [ 745837.49, 2574278.890999999828637 ], [ 745834.49, 2574278.540999999735504 ], [ 745831.190000000060536, 2574278.540999999735504 ], [ 745827.89000000001397, 2574278.540999999735504 ], [ 745824.590000000083819, 2574278.557999999728054 ], [ 745822.190000000060536, 2574278.301 ], [ 745821.290000000037253, 2574275.971 ], [ 745818.290000000037253, 2574275.62099999981001 ], [ 745817.722000000067055, 2574277.790999999735504 ], [ 745816.49, 2574279.867 ], [ 745813.49, 2574280.040999999735504 ], [ 745810.49, 2574280.336999999824911 ], [ 745807.190000000060536, 2574280.359000000171363 ], [ 745804.190000000060536, 2574280.640999999828637 ], [ 745800.89000000001397, 2574280.640999999828637 ], [ 745797.590000000083819, 2574280.640999999828637 ], [ 745794.290000000037253, 2574280.636 ], [ 745791.290000000037253, 2574280.432999999728054 ], [ 745787.99, 2574280.406 ], [ 745784.99, 2574280.640999999828637 ], [ 745781.690000000060536, 2574280.640999999828637 ], [ 745778.39000000001397, 2574280.640999999828637 ], [ 745775.090000000083819, 2574280.673 ], [ 745771.790000000037253, 2574280.640999999828637 ], [ 745768.49, 2574280.733 ], [ 745765.49, 2574280.790999999735504 ], [ 745762.87300000002142, 2574280.191000000108033 ], [ 745760.690000000060536, 2574280.291999999899417 ], [ 745757.99, 2574280.941000000108033 ], [ 745754.690000000060536, 2574280.958999999798834 ], [ 745751.690000000060536, 2574281.241 ], [ 745748.39000000001397, 2574281.352 ], [ 745745.39000000001397, 2574281.540999999735504 ], [ 745742.090000000083819, 2574281.472999999765307 ], [ 745740.745, 2574279.591 ], [ 745740.74, 2574276.290999999735504 ], [ 745739.39000000001397, 2574274.342999999877065 ], [ 745736.090000000083819, 2574274.444999999832362 ], [ 745735.639000000082888, 2574277.191000000108033 ], [ 745735.13, 2574279.890999999828637 ], [ 745733.090000000083819, 2574281.287 ], [ 745730.090000000083819, 2574281.540999999735504 ], [ 745726.790000000037253, 2574281.540999999735504 ], [ 745723.49, 2574281.540999999735504 ], [ 745720.190000000060536, 2574281.592999999877065 ], [ 745717.49, 2574282.140000000130385 ], [ 745714.190000000060536, 2574282.140999999828637 ], [ 745710.89000000001397, 2574282.140999999828637 ], [ 745707.590000000083819, 2574282.009 ], [ 745704.89000000001397, 2574282.032000000122935 ], [ 745702.190000000060536, 2574281.540999999735504 ], [ 745699.190000000060536, 2574281.352 ], [ 745695.89000000001397, 2574281.241 ], [ 745692.590000000083819, 2574281.183999999891967 ], [ 745689.590000000083819, 2574281.472 ], [ 745687.190000000060536, 2574281.347 ], [ 745683.89000000001397, 2574281.241 ], [ 745680.590000000083819, 2574281.241 ], [ 745677.290000000037253, 2574281.241 ], [ 745674.590000000083819, 2574280.748000000137836 ], [ 745671.89000000001397, 2574280.636 ], [ 745668.74, 2574280.790999999735504 ], [ 745665.89000000001397, 2574281.241 ], [ 745662.89000000001397, 2574281.540999999735504 ], [ 745659.590000000083819, 2574281.540999999735504 ], [ 745656.590000000083819, 2574281.762000000104308 ], [ 745653.801000000094064, 2574281.991 ], [ 745651.190000000060536, 2574281.947000000160187 ], [ 745647.89000000001397, 2574281.841 ], [ 745644.590000000083819, 2574281.841 ], [ 745641.440000000060536, 2574281.691000000108033 ], [ 745638.290000000037253, 2574281.523 ], [ 745635.290000000037253, 2574281.109999999869615 ], [ 745634.067000000039116, 2574279.290999999735504 ], [ 745631.690000000060536, 2574278.291999999899417 ], [ 745629.875, 2574279.591 ], [ 745627.790000000037253, 2574280.884 ], [ 745624.790000000037253, 2574280.640999999828637 ], [ 745621.49, 2574280.640999999828637 ], [ 745618.190000000060536, 2574280.640999999828637 ], [ 745614.89000000001397, 2574280.640999999828637 ], [ 745611.590000000083819, 2574280.534 ], [ 745608.89000000001397, 2574280.640999999828637 ], [ 745605.590000000083819, 2574280.751999999862164 ], [ 745602.89000000001397, 2574280.751999999862164 ], [ 745599.590000000083819, 2574280.640999999828637 ], [ 745596.590000000083819, 2574280.829 ], [ 745593.440000000060536, 2574281.091 ], [ 745590.290000000037253, 2574281.245000000111759 ], [ 745587.290000000037253, 2574281.592000000178814 ], [ 745584.440000000060536, 2574281.991 ], [ 745581.803000000072643, 2574281.691000000108033 ], [ 745579.49, 2574282.38799999980256 ], [ 745576.790000000037253, 2574283.006999999750406 ], [ 745573.49, 2574283.058999999891967 ], [ 745570.49, 2574283.359000000171363 ], [ 745567.49, 2574283.691999999806285 ], [ 745564.64000000001397, 2574284.091 ], [ 745562.090000000083819, 2574284.841 ], [ 745559.540000000037253, 2574285.591 ], [ 745556.690000000060536, 2574286.054 ], [ 745553.690000000060536, 2574286.341 ], [ 745550.684, 2574286.491 ], [ 745547.39000000001397, 2574286.640000000130385 ], [ 745544.690000000060536, 2574285.977 ], [ 745541.99, 2574285.515000000130385 ], [ 745539.590000000083819, 2574285.043 ], [ 745537.190000000060536, 2574284.133 ], [ 745535.241000000038184, 2574284.991 ], [ 745535.99, 2574287.046999999787658 ], [ 745538.090000000083819, 2574288.214000000152737 ], [ 745540.036000000080094, 2574289.491 ], [ 745540.828000000095926, 2574291.890999999828637 ], [ 745540.421000000089407, 2574294.591 ], [ 745540.934, 2574297.290999999735504 ], [ 745540.635, 2574300.290999999735504 ], [ 745540.227000000071712, 2574303.290999999735504 ], [ 745539.382000000099652, 2574305.691000000108033 ], [ 745539.14000000001397, 2574308.691000000108033 ], [ 745539.044, 2574311.991 ], [ 745538.855000000097789, 2574314.991 ], [ 745538.334000000031665, 2574317.691000000108033 ], [ 745537.593, 2574320.390999999828637 ], [ 745537.340000000083819, 2574323.390999999828637 ], [ 745537.322000000043772, 2574326.691000000108033 ], [ 745536.851000000024214, 2574329.390999999828637 ], [ 745536.444000000017695, 2574332.390999999828637 ], [ 745536.144000000087544, 2574335.390999999828637 ], [ 745535.840000000083819, 2574338.390999999828637 ], [ 745535.54100000008475, 2574341.390999999828637 ], [ 745535.257000000099652, 2574344.390999999828637 ], [ 745534.940000000060536, 2574347.390999999828637 ], [ 745534.641000000061467, 2574350.390999999828637 ], [ 745534.344000000040978, 2574353.390999999828637 ], [ 745534.040000000037253, 2574356.390999999828637 ], [ 745534.048000000067987, 2574359.091 ], [ 745533.786000000080094, 2574361.491 ], [ 745533.216000000014901, 2574364.191000000108033 ], [ 745532.39000000001397, 2574366.838 ], [ 745529.690000000060536, 2574366.818 ], [ 745528.767, 2574368.991 ], [ 745530.63, 2574370.191000000108033 ], [ 745531.086000000010245, 2574372.591 ], [ 745530.74, 2574375.591 ], [ 745530.79100000008475, 2574378.890999999828637 ], [ 745531.233, 2574381.591 ], [ 745531.88800000003539, 2574384.290999999735504 ], [ 745532.253000000026077, 2574387.290999999735504 ], [ 745532.784000000101514, 2574389.991 ], [ 745532.39000000001397, 2574392.748000000137836 ], [ 745531.347000000067055, 2574395.091 ], [ 745533.590000000083819, 2574395.600999999791384 ], [ 745536.290000000037253, 2574395.540999999735504 ], [ 745538.99, 2574396.140999999828637 ], [ 745541.415000000037253, 2574396.890999999828637 ], [ 745543.332000000053085, 2574398.390999999828637 ], [ 745545.290000000037253, 2574399.634 ], [ 745547.39000000001397, 2574400.833999999798834 ], [ 745549.49, 2574402.139 ], [ 745551.590000000083819, 2574403.407000000122935 ], [ 745553.690000000060536, 2574404.614 ], [ 745555.790000000037253, 2574405.677000000141561 ], [ 745557.89000000001397, 2574406.949 ], [ 745558.790000000037253, 2574409.055000000167638 ], [ 745560.116000000038184, 2574410.390999999828637 ], [ 745562.090000000083819, 2574409.120000000111759 ], [ 745564.190000000060536, 2574410.347999999765307 ], [ 745566.14000000001397, 2574411.591 ], [ 745568.157, 2574412.790999999735504 ], [ 745570.190000000060536, 2574414.139 ], [ 745572.290000000037253, 2574415.438 ], [ 745574.322000000043772, 2574416.691000000108033 ], [ 745576.190000000060536, 2574417.935 ], [ 745578.200000000069849, 2574419.390999999828637 ], [ 745578.459000000031665, 2574421.790999999735504 ], [ 745580.036000000080094, 2574422.691000000108033 ], [ 745581.89000000001397, 2574421.415999999735504 ], [ 745584.290000000037253, 2574422.347999999765307 ], [ 745586.249000000068918, 2574423.591 ], [ 745588.49, 2574424.748000000137836 ], [ 745590.290000000037253, 2574426.026 ], [ 745592.39000000001397, 2574427.310999999754131 ], [ 745594.49, 2574428.636 ], [ 745596.590000000083819, 2574429.674999999813735 ], [ 745598.690000000060536, 2574430.867 ], [ 745600.790000000037253, 2574432.034 ], [ 745602.89000000001397, 2574433.265000000130385 ], [ 745605.290000000037253, 2574434.244 ], [ 745607.690000000060536, 2574435.122 ], [ 745610.39000000001397, 2574435.643000000156462 ], [ 745612.790000000037253, 2574436.580999999772757 ], [ 745613.99, 2574438.364999999757856 ], [ 745613.829000000027008, 2574440.991 ], [ 745616.01300000003539, 2574441.290999999735504 ], [ 745617.290000000037253, 2574439.251000000163913 ], [ 745619.497000000090338, 2574438.591 ], [ 745621.49800000002142, 2574439.790999999735504 ], [ 745624.115, 2574440.691000000108033 ], [ 745625.99, 2574442.023999999742955 ], [ 745628.690000000060536, 2574442.751999999862164 ], [ 745631.090000000083819, 2574443.540999999735504 ], [ 745633.49, 2574444.438 ], [ 745636.040000000037253, 2574445.191000000108033 ], [ 745638.590000000083819, 2574445.833000000100583 ], [ 745641.290000000037253, 2574446.492999999783933 ], [ 745644.290000000037253, 2574446.952 ], [ 745646.690000000060536, 2574447.849 ], [ 745649.090000000083819, 2574448.543 ], [ 745651.790000000037253, 2574449.339000000152737 ], [ 745654.190000000060536, 2574450.046 ], [ 745657.029000000096858, 2574450.591 ], [ 745659.443000000086613, 2574451.491 ], [ 745661.690000000060536, 2574452.464000000152737 ], [ 745664.005, 2574453.591 ], [ 745666.190000000060536, 2574454.705 ], [ 745668.290000000037253, 2574455.842000000178814 ], [ 745670.090000000083819, 2574457.236 ], [ 745671.89000000001397, 2574458.841 ], [ 745673.39000000001397, 2574460.552999999839813 ], [ 745674.804, 2574462.591 ], [ 745675.940000000060536, 2574464.691000000108033 ], [ 745677.016000000061467, 2574466.790999999735504 ], [ 745677.966000000014901, 2574469.191000000108033 ], [ 745679.090000000083819, 2574471.443 ], [ 745679.788999999989755, 2574473.991 ], [ 745681.190000000060536, 2574476.031 ], [ 745683.89000000001397, 2574476.659 ], [ 745685.690000000060536, 2574478.008 ], [ 745687.190000000060536, 2574479.870000000111759 ], [ 745687.957000000053085, 2574482.390999999828637 ], [ 745688.24, 2574485.390999999828637 ], [ 745688.489000000059605, 2574488.390999999828637 ], [ 745688.485000000102445, 2574491.691000000108033 ], [ 745687.228, 2574493.790999999735504 ], [ 745684.790000000037253, 2574494.489999999757856 ], [ 745681.49, 2574494.56900000013411 ], [ 745680.928000000072643, 2574496.790999999735504 ], [ 745682.690000000060536, 2574498.457 ], [ 745685.99, 2574498.552000000141561 ], [ 745688.428000000072643, 2574499.191000000108033 ], [ 745689.628000000026077, 2574501.290999999735504 ], [ 745690.057000000029802, 2574504.290999999735504 ], [ 745690.337999999988824, 2574507.290999999735504 ], [ 745689.590000000083819, 2574509.759999999776483 ], [ 745687.190000000060536, 2574510.688999999780208 ], [ 745684.190000000060536, 2574510.991 ], [ 745682.845000000088476, 2574512.991 ], [ 745684.790000000037253, 2574514.341 ], [ 745687.790000000037253, 2574514.640999999828637 ], [ 745689.934, 2574515.691000000108033 ], [ 745691.218, 2574517.790999999735504 ], [ 745691.446, 2574520.790999999735504 ], [ 745693.190000000060536, 2574522.489 ], [ 745695.586000000010245, 2574521.390999999828637 ], [ 745695.032, 2574518.390999999828637 ], [ 745694.544, 2574515.691000000108033 ], [ 745694.489000000059605, 2574512.390999999828637 ], [ 745694.189000000013039, 2574509.390999999828637 ], [ 745693.940000000060536, 2574506.390999999828637 ], [ 745693.940000000060536, 2574503.091 ], [ 745694.362000000081025, 2574500.091 ], [ 745696.190000000060536, 2574498.864999999757856 ], [ 745699.190000000060536, 2574498.444999999832362 ], [ 745702.190000000060536, 2574498.736 ], [ 745705.49, 2574498.745000000111759 ], [ 745708.190000000060536, 2574499.23 ], [ 745711.190000000060536, 2574499.771999999880791 ], [ 745713.052000000025146, 2574500.991 ], [ 745714.999000000068918, 2574502.491 ], [ 745716.481000000028871, 2574504.290999999735504 ], [ 745718.268000000040047, 2574505.790999999735504 ], [ 745719.89000000001397, 2574507.33600000012666 ], [ 745721.690000000060536, 2574508.941000000108033 ], [ 745723.413999999989755, 2574510.591 ], [ 745725.119000000064261, 2574512.091 ], [ 745726.677000000025146, 2574513.890999999828637 ], [ 745728.290000000037253, 2574515.503 ], [ 745730.090000000083819, 2574517.003 ], [ 745731.898000000044703, 2574518.390999999828637 ], [ 745734.290000000037253, 2574519.33 ], [ 745736.690000000060536, 2574520.199999999720603 ], [ 745737.423000000067987, 2574522.890999999828637 ], [ 745738.790000000037253, 2574524.839000000152737 ], [ 745740.739000000059605, 2574523.491 ], [ 745741.799, 2574521.390999999828637 ], [ 745744.790000000037253, 2574520.890000000130385 ], [ 745747.49, 2574520.389 ], [ 745747.939000000013039, 2574517.491 ], [ 745746.456, 2574515.991 ], [ 745743.590000000083819, 2574515.776999999769032 ], [ 745742.008000000030734, 2574514.191000000108033 ], [ 745741.940000000060536, 2574510.890999999828637 ], [ 745741.940000000060536, 2574507.591 ], [ 745741.939000000013039, 2574504.290999999735504 ], [ 745741.64000000001397, 2574501.290999999735504 ], [ 745741.64000000001397, 2574497.991 ], [ 745741.357000000076368, 2574494.991 ], [ 745741.340000000083819, 2574491.691000000108033 ], [ 745741.340000000083819, 2574488.390999999828637 ], [ 745741.044, 2574485.390999999828637 ], [ 745740.89000000001397, 2574482.241 ], [ 745740.928000000072643, 2574479.390999999828637 ], [ 745741.040000000037253, 2574476.091 ], [ 745740.495, 2574473.390999999828637 ], [ 745740.646000000066124, 2574470.390999999828637 ], [ 745740.792000000015832, 2574467.691000000108033 ], [ 745740.74, 2574464.390999999828637 ], [ 745741.026000000070781, 2574461.390999999828637 ], [ 745741.040000000037253, 2574458.091 ], [ 745741.040000000037253, 2574454.790999999735504 ], [ 745740.777, 2574451.790999999735504 ], [ 745740.440000000060536, 2574448.790999999735504 ], [ 745740.76, 2574445.790999999735504 ], [ 745742.090000000083819, 2574443.799999999813735 ], [ 745745.090000000083819, 2574443.540999999735504 ], [ 745748.39000000001397, 2574443.540999999735504 ], [ 745751.690000000060536, 2574443.528 ], [ 745754.690000000060536, 2574443.858 ], [ 745757.090000000083819, 2574444.094 ], [ 745760.39000000001397, 2574444.089999999850988 ], [ 745763.39000000001397, 2574443.841 ], [ 745766.690000000060536, 2574443.841 ], [ 745769.690000000060536, 2574444.136 ], [ 745772.99, 2574444.140999999828637 ], [ 745776.290000000037253, 2574444.140999999828637 ], [ 745779.590000000083819, 2574444.140999999828637 ], [ 745782.89000000001397, 2574444.140999999828637 ], [ 745786.190000000060536, 2574444.094 ], [ 745789.49, 2574444.162 ], [ 745791.590000000083819, 2574445.330999999772757 ], [ 745794.061000000103377, 2574444.591 ], [ 745794.439000000013039, 2574441.591 ], [ 745795.182000000029802, 2574438.890999999828637 ], [ 745797.385, 2574437.991 ], [ 745799.690000000060536, 2574436.892 ], [ 745802.090000000083819, 2574436.151999999769032 ], [ 745804.790000000037253, 2574435.474 ], [ 745807.49, 2574434.728999999817461 ], [ 745809.89000000001397, 2574434.052999999839813 ], [ 745812.89000000001397, 2574433.535000000149012 ], [ 745815.032, 2574434.091 ], [ 745816.038999999989755, 2574436.491 ], [ 745816.040000000037253, 2574439.790999999735504 ], [ 745816.040000000037253, 2574443.091 ], [ 745816.040000000037253, 2574446.390999999828637 ], [ 745816.339000000036322, 2574449.390999999828637 ], [ 745815.89000000001397, 2574452.296999999787658 ], [ 745814.891000000061467, 2574454.491 ], [ 745814.651000000070781, 2574457.491 ], [ 745814.257000000099652, 2574460.491 ], [ 745813.943000000086613, 2574463.491 ], [ 745813.652, 2574466.491 ], [ 745813.475000000093132, 2574468.890999999828637 ], [ 745813.247000000090338, 2574472.191000000108033 ], [ 745813.059, 2574474.591 ], [ 745814.99, 2574475.941000000108033 ], [ 745817.281000000075437, 2574474.890999999828637 ], [ 745817.595000000088476, 2574471.890999999828637 ], [ 745818.144000000087544, 2574469.191000000108033 ], [ 745818.440000000060536, 2574466.191000000108033 ], [ 745818.781000000075437, 2574463.191000000108033 ], [ 745819.790000000037253, 2574461.021000000182539 ], [ 745822.63800000003539, 2574461.390999999828637 ], [ 745825.49, 2574461.952 ], [ 745828.190000000060536, 2574462.486999999731779 ], [ 745830.89000000001397, 2574463.086999999824911 ], [ 745833.590000000083819, 2574463.594 ], [ 745836.290000000037253, 2574464.146999999880791 ], [ 745838.99, 2574464.82799999974668 ], [ 745841.690000000060536, 2574465.393999999854714 ], [ 745844.690000000060536, 2574465.853000000119209 ], [ 745847.249000000068918, 2574466.491 ], [ 745850.090000000083819, 2574466.954 ], [ 745852.49, 2574467.969 ], [ 745855.190000000060536, 2574468.437 ], [ 745858.190000000060536, 2574468.741 ], [ 745861.032, 2574469.191000000108033 ], [ 745863.89000000001397, 2574469.657999999821186 ], [ 745866.167000000015832, 2574470.691000000108033 ], [ 745866.752000000094995, 2574473.390999999828637 ], [ 745869.609000000054948, 2574473.390999999828637 ], [ 745870.783000000054017, 2574470.991 ], [ 745873.190000000060536, 2574470.793999999761581 ], [ 745875.89000000001397, 2574471.329 ], [ 745878.749000000068918, 2574471.890999999828637 ], [ 745881.590000000083819, 2574472.341 ], [ 745884.290000000037253, 2574472.893999999854714 ], [ 745887.14000000001397, 2574473.390999999828637 ], [ 745889.99, 2574473.887000000104308 ], [ 745892.690000000060536, 2574474.393999999854714 ], [ 745895.690000000060536, 2574474.741 ], [ 745898.99, 2574474.722999999765307 ], [ 745901.690000000060536, 2574474.674999999813735 ], [ 745904.090000000083819, 2574474.458000000100583 ], [ 745907.090000000083819, 2574474.676 ], [ 745910.39000000001397, 2574474.741 ], [ 745913.690000000060536, 2574474.741 ], [ 745916.99, 2574474.739999999757856 ], [ 745919.690000000060536, 2574474.611 ], [ 745922.690000000060536, 2574474.492 ], [ 745925.690000000060536, 2574474.761 ], [ 745927.331, 2574476.390999999828637 ], [ 745927.624000000068918, 2574479.390999999828637 ], [ 745929.590000000083819, 2574480.665 ], [ 745931.874000000068918, 2574479.691000000108033 ], [ 745931.540000000037253, 2574476.691000000108033 ], [ 745931.540000000037253, 2574473.390999999828637 ], [ 745931.296000000089407, 2574470.390999999828637 ], [ 745931.257000000099652, 2574467.691000000108033 ], [ 745931.24, 2574464.390999999828637 ], [ 745931.235000000102445, 2574461.091 ], [ 745930.889000000082888, 2574458.091 ], [ 745930.922000000020489, 2574455.390999999828637 ], [ 745930.940000000060536, 2574452.091 ], [ 745931.090000000083819, 2574448.861999999731779 ], [ 745933.49, 2574448.040999999735504 ], [ 745936.49, 2574447.791999999899417 ], [ 745939.790000000037253, 2574447.790999999735504 ], [ 745942.49, 2574448.435 ], [ 745945.49, 2574448.645 ], [ 745948.49, 2574448.941000000108033 ], [ 745951.790000000037253, 2574448.941000000108033 ], [ 745955.090000000083819, 2574448.941000000108033 ], [ 745958.39000000001397, 2574448.923 ], [ 745961.39000000001397, 2574448.640999999828637 ], [ 745964.39000000001397, 2574448.339999999850988 ], [ 745967.231000000028871, 2574447.890999999828637 ], [ 745970.090000000083819, 2574447.329 ], [ 745972.790000000037253, 2574446.949999999720603 ], [ 745975.629000000073574, 2574446.390999999828637 ], [ 745978.790000000037253, 2574446.19 ], [ 745981.258000000030734, 2574446.390999999828637 ], [ 745983.590000000083819, 2574447.467000000178814 ], [ 745986.89000000001397, 2574447.33 ], [ 745989.89000000001397, 2574447.140999999828637 ], [ 745992.89000000001397, 2574447.329 ], [ 745996.190000000060536, 2574447.441000000108033 ], [ 745999.49, 2574447.329 ], [ 746002.49, 2574447.140999999828637 ], [ 746005.49, 2574447.390000000130385 ], [ 746008.790000000037253, 2574447.441000000108033 ], [ 746011.940000000060536, 2574447.591 ], [ 746015.090000000083819, 2574447.745000000111759 ], [ 746018.090000000083819, 2574448.035999999847263 ], [ 746021.090000000083819, 2574447.753999999724329 ], [ 746024.39000000001397, 2574447.741 ], [ 746027.690000000060536, 2574447.741 ], [ 746030.99, 2574447.724 ], [ 746033.690000000060536, 2574448.483 ], [ 746033.891000000061467, 2574450.890999999828637 ], [ 746033.991000000038184, 2574453.890999999828637 ], [ 746034.516000000061467, 2574456.290999999735504 ], [ 746037.277, 2574456.591 ], [ 746037.721000000019558, 2574453.890999999828637 ], [ 746037.74, 2574450.591 ], [ 746037.74, 2574447.290999999735504 ], [ 746037.736000000033528, 2574443.991 ], [ 746037.74, 2574440.691000000108033 ], [ 746037.89000000001397, 2574437.685 ], [ 746038.036000000080094, 2574434.390999999828637 ], [ 746038.322000000043772, 2574431.390999999828637 ], [ 746038.340000000083819, 2574428.091 ], [ 746038.570000000065193, 2574425.091 ], [ 746038.49, 2574422.241 ], [ 746038.64000000001397, 2574419.091 ], [ 746038.939000000013039, 2574416.091 ], [ 746038.940000000060536, 2574412.790999999735504 ], [ 746038.935000000055879, 2574409.491 ], [ 746038.64000000001397, 2574406.491 ], [ 746038.64000000001397, 2574403.191000000108033 ], [ 746038.49, 2574400.040999999735504 ], [ 746038.340000000083819, 2574396.890999999828637 ], [ 746038.345000000088476, 2574393.591 ], [ 746039.690000000060536, 2574391.765000000130385 ], [ 746042.690000000060536, 2574391.941000000108033 ], [ 746045.99, 2574391.941000000108033 ], [ 746049.290000000037253, 2574391.941000000108033 ], [ 746052.002000000094995, 2574391.491 ], [ 746051.39000000001397, 2574388.983 ], [ 746048.090000000083819, 2574388.941000000108033 ], [ 746044.790000000037253, 2574388.941000000108033 ], [ 746041.49, 2574388.941000000108033 ], [ 746039.090000000083819, 2574388.08 ], [ 746038.922000000020489, 2574384.890999999828637 ], [ 746038.64000000001397, 2574381.890999999828637 ], [ 746038.64000000001397, 2574378.591 ], [ 746037.999000000068918, 2574375.890999999828637 ], [ 746037.440000000060536, 2574373.191000000108033 ], [ 746037.440000000060536, 2574369.890999999828637 ], [ 746037.439000000013039, 2574366.591 ], [ 746037.14000000001397, 2574363.591 ], [ 746037.328000000095926, 2574360.591 ], [ 746037.440000000060536, 2574357.290999999735504 ], [ 746037.141000000061467, 2574354.290999999735504 ], [ 746037.14000000001397, 2574350.991 ], [ 746037.14000000001397, 2574347.691000000108033 ], [ 746037.089000000036322, 2574344.390999999828637 ], [ 746036.840000000083819, 2574341.390999999828637 ], [ 746037.553000000072643, 2574338.691000000108033 ], [ 746040.290000000037253, 2574338.242 ], [ 746043.290000000037253, 2574338.449 ], [ 746045.99, 2574337.870000000111759 ], [ 746045.709000000031665, 2574335.091 ], [ 746042.690000000060536, 2574334.941000000108033 ], [ 746039.39000000001397, 2574334.927000000141561 ], [ 746037.017, 2574333.890999999828637 ], [ 746036.840000000083819, 2574330.890999999828637 ], [ 746036.647, 2574327.890999999828637 ], [ 746036.540000000037253, 2574324.591 ], [ 746036.540000000037253, 2574321.290999999735504 ], [ 746036.536000000080094, 2574317.991 ], [ 746036.540000000037253, 2574314.691000000108033 ], [ 746036.484000000054948, 2574311.390999999828637 ], [ 746036.24, 2574308.390999999828637 ], [ 746036.24, 2574305.091 ], [ 746036.223, 2574301.790999999735504 ], [ 746036.084000000031665, 2574298.790999999735504 ], [ 746036.090000000083819, 2574295.941000000108033 ], [ 746035.940000000060536, 2574292.790999999735504 ], [ 746035.961000000010245, 2574289.491 ], [ 746037.542000000015832, 2574287.691000000108033 ], [ 746040.290000000037253, 2574287.133 ], [ 746042.99, 2574286.594 ], [ 746045.690000000060536, 2574286.028 ], [ 746048.39000000001397, 2574285.407000000122935 ], [ 746051.090000000083819, 2574284.733 ], [ 746052.441, 2574282.890999999828637 ], [ 746050.49, 2574281.657000000122935 ], [ 746047.940000000060536, 2574282.290999999735504 ], [ 746045.39000000001397, 2574282.946 ], [ 746042.690000000060536, 2574283.756999999750406 ], [ 746040.290000000037253, 2574284.432999999728054 ], [ 746037.590000000083819, 2574285.032999999821186 ], [ 746034.590000000083819, 2574285.441000000108033 ], [ 746031.290000000037253, 2574285.441000000108033 ], [ 746027.99, 2574285.441000000108033 ], [ 746024.690000000060536, 2574285.441000000108033 ], [ 746021.39000000001397, 2574285.441000000108033 ], [ 746018.39000000001397, 2574285.140000000130385 ], [ 746015.99, 2574284.305000000167638 ], [ 746013.590000000083819, 2574283.341 ], [ 746011.190000000060536, 2574282.441000000108033 ], [ 746008.63, 2574281.691000000108033 ], [ 746005.790000000037253, 2574281.352 ], [ 746002.790000000037253, 2574280.992 ], [ 745999.49, 2574280.941000000108033 ], [ 745996.190000000060536, 2574280.941000000108033 ], [ 745992.89000000001397, 2574280.941000000108033 ], [ 745989.590000000083819, 2574280.941000000108033 ], [ 745986.290000000037253, 2574280.941000000108033 ], [ 745983.451, 2574280.491 ], [ 745981.790000000037253, 2574278.929 ], [ 745980.590000000083819, 2574276.751000000163913 ], [ 745978.118000000016764, 2574277.491 ], [ 745976.996000000042841, 2574279.890999999828637 ], [ 745974.290000000037253, 2574280.341 ], [ 745971.290000000037253, 2574280.589999999850988 ], [ 745968.290000000037253, 2574280.923 ], [ 745964.99, 2574280.958999999798834 ], [ 745961.99, 2574281.242 ], [ 745958.99, 2574281.540999999735504 ], [ 745955.690000000060536, 2574281.609000000171363 ], [ 745952.39000000001397, 2574281.671999999787658 ], [ 745949.090000000083819, 2574281.558999999891967 ], [ 745946.090000000083819, 2574281.79 ], [ 745943.39000000001397, 2574281.785999999847263 ], [ 745940.090000000083819, 2574281.841 ], [ 745936.790000000037253, 2574281.841 ], [ 745933.49, 2574281.841 ], [ 745930.190000000060536, 2574281.839999999850988 ], [ 745928.090000000083819, 2574280.728999999817461 ], [ 745927.940000000060536, 2574277.491 ], [ 745927.940000000060536, 2574274.191000000108033 ], [ 745927.828000000095926, 2574270.890999999828637 ], [ 745927.190000000060536, 2574268.778 ] ] } },
{ "type": "Feature", "properties": { "path": "Bhopal_5" }, "geometry": { "type": "LineString", "coordinates": [ [ 745835.53000000002794, 2574281.691000000108033 ], [ 745838.090000000083819, 2574282.251999999862164 ], [ 745840.49, 2574282.753999999724329 ], [ 745842.89000000001397, 2574283.435 ], [ 745845.290000000037253, 2574283.923 ], [ 745848.290000000037253, 2574283.941000000108033 ], [ 745851.290000000037253, 2574284.052000000141561 ], [ 745853.99, 2574284.352 ], [ 745856.690000000060536, 2574284.540999999735504 ], [ 745859.690000000060536, 2574284.543999999761581 ], [ 745862.690000000060536, 2574284.540999999735504 ], [ 745865.690000000060536, 2574284.540999999735504 ], [ 745868.618000000016764, 2574284.691000000108033 ], [ 745869.551000000094064, 2574286.790999999735504 ], [ 745869.782, 2574289.491 ], [ 745871.99, 2574290.234999999869615 ], [ 745873.339000000036322, 2574288.591 ], [ 745873.49, 2574285.702 ], [ 745875.590000000083819, 2574284.842000000178814 ], [ 745878.590000000083819, 2574284.841 ], [ 745881.290000000037253, 2574284.558999999891967 ], [ 745884.290000000037253, 2574284.540999999735504 ], [ 745887.290000000037253, 2574284.540999999735504 ], [ 745890.290000000037253, 2574284.540999999735504 ], [ 745893.290000000037253, 2574284.540999999735504 ], [ 745896.290000000037253, 2574284.540999999735504 ], [ 745899.290000000037253, 2574284.540999999735504 ], [ 745902.290000000037253, 2574284.540999999735504 ], [ 745905.290000000037253, 2574284.541999999899417 ], [ 745908.290000000037253, 2574284.622 ], [ 745910.99, 2574284.734000000171363 ], [ 745913.99, 2574284.839999999850988 ], [ 745916.99, 2574284.83600000012666 ], [ 745919.99, 2574284.841 ], [ 745922.39000000001397, 2574285.481999999843538 ], [ 745922.840000000083819, 2574287.991 ], [ 745922.728, 2574290.991 ], [ 745922.582000000053085, 2574293.691000000108033 ], [ 745924.790000000037253, 2574294.441000000108033 ], [ 745926.89000000001397, 2574293.469 ], [ 745927.340000000083819, 2574290.991 ], [ 745927.396000000066124, 2574287.991 ], [ 745927.99800000002142, 2574285.591 ], [ 745930.190000000060536, 2574284.841 ], [ 745933.190000000060536, 2574284.841 ], [ 745936.190000000060536, 2574284.841 ], [ 745939.190000000060536, 2574284.744 ], [ 745941.89000000001397, 2574284.540999999735504 ], [ 745944.89000000001397, 2574284.540999999735504 ], [ 745947.89000000001397, 2574284.540999999735504 ], [ 745950.590000000083819, 2574284.822999999858439 ], [ 745953.590000000083819, 2574284.841 ], [ 745956.590000000083819, 2574284.841 ], [ 745959.453000000095926, 2574284.691000000108033 ], [ 745961.99, 2574284.78899999987334 ], [ 745964.332000000053085, 2574284.691000000108033 ], [ 745967.090000000083819, 2574284.540999999735504 ], [ 745970.090000000083819, 2574284.532000000122935 ], [ 745971.811000000103377, 2574283.191000000108033 ], [ 745974.290000000037253, 2574282.741 ], [ 745977.290000000037253, 2574282.753999999724329 ], [ 745980.290000000037253, 2574282.741 ], [ 745983.290000000037253, 2574282.742 ], [ 745985.99, 2574283.04 ], [ 745988.690000000060536, 2574283.29 ], [ 745991.39000000001397, 2574283.589999999850988 ], [ 745994.090000000083819, 2574283.923 ], [ 745996.790000000037253, 2574284.176 ], [ 745999.790000000037253, 2574284.241 ], [ 746002.49, 2574284.467000000178814 ], [ 746005.49, 2574284.592000000178814 ], [ 746007.89000000001397, 2574285.106999999843538 ], [ 746010.290000000037253, 2574285.646999999880791 ], [ 746012.690000000060536, 2574286.341 ], [ 746015.090000000083819, 2574286.974 ], [ 746017.49, 2574287.574999999720603 ], [ 746019.590000000083819, 2574288.312 ], [ 746022.290000000037253, 2574288.609999999869615 ], [ 746025.290000000037253, 2574288.741 ], [ 746028.290000000037253, 2574288.728000000119209 ], [ 746031.290000000037253, 2574288.762000000104308 ], [ 746032.809, 2574290.091 ], [ 746032.940000000060536, 2574293.091 ], [ 746032.944000000017695, 2574296.091 ], [ 746033.24, 2574298.790999999735504 ], [ 746033.24, 2574301.790999999735504 ], [ 746033.24, 2574304.790999999735504 ], [ 746033.24, 2574307.790999999735504 ], [ 746033.24, 2574310.790999999735504 ], [ 746033.39000000001397, 2574313.654 ], [ 746033.428000000072643, 2574315.890999999828637 ], [ 746033.241000000038184, 2574318.591 ], [ 746033.538999999989755, 2574321.290999999735504 ], [ 746033.540000000037253, 2574324.290999999735504 ], [ 746033.540000000037253, 2574327.290999999735504 ], [ 746033.591000000014901, 2574330.290999999735504 ], [ 746033.643000000040047, 2574332.691000000108033 ], [ 746032.190000000060536, 2574334.387000000104308 ], [ 746029.790000000037253, 2574334.372 ], [ 746026.846000000019558, 2574334.491 ], [ 746026.477000000071712, 2574336.890999999828637 ], [ 746028.590000000083819, 2574337.623000000137836 ], [ 746031.590000000083819, 2574337.659 ], [ 746033.753000000026077, 2574338.390999999828637 ], [ 746034.389000000082888, 2574340.790999999735504 ], [ 746034.440000000060536, 2574343.790999999735504 ], [ 746034.440000000060536, 2574346.790999999735504 ], [ 746034.440000000060536, 2574349.790999999735504 ], [ 746034.440000000060536, 2574352.790999999735504 ], [ 746034.440000000060536, 2574355.790999999735504 ], [ 746034.440000000060536, 2574358.790999999735504 ], [ 746034.440000000060536, 2574361.790999999735504 ], [ 746034.440000000060536, 2574364.790999999735504 ], [ 746034.440000000060536, 2574367.790999999735504 ], [ 746034.444000000017695, 2574370.790999999735504 ], [ 746034.74, 2574373.491 ], [ 746035.038999999989755, 2574376.191000000108033 ], [ 746035.040000000037253, 2574379.191000000108033 ], [ 746035.133000000030734, 2574382.191000000108033 ], [ 746035.209000000031665, 2574384.290999999735504 ], [ 746035.018000000040047, 2574386.991 ], [ 746033.690000000060536, 2574388.767 ], [ 746030.99, 2574388.941000000108033 ], [ 746028.527, 2574389.390999999828637 ], [ 746028.720000000088476, 2574391.491 ], [ 746031.590000000083819, 2574391.640999999828637 ], [ 746034.290000000037253, 2574391.987999999895692 ], [ 746035.583000000100583, 2574393.591 ], [ 746035.935000000055879, 2574396.290999999735504 ], [ 746035.889000000082888, 2574399.290999999735504 ], [ 746035.64000000001397, 2574401.991 ], [ 746035.708000000100583, 2574404.991 ], [ 746035.935000000055879, 2574407.691000000108033 ], [ 746035.927000000025146, 2574410.691000000108033 ], [ 746035.940000000060536, 2574413.691000000108033 ], [ 746035.790000000037253, 2574416.540999999735504 ], [ 746035.64000000001397, 2574419.390999999828637 ], [ 746035.64000000001397, 2574422.390999999828637 ], [ 746035.64000000001397, 2574425.390999999828637 ], [ 746035.357000000076368, 2574428.091 ], [ 746035.339000000036322, 2574431.091 ], [ 746035.04100000008475, 2574433.790999999735504 ], [ 746035.022, 2574436.790999999735504 ], [ 746034.74, 2574439.491 ], [ 746034.722000000067055, 2574442.491 ], [ 746034.261000000056811, 2574444.890999999828637 ], [ 746031.89000000001397, 2574445.640999999828637 ], [ 746028.89000000001397, 2574445.640999999828637 ], [ 746025.89000000001397, 2574445.640999999828637 ], [ 746022.89000000001397, 2574445.640999999828637 ], [ 746019.89000000001397, 2574445.589999999850988 ], [ 746017.190000000060536, 2574445.341 ], [ 746014.190000000060536, 2574445.341 ], [ 746011.49, 2574445.19 ], [ 746008.49, 2574445.040999999735504 ], [ 746005.49, 2574445.040999999735504 ], [ 746002.790000000037253, 2574444.852 ], [ 745999.790000000037253, 2574444.741 ], [ 745996.790000000037253, 2574444.741 ], [ 745993.790000000037253, 2574444.628999999724329 ], [ 745991.090000000083819, 2574444.441000000108033 ], [ 745988.090000000083819, 2574444.441000000108033 ], [ 745985.090000000083819, 2574444.441000000108033 ], [ 745982.25, 2574444.290999999735504 ], [ 745980.468, 2574443.091 ], [ 745978.790000000037253, 2574442.850999999791384 ], [ 745977.290000000037253, 2574444.330999999772757 ], [ 745974.89000000001397, 2574445.043 ], [ 745972.190000000060536, 2574445.45299999974668 ], [ 745969.49, 2574445.646000000182539 ], [ 745966.939000000013039, 2574446.091 ], [ 745964.39000000001397, 2574446.446 ], [ 745961.39000000001397, 2574446.617 ], [ 745958.690000000060536, 2574446.952 ], [ 745956.103, 2574446.991 ], [ 745953.590000000083819, 2574447.103000000119209 ], [ 745951.190000000060536, 2574447.091 ], [ 745948.340000000083819, 2574446.991 ], [ 745945.49, 2574446.728999999817461 ], [ 745942.790000000037253, 2574446.429 ], [ 745940.090000000083819, 2574446.191000000108033 ], [ 745937.477000000071712, 2574445.790999999735504 ], [ 745934.99, 2574445.849 ], [ 745931.99, 2574445.918999999761581 ], [ 745930.644000000087544, 2574444.290999999735504 ], [ 745930.336000000010245, 2574441.591 ], [ 745930.035000000032596, 2574438.890999999828637 ], [ 745929.74, 2574436.191000000108033 ], [ 745929.425000000046566, 2574433.491 ], [ 745927.190000000060536, 2574433.341 ], [ 745925.548000000067987, 2574434.691000000108033 ], [ 745925.540000000037253, 2574437.691000000108033 ], [ 745925.097000000067055, 2574440.390999999828637 ], [ 745924.64000000001397, 2574442.790999999735504 ], [ 745924.923000000067987, 2574445.491 ], [ 745925.367000000085682, 2574448.191000000108033 ], [ 745925.840000000083819, 2574450.591 ], [ 745926.135, 2574453.290999999735504 ], [ 745926.14000000001397, 2574456.290999999735504 ], [ 745926.417000000015832, 2574458.991 ], [ 745926.290000000037253, 2574461.651999999769032 ], [ 745927.035000000032596, 2574463.790999999735504 ], [ 745927.053000000072643, 2574466.790999999735504 ], [ 745926.973, 2574469.790999999735504 ], [ 745925.690000000060536, 2574471.335 ], [ 745922.690000000060536, 2574471.546999999787658 ], [ 745920.590000000083819, 2574471.628999999724329 ], [ 745917.89000000001397, 2574471.441000000108033 ], [ 745914.89000000001397, 2574471.551 ], [ 745912.49, 2574471.492 ], [ 745910.39000000001397, 2574471.69400000013411 ], [ 745907.690000000060536, 2574471.444999999832362 ], [ 745904.690000000060536, 2574471.441000000108033 ], [ 745901.690000000060536, 2574471.441000000108033 ], [ 745898.690000000060536, 2574471.441999999806285 ], [ 745896.290000000037253, 2574472.001000000163913 ], [ 745893.590000000083819, 2574471.725999999791384 ], [ 745891.190000000060536, 2574471.177999999839813 ], [ 745888.790000000037253, 2574470.574 ], [ 745886.39000000001397, 2574470.001000000163913 ], [ 745883.99, 2574469.373999999836087 ], [ 745881.590000000083819, 2574468.707 ], [ 745879.190000000060536, 2574468.106999999843538 ], [ 745876.790000000037253, 2574467.555000000167638 ], [ 745874.090000000083819, 2574467.347 ], [ 745871.451, 2574466.790999999735504 ], [ 745870.345000000088476, 2574464.991 ], [ 745870.344000000040978, 2574461.991 ], [ 745869.290000000037253, 2574459.93099999986589 ], [ 745867.190000000060536, 2574460.44400000013411 ], [ 745866.628000000026077, 2574462.890999999828637 ], [ 745866.081, 2574465.290999999735504 ], [ 745864.190000000060536, 2574465.850999999791384 ], [ 745861.49, 2574465.552000000141561 ], [ 745858.790000000037253, 2574465.089999999850988 ], [ 745856.090000000083819, 2574464.728999999817461 ], [ 745853.690000000060536, 2574464.180000000167638 ], [ 745850.99, 2574463.890000000130385 ], [ 745848.590000000083819, 2574463.447999999858439 ], [ 745845.89000000001397, 2574462.929 ], [ 745843.49, 2574462.454 ], [ 745840.938000000081956, 2574461.991 ], [ 745838.39000000001397, 2574461.506999999750406 ], [ 745835.99, 2574460.991 ], [ 745833.432000000029802, 2574460.491 ], [ 745830.89000000001397, 2574459.994 ], [ 745828.49, 2574459.441000000108033 ], [ 745825.790000000037253, 2574459.136 ], [ 745823.39000000001397, 2574458.651999999769032 ], [ 745820.690000000060536, 2574458.111 ], [ 745819.362000000081025, 2574456.591 ], [ 745819.690000000060536, 2574453.890999999828637 ], [ 745819.940000000060536, 2574451.191000000108033 ], [ 745820.202000000048429, 2574448.491 ], [ 745820.428000000072643, 2574445.790999999735504 ], [ 745820.540000000037253, 2574442.790999999735504 ], [ 745820.540000000037253, 2574439.790999999735504 ], [ 745820.540000000037253, 2574436.790999999735504 ], [ 745820.540000000037253, 2574433.790999999735504 ], [ 745820.557000000029802, 2574430.790999999735504 ], [ 745820.840000000083819, 2574428.091 ], [ 745820.840000000083819, 2574425.091 ], [ 745820.470000000088476, 2574422.390999999828637 ], [ 745817.99, 2574422.535999999847263 ], [ 745815.642, 2574423.290999999735504 ], [ 745815.440000000060536, 2574425.991 ], [ 745814.902, 2574428.390999999828637 ], [ 745813.190000000060536, 2574429.771000000182539 ], [ 745810.790000000037253, 2574430.307 ], [ 745808.39000000001397, 2574430.833000000100583 ], [ 745805.99, 2574431.506999999750406 ], [ 745803.590000000083819, 2574432.140999999828637 ], [ 745801.190000000060536, 2574432.849 ], [ 745799.090000000083819, 2574433.640999999828637 ], [ 745796.99, 2574434.540999999735504 ], [ 745794.74, 2574435.290999999735504 ], [ 745792.49, 2574436.04 ], [ 745790.090000000083819, 2574436.640999999828637 ], [ 745787.690000000060536, 2574437.335 ], [ 745785.290000000037253, 2574437.873999999836087 ], [ 745782.741000000038184, 2574438.290999999735504 ], [ 745780.190000000060536, 2574438.787 ], [ 745777.790000000037253, 2574439.29 ], [ 745775.090000000083819, 2574439.654 ], [ 745772.39000000001397, 2574439.992 ], [ 745769.690000000060536, 2574440.259 ], [ 745767.290000000037253, 2574440.83600000012666 ], [ 745764.290000000037253, 2574440.725 ], [ 745761.590000000083819, 2574440.540999999735504 ], [ 745758.590000000083819, 2574440.429 ], [ 745755.89000000001397, 2574440.241 ], [ 745752.89000000001397, 2574440.352 ], [ 745750.190000000060536, 2574440.540999999735504 ], [ 745747.49, 2574440.79 ], [ 745744.49, 2574440.728999999817461 ], [ 745742.090000000083819, 2574440.128999999724329 ], [ 745740.797000000020489, 2574438.591 ], [ 745740.74, 2574435.591 ], [ 745740.74, 2574432.591 ], [ 745740.74, 2574429.591 ], [ 745740.737000000081025, 2574426.591 ], [ 745738.790000000037253, 2574425.545 ], [ 745737.444000000017695, 2574427.191000000108033 ], [ 745737.079000000027008, 2574429.890999999828637 ], [ 745737.084000000031665, 2574432.290999999735504 ], [ 745736.840000000083819, 2574434.991 ], [ 745737.290000000037253, 2574437.421999999787658 ], [ 745737.444000000017695, 2574440.390999999828637 ], [ 745737.74, 2574443.091 ], [ 745737.74, 2574446.091 ], [ 745737.627000000094995, 2574449.091 ], [ 745737.144000000087544, 2574451.491 ], [ 745737.251000000047497, 2574454.491 ], [ 745737.440000000060536, 2574457.191000000108033 ], [ 745737.440000000060536, 2574460.191000000108033 ], [ 745737.440000000060536, 2574463.191000000108033 ], [ 745737.440000000060536, 2574466.191000000108033 ], [ 745737.440000000060536, 2574469.191000000108033 ], [ 745737.440000000060536, 2574472.191000000108033 ], [ 745737.628000000026077, 2574474.890999999828637 ], [ 745737.74, 2574477.890999999828637 ], [ 745737.491000000038184, 2574480.591 ], [ 745737.440000000060536, 2574483.591 ], [ 745737.491000000038184, 2574486.591 ], [ 745737.757000000099652, 2574489.290999999735504 ], [ 745737.79100000008475, 2574491.691000000108033 ], [ 745737.74, 2574494.691000000108033 ], [ 745737.74, 2574497.691000000108033 ], [ 745737.74, 2574500.691000000108033 ], [ 745737.927000000025146, 2574503.390999999828637 ], [ 745737.741000000038184, 2574506.091 ], [ 745737.74, 2574509.091 ], [ 745737.74, 2574512.091 ], [ 745737.290000000037253, 2574514.71999999973923 ], [ 745735.190000000060536, 2574515.034 ], [ 745733.090000000083819, 2574514.114 ], [ 745731.13, 2574512.991 ], [ 745729.190000000060536, 2574511.813999999780208 ], [ 745727.840000000083819, 2574510.290999999735504 ], [ 745726.445000000065193, 2574508.790999999735504 ], [ 745724.99, 2574507.051 ], [ 745723.64000000001397, 2574505.491 ], [ 745722.270000000018626, 2574503.991 ], [ 745720.790000000037253, 2574502.338 ], [ 745719.290000000037253, 2574500.807 ], [ 745717.9330000000773, 2574499.191000000108033 ], [ 745716.590000000083819, 2574497.560999999754131 ], [ 745715.202000000048429, 2574495.890999999828637 ], [ 745713.812000000034459, 2574494.390999999828637 ], [ 745711.790000000037253, 2574493.264 ], [ 745709.690000000060536, 2574492.441999999806285 ], [ 745707.590000000083819, 2574492.234000000171363 ], [ 745704.590000000083819, 2574492.140999999828637 ], [ 745701.89000000001397, 2574491.892 ], [ 745699.190000000060536, 2574491.651999999769032 ], [ 745697.090000000083819, 2574490.640000000130385 ], [ 745695.53000000002794, 2574489.290999999735504 ], [ 745694.24, 2574487.491 ], [ 745693.343, 2574485.390999999828637 ], [ 745692.693000000086613, 2574482.991 ], [ 745692.233, 2574480.591 ], [ 745691.201, 2574478.491 ], [ 745689.678000000072643, 2574476.991 ], [ 745688.344000000040978, 2574475.491 ], [ 745687.040000000037253, 2574473.691000000108033 ], [ 745685.744000000064261, 2574471.890999999828637 ], [ 745684.64000000001397, 2574470.091 ], [ 745683.546000000089407, 2574468.290999999735504 ], [ 745682.39000000001397, 2574466.330999999772757 ], [ 745681.242000000085682, 2574464.390999999828637 ], [ 745680.204000000027008, 2574462.591 ], [ 745679.090000000083819, 2574460.722999999765307 ], [ 745678.137000000104308, 2574458.691000000108033 ], [ 745677.290000000037253, 2574456.44 ], [ 745676.63800000003539, 2574454.191000000108033 ], [ 745674.290000000037253, 2574453.501000000163913 ], [ 745672.190000000060536, 2574453.065 ], [ 745670.39000000001397, 2574451.941999999806285 ], [ 745668.590000000083819, 2574450.847 ], [ 745666.491000000038184, 2574449.691000000108033 ], [ 745664.690000000060536, 2574448.566999999806285 ], [ 745662.89000000001397, 2574447.401 ], [ 745662.359000000054948, 2574444.890999999828637 ], [ 745660.49, 2574444.94400000013411 ], [ 745658.99, 2574446.58600000012666 ], [ 745656.590000000083819, 2574446.506999999750406 ], [ 745654.190000000060536, 2574445.907000000122935 ], [ 745652.090000000083819, 2574445.151 ], [ 745649.690000000060536, 2574444.491 ], [ 745647.14000000001397, 2574443.991 ], [ 745644.766000000061467, 2574443.390999999828637 ], [ 745642.49, 2574442.748999999836087 ], [ 745640.090000000083819, 2574442.148999999742955 ], [ 745637.690000000060536, 2574441.475 ], [ 745635.290000000037253, 2574440.73 ], [ 745633.190000000060536, 2574439.941000000108033 ], [ 745630.940000000060536, 2574439.191000000108033 ], [ 745628.690000000060536, 2574438.441000000108033 ], [ 745626.440000000060536, 2574437.691000000108033 ], [ 745624.190000000060536, 2574436.876999999862164 ], [ 745622.090000000083819, 2574436.040999999735504 ], [ 745619.99, 2574435.202 ], [ 745617.89000000001397, 2574434.166999999899417 ], [ 745615.940000000060536, 2574433.191000000108033 ], [ 745613.805000000051223, 2574432.290999999735504 ], [ 745611.590000000083819, 2574431.651 ], [ 745609.412000000011176, 2574430.790999999735504 ], [ 745608.590000000083819, 2574428.666999999899417 ], [ 745606.790000000037253, 2574429.875 ], [ 745604.486000000033528, 2574429.591 ], [ 745602.440000000060536, 2574428.691000000108033 ], [ 745600.49, 2574427.577 ], [ 745598.690000000060536, 2574426.551 ], [ 745596.590000000083819, 2574425.645 ], [ 745594.64000000001397, 2574424.491 ], [ 745592.690000000060536, 2574423.333999999798834 ], [ 745590.89000000001397, 2574422.241 ], [ 745589.090000000083819, 2574421.13799999980256 ], [ 745587.223, 2574419.991 ], [ 745585.340000000083819, 2574418.790999999735504 ], [ 745583.472000000067055, 2574417.591 ], [ 745581.89000000001397, 2574416.248999999836087 ], [ 745580.090000000083819, 2574415.13799999980256 ], [ 745578.14000000001397, 2574413.991 ], [ 745576.241000000038184, 2574412.790999999735504 ], [ 745574.39000000001397, 2574411.805000000167638 ], [ 745572.449000000022352, 2574410.691000000108033 ], [ 745570.49, 2574409.565 ], [ 745568.690000000060536, 2574408.506999999750406 ], [ 745566.74, 2574407.390999999828637 ], [ 745564.790000000037253, 2574406.276999999769032 ], [ 745562.922000000020489, 2574405.290999999735504 ], [ 745560.957000000053085, 2574404.091 ], [ 745559.090000000083819, 2574403.105 ], [ 745556.99, 2574402.140999999828637 ], [ 745554.89000000001397, 2574401.143000000156462 ], [ 745553.090000000083819, 2574400.009 ], [ 745551.290000000037253, 2574398.808999999891967 ], [ 745549.49, 2574397.574999999720603 ], [ 745547.690000000060536, 2574396.441000000108033 ], [ 745545.89000000001397, 2574395.242 ], [ 745544.090000000083819, 2574394.137000000104308 ], [ 745542.290000000037253, 2574392.810999999754131 ], [ 745540.49, 2574391.535000000149012 ], [ 745538.690000000060536, 2574390.324999999720603 ], [ 745537.235000000102445, 2574388.790999999735504 ], [ 745536.048000000067987, 2574386.991 ], [ 745535.432000000029802, 2574384.591 ], [ 745534.957000000053085, 2574382.191000000108033 ], [ 745534.940000000060536, 2574379.191000000108033 ], [ 745534.790000000037253, 2574376.339000000152737 ], [ 745534.935000000055879, 2574373.790999999735504 ], [ 745535.39000000001397, 2574371.143999999854714 ], [ 745537.49, 2574370.342000000178814 ], [ 745539.817000000039116, 2574369.591 ], [ 745538.39000000001397, 2574367.893000000156462 ], [ 745537.020000000018626, 2574366.290999999735504 ], [ 745537.391000000061467, 2574363.591 ], [ 745537.828000000095926, 2574361.191000000108033 ], [ 745538.051000000094064, 2574358.191000000108033 ], [ 745538.207000000053085, 2574355.491 ], [ 745538.39000000001397, 2574352.640999999828637 ], [ 745538.690000000060536, 2574349.941000000108033 ], [ 745538.99, 2574347.241 ], [ 745539.251000000047497, 2574344.390999999828637 ], [ 745539.440000000060536, 2574341.691000000108033 ], [ 745539.590000000083819, 2574338.839999999850988 ], [ 745539.169, 2574336.591 ], [ 745538.690000000060536, 2574334.342999999877065 ], [ 745539.590000000083819, 2574332.120000000111759 ], [ 745541.207000000053085, 2574330.890999999828637 ], [ 745540.889000000082888, 2574328.790999999735504 ], [ 745541.071, 2574325.790999999735504 ], [ 745541.239000000059605, 2574323.091 ], [ 745541.489000000059605, 2574320.390999999828637 ], [ 745541.801000000094064, 2574317.691000000108033 ], [ 745541.540000000037253, 2574314.991 ], [ 745541.99, 2574312.432999999728054 ], [ 745542.453000000095926, 2574309.890999999828637 ], [ 745542.851000000024214, 2574307.191000000108033 ], [ 745543.190000000060536, 2574304.731999999843538 ], [ 745543.790000000037253, 2574302.241 ], [ 745544.124000000068918, 2574299.691000000108033 ], [ 745544.207000000053085, 2574296.691000000108033 ], [ 745544.24, 2574293.691000000108033 ], [ 745544.690000000060536, 2574291.137000000104308 ], [ 745547.39000000001397, 2574290.841 ], [ 745550.39000000001397, 2574290.728999999817461 ], [ 745553.090000000083819, 2574290.54 ], [ 745555.790000000037253, 2574290.242 ], [ 745558.49, 2574290.052000000141561 ], [ 745561.190000000060536, 2574289.528 ], [ 745562.99, 2574288.572000000160187 ], [ 745565.690000000060536, 2574288.191000000108033 ], [ 745568.39000000001397, 2574287.79 ], [ 745571.090000000083819, 2574287.429 ], [ 745573.790000000037253, 2574287.19 ], [ 745576.49, 2574286.829 ], [ 745579.190000000060536, 2574286.529 ], [ 745581.74, 2574286.191000000108033 ], [ 745584.590000000083819, 2574285.929 ], [ 745586.99, 2574285.552000000141561 ], [ 745589.690000000060536, 2574285.251999999862164 ], [ 745592.39000000001397, 2574285.446 ], [ 745594.822000000043772, 2574284.991 ], [ 745597.49, 2574285.043 ], [ 745600.190000000060536, 2574284.842000000178814 ], [ 745602.89000000001397, 2574284.657999999821186 ], [ 745605.290000000037253, 2574284.626999999862164 ], [ 745608.290000000037253, 2574284.545 ], [ 745610.99, 2574284.728999999817461 ], [ 745613.99, 2574284.841 ], [ 745616.99, 2574284.841 ], [ 745619.99, 2574284.841 ], [ 745622.99, 2574284.952 ], [ 745625.690000000060536, 2574285.140999999828637 ], [ 745628.690000000060536, 2574285.191999999806285 ], [ 745631.39000000001397, 2574285.389 ], [ 745633.731000000028871, 2574284.691000000108033 ], [ 745636.190000000060536, 2574284.98 ], [ 745638.89000000001397, 2574285.251999999862164 ], [ 745641.590000000083819, 2574285.441000000108033 ], [ 745644.590000000083819, 2574285.441000000108033 ], [ 745647.590000000083819, 2574285.552000000141561 ], [ 745650.290000000037253, 2574285.741 ], [ 745653.290000000037253, 2574285.741 ], [ 745655.802000000025146, 2574286.191000000108033 ], [ 745657.790000000037253, 2574287.126999999862164 ], [ 745659.957000000053085, 2574286.491 ], [ 745661.367000000085682, 2574284.691000000108033 ], [ 745663.790000000037253, 2574284.79 ], [ 745666.790000000037253, 2574284.841 ], [ 745669.49, 2574285.035000000149012 ], [ 745672.190000000060536, 2574284.909 ], [ 745675.190000000060536, 2574284.844 ], [ 745678.190000000060536, 2574284.822999999858439 ], [ 745680.89000000001397, 2574284.540999999735504 ], [ 745683.89000000001397, 2574284.540999999735504 ], [ 745686.89000000001397, 2574284.540999999735504 ], [ 745689.89000000001397, 2574284.489999999757856 ], [ 745692.590000000083819, 2574284.242 ], [ 745694.853, 2574284.991 ], [ 745695.89000000001397, 2574286.929 ], [ 745697.098, 2574285.290999999735504 ], [ 745699.49, 2574284.646000000182539 ], [ 745702.190000000060536, 2574284.841 ], [ 745705.190000000060536, 2574284.841 ], [ 745707.89000000001397, 2574285.106999999843538 ], [ 745710.590000000083819, 2574285.441000000108033 ], [ 745713.290000000037253, 2574285.736 ], [ 745716.290000000037253, 2574285.741 ], [ 745718.690000000060536, 2574285.154999999795109 ], [ 745721.39000000001397, 2574284.841 ], [ 745724.090000000083819, 2574285.018000000156462 ], [ 745725.89000000001397, 2574285.856000000145286 ], [ 745727.99, 2574284.846 ], [ 745730.690000000060536, 2574284.592000000178814 ], [ 745733.690000000060536, 2574284.424999999813735 ], [ 745735.790000000037253, 2574284.305000000167638 ], [ 745736.540000000037253, 2574286.491 ], [ 745736.591000000014901, 2574289.491 ], [ 745736.99, 2574291.910000000149012 ], [ 745739.690000000060536, 2574292.301 ], [ 745740.457000000053085, 2574290.091 ], [ 745740.441, 2574287.091 ], [ 745741.49, 2574285.09499999973923 ], [ 745744.190000000060536, 2574284.841 ], [ 745747.190000000060536, 2574284.842000000178814 ], [ 745749.89000000001397, 2574285.139 ], [ 745752.590000000083819, 2574284.842000000178814 ], [ 745755.590000000083819, 2574284.839999999850988 ], [ 745758.290000000037253, 2574284.541999999899417 ], [ 745761.290000000037253, 2574284.540999999735504 ], [ 745764.290000000037253, 2574284.540999999735504 ], [ 745767.290000000037253, 2574284.540999999735504 ], [ 745770.290000000037253, 2574284.592000000178814 ], [ 745772.690000000060536, 2574284.611 ], [ 745775.090000000083819, 2574284.673 ], [ 745777.790000000037253, 2574284.909 ], [ 745779.590000000083819, 2574286.180000000167638 ], [ 745781.083000000100583, 2574284.390999999828637 ], [ 745783.49, 2574283.958999999798834 ], [ 745786.038999999989755, 2574284.091 ], [ 745788.89000000001397, 2574283.941000000108033 ], [ 745791.590000000083819, 2574284.171999999787658 ], [ 745794.590000000083819, 2574284.241 ], [ 745797.590000000083819, 2574284.241 ], [ 745800.590000000083819, 2574284.241 ], [ 745803.590000000083819, 2574284.128999999724329 ], [ 745805.99, 2574283.657999999821186 ], [ 745808.690000000060536, 2574283.358 ], [ 745811.39000000001397, 2574283.045 ], [ 745814.090000000083819, 2574282.759 ], [ 745816.790000000037253, 2574283.097999999765307 ], [ 745818.590000000083819, 2574284.233 ], [ 745821.290000000037253, 2574284.526 ], [ 745822.662000000011176, 2574282.890999999828637 ], [ 745824.290000000037253, 2574281.668999999761581 ], [ 745827.290000000037253, 2574281.541999999899417 ], [ 745829.840000000083819, 2574281.691000000108033 ], [ 745832.227000000071712, 2574281.691000000108033 ], [ 745835.090000000083819, 2574281.592000000178814 ], [ 745835.53000000002794, 2574281.691000000108033 ] ] } },
{ "type": "Feature", "properties": { "path": "Bhopal_6" }, "geometry": { "type": "LineString", "coordinates": [ [ 745820.707999999984168, 2574275.717999999877065 ], [ 745819.507999999914318, 2574275.685999999754131 ], [ 745818.307999999960884, 2574275.704999999608845 ], [ 745817.407999999937601, 2574275.954999999608845 ], [ 745817.212999999988824, 2574277.048999999649823 ], [ 745817.140999999945052, 2574278.248999999836087 ], [ 745816.807999999960884, 2574279.133 ], [ 745816.245, 2574279.748999999836087 ], [ 745815.608, 2574280.068 ], [ 745814.407999999937601, 2574280.208999999798834 ], [ 745813.507999999914318, 2574280.629999999888241 ], [ 745813.36199999996461, 2574281.548999999649823 ], [ 745813.507999999914318, 2574282.487999999895692 ], [ 745814.253000000026077, 2574283.048999999649823 ], [ 745815.307999999960884, 2574283.322999999858439 ], [ 745816.103, 2574283.648999999742955 ], [ 745816.756999999983236, 2574284.248999999836087 ], [ 745816.951999999932013, 2574285.148999999742955 ], [ 745816.957999999984168, 2574286.349 ], [ 745816.957999999984168, 2574287.548999999649823 ], [ 745816.907999999937601, 2574288.748999999836087 ], [ 745816.763999999966472, 2574289.648999999742955 ], [ 745816.907999999937601, 2574290.548999999649823 ], [ 745816.907, 2574291.748999999836087 ], [ 745816.70899999991525, 2574292.648999999742955 ], [ 745816.657999999937601, 2574293.849 ], [ 745816.657999999937601, 2574295.048999999649823 ], [ 745816.657999999937601, 2574296.248999999836087 ], [ 745816.657999999937601, 2574297.449 ], [ 745816.657999999937601, 2574298.648999999742955 ], [ 745816.657999999937601, 2574299.849 ], [ 745816.657999999937601, 2574301.048999999649823 ], [ 745816.657999999937601, 2574302.248999999836087 ], [ 745816.657999999937601, 2574303.449 ], [ 745816.657999999937601, 2574304.648999999742955 ], [ 745816.657999999937601, 2574305.849 ], [ 745816.657999999937601, 2574307.048999999649823 ], [ 745816.657999999937601, 2574308.248999999836087 ], [ 745816.71999999997206, 2574309.449 ], [ 745816.952999999979511, 2574310.349 ], [ 745816.615, 2574311.248999999836087 ], [ 745816.138999999966472, 2574311.849 ], [ 745816.207999999984168, 2574312.957 ], [ 745816.527, 2574313.648999999742955 ], [ 745816.657, 2574314.849 ], [ 745816.657999999937601, 2574316.048999999649823 ], [ 745816.645000000018626, 2574317.248999999836087 ], [ 745816.545999999972992, 2574318.449 ], [ 745816.404999999911524, 2574319.349 ], [ 745816.358, 2574320.548999999649823 ], [ 745816.358, 2574321.748999999836087 ], [ 745816.358, 2574322.949 ], [ 745816.358, 2574324.148999999742955 ], [ 745816.306999999913387, 2574325.349 ], [ 745816.108999999938533, 2574326.248999999836087 ], [ 745816.057999999960884, 2574327.449 ], [ 745815.988999999943189, 2574328.648999999742955 ], [ 745815.608, 2574329.329 ], [ 745814.927999999956228, 2574329.849 ], [ 745814.108, 2574330.346 ], [ 745813.207999999984168, 2574330.580999999772757 ], [ 745812.007999999914318, 2574330.713999999687076 ], [ 745811.108, 2574330.938999999780208 ], [ 745809.907999999937601, 2574331.034 ], [ 745809.218, 2574331.349 ], [ 745808.816, 2574332.248999999836087 ], [ 745808.608999999938533, 2574333.148999999742955 ], [ 745808.58199999993667, 2574334.349 ], [ 745809.007999999914318, 2574335.179 ], [ 745809.907999999937601, 2574335.393999999854714 ], [ 745811.108, 2574335.511 ], [ 745812.007999999914318, 2574335.685999999754131 ], [ 745813.057999999960884, 2574335.849 ], [ 745814.108, 2574336.01299999980256 ], [ 745815.007999999914318, 2574336.287 ], [ 745815.608, 2574337.026 ], [ 745815.753000000026077, 2574337.949 ], [ 745815.757999999914318, 2574339.148999999742955 ], [ 745815.761999999987893, 2574340.349 ], [ 745815.893999999971129, 2574341.548999999649823 ], [ 745815.905999999959022, 2574342.148999999742955 ], [ 745815.95699999993667, 2574343.048999999649823 ], [ 745815.807999999960884, 2574343.949 ], [ 745815.757999999914318, 2574345.148999999742955 ], [ 745815.757999999914318, 2574346.349 ], [ 745815.711999999941327, 2574347.548999999649823 ], [ 745815.645999999949709, 2574348.748999999836087 ], [ 745815.564999999944121, 2574349.648999999742955 ], [ 745815.45899999991525, 2574350.849 ], [ 745815.45899999991525, 2574352.048999999649823 ], [ 745815.586000000010245, 2574353.248999999836087 ], [ 745815.907999999937601, 2574354.102999999653548 ], [ 745815.939999999944121, 2574355.048999999649823 ], [ 745815.728, 2574355.949 ], [ 745815.569999999948777, 2574356.849 ], [ 745815.471000000019558, 2574358.048999999649823 ], [ 745815.503999999957159, 2574359.248999999836087 ], [ 745815.550999999977648, 2574360.449 ], [ 745815.564999999944121, 2574361.648999999742955 ], [ 745815.630999999935739, 2574362.548999999649823 ], [ 745815.589999999967404, 2574363.449 ], [ 745815.735999999917112, 2574364.349 ], [ 745815.608, 2574365.460999999660999 ], [ 745815.608, 2574366.236 ], [ 745815.753999999957159, 2574367.349 ], [ 745815.809, 2574368.548999999649823 ], [ 745816.005999999935739, 2574369.449 ], [ 745815.946, 2574370.648999999742955 ], [ 745815.775999999954365, 2574371.548999999649823 ], [ 745815.809, 2574372.748999999836087 ], [ 745815.988000000012107, 2574373.648999999742955 ], [ 745815.868999999947846, 2574374.548999999649823 ], [ 745815.740999999921769, 2574375.748999999836087 ], [ 745815.569999999948777, 2574376.648999999742955 ], [ 745815.491999999969266, 2574377.849 ], [ 745815.503999999957159, 2574379.048999999649823 ], [ 745815.51500000001397, 2574380.248999999836087 ], [ 745815.45899999991525, 2574381.449 ], [ 745815.439999999944121, 2574382.648999999742955 ], [ 745815.270000000018626, 2574383.548999999649823 ], [ 745815.158999999985099, 2574384.748999999836087 ], [ 745815.157999999937601, 2574385.949 ], [ 745815.157999999937601, 2574387.148999999742955 ], [ 745815.157999999937601, 2574388.349 ], [ 745815.157999999937601, 2574389.548999999649823 ], [ 745815.223999999929219, 2574390.748999999836087 ], [ 745815.608, 2574391.577 ], [ 745815.944999999948777, 2574392.248999999836087 ], [ 745816.22199999995064, 2574393.148999999742955 ], [ 745816.163999999989755, 2574394.048999999649823 ], [ 745815.946999999927357, 2574395.248999999836087 ], [ 745815.775999999954365, 2574396.148999999742955 ], [ 745815.763999999966472, 2574397.349 ], [ 745815.988000000012107, 2574398.248999999836087 ], [ 745816.807999999960884, 2574398.574 ], [ 745817.707999999984168, 2574398.486 ], [ 745818.907999999937601, 2574398.264999999664724 ], [ 745819.314999999944121, 2574397.648999999742955 ], [ 745819.358999999938533, 2574396.449 ], [ 745819.415999999968335, 2574395.248999999836087 ], [ 745819.50199999997858, 2574394.048999999649823 ], [ 745819.807999999960884, 2574393.302999999839813 ], [ 745820.196, 2574392.548999999649823 ], [ 745820.707999999984168, 2574391.875999999698251 ], [ 745821.608, 2574391.520999999716878 ], [ 745822.807999999960884, 2574391.498999999836087 ], [ 745824.007999999914318, 2574391.498999999836087 ], [ 745825.207999999984168, 2574391.498999999836087 ], [ 745826.407999999937601, 2574391.498999999836087 ], [ 745827.608, 2574391.498999999836087 ], [ 745828.807999999960884, 2574391.447999999858439 ], [ 745829.707999999984168, 2574391.25 ], [ 745830.907999999937601, 2574391.199 ], [ 745832.108, 2574391.199 ], [ 745833.307999999960884, 2574391.199 ], [ 745834.507999999914318, 2574391.199 ], [ 745835.707999999984168, 2574391.199 ], [ 745836.907999999937601, 2574391.199 ], [ 745838.108, 2574391.199 ], [ 745839.307999999960884, 2574391.199 ], [ 745840.507999999914318, 2574391.199 ], [ 745841.707999999984168, 2574391.199 ], [ 745842.907999999937601, 2574391.216 ], [ 745844.108, 2574391.308999999891967 ], [ 745845.007999999914318, 2574390.912999999709427 ], [ 745845.907999999937601, 2574390.619999999646097 ], [ 745847.108, 2574390.599 ], [ 745848.307999999960884, 2574390.599 ], [ 745849.507999999914318, 2574390.599 ], [ 745850.707999999984168, 2574390.599 ], [ 745851.907999999937601, 2574390.599 ], [ 745853.108, 2574390.599 ], [ 745854.307999999960884, 2574390.599 ], [ 745855.507999999914318, 2574390.580999999772757 ], [ 745856.407999999937601, 2574390.429999999701977 ], [ 745857.307999999960884, 2574390.450999999884516 ], [ 745858.507999999914318, 2574390.478999999817461 ], [ 745859.707999999984168, 2574390.537999999709427 ], [ 745860.907999999937601, 2574390.597999999765307 ], [ 745862.108, 2574390.599 ], [ 745863.307999999960884, 2574390.565999999642372 ], [ 745864.507999999914318, 2574390.565999999642372 ], [ 745865.707999999984168, 2574390.599999999627471 ], [ 745866.907999999937601, 2574390.710999999660999 ], [ 745867.807999999960884, 2574390.915 ], [ 745868.547000000020489, 2574391.349 ], [ 745868.838999999919906, 2574392.248999999836087 ], [ 745868.858, 2574393.449 ], [ 745868.858, 2574394.648999999742955 ], [ 745868.858, 2574395.849 ], [ 745868.995999999926426, 2574397.048999999649823 ], [ 745869.608, 2574397.455999999772757 ], [ 745870.807999999960884, 2574397.497 ], [ 745871.726999999955297, 2574397.349 ], [ 745872.147, 2574396.449 ], [ 745872.179999999934807, 2574395.248999999836087 ], [ 745872.515999999945052, 2574394.349 ], [ 745873.207999999984168, 2574393.773 ], [ 745874.108, 2574393.599999999627471 ], [ 745875.157999999937601, 2574393.449 ], [ 745876.207999999984168, 2574393.302999999839813 ], [ 745877.407999999937601, 2574393.298 ], [ 745878.608, 2574393.187999999616295 ], [ 745879.507999999914318, 2574393.068999999668449 ], [ 745880.407999999937601, 2574393.247999999672174 ], [ 745881.608, 2574393.298 ], [ 745882.807999999960884, 2574393.187 ], [ 745883.707999999984168, 2574393.017 ], [ 745884.907999999937601, 2574392.998999999836087 ], [ 745886.108, 2574392.998999999836087 ], [ 745887.307999999960884, 2574392.994 ], [ 745888.358, 2574392.849 ], [ 745889.407999999937601, 2574392.70299999974668 ], [ 745890.608, 2574392.699 ], [ 745891.807999999960884, 2574392.699 ], [ 745893.007999999914318, 2574392.699 ], [ 745894.207999999984168, 2574392.699 ], [ 745895.407999999937601, 2574392.699 ], [ 745896.608, 2574392.693999999668449 ], [ 745897.657999999937601, 2574392.548999999649823 ], [ 745898.707999999984168, 2574392.403999999631196 ], [ 745899.907999999937601, 2574392.511 ], [ 745900.807999999960884, 2574392.679999999701977 ], [ 745902.007999999914318, 2574392.586999999824911 ], [ 745902.907999999937601, 2574392.416999999899417 ], [ 745904.108, 2574392.347999999765307 ], [ 745905.007999999914318, 2574392.145999999716878 ], [ 745906.207999999984168, 2574391.974999999627471 ], [ 745907.108, 2574391.835999999660999 ], [ 745908.307999999960884, 2574391.705999999772757 ], [ 745909.057999999960884, 2574391.648999999742955 ], [ 745909.807999999960884, 2574391.591999999713153 ], [ 745911.007999999914318, 2574391.498999999836087 ], [ 745912.207999999984168, 2574391.386999999638647 ], [ 745913.108, 2574391.216999999713153 ], [ 745914.307999999960884, 2574391.148 ], [ 745915.207999999984168, 2574390.949999999720603 ], [ 745916.407999999937601, 2574390.898999999742955 ], [ 745917.608, 2574390.893999999854714 ], [ 745918.657999999937601, 2574390.748999999836087 ], [ 745919.707999999984168, 2574390.603999999817461 ], [ 745920.84699999995064, 2574390.748999999836087 ], [ 745921.507999999914318, 2574391.230999999679625 ], [ 745922.003999999957159, 2574391.949 ], [ 745922.24, 2574392.849 ], [ 745922.257999999914318, 2574394.048999999649823 ], [ 745922.257999999914318, 2574395.248999999836087 ], [ 745922.257999999914318, 2574396.449 ], [ 745922.257999999914318, 2574397.648999999742955 ], [ 745922.257999999914318, 2574398.849 ], [ 745922.257999999914318, 2574400.048999999649823 ], [ 745922.257999999914318, 2574401.248999999836087 ], [ 745922.257999999914318, 2574402.449 ], [ 745922.257999999914318, 2574403.648999999742955 ], [ 745922.292000000015832, 2574404.849 ], [ 745922.707999999984168, 2574405.588 ], [ 745923.608, 2574405.879999999888241 ], [ 745924.807999999960884, 2574405.896999999880791 ], [ 745925.787999999942258, 2574405.748999999836087 ], [ 745926.312999999965541, 2574405.148999999742955 ], [ 745926.346000000019558, 2574403.949 ], [ 745926.230999999912456, 2574403.048999999649823 ], [ 745926.483, 2574402.148999999742955 ], [ 745926.680999999982305, 2574401.248999999836087 ], [ 745926.756999999983236, 2574400.048999999649823 ], [ 745926.757999999914318, 2574398.849 ], [ 745926.757999999914318, 2574397.648999999742955 ], [ 745926.762999999918975, 2574396.449 ], [ 745926.907999999937601, 2574395.398999999742955 ], [ 745927.052999999956228, 2574394.349 ], [ 745927.057999999960884, 2574393.148999999742955 ], [ 745927.059, 2574391.949 ], [ 745927.207999999984168, 2574390.859999999869615 ], [ 745927.807999999960884, 2574390.261 ], [ 745928.707999999984168, 2574390.017 ], [ 745929.907999999937601, 2574389.994 ], [ 745930.957999999984168, 2574389.849 ], [ 745932.007999999914318, 2574389.707999999634922 ], [ 745933.057999999960884, 2574389.849 ], [ 745934.108, 2574389.994 ], [ 745935.307999999960884, 2574389.998999999836087 ], [ 745936.507999999914318, 2574390.003 ], [ 745937.557999999960884, 2574390.148999999742955 ], [ 745938.608, 2574390.293999999761581 ], [ 745939.807999999960884, 2574390.298999999649823 ], [ 745941.007999999914318, 2574390.298999999649823 ], [ 745942.207999999984168, 2574390.335999999660999 ], [ 745943.108, 2574390.474999999627471 ], [ 745944.307999999960884, 2574390.59499999973923 ], [ 745945.507999999914318, 2574390.602999999653548 ], [ 745946.701999999932013, 2574390.748999999836087 ], [ 745947.608, 2574390.836999999824911 ], [ 745948.807999999960884, 2574390.898999999742955 ], [ 745950.007999999914318, 2574391.004999999888241 ], [ 745950.907999999937601, 2574391.066999999806285 ], [ 745951.807999999960884, 2574390.916999999899417 ], [ 745953.007999999914318, 2574390.898999999742955 ], [ 745954.207999999984168, 2574390.9 ], [ 745955.407999999937601, 2574391.011 ], [ 745956.307999999960884, 2574391.18099999986589 ], [ 745957.507999999914318, 2574391.199 ], [ 745958.707999999984168, 2574391.199 ], [ 745959.907999999937601, 2574391.216999999713153 ], [ 745960.807999999960884, 2574391.386999999638647 ], [ 745962.007999999914318, 2574391.497999999672174 ], [ 745963.207999999984168, 2574391.498999999836087 ], [ 745964.407999999937601, 2574391.498999999836087 ], [ 745965.608, 2574391.498999999836087 ], [ 745966.807999999960884, 2574391.498999999836087 ], [ 745968.007999999914318, 2574391.498999999836087 ], [ 745969.207999999984168, 2574391.498999999836087 ], [ 745970.407999999937601, 2574391.498999999836087 ], [ 745971.608, 2574391.494 ], [ 745972.657999999937601, 2574391.349 ], [ 745973.707999999984168, 2574391.20299999974668 ], [ 745974.907999999937601, 2574391.199 ], [ 745976.108, 2574391.199 ], [ 745977.307999999960884, 2574391.199 ], [ 745978.507999999914318, 2574391.199 ], [ 745979.707999999984168, 2574391.25 ], [ 745980.608, 2574391.447999999858439 ], [ 745981.807999999960884, 2574391.498999999836087 ], [ 745983.007999999914318, 2574391.498999999836087 ], [ 745984.207999999984168, 2574391.498999999836087 ], [ 745985.407999999937601, 2574391.452 ], [ 745986.307999999960884, 2574391.310999999754131 ], [ 745987.507999999914318, 2574391.211999999824911 ], [ 745988.707999999984168, 2574391.197999999858439 ], [ 745989.907999999937601, 2574391.091 ], [ 745990.807999999960884, 2574390.974999999627471 ], [ 745992.007999999914318, 2574390.912 ], [ 745993.207999999984168, 2574390.898999999742955 ], [ 745994.407999999937601, 2574390.849 ], [ 745995.307999999960884, 2574390.685 ], [ 745996.507999999914318, 2574390.631999999750406 ], [ 745997.707999999984168, 2574390.599 ], [ 745998.907999999937601, 2574390.599999999627471 ], [ 746000.078999999910593, 2574390.748999999836087 ], [ 746000.865, 2574391.048999999649823 ], [ 746001.608, 2574391.004999999888241 ], [ 746002.807999999960884, 2574390.898999999742955 ], [ 746004.007999999914318, 2574390.787 ], [ 746004.907999999937601, 2574390.61699999962002 ], [ 746006.108, 2574390.599 ], [ 746007.307999999960884, 2574390.599 ], [ 746008.507999999914318, 2574390.599999999627471 ], [ 746009.707999999984168, 2574390.696 ], [ 746010.608, 2574390.807 ], [ 746011.807999999960884, 2574390.825999999884516 ], [ 746013.007999999914318, 2574390.895 ], [ 746014.207999999984168, 2574390.898999999742955 ], [ 746015.407999999937601, 2574390.898999999742955 ], [ 746016.608, 2574390.898999999742955 ], [ 746017.807999999960884, 2574390.9 ], [ 746019.007999999914318, 2574391.011 ], [ 746019.907999999937601, 2574391.18099999986589 ], [ 746021.108, 2574391.199 ], [ 746022.307999999960884, 2574391.199 ], [ 746023.507999999914318, 2574391.199 ], [ 746024.707999999984168, 2574391.193999999668449 ], [ 746025.768999999971129, 2574391.048999999649823 ], [ 746026.807999999960884, 2574390.960999999660999 ], [ 746028.007999999914318, 2574390.912 ], [ 746029.207999999984168, 2574390.949999999720603 ], [ 746030.108, 2574391.148 ], [ 746031.307999999960884, 2574391.216999999713153 ], [ 746032.207999999984168, 2574391.450999999884516 ], [ 746033.108, 2574391.935 ], [ 746034.007999999914318, 2574392.094 ], [ 746035.207999999984168, 2574392.207 ], [ 746035.807999999960884, 2574392.802999999839813 ], [ 746036.108, 2574393.636 ], [ 746036.253000000026077, 2574394.648999999742955 ], [ 746036.257999999914318, 2574395.849 ], [ 746036.267999999923632, 2574397.048999999649823 ], [ 746036.689000000013039, 2574397.949 ], [ 746037.608, 2574398.09499999973923 ], [ 746038.527, 2574397.949 ], [ 746038.947999999974854, 2574397.048999999649823 ], [ 746038.990999999921769, 2574395.849 ], [ 746038.990999999921769, 2574394.648999999742955 ], [ 746038.976000000024214, 2574393.449 ], [ 746039.152, 2574392.548999999649823 ], [ 746039.47199999995064, 2574391.648999999742955 ], [ 746040.307999999960884, 2574391.222999999765307 ], [ 746041.507999999914318, 2574391.148 ], [ 746042.407999999937601, 2574390.949999999720603 ], [ 746043.608, 2574390.889 ], [ 746044.507999999914318, 2574390.469 ], [ 746044.701, 2574389.548999999649823 ], [ 746044.507999999914318, 2574388.454999999608845 ], [ 746043.608, 2574388.204999999608845 ], [ 746042.407999999937601, 2574388.199 ], [ 746041.207999999984168, 2574388.18099999986589 ], [ 746040.307999999960884, 2574387.958999999798834 ], [ 746039.407999999937601, 2574387.577 ], [ 746038.807999999960884, 2574387.023999999742955 ], [ 746038.642, 2574385.949 ], [ 746038.527999999932945, 2574384.748999999836087 ], [ 746038.652999999932945, 2574383.548999999649823 ], [ 746038.608, 2574382.349 ], [ 746038.462999999988824, 2574381.449 ], [ 746038.588999999919906, 2574380.548999999649823 ], [ 746038.468999999924563, 2574379.648999999742955 ], [ 746038.358999999938533, 2574378.449 ], [ 746038.356999999959953, 2574377.248999999836087 ], [ 746038.265999999945052, 2574376.048999999649823 ], [ 746038.311999999918044, 2574374.849 ], [ 746038.358, 2574373.648999999742955 ], [ 746038.358, 2574372.449 ], [ 746038.353, 2574371.248999999836087 ], [ 746038.207999999984168, 2574370.199 ], [ 746038.061999999918044, 2574369.148999999742955 ], [ 746038.039999999920838, 2574367.949 ], [ 746037.87, 2574367.048999999649823 ], [ 746037.758999999961816, 2574365.849 ], [ 746037.756999999983236, 2574364.648999999742955 ], [ 746037.701, 2574363.449 ], [ 746037.74, 2574362.248999999836087 ], [ 746037.608, 2574361.185999999754131 ], [ 746037.574999999953434, 2574360.148999999742955 ], [ 746037.74, 2574359.248999999836087 ], [ 746037.753000000026077, 2574358.048999999649823 ], [ 746037.608, 2574356.998999999836087 ], [ 746037.462999999988824, 2574355.949 ], [ 746037.457999999984168, 2574354.748999999836087 ], [ 746037.457999999984168, 2574353.548999999649823 ], [ 746037.457999999984168, 2574352.349 ], [ 746037.457999999984168, 2574351.148999999742955 ], [ 746037.457999999984168, 2574349.949 ], [ 746037.457999999984168, 2574348.748999999836087 ], [ 746037.457999999984168, 2574347.548999999649823 ], [ 746037.457999999984168, 2574346.349 ], [ 746037.457999999984168, 2574345.148999999742955 ], [ 746037.457999999984168, 2574343.949 ], [ 746037.457999999984168, 2574342.748999999836087 ], [ 746037.457999999984168, 2574341.548999999649823 ], [ 746037.508999999961816, 2574340.349 ], [ 746037.724999999976717, 2574339.449 ], [ 746038.017, 2574338.548999999649823 ], [ 746038.507999999914318, 2574337.943 ], [ 746039.407999999937601, 2574337.554 ], [ 746040.608, 2574337.498999999836087 ], [ 746041.807999999960884, 2574337.498999999836087 ], [ 746043.007999999914318, 2574337.498999999836087 ], [ 746044.207999999984168, 2574337.498999999836087 ], [ 746045.407999999937601, 2574337.503 ], [ 746046.457999999984168, 2574337.648999999742955 ], [ 746047.507999999914318, 2574337.793999999761581 ], [ 746048.707999999984168, 2574337.798999999649823 ], [ 746049.907999999937601, 2574337.660999999847263 ], [ 746050.314999999944121, 2574337.048999999649823 ], [ 746050.314999999944121, 2574335.849 ], [ 746049.907999999937601, 2574335.236999999731779 ], [ 746048.707999999984168, 2574335.099 ], [ 746047.507999999914318, 2574335.099 ], [ 746046.307999999960884, 2574335.099 ], [ 746045.108, 2574335.099 ], [ 746043.907999999937601, 2574335.099 ], [ 746042.707999999984168, 2574335.080999999772757 ], [ 746041.807999999960884, 2574334.910999999847263 ], [ 746040.608, 2574334.799999999813735 ], [ 746039.407999999937601, 2574334.798 ], [ 746038.207999999984168, 2574334.668 ], [ 746037.569999999948777, 2574334.349 ], [ 746036.979999999981374, 2574333.748999999836087 ], [ 746036.613000000012107, 2574332.849 ], [ 746036.557999999960884, 2574331.648999999742955 ], [ 746036.557999999960884, 2574330.449 ], [ 746036.557999999960884, 2574329.248999999836087 ], [ 746036.557999999960884, 2574328.048999999649823 ], [ 746036.506999999983236, 2574326.849 ], [ 746036.321, 2574325.949 ], [ 746035.807999999960884, 2574325.075999999884516 ], [ 746034.907999999937601, 2574324.903999999631196 ], [ 746033.707999999984168, 2574325.000999999698251 ], [ 746033.20499999995809, 2574325.648999999742955 ], [ 746033.224999999976717, 2574326.849 ], [ 746033.270999999949709, 2574328.048999999649823 ], [ 746033.314999999944121, 2574329.248999999836087 ], [ 746033.258999999961816, 2574330.449 ], [ 746033.253000000026077, 2574331.648999999742955 ], [ 746033.108, 2574332.591999999713153 ], [ 746032.507999999914318, 2574333.395999999716878 ], [ 746031.608, 2574333.611 ], [ 746030.707999999984168, 2574333.787 ], [ 746029.507999999914318, 2574333.898 ], [ 746028.307999999960884, 2574333.898999999742955 ], [ 746027.108, 2574333.881 ], [ 746026.207999999984168, 2574333.710999999660999 ], [ 746025.007999999914318, 2574333.599999999627471 ], [ 746023.807999999960884, 2574333.599 ], [ 746022.608, 2574333.599 ], [ 746021.407999999937601, 2574333.631999999750406 ], [ 746020.207999999984168, 2574333.631999999750406 ], [ 746019.007999999914318, 2574333.599 ], [ 746017.807999999960884, 2574333.599 ], [ 746016.608, 2574333.599 ], [ 746015.407999999937601, 2574333.599 ], [ 746014.207999999984168, 2574333.599 ], [ 746013.007999999914318, 2574333.599 ], [ 746011.807999999960884, 2574333.599 ], [ 746010.608, 2574333.599 ], [ 746009.407999999937601, 2574333.599 ], [ 746008.207999999984168, 2574333.599 ], [ 746007.007999999914318, 2574333.599 ], [ 746005.807999999960884, 2574333.599 ], [ 746004.608, 2574333.599 ], [ 746003.407999999937601, 2574333.599 ], [ 746002.207999999984168, 2574333.599 ], [ 746001.007999999914318, 2574333.599 ], [ 745999.807999999960884, 2574333.599 ], [ 745998.608, 2574333.599 ], [ 745997.407999999937601, 2574333.599 ], [ 745996.207999999984168, 2574333.599 ], [ 745995.007999999914318, 2574333.599 ], [ 745993.807999999960884, 2574333.599 ], [ 745992.608, 2574333.599 ], [ 745991.407999999937601, 2574333.599 ], [ 745990.207999999984168, 2574333.599 ], [ 745989.007999999914318, 2574333.599 ], [ 745987.807999999960884, 2574333.599 ], [ 745986.608, 2574333.602999999653548 ], [ 745985.557999999960884, 2574333.748999999836087 ], [ 745984.507999999914318, 2574333.893999999854714 ], [ 745983.307999999960884, 2574333.898999999742955 ], [ 745982.108, 2574333.898999999742955 ], [ 745980.907999999937601, 2574333.898999999742955 ], [ 745979.707999999984168, 2574333.898999999742955 ], [ 745978.507999999914318, 2574333.898999999742955 ], [ 745977.307999999960884, 2574333.898999999742955 ], [ 745976.108, 2574333.903 ], [ 745975.055999999982305, 2574334.048999999649823 ], [ 745974.007999999914318, 2574334.143999999854714 ], [ 745973.108, 2574334.004999999888241 ], [ 745972.207999999984168, 2574334.148999999742955 ], [ 745971.007999999914318, 2574334.199 ], [ 745969.807999999960884, 2574334.199 ], [ 745968.608, 2574334.199 ], [ 745967.407999999937601, 2574334.199 ], [ 745966.207999999984168, 2574334.199 ], [ 745965.007999999914318, 2574334.199 ], [ 745963.807999999960884, 2574334.199 ], [ 745962.608, 2574334.199 ], [ 745961.407999999937601, 2574334.199 ], [ 745960.207999999984168, 2574334.199 ], [ 745959.007999999914318, 2574334.199 ], [ 745957.807999999960884, 2574334.199 ], [ 745956.608, 2574334.199999999720603 ], [ 745955.407999999937601, 2574334.310999999754131 ], [ 745954.507999999914318, 2574334.480999999679625 ], [ 745953.307999999960884, 2574334.498999999836087 ], [ 745952.108, 2574334.498999999836087 ], [ 745950.907999999937601, 2574334.498999999836087 ], [ 745949.707999999984168, 2574334.498999999836087 ], [ 745948.507999999914318, 2574334.503 ], [ 745947.457999999984168, 2574334.648999999742955 ], [ 745946.407999999937601, 2574334.793999999761581 ], [ 745945.207999999984168, 2574334.798999999649823 ], [ 745944.007999999914318, 2574334.798999999649823 ], [ 745942.807999999960884, 2574334.798999999649823 ], [ 745941.608, 2574334.798999999649823 ], [ 745940.407999999937601, 2574334.798999999649823 ], [ 745939.207999999984168, 2574334.798999999649823 ], [ 745938.007999999914318, 2574334.849999999627471 ], [ 745937.108, 2574335.048 ], [ 745935.907999999937601, 2574335.099 ], [ 745934.707999999984168, 2574335.148999999742955 ], [ 745933.807999999960884, 2574335.293999999761581 ], [ 745932.907999999937601, 2574335.204 ], [ 745932.007999999914318, 2574335.349 ], [ 745930.807999999960884, 2574335.381 ], [ 745929.907999999937601, 2574335.205999999772757 ], [ 745928.951, 2574334.949 ], [ 745928.108, 2574334.458999999798834 ], [ 745927.507999999914318, 2574333.866 ], [ 745927.125999999931082, 2574333.148999999742955 ], [ 745927.108999999938533, 2574331.949 ], [ 745927.302000000025146, 2574331.048999999649823 ], [ 745927.213999999919906, 2574329.849 ], [ 745926.907999999937601, 2574329.004999999888241 ], [ 745926.007999999914318, 2574328.802999999839813 ], [ 745924.807999999960884, 2574328.798999999649823 ], [ 745923.608, 2574328.808999999891967 ], [ 745922.707999999984168, 2574329.23 ], [ 745922.559999999939464, 2574330.148999999742955 ], [ 745922.538999999989755, 2574331.349 ], [ 745922.270000000018626, 2574332.248999999836087 ], [ 745921.539999999920838, 2574332.849 ], [ 745920.608, 2574333.105999999679625 ], [ 745919.707999999984168, 2574333.281 ], [ 745918.507999999914318, 2574333.349999999627471 ], [ 745917.608, 2574333.5519999996759 ], [ 745916.593, 2574333.748999999836087 ], [ 745915.712999999988824, 2574334.048999999649823 ], [ 745914.907999999937601, 2574334.37099999981001 ], [ 745913.707999999984168, 2574334.497999999672174 ], [ 745912.507999999914318, 2574334.498999999836087 ], [ 745911.307999999960884, 2574334.45299999974668 ], [ 745910.108, 2574334.386999999638647 ], [ 745909.207999999984168, 2574334.310999999754131 ], [ 745908.170999999972992, 2574334.349 ], [ 745907.108, 2574334.477 ], [ 745906.207999999984168, 2574334.330999999772757 ], [ 745905.307999999960884, 2574334.372 ], [ 745904.407999999937601, 2574334.304999999701977 ], [ 745903.207999999984168, 2574334.199999999720603 ], [ 745902.007999999914318, 2574334.216999999713153 ], [ 745901.108, 2574334.386999999638647 ], [ 745899.907999999937601, 2574334.497999999672174 ], [ 745898.707999999984168, 2574334.498999999836087 ], [ 745897.507999999914318, 2574334.549999999813735 ], [ 745896.608, 2574334.747999999672174 ], [ 745895.407999999937601, 2574334.798999999649823 ], [ 745894.207999999984168, 2574334.849999999627471 ], [ 745893.307999999960884, 2574335.048 ], [ 745892.108, 2574335.099 ], [ 745890.907999999937601, 2574335.15 ], [ 745890.007999999914318, 2574335.347999999765307 ], [ 745888.807999999960884, 2574335.393999999854714 ], [ 745887.907999999937601, 2574335.225999999791384 ], [ 745887.110999999917112, 2574334.648999999742955 ], [ 745886.108, 2574334.412 ], [ 745884.907999999937601, 2574334.484999999869615 ], [ 745883.707999999984168, 2574334.492999999783933 ], [ 745882.807999999960884, 2574334.744999999646097 ], [ 745881.608, 2574334.802999999839813 ], [ 745880.542999999946915, 2574334.949 ], [ 745879.549999999930151, 2574334.949 ], [ 745878.608, 2574334.699999999720603 ], [ 745877.407999999937601, 2574334.850999999791384 ], [ 745876.207999999984168, 2574334.799999999813735 ], [ 745875.007999999914318, 2574334.776 ], [ 745874.115, 2574334.349 ], [ 745873.789999999920838, 2574333.748999999836087 ], [ 745873.658999999985099, 2574332.548999999649823 ], [ 745873.657999999937601, 2574331.349 ], [ 745873.657999999937601, 2574330.148999999742955 ], [ 745873.657999999937601, 2574328.949 ], [ 745873.657999999937601, 2574327.748999999836087 ], [ 745873.61199999996461, 2574326.548999999649823 ], [ 745873.566, 2574325.349 ], [ 745873.64000000001397, 2574324.148999999742955 ], [ 745873.527999999932945, 2574322.949 ], [ 745873.64000000001397, 2574321.748999999836087 ], [ 745873.601000000024214, 2574320.548999999649823 ], [ 745873.657, 2574319.349 ], [ 745873.606999999959953, 2574318.148999999742955 ], [ 745873.408999999985099, 2574317.248999999836087 ], [ 745873.358, 2574316.048999999649823 ], [ 745873.356999999959953, 2574314.849 ], [ 745873.26500000001397, 2574313.648999999742955 ], [ 745873.207999999984168, 2574312.952 ], [ 745873.164999999920838, 2574312.148999999742955 ], [ 745873.115999999921769, 2574310.949 ], [ 745873.059, 2574309.748999999836087 ], [ 745873.057999999960884, 2574308.548999999649823 ], [ 745873.057999999960884, 2574307.349 ], [ 745873.057999999960884, 2574306.148999999742955 ], [ 745873.057999999960884, 2574304.949 ], [ 745873.057999999960884, 2574303.748999999836087 ], [ 745873.057999999960884, 2574302.548999999649823 ], [ 745873.057999999960884, 2574301.349 ], [ 745873.057999999960884, 2574300.148999999742955 ], [ 745873.057999999960884, 2574298.949 ], [ 745873.074999999953434, 2574297.748999999836087 ], [ 745873.203999999910593, 2574296.548999999649823 ], [ 745873.169999999925494, 2574295.349 ], [ 745873.150999999954365, 2574294.148999999742955 ], [ 745873.059, 2574292.949 ], [ 745873.108999999938533, 2574291.748999999836087 ], [ 745873.306999999913387, 2574290.849 ], [ 745873.36199999996461, 2574289.648999999742955 ], [ 745873.507999999914318, 2574288.599 ], [ 745873.652999999932945, 2574287.548999999649823 ], [ 745873.632999999914318, 2574286.349 ], [ 745873.868999999947846, 2574285.449 ], [ 745874.707999999984168, 2574284.861999999731779 ], [ 745875.608, 2574284.566999999806285 ], [ 745876.01500000001397, 2574283.949 ], [ 745876.057999999960884, 2574282.748999999836087 ], [ 745876.025000000023283, 2574281.548999999649823 ], [ 745875.608, 2574280.742999999783933 ], [ 745875.012999999918975, 2574280.048999999649823 ], [ 745874.70699999993667, 2574279.449 ], [ 745874.108, 2574278.71 ], [ 745873.507999999914318, 2574278.217999999877065 ], [ 745872.608, 2574277.858999999705702 ], [ 745871.603, 2574277.949 ], [ 745870.807999999960884, 2574278.298 ], [ 745870.363000000012107, 2574279.148999999742955 ], [ 745870.069999999948777, 2574280.048999999649823 ], [ 745869.331, 2574280.648999999742955 ], [ 745868.407999999937601, 2574280.793999999761581 ], [ 745867.207999999984168, 2574280.798999999649823 ], [ 745866.007999999914318, 2574280.849999999627471 ], [ 745865.108, 2574281.048 ], [ 745863.907999999937601, 2574281.080999999772757 ], [ 745863.007999999914318, 2574280.883 ], [ 745861.83399999991525, 2574280.949 ], [ 745860.907999999937601, 2574281.094 ], [ 745859.707999999984168, 2574281.131999999750406 ], [ 745858.507999999914318, 2574281.111 ], [ 745857.608, 2574280.799999999813735 ], [ 745856.707999999984168, 2574280.52 ], [ 745855.507999999914318, 2574280.498999999836087 ], [ 745854.307999999960884, 2574280.494 ], [ 745853.108, 2574280.367999999783933 ], [ 745851.907999999937601, 2574280.367999999783933 ], [ 745851.007999999914318, 2574280.216999999713153 ], [ 745849.807999999960884, 2574280.231999999843538 ], [ 745848.608, 2574280.231999999843538 ], [ 745847.407999999937601, 2574280.199 ], [ 745846.207999999984168, 2574280.153 ], [ 745845.007999999914318, 2574280.102 ], [ 745843.971000000019558, 2574280.048999999649823 ], [ 745842.907999999937601, 2574279.903 ], [ 745841.707999999984168, 2574279.898999999742955 ], [ 745840.507999999914318, 2574279.829999999608845 ], [ 745839.819000000017695, 2574279.449 ], [ 745839.101000000024214, 2574278.849 ], [ 745838.108, 2574278.699999999720603 ], [ 745836.907999999937601, 2574278.68099999986589 ], [ 745836.007999999914318, 2574278.511 ], [ 745834.807999999960884, 2574278.4 ], [ 745833.608, 2574278.398999999742955 ], [ 745832.407999999937601, 2574278.347999999765307 ], [ 745831.507999999914318, 2574278.15 ], [ 745830.307999999960884, 2574278.099 ], [ 745829.108, 2574278.099 ], [ 745827.907999999937601, 2574278.097999999765307 ], [ 745826.707999999984168, 2574278.006999999750406 ], [ 745825.507999999914318, 2574278.0519999996759 ], [ 745824.307999999960884, 2574278.041999999899417 ], [ 745823.108, 2574278.085 ], [ 745822.037999999942258, 2574277.949 ], [ 745821.535999999963678, 2574277.349 ], [ 745821.307999999960884, 2574276.264 ], [ 745820.707999999984168, 2574275.717999999877065 ] ] } },
{ "type": "Feature", "properties": { "path": "Bhopal_6" }, "geometry": { "type": "LineString", "coordinates": [ [ 745832.101999999955297, 2574282.449 ], [ 745833.007999999914318, 2574282.537 ], [ 745834.207999999984168, 2574282.597999999765307 ], [ 745835.407999999937601, 2574282.599 ], [ 745836.608, 2574282.599 ], [ 745837.807999999960884, 2574282.599 ], [ 745839.007999999914318, 2574282.65 ], [ 745839.907999999937601, 2574282.847999999765307 ], [ 745841.108, 2574282.903 ], [ 745842.157999999937601, 2574283.048999999649823 ], [ 745843.207999999984168, 2574283.199 ], [ 745844.22199999995064, 2574283.349 ], [ 745845.194000000017695, 2574283.648999999742955 ], [ 745846.207999999984168, 2574283.793999999761581 ], [ 745847.407999999937601, 2574283.798999999649823 ], [ 745848.608, 2574283.798999999649823 ], [ 745849.807999999960884, 2574283.849999999627471 ], [ 745850.707999999984168, 2574284.048 ], [ 745851.907999999937601, 2574284.099 ], [ 745853.108, 2574284.099 ], [ 745854.307999999960884, 2574284.099999999627471 ], [ 745855.507999999914318, 2574284.156 ], [ 745856.707999999984168, 2574284.111999999731779 ], [ 745857.907999999937601, 2574284.099 ], [ 745859.108, 2574284.11699999962002 ], [ 745860.007999999914318, 2574284.287 ], [ 745861.207999999984168, 2574284.398 ], [ 745862.407999999937601, 2574284.398999999742955 ], [ 745863.608, 2574284.398999999742955 ], [ 745864.807999999960884, 2574284.398999999742955 ], [ 745866.007999999914318, 2574284.449 ], [ 745866.907999999937601, 2574284.594 ], [ 745867.807999999960884, 2574284.523 ], [ 745868.480999999912456, 2574284.849 ], [ 745869.007999999914318, 2574285.713999999687076 ], [ 745869.040999999968335, 2574286.648999999742955 ], [ 745868.875999999931082, 2574287.548999999649823 ], [ 745868.858, 2574288.748999999836087 ], [ 745868.875999999931082, 2574289.949 ], [ 745869.045999999972992, 2574290.849 ], [ 745869.157, 2574292.048999999649823 ], [ 745869.157999999937601, 2574293.248999999836087 ], [ 745869.157999999937601, 2574294.449 ], [ 745869.157999999937601, 2574295.648999999742955 ], [ 745869.157999999937601, 2574296.849 ], [ 745869.20899999991525, 2574298.048999999649823 ], [ 745869.387999999918975, 2574298.949 ], [ 745869.268999999971129, 2574299.849 ], [ 745869.108, 2574301.048999999649823 ], [ 745868.908999999985099, 2574301.949 ], [ 745868.858, 2574303.148999999742955 ], [ 745868.839999999967404, 2574304.349 ], [ 745868.669999999925494, 2574305.248999999836087 ], [ 745868.559, 2574306.449 ], [ 745868.557999999960884, 2574307.648999999742955 ], [ 745868.557999999960884, 2574308.849 ], [ 745868.557999999960884, 2574310.048999999649823 ], [ 745868.557999999960884, 2574311.248999999836087 ], [ 745868.557999999960884, 2574312.449 ], [ 745868.557999999960884, 2574313.648999999742955 ], [ 745868.557999999960884, 2574314.849 ], [ 745868.557999999960884, 2574316.048999999649823 ], [ 745868.557999999960884, 2574317.248999999836087 ], [ 745868.557999999960884, 2574318.449 ], [ 745868.554, 2574319.648999999742955 ], [ 745868.434, 2574320.849 ], [ 745868.294999999925494, 2574321.748999999836087 ], [ 745868.257999999914318, 2574322.949 ], [ 745868.257999999914318, 2574324.148999999742955 ], [ 745868.307999999960884, 2574325.349 ], [ 745868.452999999979511, 2574326.248999999836087 ], [ 745868.366999999969266, 2574327.148999999742955 ], [ 745868.613999999943189, 2574328.048999999649823 ], [ 745868.724999999976717, 2574328.949 ], [ 745868.571, 2574329.849 ], [ 745868.407999999937601, 2574330.90999999968335 ], [ 745868.338999999919906, 2574331.949 ], [ 745868.461999999941327, 2574332.849 ], [ 745868.294, 2574333.748999999836087 ], [ 745867.807999999960884, 2574334.369 ], [ 745867.13, 2574334.949 ], [ 745866.70899999991525, 2574335.849 ], [ 745867.032, 2574336.748999999836087 ], [ 745867.745999999926426, 2574337.349 ], [ 745868.407999999937601, 2574337.829 ], [ 745869.007999999914318, 2574338.315 ], [ 745869.544999999925494, 2574339.148999999742955 ], [ 745869.47199999995064, 2574340.349 ], [ 745869.462999999988824, 2574341.548999999649823 ], [ 745869.631999999983236, 2574342.449 ], [ 745870.207999999984168, 2574343.140999999828637 ], [ 745871.108, 2574343.489999999757856 ], [ 745872.307999999960884, 2574343.349 ], [ 745872.686999999918044, 2574342.748999999836087 ], [ 745872.87, 2574341.548999999649823 ], [ 745873.040999999968335, 2574340.648999999742955 ], [ 745873.170999999972992, 2574339.449 ], [ 745873.417999999946915, 2574338.548999999649823 ], [ 745873.937999999965541, 2574337.949 ], [ 745875.007999999914318, 2574337.850999999791384 ], [ 745875.907999999937601, 2574338.048 ], [ 745877.108, 2574338.099 ], [ 745878.307999999960884, 2574338.099 ], [ 745879.507999999914318, 2574338.099 ], [ 745880.707999999984168, 2574338.099 ], [ 745881.907999999937601, 2574338.099 ], [ 745883.108, 2574338.065999999642372 ], [ 745884.307999999960884, 2574338.0519999996759 ], [ 745885.354999999981374, 2574337.949 ], [ 745886.407999999937601, 2574337.812999999616295 ], [ 745887.608, 2574337.798999999649823 ], [ 745888.807999999960884, 2574337.748999999836087 ], [ 745889.707999999984168, 2574337.603999999817461 ], [ 745890.608, 2574337.690999999642372 ], [ 745891.507999999914318, 2574337.487999999895692 ], [ 745892.707999999984168, 2574337.352999999653548 ], [ 745893.907999999937601, 2574337.43099999986589 ], [ 745894.807999999960884, 2574337.304 ], [ 745895.707999999984168, 2574337.443999999668449 ], [ 745896.755999999935739, 2574337.349 ], [ 745897.807999999960884, 2574337.20299999974668 ], [ 745899.007999999914318, 2574337.199 ], [ 745900.207999999984168, 2574337.199 ], [ 745901.407999999937601, 2574337.199999999720603 ], [ 745902.608, 2574337.31 ], [ 745903.507999999914318, 2574337.429 ], [ 745904.407999999937601, 2574337.25 ], [ 745905.608, 2574337.199 ], [ 745906.807999999960884, 2574337.216999999713153 ], [ 745907.707999999984168, 2574337.381999999750406 ], [ 745908.743000000016764, 2574337.349 ], [ 745909.807999999960884, 2574337.151999999769032 ], [ 745910.707999999984168, 2574336.949999999720603 ], [ 745911.907999999937601, 2574336.898999999742955 ], [ 745913.108, 2574336.898999999742955 ], [ 745914.307999999960884, 2574336.898999999742955 ], [ 745915.507999999914318, 2574336.898999999742955 ], [ 745916.707999999984168, 2574336.847999999765307 ], [ 745917.608, 2574336.668999999761581 ], [ 745918.507999999914318, 2574336.787999999709427 ], [ 745919.707999999984168, 2574336.898999999742955 ], [ 745920.907999999937601, 2574337.028 ], [ 745921.638999999966472, 2574337.349 ], [ 745922.355999999912456, 2574337.949 ], [ 745922.552999999956228, 2574338.849 ], [ 745922.669999999925494, 2574340.048999999649823 ], [ 745922.839999999967404, 2574340.949 ], [ 745922.841000000014901, 2574342.148999999742955 ], [ 745922.770000000018626, 2574343.349 ], [ 745923.608, 2574343.785999999847263 ], [ 745924.807999999960884, 2574343.798 ], [ 745925.882999999914318, 2574343.648999999742955 ], [ 745926.432999999960884, 2574343.048999999649823 ], [ 745926.711000000010245, 2574342.148999999742955 ], [ 745926.907999999937601, 2574341.224 ], [ 745927.507999999914318, 2574340.435999999754131 ], [ 745928.108, 2574340.009999999776483 ], [ 745929.007999999914318, 2574339.653999999631196 ], [ 745930.207999999984168, 2574339.599 ], [ 745931.407999999937601, 2574339.594 ], [ 745932.457999999984168, 2574339.449 ], [ 745933.507999999914318, 2574339.302999999839813 ], [ 745934.707999999984168, 2574339.298999999649823 ], [ 745935.907999999937601, 2574339.247999999672174 ], [ 745936.807999999960884, 2574339.049999999813735 ], [ 745938.007999999914318, 2574338.998999999836087 ], [ 745939.207999999984168, 2574338.980999999679625 ], [ 745940.108, 2574338.810999999754131 ], [ 745941.307999999960884, 2574338.699 ], [ 745942.507999999914318, 2574338.622999999672174 ], [ 745943.407999999937601, 2574338.474 ], [ 745944.608, 2574338.287999999709427 ], [ 745945.507999999914318, 2574338.11699999962002 ], [ 745946.707999999984168, 2574338.099 ], [ 745947.907999999937601, 2574338.099 ], [ 745949.108, 2574338.080999999772757 ], [ 745950.007999999914318, 2574337.910999999847263 ], [ 745951.207999999984168, 2574337.787 ], [ 745952.407999999937601, 2574337.741 ], [ 745953.608, 2574337.685999999754131 ], [ 745954.507999999914318, 2574337.498999999836087 ], [ 745955.407999999937601, 2574337.325999999884516 ], [ 745956.608, 2574337.256999999750406 ], [ 745957.807999999960884, 2574337.199999999720603 ], [ 745959.007999999914318, 2574337.185 ], [ 745960.057999999960884, 2574337.048999999649823 ], [ 745961.108, 2574336.918 ], [ 745962.221000000019558, 2574337.048999999649823 ], [ 745962.995, 2574337.048999999649823 ], [ 745964.108, 2574336.903 ], [ 745965.307999999960884, 2574336.898999999742955 ], [ 745966.507999999914318, 2574336.898999999742955 ], [ 745967.707999999984168, 2574336.898999999742955 ], [ 745968.907999999937601, 2574336.898999999742955 ], [ 745970.108, 2574336.847999999765307 ], [ 745971.007999999914318, 2574336.65 ], [ 745972.207999999984168, 2574336.599 ], [ 745973.407999999937601, 2574336.599 ], [ 745974.608, 2574336.599 ], [ 745975.807999999960884, 2574336.582 ], [ 745977.006999999983236, 2574336.449 ], [ 745977.608, 2574336.454999999608845 ], [ 745978.207999999984168, 2574336.457999999634922 ], [ 745979.407999999937601, 2574336.494 ], [ 745980.221000000019558, 2574337.048999999649823 ], [ 745980.824999999953434, 2574337.648999999742955 ], [ 745981.807999999960884, 2574337.791999999899417 ], [ 745982.707999999984168, 2574337.63799999980256 ], [ 745983.608, 2574337.264999999664724 ], [ 745984.807999999960884, 2574337.199 ], [ 745986.007999999914318, 2574337.199 ], [ 745987.207999999984168, 2574337.199 ], [ 745988.407999999937601, 2574337.199 ], [ 745989.608, 2574337.199 ], [ 745990.807999999960884, 2574337.199 ], [ 745992.007999999914318, 2574337.199 ], [ 745993.207999999984168, 2574337.199 ], [ 745994.407999999937601, 2574337.199 ], [ 745995.608, 2574337.199 ], [ 745996.807999999960884, 2574337.199 ], [ 745998.007999999914318, 2574337.199 ], [ 745999.207999999984168, 2574337.199 ], [ 746000.407999999937601, 2574337.199 ], [ 746001.608, 2574337.148 ], [ 746002.507999999914318, 2574336.949999999720603 ], [ 746003.707999999984168, 2574336.898999999742955 ], [ 746004.907999999937601, 2574336.949999999720603 ], [ 746005.807999999960884, 2574337.128999999724329 ], [ 746006.707999999984168, 2574337.028999999631196 ], [ 746007.907999999937601, 2574337.029999999795109 ], [ 746009.108, 2574336.903 ], [ 746010.307999999960884, 2574336.912 ], [ 746011.507999999914318, 2574336.955999999772757 ], [ 746012.707999999984168, 2574336.9 ], [ 746013.907999999937601, 2574336.898999999742955 ], [ 746015.108, 2574336.895 ], [ 746016.307999999960884, 2574336.829999999608845 ], [ 746017.507999999914318, 2574336.895 ], [ 746018.707999999984168, 2574336.898999999742955 ], [ 746019.907999999937601, 2574336.898999999742955 ], [ 746021.108, 2574336.898999999742955 ], [ 746022.307999999960884, 2574336.898999999742955 ], [ 746023.507999999914318, 2574336.898999999742955 ], [ 746024.707999999984168, 2574336.898999999742955 ], [ 746025.907999999937601, 2574336.912 ], [ 746027.108, 2574336.96999999973923 ], [ 746028.307999999960884, 2574337.011 ], [ 746029.207999999984168, 2574337.151999999769032 ], [ 746030.407999999937601, 2574337.199 ], [ 746031.608, 2574337.199 ], [ 746032.807999999960884, 2574337.221 ], [ 746033.707999999984168, 2574337.575999999884516 ], [ 746034.201999999932013, 2574338.248999999836087 ], [ 746034.392, 2574339.148999999742955 ], [ 746034.365999999921769, 2574340.349 ], [ 746034.405999999959022, 2574341.548999999649823 ], [ 746034.228, 2574342.449 ], [ 746034.34699999995064, 2574343.349 ], [ 746034.45699999993667, 2574344.548999999649823 ], [ 746034.457999999984168, 2574345.748999999836087 ], [ 746034.457999999984168, 2574346.949 ], [ 746034.457999999984168, 2574348.148999999742955 ], [ 746034.457999999984168, 2574349.349 ], [ 746034.457999999984168, 2574350.548999999649823 ], [ 746034.457999999984168, 2574351.748999999836087 ], [ 746034.457999999984168, 2574352.949 ], [ 746034.457999999984168, 2574354.148999999742955 ], [ 746034.457999999984168, 2574355.349 ], [ 746034.457999999984168, 2574356.548999999649823 ], [ 746034.457999999984168, 2574357.748999999836087 ], [ 746034.508999999961816, 2574358.949 ], [ 746034.70699999993667, 2574359.849 ], [ 746034.757999999914318, 2574361.048999999649823 ], [ 746034.757999999914318, 2574362.248999999836087 ], [ 746034.757999999914318, 2574363.449 ], [ 746034.758999999961816, 2574364.648999999742955 ], [ 746034.863999999943189, 2574365.849 ], [ 746034.925999999977648, 2574366.748999999836087 ], [ 746034.792999999946915, 2574367.648999999742955 ], [ 746034.903999999980442, 2574368.849 ], [ 746034.819999999948777, 2574370.048999999649823 ], [ 746034.762999999918975, 2574371.248999999836087 ], [ 746034.903999999980442, 2574372.449 ], [ 746034.907999999937601, 2574373.190999999642372 ], [ 746034.904999999911524, 2574374.248999999836087 ], [ 746034.775999999954365, 2574375.449 ], [ 746034.814999999944121, 2574376.648999999742955 ], [ 746034.822999999974854, 2574377.849 ], [ 746035.006999999983236, 2574378.748999999836087 ], [ 746035.057999999960884, 2574379.949 ], [ 746035.057999999960884, 2574381.148999999742955 ], [ 746035.057999999960884, 2574382.349 ], [ 746035.057999999960884, 2574383.548999999649823 ], [ 746035.057999999960884, 2574384.748999999836087 ], [ 746035.035999999963678, 2574385.949 ], [ 746034.696999999927357, 2574386.849 ], [ 746034.007999999914318, 2574387.364 ], [ 746032.807999999960884, 2574387.315999999642372 ], [ 746031.608, 2574387.298999999649823 ], [ 746030.407999999937601, 2574387.298999999649823 ], [ 746029.207999999984168, 2574387.299999999813735 ], [ 746028.007999999914318, 2574387.4269999996759 ], [ 746027.167000000015832, 2574387.748999999836087 ], [ 746026.207999999984168, 2574387.893999999854714 ], [ 746025.007999999914318, 2574387.898999999742955 ], [ 746023.807999999960884, 2574387.898 ], [ 746022.608, 2574387.77 ], [ 746021.83399999991525, 2574387.449 ], [ 746020.807999999960884, 2574387.191999999806285 ], [ 746019.907999999937601, 2574387.045999999623746 ], [ 746018.707999999984168, 2574386.998999999836087 ], [ 746017.507999999914318, 2574387.003 ], [ 746016.307999999960884, 2574387.068 ], [ 746015.108, 2574387.003 ], [ 746013.907999999937601, 2574386.998999999836087 ], [ 746012.707999999984168, 2574386.998999999836087 ], [ 746011.507999999914318, 2574386.998999999836087 ], [ 746010.307999999960884, 2574386.998999999836087 ], [ 746009.108, 2574386.998999999836087 ], [ 746007.907999999937601, 2574386.998999999836087 ], [ 746006.707999999984168, 2574386.986 ], [ 746005.507999999914318, 2574386.992999999783933 ], [ 746004.608, 2574387.244999999646097 ], [ 746003.407999999937601, 2574387.298999999649823 ], [ 746002.207999999984168, 2574387.298999999649823 ], [ 746001.007999999914318, 2574387.302999999839813 ], [ 745999.957999999984168, 2574387.449 ], [ 745998.907999999937601, 2574387.594 ], [ 745997.707999999984168, 2574387.599 ], [ 745996.507999999914318, 2574387.599 ], [ 745995.307999999960884, 2574387.599 ], [ 745994.108, 2574387.599999999627471 ], [ 745992.907999999937601, 2574387.710999999660999 ], [ 745992.007999999914318, 2574387.881999999750406 ], [ 745990.807999999960884, 2574388.011 ], [ 745989.907999999937601, 2574388.18099999986589 ], [ 745988.707999999984168, 2574388.199 ], [ 745987.507999999914318, 2574388.199 ], [ 745986.307999999960884, 2574388.199 ], [ 745985.108, 2574388.199 ], [ 745983.907999999937601, 2574388.199 ], [ 745982.707999999984168, 2574388.148999999742955 ], [ 745981.807999999960884, 2574388.004999999888241 ], [ 745980.907999999937601, 2574388.165999999735504 ], [ 745980.007999999914318, 2574388.349 ], [ 745978.807999999960884, 2574388.464999999850988 ], [ 745977.608, 2574388.498999999836087 ], [ 745976.407999999937601, 2574388.498999999836087 ], [ 745975.207999999984168, 2574388.498999999836087 ], [ 745974.007999999914318, 2574388.498999999836087 ], [ 745972.807999999960884, 2574388.498999999836087 ], [ 745971.608, 2574388.498999999836087 ], [ 745970.407999999937601, 2574388.498999999836087 ], [ 745969.207999999984168, 2574388.498999999836087 ], [ 745968.007999999914318, 2574388.498999999836087 ], [ 745966.807999999960884, 2574388.498999999836087 ], [ 745965.608, 2574388.498999999836087 ], [ 745964.407999999937601, 2574388.498999999836087 ], [ 745963.207999999984168, 2574388.498999999836087 ], [ 745962.007999999914318, 2574388.498999999836087 ], [ 745960.807999999960884, 2574388.494 ], [ 745959.757999999914318, 2574388.349 ], [ 745958.707999999984168, 2574388.20299999974668 ], [ 745957.507999999914318, 2574388.199 ], [ 745956.307999999960884, 2574388.199 ], [ 745955.108, 2574388.18099999986589 ], [ 745954.207999999984168, 2574388.011 ], [ 745953.007999999914318, 2574387.898999999742955 ], [ 745951.807999999960884, 2574387.787 ], [ 745950.907999999937601, 2574387.61699999962002 ], [ 745949.707999999984168, 2574387.594 ], [ 745948.657999999937601, 2574387.449 ], [ 745947.608, 2574387.302999999839813 ], [ 745946.407999999937601, 2574387.298999999649823 ], [ 745945.207999999984168, 2574387.298999999649823 ], [ 745944.007999999914318, 2574387.281 ], [ 745943.108, 2574387.111 ], [ 745941.907999999937601, 2574387.0 ], [ 745940.707999999984168, 2574386.998999999836087 ], [ 745939.507999999914318, 2574386.980999999679625 ], [ 745938.608, 2574386.810999999754131 ], [ 745937.407999999937601, 2574386.699999999720603 ], [ 745936.207999999984168, 2574386.699 ], [ 745935.007999999914318, 2574386.699 ], [ 745933.807999999960884, 2574386.699 ], [ 745932.608, 2574386.68099999986589 ], [ 745931.707999999984168, 2574386.511 ], [ 745930.507999999914318, 2574386.4 ], [ 745929.307999999960884, 2574386.344 ], [ 745928.407999999937601, 2574385.98 ], [ 745927.807999999960884, 2574385.458999999798834 ], [ 745927.424999999930151, 2574384.748999999836087 ], [ 745927.245999999926426, 2574383.548999999649823 ], [ 745927.07999999995809, 2574382.648999999742955 ], [ 745927.207999999984168, 2574381.554999999701977 ], [ 745927.283999999985099, 2574380.548999999649823 ], [ 745927.353999999933876, 2574379.349 ], [ 745927.278999999980442, 2574378.148999999742955 ], [ 745926.777999999932945, 2574377.548999999649823 ], [ 745925.707999999984168, 2574377.4 ], [ 745924.507999999914318, 2574377.537 ], [ 745924.096000000019558, 2574378.148999999742955 ], [ 745923.907999999937601, 2574379.199 ], [ 745923.762999999918975, 2574380.248999999836087 ], [ 745923.753000000026077, 2574381.449 ], [ 745923.608, 2574382.396999999880791 ], [ 745923.118999999947846, 2574383.248999999836087 ], [ 745922.567999999970198, 2574383.849 ], [ 745922.108, 2574384.636999999638647 ], [ 745922.152, 2574385.349 ], [ 745922.201999999932013, 2574386.548999999649823 ], [ 745921.807999999960884, 2574387.44 ], [ 745921.207999999984168, 2574387.824 ], [ 745920.007999999914318, 2574387.898999999742955 ], [ 745918.807999999960884, 2574387.898999999742955 ], [ 745917.608, 2574387.903 ], [ 745916.547000000020489, 2574388.048999999649823 ], [ 745915.507999999914318, 2574388.136999999638647 ], [ 745914.307999999960884, 2574388.185999999754131 ], [ 745913.108, 2574388.199999999720603 ], [ 745911.907999999937601, 2574388.322999999858439 ], [ 745911.007999999914318, 2574388.545999999623746 ], [ 745909.807999999960884, 2574388.432999999728054 ], [ 745908.608, 2574388.437999999616295 ], [ 745907.407999999937601, 2574388.489999999757856 ], [ 745906.207999999984168, 2574388.588 ], [ 745905.307999999960884, 2574388.753 ], [ 745904.407999999937601, 2574389.043999999761581 ], [ 745903.207999999984168, 2574389.15 ], [ 745902.307999999960884, 2574389.347999999765307 ], [ 745901.108, 2574389.398999999742955 ], [ 745899.907999999937601, 2574389.4 ], [ 745898.707999999984168, 2574389.455999999772757 ], [ 745897.507999999914318, 2574389.416999999899417 ], [ 745896.457999999984168, 2574389.548999999649823 ], [ 745895.407999999937601, 2574389.693999999668449 ], [ 745894.207999999984168, 2574389.699999999720603 ], [ 745893.007999999914318, 2574389.761 ], [ 745892.101999999955297, 2574389.849 ], [ 745890.907999999937601, 2574389.994 ], [ 745889.707999999984168, 2574389.998999999836087 ], [ 745888.507999999914318, 2574389.998999999836087 ], [ 745887.307999999960884, 2574389.998999999836087 ], [ 745886.108, 2574389.998999999836087 ], [ 745884.907999999937601, 2574389.998999999836087 ], [ 745883.707999999984168, 2574389.998999999836087 ], [ 745882.507999999914318, 2574389.998999999836087 ], [ 745881.307999999960884, 2574389.947999999858439 ], [ 745880.407999999937601, 2574389.75 ], [ 745879.207999999984168, 2574389.699 ], [ 745878.007999999914318, 2574389.699 ], [ 745876.807999999960884, 2574389.699 ], [ 745875.608, 2574389.693999999668449 ], [ 745874.707999999984168, 2574389.525 ], [ 745874.015999999945052, 2574388.949 ], [ 745873.679999999934807, 2574388.048999999649823 ], [ 745873.652999999932945, 2574386.849 ], [ 745873.507999999914318, 2574385.798999999649823 ], [ 745873.358, 2574384.748999999836087 ], [ 745873.207999999984168, 2574383.673999999649823 ], [ 745872.802999999956228, 2574382.949 ], [ 745872.007999999914318, 2574382.629999999888241 ], [ 745870.807999999960884, 2574382.558999999891967 ], [ 745869.895999999949709, 2574382.648999999742955 ], [ 745869.468, 2574383.548999999649823 ], [ 745869.34499999997206, 2574384.748999999836087 ], [ 745869.12, 2574385.648999999742955 ], [ 745868.707999999984168, 2574386.543999999761581 ], [ 745868.108, 2574386.957 ], [ 745866.907999999937601, 2574387.049999999813735 ], [ 745866.007999999914318, 2574387.187999999616295 ], [ 745864.807999999960884, 2574387.298 ], [ 745863.608, 2574387.298999999649823 ], [ 745862.407999999937601, 2574387.298999999649823 ], [ 745861.207999999984168, 2574387.298999999649823 ], [ 745860.007999999914318, 2574387.298999999649823 ], [ 745858.807999999960884, 2574387.349999999627471 ], [ 745857.907999999937601, 2574387.548 ], [ 745856.707999999984168, 2574387.599 ], [ 745855.507999999914318, 2574387.599 ], [ 745854.307999999960884, 2574387.599 ], [ 745853.108, 2574387.599 ], [ 745851.907999999937601, 2574387.599 ], [ 745850.707999999984168, 2574387.599 ], [ 745849.507999999914318, 2574387.599 ], [ 745848.307999999960884, 2574387.61699999962002 ], [ 745847.407999999937601, 2574387.787 ], [ 745846.207999999984168, 2574387.898 ], [ 745845.007999999914318, 2574387.847 ], [ 745844.108, 2574387.599 ], [ 745843.207999999984168, 2574387.332999999634922 ], [ 745842.307999999960884, 2574387.131999999750406 ], [ 745841.407999999937601, 2574387.191999999806285 ], [ 745840.207999999984168, 2574387.298 ], [ 745839.007999999914318, 2574387.298999999649823 ], [ 745837.807999999960884, 2574387.298999999649823 ], [ 745836.608, 2574387.298999999649823 ], [ 745835.407999999937601, 2574387.298999999649823 ], [ 745834.207999999984168, 2574387.298999999649823 ], [ 745833.007999999914318, 2574387.298999999649823 ], [ 745831.807999999960884, 2574387.298999999649823 ], [ 745830.608, 2574387.298999999649823 ], [ 745829.407999999937601, 2574387.298999999649823 ], [ 745828.207999999984168, 2574387.281 ], [ 745827.307999999960884, 2574387.111 ], [ 745826.108, 2574387.0 ], [ 745824.907999999937601, 2574387.066999999806285 ], [ 745824.101999999955297, 2574387.449 ], [ 745823.317999999970198, 2574387.449 ], [ 745822.746999999973923, 2574386.849 ], [ 745821.907999999937601, 2574386.258 ], [ 745821.055999999982305, 2574385.949 ], [ 745820.407999999937601, 2574385.384999999776483 ], [ 745820.088999999919906, 2574384.748999999836087 ], [ 745819.95899999991525, 2574383.548999999649823 ], [ 745819.907, 2574382.349 ], [ 745819.70899999991525, 2574381.449 ], [ 745819.674999999930151, 2574380.248999999836087 ], [ 745819.809999999939464, 2574379.349 ], [ 745820.08399999991525, 2574378.148999999742955 ], [ 745820.407999999937601, 2574377.511999999638647 ], [ 745820.556999999913387, 2574376.349 ], [ 745820.557999999960884, 2574375.148999999742955 ], [ 745820.557999999960884, 2574373.949 ], [ 745820.557999999960884, 2574372.748999999836087 ], [ 745820.576, 2574371.548999999649823 ], [ 745820.745999999926426, 2574370.648999999742955 ], [ 745820.87, 2574369.449 ], [ 745820.863999999943189, 2574368.248999999836087 ], [ 745820.613000000012107, 2574367.349 ], [ 745820.669, 2574366.148999999742955 ], [ 745820.783999999985099, 2574365.248999999836087 ], [ 745820.496999999973923, 2574364.349 ], [ 745820.275999999954365, 2574363.449 ], [ 745820.257999999914318, 2574362.248999999836087 ], [ 745820.257999999914318, 2574361.048999999649823 ], [ 745820.20699999993667, 2574359.849 ], [ 745820.027999999932945, 2574358.949 ], [ 745820.147, 2574358.048999999649823 ], [ 745820.256999999983236, 2574356.849 ], [ 745820.275999999954365, 2574355.648999999742955 ], [ 745820.446, 2574354.748999999836087 ], [ 745820.556999999913387, 2574353.548999999649823 ], [ 745820.557999999960884, 2574352.349 ], [ 745820.557999999960884, 2574351.148999999742955 ], [ 745820.557999999960884, 2574349.949 ], [ 745820.608999999938533, 2574348.748999999836087 ], [ 745820.806999999913387, 2574347.849 ], [ 745820.858, 2574346.648999999742955 ], [ 745820.858, 2574345.449 ], [ 745820.858, 2574344.248999999836087 ], [ 745820.858, 2574343.048999999649823 ], [ 745820.858, 2574341.849 ], [ 745820.858999999938533, 2574340.648999999742955 ], [ 745820.949999999953434, 2574339.449 ], [ 745820.908999999985099, 2574338.248999999836087 ], [ 745821.007999999914318, 2574337.134999999776483 ], [ 745821.007999999914318, 2574336.432999999728054 ], [ 745820.707999999984168, 2574335.349 ], [ 745820.571999999927357, 2574334.349 ], [ 745820.576, 2574333.148999999742955 ], [ 745820.745999999926426, 2574332.248999999836087 ], [ 745820.856999999959953, 2574331.048999999649823 ], [ 745820.858, 2574329.849 ], [ 745820.908999999985099, 2574328.648999999742955 ], [ 745821.106999999959953, 2574327.748999999836087 ], [ 745821.157999999937601, 2574326.548999999649823 ], [ 745821.157999999937601, 2574325.349 ], [ 745821.157999999937601, 2574324.148999999742955 ], [ 745821.157999999937601, 2574322.949 ], [ 745821.157999999937601, 2574321.748999999836087 ], [ 745821.157999999937601, 2574320.548999999649823 ], [ 745821.162999999942258, 2574319.349 ], [ 745821.307999999960884, 2574318.298999999649823 ], [ 745821.452999999979511, 2574317.248999999836087 ], [ 745821.457999999984168, 2574316.048999999649823 ], [ 745821.457999999984168, 2574314.849 ], [ 745821.457999999984168, 2574313.648999999742955 ], [ 745821.457999999984168, 2574312.449 ], [ 745821.457999999984168, 2574311.248999999836087 ], [ 745821.457999999984168, 2574310.048999999649823 ], [ 745821.493999999947846, 2574308.849 ], [ 745821.544, 2574307.648999999742955 ], [ 745821.282999999937601, 2574306.748999999836087 ], [ 745821.213999999919906, 2574305.548999999649823 ], [ 745821.518999999971129, 2574304.648999999742955 ], [ 745821.74, 2574303.748999999836087 ], [ 745821.757999999914318, 2574302.548999999649823 ], [ 745821.757999999914318, 2574301.349 ], [ 745821.757999999914318, 2574300.148999999742955 ], [ 745821.757999999914318, 2574298.949 ], [ 745821.761999999987893, 2574297.748999999836087 ], [ 745821.893999999971129, 2574296.548999999649823 ], [ 745821.907, 2574295.949 ], [ 745822.010999999940395, 2574295.048999999649823 ], [ 745822.039999999920838, 2574293.849 ], [ 745821.868999999947846, 2574292.949 ], [ 745821.652, 2574291.748999999836087 ], [ 745821.589999999967404, 2574290.849 ], [ 745821.723, 2574289.949 ], [ 745821.654999999911524, 2574288.748999999836087 ], [ 745821.608, 2574287.574999999720603 ], [ 745821.593, 2574286.648999999742955 ], [ 745821.907999999937601, 2574285.898999999742955 ], [ 745822.228999999933876, 2574285.148999999742955 ], [ 745822.363000000012107, 2574283.949 ], [ 745822.560999999986961, 2574283.048999999649823 ], [ 745823.365, 2574282.449 ], [ 745824.307999999960884, 2574282.304 ], [ 745825.507999999914318, 2574282.298999999649823 ], [ 745826.707999999984168, 2574282.298999999649823 ], [ 745827.907999999937601, 2574282.298999999649823 ], [ 745829.108, 2574282.298999999649823 ], [ 745830.307999999960884, 2574282.298999999649823 ], [ 745831.507999999914318, 2574282.346 ], [ 745832.101999999955297, 2574282.449 ] ] } },
{ "type": "Feature", "properties": { "path": "Bhopal_7" }, "geometry": { "type": "LineString", "coordinates": [ [ 745818.674, 2574193.883 ], [ 745817.330000000074506, 2574195.114999999757856 ], [ 745817.174, 2574197.704 ], [ 745815.374000000068918, 2574198.559999999590218 ], [ 745813.242000000085682, 2574199.014999999664724 ], [ 745813.047000000020489, 2574201.114999999757856 ], [ 745815.374000000068918, 2574201.606999999843538 ], [ 745816.814000000013039, 2574202.915 ], [ 745817.024000000092201, 2574205.315 ], [ 745817.020000000018626, 2574208.014999999664724 ], [ 745816.771000000066124, 2574210.415 ], [ 745816.742000000085682, 2574213.114999999757856 ], [ 745817.024000000092201, 2574215.514999999664724 ], [ 745817.076, 2574218.214999999850988 ], [ 745817.774000000092201, 2574220.221 ], [ 745817.798000000067987, 2574222.714999999850988 ], [ 745818.054, 2574225.415 ], [ 745817.971000000019558, 2574228.114999999757856 ], [ 745818.059, 2574230.214999999850988 ], [ 745817.629000000073574, 2574232.614999999757856 ], [ 745817.830000000074506, 2574235.014999999664724 ], [ 745817.923000000067987, 2574237.714999999850988 ], [ 745817.924, 2574240.415 ], [ 745818.173000000067987, 2574242.815 ], [ 745818.224000000045635, 2574245.514999999664724 ], [ 745818.257000000099652, 2574248.214999999850988 ], [ 745818.224000000045635, 2574250.915 ], [ 745818.242000000085682, 2574253.614999999757856 ], [ 745818.524000000092201, 2574256.014999999664724 ], [ 745818.340000000083819, 2574258.415 ], [ 745818.396000000066124, 2574260.815 ], [ 745818.274000000092201, 2574263.214999999850988 ], [ 745818.429, 2574265.614999999757856 ], [ 745818.274000000092201, 2574268.014999999664724 ], [ 745818.447000000043772, 2574270.415 ], [ 745818.341000000014901, 2574272.815 ], [ 745818.473, 2574275.214999999850988 ], [ 745818.219000000040978, 2574277.614999999757856 ], [ 745817.174, 2574279.133 ], [ 745814.474000000045635, 2574279.264999999664724 ], [ 745812.444000000017695, 2574280.014999999664724 ], [ 745812.479000000050291, 2574282.114999999757856 ], [ 745814.474000000045635, 2574282.393999999854714 ], [ 745816.874000000068918, 2574282.568 ], [ 745817.602000000071712, 2574284.514999999664724 ], [ 745817.324000000022352, 2574286.915 ], [ 745817.324000000022352, 2574289.614999999757856 ], [ 745817.30600000009872, 2574292.315 ], [ 745817.174, 2574294.622999999672174 ], [ 745817.092000000062399, 2574296.815 ], [ 745817.024000000092201, 2574299.514999999664724 ], [ 745817.007000000099652, 2574302.214999999850988 ], [ 745817.038000000058673, 2574304.915 ], [ 745816.725000000093132, 2574307.315 ], [ 745816.728, 2574310.014999999664724 ], [ 745816.613000000012107, 2574312.714999999850988 ], [ 745816.470000000088476, 2574315.114999999757856 ], [ 745816.424, 2574317.815 ], [ 745816.355000000097789, 2574320.514999999664724 ], [ 745816.424, 2574323.214999999850988 ], [ 745816.142, 2574325.614999999757856 ], [ 745816.124000000068918, 2574328.315 ], [ 745816.05600000009872, 2574331.014999999664724 ], [ 745814.774000000092201, 2574332.390999999828637 ], [ 745812.074000000022352, 2574332.407999999821186 ], [ 745811.54100000008475, 2574334.014999999664724 ], [ 745813.874000000068918, 2574334.486 ], [ 745815.374000000068918, 2574335.557999999728054 ], [ 745815.974000000045635, 2574337.835999999660999 ], [ 745815.825000000069849, 2574340.014999999664724 ], [ 745815.824000000022352, 2574342.714999999850988 ], [ 745815.648000000044703, 2574345.114999999757856 ], [ 745815.595000000088476, 2574347.815 ], [ 745815.524000000092201, 2574350.514999999664724 ], [ 745815.523000000044703, 2574353.214999999850988 ], [ 745815.177000000025146, 2574355.614999999757856 ], [ 745814.924, 2574358.014999999664724 ], [ 745814.924, 2574360.714999999850988 ], [ 745814.924, 2574363.415 ], [ 745814.924, 2574366.114999999757856 ], [ 745814.924, 2574368.815 ], [ 745814.734000000054948, 2574371.214999999850988 ], [ 745815.219000000040978, 2574373.315 ], [ 745815.224000000045635, 2574376.014999999664724 ], [ 745815.112000000081025, 2574378.714999999850988 ], [ 745814.924, 2574381.114999999757856 ], [ 745814.812000000034459, 2574383.815 ], [ 745814.619000000064261, 2574386.214999999850988 ], [ 745814.325000000069849, 2574388.614999999757856 ], [ 745814.13, 2574391.014999999664724 ], [ 745814.324000000022352, 2574393.415 ], [ 745814.324000000022352, 2574396.114999999757856 ], [ 745814.324000000022352, 2574398.815 ], [ 745814.179, 2574401.514999999664724 ], [ 745814.02800000004936, 2574403.915 ], [ 745814.023000000044703, 2574406.614999999757856 ], [ 745813.29500000004191, 2574408.714999999850988 ], [ 745812.842000000062399, 2574410.815 ], [ 745812.974000000045635, 2574413.364999999757856 ], [ 745813.124000000068918, 2574415.915 ], [ 745813.124000000068918, 2574418.614999999757856 ], [ 745813.124000000068918, 2574421.315 ], [ 745813.124000000068918, 2574424.014999999664724 ], [ 745813.236000000033528, 2574426.714999999850988 ], [ 745813.274000000092201, 2574429.045999999623746 ], [ 745811.774000000092201, 2574430.113999999593943 ], [ 745809.374000000068918, 2574430.579999999608845 ], [ 745807.274000000092201, 2574431.171999999787658 ], [ 745805.174, 2574431.665 ], [ 745803.074000000022352, 2574432.230999999679625 ], [ 745800.974000000045635, 2574432.830999999772757 ], [ 745798.874000000068918, 2574433.356999999843538 ], [ 745796.650000000023283, 2574433.915 ], [ 745794.374000000068918, 2574434.415 ], [ 745792.274000000092201, 2574434.858 ], [ 745790.474000000045635, 2574435.747 ], [ 745788.226000000024214, 2574436.315 ], [ 745785.974000000045635, 2574436.764999999664724 ], [ 745784.174, 2574437.662 ], [ 745782.074000000022352, 2574438.315999999642372 ], [ 745779.674, 2574438.616 ], [ 745777.274000000092201, 2574438.883 ], [ 745774.874000000068918, 2574439.182999999728054 ], [ 745772.474000000045635, 2574439.551 ], [ 745770.224000000045635, 2574439.915 ], [ 745767.824000000022352, 2574440.214999999850988 ], [ 745765.274000000092201, 2574440.364999999757856 ], [ 745762.574000000022352, 2574440.364999999757856 ], [ 745759.874000000068918, 2574440.364999999757856 ], [ 745757.174, 2574440.363999999593943 ], [ 745754.774000000092201, 2574440.068999999668449 ], [ 745752.074000000022352, 2574440.01299999980256 ], [ 745750.241000000038184, 2574439.315 ], [ 745747.574000000022352, 2574439.295 ], [ 745744.874000000068918, 2574439.165 ], [ 745742.174, 2574439.165 ], [ 745739.682000000029802, 2574439.014999999664724 ], [ 745738.730000000097789, 2574437.214999999850988 ], [ 745738.855000000097789, 2574434.514999999664724 ], [ 745738.874000000068918, 2574432.395999999716878 ], [ 745736.474000000045635, 2574431.974999999627471 ], [ 745735.424, 2574433.614999999757856 ], [ 745735.424, 2574436.315 ], [ 745735.424, 2574439.014999999664724 ], [ 745735.424, 2574441.714999999850988 ], [ 745735.424, 2574444.415 ], [ 745735.424, 2574447.114999999757856 ], [ 745735.424, 2574449.815 ], [ 745735.424, 2574452.514999999664724 ], [ 745735.424, 2574455.214999999850988 ], [ 745735.424, 2574457.915 ], [ 745735.424, 2574460.614999999757856 ], [ 745735.424, 2574463.315 ], [ 745735.424, 2574466.014999999664724 ], [ 745735.424, 2574468.714999999850988 ], [ 745735.142, 2574471.114999999757856 ], [ 745735.124000000068918, 2574473.815 ], [ 745735.124000000068918, 2574476.514999999664724 ], [ 745735.124000000068918, 2574479.214999999850988 ], [ 745735.07300000009127, 2574481.915 ], [ 745734.824000000022352, 2574484.315 ], [ 745734.829000000027008, 2574487.014999999664724 ], [ 745735.12300000002142, 2574489.415 ], [ 745735.236000000033528, 2574492.114999999757856 ], [ 745735.424, 2574494.514999999664724 ], [ 745735.424, 2574497.214999999850988 ], [ 745735.442000000039116, 2574499.915 ], [ 745735.724000000045635, 2574502.315 ], [ 745735.724000000045635, 2574505.014999999664724 ], [ 745735.274000000092201, 2574507.346 ], [ 745734.828000000095926, 2574509.514999999664724 ], [ 745734.537000000011176, 2574511.915 ], [ 745734.055000000051223, 2574514.014999999664724 ], [ 745732.274000000092201, 2574515.059999999590218 ], [ 745729.574000000022352, 2574515.065 ], [ 745727.708000000100583, 2574515.815 ], [ 745728.688000000081956, 2574517.315 ], [ 745730.774000000092201, 2574518.065 ], [ 745733.174, 2574518.238999999593943 ], [ 745734.454000000027008, 2574519.714999999850988 ], [ 745737.074000000022352, 2574519.864999999757856 ], [ 745739.774000000092201, 2574519.864999999757856 ], [ 745742.474000000045635, 2574519.846999999601394 ], [ 745744.874000000068918, 2574519.565 ], [ 745747.574000000022352, 2574519.546999999787658 ], [ 745749.974000000045635, 2574519.350999999791384 ], [ 745752.074000000022352, 2574519.315999999642372 ], [ 745754.774000000092201, 2574519.264999999664724 ], [ 745757.386999999987893, 2574519.114999999757856 ], [ 745759.574000000022352, 2574519.264 ], [ 745761.974000000045635, 2574518.983 ], [ 745764.674, 2574518.964999999850988 ], [ 745767.374000000068918, 2574518.964999999850988 ], [ 745770.074000000022352, 2574519.015999999828637 ], [ 745772.474000000045635, 2574519.339999999850988 ], [ 745773.505, 2574520.915 ], [ 745773.507000000099652, 2574523.614999999757856 ], [ 745774.024000000092201, 2574525.714999999850988 ], [ 745776.374000000068918, 2574525.451999999582767 ], [ 745778.174, 2574524.62099999981001 ], [ 745778.863000000012107, 2574522.714999999850988 ], [ 745779.974000000045635, 2574521.003999999724329 ], [ 745781.842000000062399, 2574520.614999999757856 ], [ 745783.479000000050291, 2574519.714999999850988 ], [ 745785.074000000022352, 2574518.682999999728054 ], [ 745787.624000000068918, 2574518.514999999664724 ], [ 745790.174, 2574518.364999999757856 ], [ 745792.874000000068918, 2574518.364999999757856 ], [ 745794.974000000045635, 2574517.80599999986589 ], [ 745797.374000000068918, 2574517.447999999858439 ], [ 745799.774000000092201, 2574517.088 ], [ 745801.574000000022352, 2574516.730999999679625 ], [ 745803.974000000045635, 2574517.165 ], [ 745806.674, 2574517.165 ], [ 745809.374000000068918, 2574517.275999999605119 ], [ 745811.474000000045635, 2574517.182999999728054 ], [ 745814.174, 2574517.165999999735504 ], [ 745816.274000000092201, 2574517.699 ], [ 745818.674, 2574517.437999999616295 ], [ 745820.75, 2574518.214999999850988 ], [ 745823.053000000072643, 2574518.214999999850988 ], [ 745824.374000000068918, 2574516.855 ], [ 745825.926000000094064, 2574517.315 ], [ 745825.574000000022352, 2574518.645 ], [ 745827.974000000045635, 2574518.964999999850988 ], [ 745830.374000000068918, 2574519.153 ], [ 745833.074000000022352, 2574519.389 ], [ 745835.474000000045635, 2574519.565 ], [ 745838.174, 2574519.636999999638647 ], [ 745840.574000000022352, 2574519.861 ], [ 745843.274000000092201, 2574519.883 ], [ 745845.674, 2574520.165 ], [ 745848.374000000068918, 2574520.284 ], [ 745850.182000000029802, 2574520.014999999664724 ], [ 745852.274000000092201, 2574519.193 ], [ 745854.674, 2574518.966 ], [ 745857.374000000068918, 2574518.967999999877065 ], [ 745860.074000000022352, 2574518.932 ], [ 745862.774000000092201, 2574518.91399999987334 ], [ 745864.874000000068918, 2574518.946999999694526 ], [ 745867.574000000022352, 2574518.964999999850988 ], [ 745870.274000000092201, 2574518.964999999850988 ], [ 745872.974000000045635, 2574518.964999999850988 ], [ 745875.374000000068918, 2574518.668999999761581 ], [ 745878.074000000022352, 2574518.665 ], [ 745880.774000000092201, 2574518.645999999716878 ], [ 745882.816, 2574517.915 ], [ 745884.974000000045635, 2574517.486 ], [ 745887.674, 2574517.464999999850988 ], [ 745890.374000000068918, 2574517.464999999850988 ], [ 745893.074000000022352, 2574517.446999999694526 ], [ 745895.174, 2574517.41399999987334 ], [ 745897.874000000068918, 2574517.464999999850988 ], [ 745900.274000000092201, 2574517.182999999728054 ], [ 745902.974000000045635, 2574517.200999999884516 ], [ 745905.374000000068918, 2574516.847999999765307 ], [ 745907.474000000045635, 2574517.321999999694526 ], [ 745910.011000000056811, 2574517.614999999757856 ], [ 745912.574000000022352, 2574517.764999999664724 ], [ 745915.274000000092201, 2574517.895 ], [ 745917.674, 2574518.014 ], [ 745920.374000000068918, 2574518.065 ], [ 745923.074000000022352, 2574518.065999999642372 ], [ 745925.474000000045635, 2574518.309999999590218 ], [ 745927.574000000022352, 2574518.346999999601394 ], [ 745930.274000000092201, 2574518.364999999757856 ], [ 745932.974000000045635, 2574518.415999999735504 ], [ 745935.374000000068918, 2574518.665 ], [ 745937.774000000092201, 2574518.91399999987334 ], [ 745940.474000000045635, 2574518.964999999850988 ], [ 745943.174, 2574518.947999999858439 ], [ 745945.874000000068918, 2574518.963999999687076 ], [ 745948.574000000022352, 2574518.964999999850988 ], [ 745951.274000000092201, 2574518.960999999660999 ], [ 745953.974000000045635, 2574518.963999999687076 ], [ 745956.674, 2574518.964999999850988 ], [ 745959.374000000068918, 2574518.96 ], [ 745961.474000000045635, 2574518.281 ], [ 745964.174, 2574518.364999999757856 ], [ 745966.574000000022352, 2574518.613999999593943 ], [ 745969.274000000092201, 2574518.716 ], [ 745971.374000000068918, 2574518.716999999713153 ], [ 745973.774000000092201, 2574519.111 ], [ 745976.174, 2574519.264999999664724 ], [ 745978.424, 2574519.415 ], [ 745980.674, 2574519.568999999668449 ], [ 745983.074000000022352, 2574519.863999999593943 ], [ 745985.624000000068918, 2574520.014999999664724 ], [ 745988.174, 2574520.182999999728054 ], [ 745990.574000000022352, 2574520.464999999850988 ], [ 745993.274000000092201, 2574520.464999999850988 ], [ 745995.974000000045635, 2574520.352999999653548 ], [ 745998.374000000068918, 2574520.165 ], [ 746001.074000000022352, 2574520.165 ], [ 746003.687000000034459, 2574520.014999999664724 ], [ 746005.874000000068918, 2574520.16399999987334 ], [ 746008.574000000022352, 2574520.275999999605119 ], [ 746010.974000000045635, 2574520.464999999850988 ], [ 746013.674, 2574520.464999999850988 ], [ 746016.374000000068918, 2574520.464999999850988 ], [ 746019.074000000022352, 2574520.464999999850988 ], [ 746021.774000000092201, 2574520.468999999575317 ], [ 746023.874000000068918, 2574521.122 ], [ 746026.274000000092201, 2574521.364999999757856 ], [ 746028.974000000045635, 2574521.364999999757856 ], [ 746031.674, 2574521.364999999757856 ], [ 746034.374000000068918, 2574521.363999999593943 ], [ 746036.774000000092201, 2574521.182 ], [ 746038.874000000068918, 2574521.176 ], [ 746041.574000000022352, 2574521.07799999974668 ], [ 746044.274000000092201, 2574521.065 ], [ 746046.974000000045635, 2574521.065 ], [ 746049.674, 2574521.065 ], [ 746052.374000000068918, 2574521.065 ], [ 746054.994000000064261, 2574520.915 ], [ 746054.32300000009127, 2574519.415 ], [ 746052.974000000045635, 2574518.065 ], [ 746051.624000000068918, 2574516.714999999850988 ], [ 746050.274000000092201, 2574515.361999999731779 ], [ 746049.074000000022352, 2574513.923 ], [ 746047.574000000022352, 2574512.572999999858439 ], [ 746046.636999999987893, 2574511.014999999664724 ], [ 746046.064000000013039, 2574508.915 ], [ 746045.341000000014901, 2574506.815 ], [ 746045.02800000004936, 2574504.415 ], [ 746044.724000000045635, 2574502.014999999664724 ], [ 746044.54100000008475, 2574499.614999999757856 ], [ 746045.251000000047497, 2574497.815 ], [ 746046.160000000032596, 2574496.014999999664724 ], [ 746047.197000000043772, 2574494.214999999850988 ], [ 746048.098, 2574492.415 ], [ 746048.99800000002142, 2574490.614999999757856 ], [ 746049.900000000023283, 2574488.815 ], [ 746050.874000000068918, 2574487.154999999795109 ], [ 746051.774000000092201, 2574485.463999999687076 ], [ 746052.761999999987893, 2574483.714999999850988 ], [ 746053.531000000075437, 2574481.614999999757856 ], [ 746053.874000000068918, 2574479.36699999962002 ], [ 746054.30600000009872, 2574477.114999999757856 ], [ 746054.607000000076368, 2574474.714999999850988 ], [ 746054.937000000034459, 2574472.315 ], [ 746055.242000000085682, 2574469.915 ], [ 746055.636000000056811, 2574467.514999999664724 ], [ 746056.017, 2574465.415 ], [ 746056.231000000028871, 2574463.315 ], [ 746056.406000000075437, 2574460.915 ], [ 746056.612000000081025, 2574458.514999999664724 ], [ 746056.836000000010245, 2574455.815 ], [ 746057.136000000056811, 2574453.415 ], [ 746057.375, 2574451.014999999664724 ], [ 746057.629000000073574, 2574448.614999999757856 ], [ 746057.923000000067987, 2574446.214999999850988 ], [ 746058.173000000067987, 2574443.815 ], [ 746058.506000000052154, 2574441.415 ], [ 746058.773000000044703, 2574439.014999999664724 ], [ 746058.974000000045635, 2574436.464999999850988 ], [ 746059.236000000033528, 2574433.915 ], [ 746059.442000000039116, 2574431.514999999664724 ], [ 746059.742000000085682, 2574429.114999999757856 ], [ 746060.024000000092201, 2574426.714999999850988 ], [ 746060.025000000023283, 2574424.014999999664724 ], [ 746060.319000000017695, 2574421.614999999757856 ], [ 746060.324000000022352, 2574418.915 ], [ 746060.5, 2574416.514999999664724 ], [ 746060.624000000068918, 2574413.815 ], [ 746060.624000000068918, 2574411.114999999757856 ], [ 746060.906000000075437, 2574408.714999999850988 ], [ 746060.925000000046566, 2574406.014999999664724 ], [ 746061.075000000069849, 2574403.614999999757856 ], [ 746061.219000000040978, 2574401.514999999664724 ], [ 746061.225000000093132, 2574398.815 ], [ 746061.519000000087544, 2574396.415 ], [ 746061.524000000092201, 2574393.714999999850988 ], [ 746061.80600000009872, 2574391.315 ], [ 746061.824000000022352, 2574388.614999999757856 ], [ 746061.842000000062399, 2574385.915 ], [ 746062.124000000068918, 2574383.514999999664724 ], [ 746062.124000000068918, 2574380.815 ], [ 746062.066, 2574378.114999999757856 ], [ 746062.121000000042841, 2574375.415 ], [ 746062.574000000022352, 2574373.165 ], [ 746063.212999999988824, 2574371.214999999850988 ], [ 746063.715000000083819, 2574368.815 ], [ 746063.731000000028871, 2574366.114999999757856 ], [ 746063.774000000092201, 2574364.216999999713153 ], [ 746063.90300000004936, 2574361.614999999757856 ], [ 746063.910000000032596, 2574358.915 ], [ 746063.924, 2574356.214999999850988 ], [ 746063.712999999988824, 2574353.815 ], [ 746063.774000000092201, 2574351.308999999891967 ], [ 746063.919, 2574348.714999999850988 ], [ 746063.774000000092201, 2574346.477999999653548 ], [ 746064.374000000068918, 2574344.293999999761581 ], [ 746066.351000000024214, 2574343.915 ], [ 746068.274000000092201, 2574343.484999999869615 ], [ 746068.673000000067987, 2574341.214999999850988 ], [ 746068.775000000023283, 2574338.514999999664724 ], [ 746068.810000000055879, 2574336.415 ], [ 746066.774000000092201, 2574335.651999999769032 ], [ 746064.674, 2574334.921999999787658 ], [ 746063.817000000039116, 2574333.114999999757856 ], [ 746063.624000000068918, 2574330.714999999850988 ], [ 746063.796000000089407, 2574328.315 ], [ 746063.628000000026077, 2574325.915 ], [ 746063.886000000056811, 2574323.514999999664724 ], [ 746063.907, 2574320.815 ], [ 746063.736000000033528, 2574318.415 ], [ 746063.839000000036322, 2574316.014999999664724 ], [ 746063.391000000061467, 2574313.915 ], [ 746063.923000000067987, 2574311.815 ], [ 746063.676000000094064, 2574309.415 ], [ 746063.919, 2574307.014999999664724 ], [ 746063.924, 2574304.315 ], [ 746063.924, 2574301.614999999757856 ], [ 746063.924, 2574298.915 ], [ 746063.924, 2574296.214999999850988 ], [ 746063.928000000072643, 2574293.514999999664724 ], [ 746064.055000000051223, 2574290.815 ], [ 746064.374000000068918, 2574288.437999999616295 ], [ 746066.12, 2574288.415 ], [ 746066.544, 2574290.514999999664724 ], [ 746068.874000000068918, 2574290.964999999850988 ], [ 746071.274000000092201, 2574291.133 ], [ 746073.374000000068918, 2574291.213999999687076 ], [ 746076.074000000022352, 2574291.241 ], [ 746077.307000000029802, 2574289.915 ], [ 746077.274000000092201, 2574287.362999999895692 ], [ 746077.251000000047497, 2574284.815 ], [ 746077.673000000067987, 2574282.714999999850988 ], [ 746077.912000000011176, 2574280.315 ], [ 746078.247000000090338, 2574277.915 ], [ 746076.82300000009127, 2574276.714999999850988 ], [ 746074.782, 2574276.114999999757856 ], [ 746073.304, 2574274.915 ], [ 746073.635, 2574272.514999999664724 ], [ 746074.017, 2574270.415 ], [ 746074.672000000020489, 2574268.315 ], [ 746075.774000000092201, 2574266.592999999877065 ], [ 746076.974000000045635, 2574265.165999999735504 ], [ 746078.474000000045635, 2574263.934999999590218 ], [ 746080.042000000015832, 2574262.915 ], [ 746081.774000000092201, 2574261.864999999757856 ], [ 746083.574000000022352, 2574260.889 ], [ 746085.234000000054948, 2574259.915 ], [ 746086.941, 2574259.014999999664724 ], [ 746088.674, 2574258.028999999631196 ], [ 746090.474000000045635, 2574256.957999999634922 ], [ 746092.04100000008475, 2574256.014999999664724 ], [ 746093.774000000092201, 2574254.86699999962002 ], [ 746095.274000000092201, 2574253.835999999660999 ], [ 746096.774000000092201, 2574252.468999999575317 ], [ 746097.974000000045635, 2574251.062 ], [ 746099.174, 2574249.582999999634922 ], [ 746100.340000000083819, 2574247.915 ], [ 746101.574000000022352, 2574246.474999999627471 ], [ 746102.774000000092201, 2574244.974 ], [ 746103.674, 2574243.400999999605119 ], [ 746104.662000000011176, 2574241.614999999757856 ], [ 746106.074000000022352, 2574240.214999999850988 ], [ 746108.023000000044703, 2574239.514999999664724 ], [ 746109.974000000045635, 2574238.819999999832362 ], [ 746112.146000000066124, 2574239.214999999850988 ], [ 746114.174, 2574239.397999999579042 ], [ 746116.274000000092201, 2574238.751999999862164 ], [ 746118.097000000067055, 2574238.014999999664724 ], [ 746118.631000000052154, 2574236.214999999850988 ], [ 746118.074000000022352, 2574233.964999999850988 ], [ 746117.518000000040047, 2574231.714999999850988 ], [ 746117.554, 2574229.614999999757856 ], [ 746117.319000000017695, 2574227.214999999850988 ], [ 746117.025000000023283, 2574224.815 ], [ 746117.41800000006333, 2574222.415 ], [ 746117.606000000028871, 2574220.014999999664724 ], [ 746117.324000000022352, 2574217.614999999757856 ], [ 746117.042000000015832, 2574215.214999999850988 ], [ 746116.874000000068918, 2574212.665 ], [ 746116.475000000093132, 2574210.415 ], [ 746116.274000000092201, 2574207.864999999757856 ], [ 746116.048000000067987, 2574205.315 ], [ 746115.824000000022352, 2574202.915 ], [ 746115.648000000044703, 2574200.514999999664724 ], [ 746115.074000000022352, 2574198.129999999888241 ], [ 746114.774000000092201, 2574196.150999999605119 ], [ 746113.874000000068918, 2574194.722999999765307 ], [ 746111.174, 2574194.665 ], [ 746108.474000000045635, 2574194.665 ], [ 746105.774000000092201, 2574194.8019999996759 ], [ 746105.074000000022352, 2574196.614999999757856 ], [ 746104.514000000082888, 2574198.714999999850988 ], [ 746103.674, 2574200.798999999649823 ], [ 746102.474000000045635, 2574202.148999999742955 ], [ 746100.374000000068918, 2574202.798 ], [ 746098.274000000092201, 2574203.326999999582767 ], [ 746095.574000000022352, 2574203.364999999757856 ], [ 746093.174, 2574203.082999999634922 ], [ 746090.474000000045635, 2574203.065 ], [ 746087.861000000033528, 2574203.214999999850988 ], [ 746085.674, 2574203.065999999642372 ], [ 746082.974000000045635, 2574203.065 ], [ 746080.274000000092201, 2574203.065 ], [ 746077.574000000022352, 2574203.065 ], [ 746074.874000000068918, 2574203.0519999996759 ], [ 746072.174, 2574203.065 ], [ 746069.474000000045635, 2574203.065 ], [ 746066.774000000092201, 2574203.065 ], [ 746064.074000000022352, 2574203.065 ], [ 746061.374000000068918, 2574203.065 ], [ 746058.674, 2574203.065 ], [ 746056.274000000092201, 2574202.875999999698251 ], [ 746053.574000000022352, 2574202.764999999664724 ], [ 746050.874000000068918, 2574202.764999999664724 ], [ 746048.174, 2574202.653999999631196 ], [ 746045.774000000092201, 2574202.49599999981001 ], [ 746043.374000000068918, 2574202.764999999664724 ], [ 746040.674, 2574202.764999999664724 ], [ 746037.974000000045635, 2574202.63399999961257 ], [ 746036.692000000039116, 2574201.415 ], [ 746035.574000000022352, 2574199.78899999987334 ], [ 746033.66600000008475, 2574200.514999999664724 ], [ 746032.803000000072643, 2574202.315 ], [ 746030.474000000045635, 2574202.103999999817461 ], [ 746028.074000000022352, 2574201.864999999757856 ], [ 746025.374000000068918, 2574201.864999999757856 ], [ 746022.674, 2574201.864999999757856 ], [ 746019.974000000045635, 2574201.864999999757856 ], [ 746017.361000000033528, 2574202.014999999664724 ], [ 746015.174, 2574201.923 ], [ 746013.074000000022352, 2574202.014 ], [ 746010.974000000045635, 2574201.934999999590218 ], [ 746008.574000000022352, 2574202.112999999895692 ], [ 746006.174, 2574201.864999999757856 ], [ 746003.474000000045635, 2574201.864999999757856 ], [ 746000.774000000092201, 2574201.864999999757856 ], [ 745998.074000000022352, 2574201.864999999757856 ], [ 745995.374000000068918, 2574201.864999999757856 ], [ 745992.674, 2574201.864999999757856 ], [ 745989.974000000045635, 2574201.864999999757856 ], [ 745987.274000000092201, 2574201.846 ], [ 745985.474000000045635, 2574201.058999999891967 ], [ 745984.179, 2574199.614999999757856 ], [ 745982.945000000065193, 2574199.614999999757856 ], [ 745982.103, 2574201.415 ], [ 745979.474000000045635, 2574201.565 ], [ 745976.774000000092201, 2574201.565 ], [ 745974.074000000022352, 2574201.565 ], [ 745971.374000000068918, 2574201.676 ], [ 745969.466000000014901, 2574201.415 ], [ 745968.374000000068918, 2574199.838999999687076 ], [ 745967.103, 2574201.114999999757856 ], [ 745964.474000000045635, 2574201.264999999664724 ], [ 745961.774000000092201, 2574201.264999999664724 ], [ 745959.074000000022352, 2574201.264999999664724 ], [ 745956.374000000068918, 2574201.281999999657273 ], [ 745954.274000000092201, 2574201.315 ], [ 745951.574000000022352, 2574201.217999999877065 ], [ 745949.774000000092201, 2574201.057999999728054 ], [ 745947.074000000022352, 2574200.964999999850988 ], [ 745944.374000000068918, 2574200.964999999850988 ], [ 745941.674, 2574200.964999999850988 ], [ 745938.974000000045635, 2574200.964999999850988 ], [ 745936.274000000092201, 2574200.964999999850988 ], [ 745933.874000000068918, 2574200.775999999605119 ], [ 745931.174, 2574200.659 ], [ 745929.656000000075437, 2574199.614999999757856 ], [ 745929.093, 2574197.214999999850988 ], [ 745926.974000000045635, 2574196.815999999642372 ], [ 745924.274000000092201, 2574196.807999999728054 ], [ 745923.469000000040978, 2574198.714999999850988 ], [ 745922.76500000001397, 2574200.514999999664724 ], [ 745920.674, 2574201.264999999664724 ], [ 745918.124000000068918, 2574201.114999999757856 ], [ 745915.574000000022352, 2574200.964999999850988 ], [ 745912.874000000068918, 2574200.963999999687076 ], [ 745910.474000000045635, 2574200.668999999761581 ], [ 745907.774000000092201, 2574200.665 ], [ 745905.074000000022352, 2574200.665 ], [ 745902.674, 2574200.383 ], [ 745899.974000000045635, 2574200.364999999757856 ], [ 745897.274000000092201, 2574200.313999999780208 ], [ 745895.174, 2574200.329 ], [ 745893.074000000022352, 2574200.259999999776483 ], [ 745890.974000000045635, 2574200.295 ], [ 745888.574000000022352, 2574200.065 ], [ 745885.874000000068918, 2574200.065 ], [ 745883.174, 2574200.065 ], [ 745880.474000000045635, 2574200.065 ], [ 745878.374000000068918, 2574199.457999999634922 ], [ 745876.874000000068918, 2574199.358999999705702 ], [ 745875.374000000068918, 2574200.596999999601394 ], [ 745872.674, 2574200.665 ], [ 745869.974000000045635, 2574200.66399999987334 ], [ 745867.574000000022352, 2574200.369 ], [ 745865.174, 2574200.082999999634922 ], [ 745862.474000000045635, 2574199.95299999974668 ], [ 745860.074000000022352, 2574199.747 ], [ 745857.974000000045635, 2574199.713999999687076 ], [ 745855.274000000092201, 2574199.764 ], [ 745852.874000000068918, 2574199.468999999575317 ], [ 745850.174, 2574199.464999999850988 ], [ 745847.474000000045635, 2574199.464999999850988 ], [ 745844.774000000092201, 2574199.464999999850988 ], [ 745842.374000000068918, 2574199.216 ], [ 745839.674, 2574199.261999999638647 ], [ 745837.574000000022352, 2574199.271999999880791 ], [ 745834.874000000068918, 2574199.165 ], [ 745832.174, 2574199.165 ], [ 745829.474000000045635, 2574199.146999999880791 ], [ 745827.074000000022352, 2574198.99599999981001 ], [ 745824.674, 2574199.108999999705702 ], [ 745822.274000000092201, 2574198.796999999787658 ], [ 745820.992000000085682, 2574197.514999999664724 ], [ 745820.78000000002794, 2574194.815 ], [ 745818.974000000045635, 2574193.954 ], [ 745818.674, 2574193.883 ] ] } },
{ "type": "Feature", "properties": { "path": "Bhopal_7" }, "geometry": { "type": "LineString", "coordinates": [ [ 745845.883000000030734, 2574202.915 ], [ 745848.074000000022352, 2574203.048 ], [ 745850.474000000045635, 2574203.065 ], [ 745852.874000000068918, 2574203.065 ], [ 745855.274000000092201, 2574203.065 ], [ 745857.674, 2574203.065 ], [ 745860.074000000022352, 2574203.065 ], [ 745862.474000000045635, 2574203.122 ], [ 745864.574000000022352, 2574203.253 ], [ 745866.974000000045635, 2574203.364999999757856 ], [ 745869.374000000068918, 2574203.43099999986589 ], [ 745870.828000000095926, 2574204.415 ], [ 745871.442000000039116, 2574206.214999999850988 ], [ 745873.274000000092201, 2574206.656 ], [ 745874.567000000039116, 2574205.614999999757856 ], [ 745875.266000000061467, 2574203.815 ], [ 745877.022, 2574203.514999999664724 ], [ 745879.274000000092201, 2574203.665 ], [ 745881.374000000068918, 2574203.815999999642372 ], [ 745883.774000000092201, 2574203.964999999850988 ], [ 745886.174, 2574203.963999999687076 ], [ 745888.005, 2574203.514999999664724 ], [ 745890.374000000068918, 2574203.42 ], [ 745892.474000000045635, 2574203.710999999660999 ], [ 745894.574000000022352, 2574203.856999999843538 ], [ 745896.674, 2574204.167999999597669 ], [ 745899.074000000022352, 2574204.261 ], [ 745901.474000000045635, 2574204.261 ], [ 745903.874000000068918, 2574204.251999999862164 ], [ 745906.274000000092201, 2574204.264 ], [ 745908.674, 2574204.282999999821186 ], [ 745910.774000000092201, 2574204.563999999780208 ], [ 745913.174, 2574204.565 ], [ 745915.274000000092201, 2574204.316999999806285 ], [ 745917.374000000068918, 2574204.546999999787658 ], [ 745919.774000000092201, 2574204.565 ], [ 745922.087000000057742, 2574204.415 ], [ 745923.974000000045635, 2574204.6769999996759 ], [ 745925.363000000012107, 2574205.614999999757856 ], [ 745925.624000000068918, 2574207.714999999850988 ], [ 745925.624000000068918, 2574210.114999999757856 ], [ 745925.972000000067055, 2574212.214999999850988 ], [ 745928.174, 2574212.353999999817461 ], [ 745929.227000000071712, 2574211.014999999664724 ], [ 745929.355000000097789, 2574208.614999999757856 ], [ 745929.579000000027008, 2574206.514999999664724 ], [ 745930.464000000036322, 2574205.014999999664724 ], [ 745932.374000000068918, 2574204.565 ], [ 745934.774000000092201, 2574204.596999999601394 ], [ 745937.174, 2574204.565 ], [ 745939.274000000092201, 2574204.813999999780208 ], [ 745941.674, 2574204.864999999757856 ], [ 745944.074000000022352, 2574204.864999999757856 ], [ 745946.474000000045635, 2574204.864999999757856 ], [ 745948.874000000068918, 2574204.910999999847263 ], [ 745951.274000000092201, 2574204.977 ], [ 745953.374000000068918, 2574205.165 ], [ 745955.774000000092201, 2574205.165 ], [ 745958.174, 2574205.165 ], [ 745960.574000000022352, 2574205.165 ], [ 745962.974000000045635, 2574205.165 ], [ 745965.224000000045635, 2574205.315 ], [ 745967.474000000045635, 2574205.464999999850988 ], [ 745969.874000000068918, 2574205.464999999850988 ], [ 745972.274000000092201, 2574205.464999999850988 ], [ 745974.674, 2574205.613999999593943 ], [ 745976.774000000092201, 2574205.717999999877065 ], [ 745979.10999999998603, 2574205.915 ], [ 745980.093, 2574207.114999999757856 ], [ 745980.305000000051223, 2574209.514999999664724 ], [ 745981.574000000022352, 2574210.557999999728054 ], [ 745983.421000000089407, 2574210.114999999757856 ], [ 745983.974000000045635, 2574208.166999999899417 ], [ 745984.574000000022352, 2574206.403999999631196 ], [ 745986.074000000022352, 2574205.52 ], [ 745988.474000000045635, 2574205.464999999850988 ], [ 745990.874000000068918, 2574205.464999999850988 ], [ 745993.274000000092201, 2574205.464999999850988 ], [ 745995.674, 2574205.464999999850988 ], [ 745998.074000000022352, 2574205.41399999987334 ], [ 746000.022, 2574205.315 ], [ 746002.274000000092201, 2574205.464999999850988 ], [ 746004.674, 2574205.464999999850988 ], [ 746007.074000000022352, 2574205.418999999761581 ], [ 746009.474000000045635, 2574205.55599999986589 ], [ 746011.874000000068918, 2574205.497 ], [ 746014.274000000092201, 2574205.464999999850988 ], [ 746016.674, 2574205.464999999850988 ], [ 746019.074000000022352, 2574205.464999999850988 ], [ 746021.474000000045635, 2574205.464999999850988 ], [ 746023.874000000068918, 2574205.464999999850988 ], [ 746026.274000000092201, 2574205.41399999987334 ], [ 746028.374000000068918, 2574205.165 ], [ 746030.474000000045635, 2574205.43099999986589 ], [ 746032.274000000092201, 2574206.182 ], [ 746033.174, 2574207.458999999798834 ], [ 746034.583000000100583, 2574206.514999999664724 ], [ 746036.174, 2574205.782999999821186 ], [ 746038.574000000022352, 2574205.764999999664724 ], [ 746040.974000000045635, 2574205.764999999664724 ], [ 746043.374000000068918, 2574205.819999999832362 ], [ 746045.174, 2574206.346 ], [ 746047.574000000022352, 2574206.366 ], [ 746049.524000000092201, 2574206.514999999664724 ], [ 746051.474000000045635, 2574206.66399999987334 ], [ 746053.874000000068918, 2574206.665999999735504 ], [ 746055.974000000045635, 2574206.946999999694526 ], [ 746058.374000000068918, 2574206.91399999987334 ], [ 746060.474000000045635, 2574206.716 ], [ 746062.574000000022352, 2574206.964999999850988 ], [ 746064.974000000045635, 2574206.932 ], [ 746067.374000000068918, 2574206.964999999850988 ], [ 746069.774000000092201, 2574206.964999999850988 ], [ 746072.174, 2574206.91399999987334 ], [ 746074.274000000092201, 2574206.665 ], [ 746076.674, 2574206.665 ], [ 746079.074000000022352, 2574206.665 ], [ 746081.324000000022352, 2574206.815 ], [ 746083.574000000022352, 2574206.964999999850988 ], [ 746085.974000000045635, 2574206.833999999798834 ], [ 746088.374000000068918, 2574207.057 ], [ 746090.474000000045635, 2574207.193999999668449 ], [ 746092.450000000069849, 2574207.714999999850988 ], [ 746094.224000000045635, 2574208.315 ], [ 746096.174, 2574208.781999999657273 ], [ 746098.274000000092201, 2574209.082 ], [ 746100.060000000055879, 2574209.815 ], [ 746101.381000000052154, 2574210.714999999850988 ], [ 746102.320000000065193, 2574212.214999999850988 ], [ 746102.886999999987893, 2574214.014999999664724 ], [ 746102.942000000039116, 2574216.415 ], [ 746103.095000000088476, 2574218.514999999664724 ], [ 746102.474000000045635, 2574220.099 ], [ 746101.694000000017695, 2574221.815 ], [ 746101.274000000092201, 2574223.73 ], [ 746100.717000000062399, 2574225.714999999850988 ], [ 746100.374000000068918, 2574227.562999999616295 ], [ 746099.423000000067987, 2574229.014999999664724 ], [ 746098.272, 2574230.214999999850988 ], [ 746097.871000000042841, 2574232.315 ], [ 746097.819000000017695, 2574234.714999999850988 ], [ 746097.41600000008475, 2574236.815 ], [ 746096.957000000053085, 2574238.614999999757856 ], [ 746096.38800000003539, 2574240.415 ], [ 746095.648000000044703, 2574242.214999999850988 ], [ 746094.822000000043772, 2574243.714999999850988 ], [ 746093.774000000092201, 2574245.062 ], [ 746092.574000000022352, 2574246.256999999750406 ], [ 746091.245, 2574247.315 ], [ 746089.995, 2574248.514999999664724 ], [ 746088.374000000068918, 2574249.230999999679625 ], [ 746086.574000000022352, 2574249.9269999996759 ], [ 746085.04500000004191, 2574250.614999999757856 ], [ 746083.070000000065193, 2574251.214999999850988 ], [ 746081.474000000045635, 2574251.841 ], [ 746079.674, 2574252.454999999608845 ], [ 746077.874000000068918, 2574253.165 ], [ 746076.224000000045635, 2574253.915 ], [ 746074.652, 2574254.815 ], [ 746073.351000000024214, 2574255.714999999850988 ], [ 746072.218, 2574257.214999999850988 ], [ 746071.125, 2574258.415 ], [ 746070.084000000031665, 2574259.915 ], [ 746069.313000000081956, 2574261.415 ], [ 746068.534000000101514, 2574262.915 ], [ 746067.76300000003539, 2574264.714999999850988 ], [ 746067.074000000022352, 2574266.42 ], [ 746066.474000000045635, 2574268.200999999884516 ], [ 746066.135, 2574270.114999999757856 ], [ 746065.805000000051223, 2574272.214999999850988 ], [ 746064.074000000022352, 2574273.000999999698251 ], [ 746062.179, 2574273.415 ], [ 746060.474000000045635, 2574274.100999999791384 ], [ 746058.674, 2574274.767999999690801 ], [ 746057.107000000076368, 2574275.514999999664724 ], [ 746055.674, 2574276.571999999694526 ], [ 746054.474000000045635, 2574277.66399999987334 ], [ 746053.184, 2574278.815 ], [ 746051.774000000092201, 2574279.849 ], [ 746051.156000000075437, 2574281.514999999664724 ], [ 746051.455000000074506, 2574283.614999999757856 ], [ 746051.606000000028871, 2574285.714999999850988 ], [ 746051.774000000092201, 2574287.95299999974668 ], [ 746053.874000000068918, 2574288.248999999836087 ], [ 746055.76300000003539, 2574288.714999999850988 ], [ 746056.124000000068918, 2574290.815 ], [ 746056.124000000068918, 2574293.214999999850988 ], [ 746056.124000000068918, 2574295.614999999757856 ], [ 746056.142, 2574298.014999999664724 ], [ 746056.366000000038184, 2574300.114999999757856 ], [ 746056.355000000097789, 2574302.514999999664724 ], [ 746056.230000000097789, 2574304.614999999757856 ], [ 746056.424, 2574306.714999999850988 ], [ 746056.424, 2574309.114999999757856 ], [ 746056.424, 2574311.514999999664724 ], [ 746056.424, 2574313.915 ], [ 746056.424, 2574316.315 ], [ 746056.424, 2574318.714999999850988 ], [ 746056.424, 2574321.114999999757856 ], [ 746056.587999999988824, 2574323.214999999850988 ], [ 746056.874000000068918, 2574325.048 ], [ 746056.424, 2574327.114999999757856 ], [ 746056.424, 2574329.514999999664724 ], [ 746056.535000000032596, 2574331.915 ], [ 746056.874000000068918, 2574333.992999999783933 ], [ 746056.874000000068918, 2574335.861999999731779 ], [ 746055.718, 2574337.315 ], [ 746053.874000000068918, 2574337.787999999709427 ], [ 746052.829000000027008, 2574339.114999999757856 ], [ 746052.62300000002142, 2574341.214999999850988 ], [ 746054.025000000023283, 2574342.114999999757856 ], [ 746055.718, 2574342.714999999850988 ], [ 746056.702000000048429, 2574344.214999999850988 ], [ 746056.724000000045635, 2574346.614999999757856 ], [ 746056.632000000099652, 2574349.014999999664724 ], [ 746056.706, 2574351.415 ], [ 746056.425000000046566, 2574353.514999999664724 ], [ 746056.424, 2574355.915 ], [ 746056.424, 2574358.315 ], [ 746056.312000000034459, 2574360.714999999850988 ], [ 746056.124000000068918, 2574362.815 ], [ 746056.124000000068918, 2574365.214999999850988 ], [ 746056.124000000068918, 2574367.614999999757856 ], [ 746056.141000000061467, 2574370.014999999664724 ], [ 746055.951, 2574372.114999999757856 ], [ 746055.618000000016764, 2574374.214999999850988 ], [ 746055.188000000081956, 2574376.315 ], [ 746055.12300000002142, 2574378.114999999757856 ], [ 746054.929, 2574380.214999999850988 ], [ 746054.924, 2574382.614999999757856 ], [ 746054.906000000075437, 2574385.014999999664724 ], [ 746054.625, 2574387.114999999757856 ], [ 746054.624000000068918, 2574389.514999999664724 ], [ 746054.606000000028871, 2574391.915 ], [ 746054.325000000069849, 2574394.014999999664724 ], [ 746054.324000000022352, 2574396.415 ], [ 746054.319000000017695, 2574398.815 ], [ 746054.174, 2574400.764999999664724 ], [ 746054.029000000096858, 2574402.714999999850988 ], [ 746054.024000000092201, 2574405.114999999757856 ], [ 746054.024000000092201, 2574407.514999999664724 ], [ 746053.775000000023283, 2574409.614999999757856 ], [ 746053.724000000045635, 2574412.014999999664724 ], [ 746053.724000000045635, 2574414.415 ], [ 746053.612000000081025, 2574416.815 ], [ 746053.424, 2574418.915 ], [ 746053.424, 2574421.315 ], [ 746053.407, 2574423.714999999850988 ], [ 746053.274000000092201, 2574425.949 ], [ 746052.94800000009127, 2574427.915 ], [ 746052.773000000044703, 2574430.315 ], [ 746052.557000000029802, 2574432.415 ], [ 746052.374000000068918, 2574434.665999999735504 ], [ 746052.224000000045635, 2574436.915 ], [ 746052.036000000080094, 2574439.014999999664724 ], [ 746051.812000000034459, 2574441.415 ], [ 746051.68100000009872, 2574443.514999999664724 ], [ 746051.527, 2574445.915 ], [ 746051.277, 2574448.014999999664724 ], [ 746051.024000000092201, 2574450.114999999757856 ], [ 746051.006000000052154, 2574452.514999999664724 ], [ 746050.708000000100583, 2574454.614999999757856 ], [ 746050.574000000022352, 2574456.134999999776483 ], [ 746050.406000000075437, 2574458.514999999664724 ], [ 746050.12, 2574460.614999999757856 ], [ 746049.652, 2574462.415 ], [ 746049.473, 2574464.815 ], [ 746049.074000000022352, 2574466.765999999828637 ], [ 746048.73499999998603, 2574468.714999999850988 ], [ 746048.324000000022352, 2574470.815 ], [ 746048.007000000099652, 2574472.915 ], [ 746047.613000000012107, 2574475.014999999664724 ], [ 746047.23499999998603, 2574476.815 ], [ 746046.804, 2574478.915 ], [ 746046.509000000078231, 2574481.014999999664724 ], [ 746045.774000000092201, 2574482.525 ], [ 746044.401000000070781, 2574483.714999999850988 ], [ 746043.374000000068918, 2574485.065 ], [ 746042.42000000004191, 2574486.415 ], [ 746041.274000000092201, 2574487.853999999817461 ], [ 746040.328000000095926, 2574489.114999999757856 ], [ 746039.220000000088476, 2574490.614999999757856 ], [ 746038.274000000092201, 2574491.9 ], [ 746037.524000000092201, 2574493.614999999757856 ], [ 746036.924, 2574495.415 ], [ 746036.376000000047497, 2574497.214999999850988 ], [ 746036.13, 2574499.315 ], [ 746036.324000000022352, 2574501.415 ], [ 746036.511999999987893, 2574503.514999999664724 ], [ 746036.830000000074506, 2574505.614999999757856 ], [ 746037.374000000068918, 2574507.537999999709427 ], [ 746038.0, 2574509.214999999850988 ], [ 746038.574000000022352, 2574511.213999999687076 ], [ 746038.270000000018626, 2574512.815 ], [ 746036.474000000045635, 2574513.602 ], [ 746034.674, 2574514.145999999716878 ], [ 746032.274000000092201, 2574514.216 ], [ 746030.174, 2574514.481999999843538 ], [ 746028.074000000022352, 2574514.764 ], [ 746025.974000000045635, 2574514.932 ], [ 746024.468, 2574514.315 ], [ 746023.536000000080094, 2574512.815 ], [ 746021.474000000045635, 2574512.963999999687076 ], [ 746019.074000000022352, 2574512.964999999850988 ], [ 746016.674, 2574512.927999999839813 ], [ 746014.874000000068918, 2574512.90999999968335 ], [ 746013.074000000022352, 2574512.829 ], [ 746011.574000000022352, 2574513.825999999884516 ], [ 746009.474000000045635, 2574514.076999999582767 ], [ 746008.274000000092201, 2574513.042999999597669 ], [ 746006.174, 2574512.696999999694526 ], [ 746004.074000000022352, 2574512.383 ], [ 746001.674, 2574512.364999999757856 ], [ 745999.274000000092201, 2574512.364999999757856 ], [ 745996.874000000068918, 2574512.364999999757856 ], [ 745994.474000000045635, 2574512.364999999757856 ], [ 745992.224000000045635, 2574512.214999999850988 ], [ 745989.974000000045635, 2574512.046999999787658 ], [ 745987.874000000068918, 2574511.765999999828637 ], [ 745985.474000000045635, 2574511.747 ], [ 745983.374000000068918, 2574511.466 ], [ 745980.974000000045635, 2574511.463999999687076 ], [ 745978.874000000068918, 2574511.182999999728054 ], [ 745976.474000000045635, 2574511.165 ], [ 745974.374000000068918, 2574510.975999999791384 ], [ 745971.974000000045635, 2574510.864999999757856 ], [ 745969.574000000022352, 2574510.758 ], [ 745967.474000000045635, 2574510.611 ], [ 745965.074000000022352, 2574510.546999999787658 ], [ 745962.974000000045635, 2574510.265999999828637 ], [ 745960.874000000068918, 2574510.457999999634922 ], [ 745958.774000000092201, 2574510.991 ], [ 745956.674, 2574511.304 ], [ 745955.162000000011176, 2574511.014999999664724 ], [ 745954.274000000092201, 2574509.407999999821186 ], [ 745951.874000000068918, 2574509.383 ], [ 745949.774000000092201, 2574509.73 ], [ 745948.269000000087544, 2574510.415 ], [ 745945.874000000068918, 2574510.541999999899417 ], [ 745944.074000000022352, 2574510.096 ], [ 745942.574000000022352, 2574509.207 ], [ 745941.074000000022352, 2574509.850999999791384 ], [ 745938.674, 2574509.917999999597669 ], [ 745936.574000000022352, 2574509.665 ], [ 745934.174, 2574509.768999999854714 ], [ 745932.974000000045635, 2574510.825999999884516 ], [ 745931.343, 2574510.114999999757856 ], [ 745929.374000000068918, 2574509.596 ], [ 745927.274000000092201, 2574509.451999999582767 ], [ 745925.886000000056811, 2574510.415 ], [ 745923.974000000045635, 2574510.864999999757856 ], [ 745921.874000000068918, 2574510.616 ], [ 745919.474000000045635, 2574510.565 ], [ 745917.074000000022352, 2574510.565 ], [ 745914.674, 2574510.565 ], [ 745912.274000000092201, 2574510.565 ], [ 745910.024000000092201, 2574510.714999999850988 ], [ 745907.774000000092201, 2574510.864999999757856 ], [ 745905.459000000031665, 2574510.714999999850988 ], [ 745903.574000000022352, 2574510.916999999899417 ], [ 745901.474000000045635, 2574511.096 ], [ 745899.074000000022352, 2574511.102 ], [ 745896.674, 2574511.03899999987334 ], [ 745894.574000000022352, 2574510.992999999783933 ], [ 745892.174, 2574510.971999999601394 ], [ 745890.074000000022352, 2574511.080999999772757 ], [ 745887.674, 2574511.165999999735504 ], [ 745885.574000000022352, 2574511.475999999791384 ], [ 745884.374000000068918, 2574512.782999999821186 ], [ 745882.574000000022352, 2574513.315999999642372 ], [ 745880.474000000045635, 2574513.565 ], [ 745878.074000000022352, 2574513.565 ], [ 745875.674, 2574513.565 ], [ 745873.274000000092201, 2574513.565 ], [ 745870.874000000068918, 2574513.559999999590218 ], [ 745868.774000000092201, 2574513.268999999854714 ], [ 745866.374000000068918, 2574513.264999999664724 ], [ 745863.974000000045635, 2574513.264999999664724 ], [ 745861.574000000022352, 2574513.213999999687076 ], [ 745859.474000000045635, 2574512.91399999987334 ], [ 745857.374000000068918, 2574512.665 ], [ 745854.974000000045635, 2574512.665 ], [ 745852.574000000022352, 2574512.568 ], [ 745850.474000000045635, 2574512.367999999783933 ], [ 745848.074000000022352, 2574512.364999999757856 ], [ 745845.674, 2574512.364999999757856 ], [ 745843.274000000092201, 2574512.221 ], [ 745841.474000000045635, 2574512.341999999713153 ], [ 745839.374000000068918, 2574512.065 ], [ 745837.274000000092201, 2574511.768999999854714 ], [ 745834.874000000068918, 2574511.764999999664724 ], [ 745832.774000000092201, 2574511.575999999884516 ], [ 745830.374000000068918, 2574511.464999999850988 ], [ 745827.974000000045635, 2574511.477999999653548 ], [ 745825.574000000022352, 2574511.46 ], [ 745823.474000000045635, 2574511.173 ], [ 745821.074000000022352, 2574511.167999999597669 ], [ 745818.974000000045635, 2574510.975999999791384 ], [ 745816.574000000022352, 2574510.875 ], [ 745815.074000000022352, 2574511.696999999694526 ], [ 745812.974000000045635, 2574512.046999999787658 ], [ 745810.574000000022352, 2574512.065 ], [ 745808.474000000045635, 2574512.313999999780208 ], [ 745806.074000000022352, 2574512.364999999757856 ], [ 745803.974000000045635, 2574512.59499999973923 ], [ 745801.874000000068918, 2574512.477 ], [ 745799.774000000092201, 2574512.665 ], [ 745797.374000000068918, 2574512.682999999728054 ], [ 745795.274000000092201, 2574512.963999999687076 ], [ 745792.874000000068918, 2574512.968999999575317 ], [ 745790.774000000092201, 2574513.20299999974668 ], [ 745788.374000000068918, 2574513.265999999828637 ], [ 745786.274000000092201, 2574513.546999999787658 ], [ 745783.874000000068918, 2574513.565 ], [ 745781.474000000045635, 2574513.653 ], [ 745779.674, 2574513.671999999787658 ], [ 745777.574000000022352, 2574513.846999999601394 ], [ 745775.174, 2574513.864999999757856 ], [ 745772.774000000092201, 2574513.864999999757856 ], [ 745770.374000000068918, 2574513.867999999783933 ], [ 745767.974000000045635, 2574513.867999999783933 ], [ 745765.724000000045635, 2574514.014999999664724 ], [ 745763.474000000045635, 2574514.165 ], [ 745761.074000000022352, 2574514.165 ], [ 745758.674, 2574514.165 ], [ 745756.274000000092201, 2574514.165 ], [ 745754.174, 2574514.352999999653548 ], [ 745751.774000000092201, 2574514.464999999850988 ], [ 745749.374000000068918, 2574514.464999999850988 ], [ 745746.974000000045635, 2574514.483 ], [ 745744.874000000068918, 2574514.764 ], [ 745742.474000000045635, 2574514.764999999664724 ], [ 745740.074000000022352, 2574514.63399999961257 ], [ 745738.874000000068918, 2574513.65 ], [ 745738.441, 2574511.614999999757856 ], [ 745738.142, 2574509.514999999664724 ], [ 745738.274000000092201, 2574507.366 ], [ 745738.769000000087544, 2574505.315 ], [ 745738.475000000093132, 2574503.214999999850988 ], [ 745738.225000000093132, 2574501.114999999757856 ], [ 745737.974000000045635, 2574498.841999999713153 ], [ 745738.106000000028871, 2574496.915 ], [ 745738.124000000068918, 2574494.514999999664724 ], [ 745738.124000000068918, 2574492.114999999757856 ], [ 745738.124000000068918, 2574489.714999999850988 ], [ 745738.124000000068918, 2574487.315 ], [ 745738.124000000068918, 2574484.915 ], [ 745737.986000000033528, 2574482.514999999664724 ], [ 745737.975000000093132, 2574480.714999999850988 ], [ 745738.087000000057742, 2574478.315 ], [ 745738.12300000002142, 2574475.915 ], [ 745738.106000000028871, 2574473.514999999664724 ], [ 745738.055000000051223, 2574471.114999999757856 ], [ 745737.824000000022352, 2574469.014999999664724 ], [ 745737.824000000022352, 2574466.614999999757856 ], [ 745737.824000000022352, 2574464.214999999850988 ], [ 745737.829000000027008, 2574461.815 ], [ 745738.086000000010245, 2574459.714999999850988 ], [ 745738.032, 2574457.315 ], [ 745738.124000000068918, 2574454.915 ], [ 745738.124000000068918, 2574452.514999999664724 ], [ 745738.37300000002142, 2574450.415 ], [ 745738.424, 2574448.014999999664724 ], [ 745738.424, 2574445.614999999757856 ], [ 745738.614000000059605, 2574443.514999999664724 ], [ 745739.474000000045635, 2574442.00899999961257 ], [ 745741.874000000068918, 2574441.864999999757856 ], [ 745744.274000000092201, 2574441.866 ], [ 745746.374000000068918, 2574442.146999999880791 ], [ 745748.774000000092201, 2574442.275999999605119 ], [ 745750.874000000068918, 2574442.446999999694526 ], [ 745752.974000000045635, 2574442.165999999735504 ], [ 745755.374000000068918, 2574442.165 ], [ 745757.774000000092201, 2574442.16399999987334 ], [ 745760.174, 2574442.165 ], [ 745762.274000000092201, 2574442.446999999694526 ], [ 745764.674, 2574442.464999999850988 ], [ 745767.074000000022352, 2574442.46 ], [ 745768.961000000010245, 2574442.315 ], [ 745771.274000000092201, 2574442.464999999850988 ], [ 745773.674, 2574442.483 ], [ 745775.603, 2574442.614999999757856 ], [ 745777.574000000022352, 2574442.622 ], [ 745779.674, 2574442.915999999735504 ], [ 745782.074000000022352, 2574443.065 ], [ 745784.474000000045635, 2574443.065 ], [ 745786.724000000045635, 2574442.915 ], [ 745788.824000000022352, 2574442.614999999757856 ], [ 745791.074000000022352, 2574442.34499999973923 ], [ 745792.16600000008475, 2574441.114999999757856 ], [ 745792.536000000080094, 2574439.014999999664724 ], [ 745793.174, 2574437.447999999858439 ], [ 745794.974000000045635, 2574436.764999999664724 ], [ 745797.074000000022352, 2574436.352999999653548 ], [ 745798.874000000068918, 2574435.804 ], [ 745800.733, 2574435.415 ], [ 745802.774000000092201, 2574434.91399999987334 ], [ 745804.716000000014901, 2574434.514999999664724 ], [ 745806.674, 2574434.065 ], [ 745808.634000000078231, 2574433.614999999757856 ], [ 745810.574000000022352, 2574433.275999999605119 ], [ 745812.787000000011176, 2574433.315 ], [ 745814.474000000045635, 2574434.185999999754131 ], [ 745815.974000000045635, 2574434.963999999687076 ], [ 745817.911000000080094, 2574435.114999999757856 ], [ 745818.506000000052154, 2574433.315 ], [ 745818.225000000093132, 2574431.214999999850988 ], [ 745818.224000000045635, 2574428.815 ], [ 745818.224000000045635, 2574426.415 ], [ 745818.074000000022352, 2574424.165 ], [ 745817.924, 2574421.915 ], [ 745817.924, 2574419.514999999664724 ], [ 745817.812000000034459, 2574417.114999999757856 ], [ 745817.624000000068918, 2574415.014999999664724 ], [ 745817.624000000068918, 2574412.614999999757856 ], [ 745817.624000000068918, 2574410.214999999850988 ], [ 745817.62, 2574407.815 ], [ 745817.489000000059605, 2574405.415 ], [ 745817.54100000008475, 2574403.014999999664724 ], [ 745817.624000000068918, 2574400.614999999757856 ], [ 745817.786000000080094, 2574398.514999999664724 ], [ 745817.794, 2574396.114999999757856 ], [ 745817.924, 2574393.714999999850988 ], [ 745817.924, 2574391.315 ], [ 745818.173000000067987, 2574389.214999999850988 ], [ 745818.224000000045635, 2574386.815 ], [ 745818.224000000045635, 2574384.415 ], [ 745818.275000000023283, 2574382.014999999664724 ], [ 745818.335000000079162, 2574380.214999999850988 ], [ 745818.224000000045635, 2574377.815 ], [ 745818.224000000045635, 2574375.415 ], [ 745818.224000000045635, 2574373.014999999664724 ], [ 745817.962000000057742, 2574370.915 ], [ 745817.923000000067987, 2574368.514999999664724 ], [ 745818.036000000080094, 2574366.114999999757856 ], [ 745818.224000000045635, 2574364.014999999664724 ], [ 745818.294, 2574361.614999999757856 ], [ 745818.506000000052154, 2574359.514999999664724 ], [ 745818.575000000069849, 2574357.114999999757856 ], [ 745818.824000000022352, 2574355.014999999664724 ], [ 745818.824000000022352, 2574352.614999999757856 ], [ 745819.011999999987893, 2574350.514999999664724 ], [ 745819.124000000068918, 2574348.114999999757856 ], [ 745819.369000000064261, 2574346.014999999664724 ], [ 745819.42000000004191, 2574343.614999999757856 ], [ 745819.612000000081025, 2574341.514999999664724 ], [ 745819.724000000045635, 2574339.114999999757856 ], [ 745819.724000000045635, 2574336.714999999850988 ], [ 745819.724000000045635, 2574334.315 ], [ 745819.973, 2574332.214999999850988 ], [ 745819.830000000074506, 2574330.114999999757856 ], [ 745820.024000000092201, 2574328.014999999664724 ], [ 745820.212000000057742, 2574325.915 ], [ 745820.324000000022352, 2574323.514999999664724 ], [ 745820.474000000045635, 2574321.119999999646097 ], [ 745820.568000000086613, 2574319.014999999664724 ], [ 745820.174, 2574317.214999999850988 ], [ 745820.619000000064261, 2574315.415 ], [ 745820.624000000068918, 2574313.014999999664724 ], [ 745820.625, 2574310.614999999757856 ], [ 745820.774000000092201, 2574308.665 ], [ 745820.923000000067987, 2574306.714999999850988 ], [ 745820.924, 2574304.315 ], [ 745821.054, 2574301.915 ], [ 745821.074000000022352, 2574299.665 ], [ 745821.224000000045635, 2574297.415 ], [ 745821.224000000045635, 2574295.014999999664724 ], [ 745821.224000000045635, 2574292.614999999757856 ], [ 745821.332000000053085, 2574290.214999999850988 ], [ 745821.511000000056811, 2574288.114999999757856 ], [ 745821.524000000092201, 2574285.714999999850988 ], [ 745821.828000000095926, 2574283.614999999757856 ], [ 745822.874000000068918, 2574282.142 ], [ 745824.844000000040978, 2574281.815 ], [ 745825.424, 2574280.014999999664724 ], [ 745824.674, 2574278.407999999821186 ], [ 745822.560999999986961, 2574278.214999999850988 ], [ 745821.824000000022352, 2574276.415 ], [ 745822.074000000022352, 2574274.315 ], [ 745822.402, 2574272.214999999850988 ], [ 745821.99800000002142, 2574270.114999999757856 ], [ 745822.274000000092201, 2574267.74599999981001 ], [ 745822.723, 2574265.915 ], [ 745822.724000000045635, 2574263.514999999664724 ], [ 745822.617000000085682, 2574261.114999999757856 ], [ 745822.593, 2574259.315 ], [ 745822.63800000003539, 2574257.514999999664724 ], [ 745822.724000000045635, 2574255.114999999757856 ], [ 745822.724000000045635, 2574252.714999999850988 ], [ 745822.724000000045635, 2574250.315 ], [ 745822.724000000045635, 2574247.915 ], [ 745822.724000000045635, 2574245.514999999664724 ], [ 745822.724000000045635, 2574243.114999999757856 ], [ 745822.724000000045635, 2574240.714999999850988 ], [ 745822.724000000045635, 2574238.315 ], [ 745822.574000000022352, 2574236.065 ], [ 745822.424, 2574233.815 ], [ 745822.18100000009872, 2574231.714999999850988 ], [ 745821.542000000015832, 2574229.915 ], [ 745821.524000000092201, 2574227.514999999664724 ], [ 745821.412000000011176, 2574225.114999999757856 ], [ 745821.374000000068918, 2574223.083999999798834 ], [ 745822.491000000038184, 2574221.815 ], [ 745821.600000000093132, 2574220.315 ], [ 745821.177000000025146, 2574218.214999999850988 ], [ 745820.971000000019558, 2574216.114999999757856 ], [ 745820.995, 2574213.714999999850988 ], [ 745820.925000000046566, 2574211.315 ], [ 745821.093, 2574209.214999999850988 ], [ 745820.957000000053085, 2574207.114999999757856 ], [ 745821.177000000025146, 2574205.014999999664724 ], [ 745821.968, 2574203.214999999850988 ], [ 745823.774000000092201, 2574202.895999999716878 ], [ 745825.874000000068918, 2574202.933999999891967 ], [ 745828.274000000092201, 2574203.059999999590218 ], [ 745830.374000000068918, 2574202.875999999698251 ], [ 745832.774000000092201, 2574202.764999999664724 ], [ 745835.174, 2574202.764999999664724 ], [ 745837.574000000022352, 2574202.764999999664724 ], [ 745839.974000000045635, 2574202.764999999664724 ], [ 745842.374000000068918, 2574202.764999999664724 ], [ 745844.774000000092201, 2574202.768999999854714 ], [ 745845.883000000030734, 2574202.915 ] ] } },
{ "type": "Feature", "properties": { "path": "Bhopal_8" }, "geometry": { "type": "LineString", "coordinates": [ [ 745774.236000000033528, 2573812.261 ], [ 745772.937999999965541, 2573813.484000000171363 ], [ 745773.336000000010245, 2573815.833999999798834 ], [ 745773.45499999995809, 2573818.284 ], [ 745773.67000000004191, 2573820.683999999891967 ], [ 745773.503999999957159, 2573823.083999999798834 ], [ 745773.655999999959022, 2573825.484000000171363 ], [ 745773.236000000033528, 2573827.583999999798834 ], [ 745772.177000000025146, 2573829.384 ], [ 745772.211000000010245, 2573831.484000000171363 ], [ 745772.157999999937601, 2573834.183999999891967 ], [ 745771.88, 2573835.984000000171363 ], [ 745771.981999999959953, 2573838.683999999891967 ], [ 745770.961000000010245, 2573840.484000000171363 ], [ 745768.836000000010245, 2573840.916999999899417 ], [ 745766.435999999986961, 2573841.217000000178814 ], [ 745764.035999999963678, 2573841.501000000163913 ], [ 745761.635999999940395, 2573841.838 ], [ 745759.236000000033528, 2573842.088 ], [ 745756.959999999962747, 2573842.583999999798834 ], [ 745754.736000000033528, 2573843.048 ], [ 745752.336000000010245, 2573843.333999999798834 ], [ 745749.935999999986961, 2573843.583000000100583 ], [ 745747.236000000033528, 2573843.639 ], [ 745744.836000000010245, 2573844.045 ], [ 745742.736000000033528, 2573844.386 ], [ 745740.185999999986961, 2573844.683999999891967 ], [ 745738.023999999975786, 2573844.384 ], [ 745737.125999999931082, 2573842.583999999798834 ], [ 745736.636999999987893, 2573840.484000000171363 ], [ 745736.135999999940395, 2573838.234000000171363 ], [ 745735.535999999963678, 2573836.23 ], [ 745734.20699999993667, 2573834.784 ], [ 745732.836000000010245, 2573833.345000000204891 ], [ 745731.574000000022352, 2573832.083999999798834 ], [ 745730.135999999940395, 2573830.824 ], [ 745728.995, 2573829.083999999798834 ], [ 745727.675999999977648, 2573827.884 ], [ 745726.238000000012107, 2573826.384 ], [ 745724.731000000028871, 2573826.384 ], [ 745724.336999999941327, 2573828.183999999891967 ], [ 745725.189999999944121, 2573829.984000000171363 ], [ 745726.236000000033528, 2573831.600999999791384 ], [ 745727.435999999986961, 2573833.034 ], [ 745728.817999999970198, 2573834.484000000171363 ], [ 745729.802000000025146, 2573836.284 ], [ 745730.87, 2573837.784 ], [ 745731.145000000018626, 2573840.183999999891967 ], [ 745731.550999999977648, 2573842.583999999798834 ], [ 745731.954000000027008, 2573844.683999999891967 ], [ 745730.856000000028871, 2573846.183999999891967 ], [ 745728.935999999986961, 2573846.933999999891967 ], [ 745726.684999999939464, 2573847.384 ], [ 745724.435999999986961, 2573847.723000000230968 ], [ 745722.035999999963678, 2573848.083000000100583 ], [ 745719.486000000033528, 2573848.284 ], [ 745716.935999999986961, 2573848.546 ], [ 745714.535999999963678, 2573848.739 ], [ 745712.135999999940395, 2573849.038000000175089 ], [ 745709.736000000033528, 2573849.333999999798834 ], [ 745707.035999999963678, 2573849.352 ], [ 745704.893999999971129, 2573849.784 ], [ 745703.435999999986961, 2573851.18099999986589 ], [ 745701.336000000010245, 2573851.734000000171363 ], [ 745698.935999999986961, 2573852.146000000182539 ], [ 745696.836000000010245, 2573852.517 ], [ 745694.959999999962747, 2573851.884 ], [ 745694.174999999930151, 2573849.784 ], [ 745693.535999999963678, 2573847.889 ], [ 745692.88, 2573845.884 ], [ 745692.035999999963678, 2573844.065 ], [ 745691.435999999986961, 2573841.9 ], [ 745690.63, 2573839.884 ], [ 745689.635999999940395, 2573838.202 ], [ 745689.292000000015832, 2573835.984000000171363 ], [ 745688.435999999986961, 2573834.035000000149012 ], [ 745687.282, 2573832.384 ], [ 745686.544, 2573833.884 ], [ 745687.439000000013039, 2573835.683999999891967 ], [ 745688.23499999998603, 2573837.484000000171363 ], [ 745688.826, 2573839.583999999798834 ], [ 745689.454000000027008, 2573841.683999999891967 ], [ 745690.236000000033528, 2573843.69 ], [ 745690.888999999966472, 2573845.583999999798834 ], [ 745691.552999999956228, 2573847.683999999891967 ], [ 745692.185999999986961, 2573849.784 ], [ 745692.336000000010245, 2573851.994 ], [ 745691.135999999940395, 2573853.58 ], [ 745689.035999999963678, 2573854.027000000234693 ], [ 745686.635999999940395, 2573854.545 ], [ 745684.535999999963678, 2573854.915 ], [ 745682.135999999940395, 2573855.385000000242144 ], [ 745680.035999999963678, 2573855.883 ], [ 745677.635999999940395, 2573856.268000000156462 ], [ 745675.236000000033528, 2573856.646999999880791 ], [ 745673.135999999940395, 2573857.134 ], [ 745671.035999999963678, 2573857.626999999862164 ], [ 745668.635999999940395, 2573858.145 ], [ 745666.535999999963678, 2573858.600999999791384 ], [ 745664.294, 2573859.083999999798834 ], [ 745662.035999999963678, 2573859.642 ], [ 745659.935999999986961, 2573860.04 ], [ 745657.535999999963678, 2573860.549999999813735 ], [ 745655.435999999986961, 2573861.048 ], [ 745653.336000000010245, 2573861.527000000234693 ], [ 745650.935999999986961, 2573861.984999999869615 ], [ 745648.836000000010245, 2573862.487999999895692 ], [ 745646.577999999979511, 2573862.984000000171363 ], [ 745644.336000000010245, 2573863.528 ], [ 745642.236000000033528, 2573863.94 ], [ 745639.836000000010245, 2573864.446 ], [ 745637.736000000033528, 2573864.88799999980256 ], [ 745635.336000000010245, 2573865.346 ], [ 745633.236000000033528, 2573865.818 ], [ 745630.836000000010245, 2573866.18099999986589 ], [ 745628.587999999988824, 2573866.583999999798834 ], [ 745626.589000000036322, 2573867.183999999891967 ], [ 745624.535999999963678, 2573868.065 ], [ 745622.435999999986961, 2573868.674999999813735 ], [ 745622.383000000030734, 2573870.484000000171363 ], [ 745620.903999999980442, 2573871.683999999891967 ], [ 745620.336000000010245, 2573873.532000000122935 ], [ 745622.135999999940395, 2573874.551 ], [ 745624.236000000033528, 2573874.626999999862164 ], [ 745626.336000000010245, 2573873.933999999891967 ], [ 745628.283999999985099, 2573873.183999999891967 ], [ 745630.236000000033528, 2573872.324 ], [ 745632.336000000010245, 2573871.762000000104308 ], [ 745634.435999999986961, 2573871.981999999843538 ], [ 745636.535999999963678, 2573872.510000000242144 ], [ 745638.336000000010245, 2573873.295 ], [ 745640.736000000033528, 2573872.98 ], [ 745642.836000000010245, 2573872.435 ], [ 745644.935999999986961, 2573872.393999999854714 ], [ 745646.38, 2573873.784 ], [ 745647.185999999986961, 2573875.583999999798834 ], [ 745647.897, 2573877.683999999891967 ], [ 745648.587999999988824, 2573879.484000000171363 ], [ 745649.253000000026077, 2573881.583999999798834 ], [ 745649.92000000004191, 2573883.683999999891967 ], [ 745650.584999999962747, 2573885.784 ], [ 745651.236000000033528, 2573887.761 ], [ 745651.836000000010245, 2573889.861 ], [ 745652.435999999986961, 2573891.933999999891967 ], [ 745652.932000000029802, 2573894.183999999891967 ], [ 745652.900000000023283, 2573896.884 ], [ 745653.017, 2573899.583999999798834 ], [ 745652.885999999940395, 2573902.284 ], [ 745652.885999999940395, 2573904.984000000171363 ], [ 745652.87300000002142, 2573907.683999999891967 ], [ 745652.885999999940395, 2573910.384 ], [ 745652.885999999940395, 2573913.083999999798834 ], [ 745652.885999999940395, 2573915.784 ], [ 745652.885999999940395, 2573918.484000000171363 ], [ 745652.885999999940395, 2573921.183999999891967 ], [ 745652.885999999940395, 2573923.884 ], [ 745652.343, 2573925.984000000171363 ], [ 745650.635999999940395, 2573927.015999999828637 ], [ 745647.935999999986961, 2573926.977 ], [ 745645.535999999963678, 2573926.865000000223517 ], [ 745643.435999999986961, 2573926.753 ], [ 745641.035999999963678, 2573927.015000000130385 ], [ 745639.236000000033528, 2573927.484000000171363 ], [ 745636.836000000010245, 2573927.146999999880791 ], [ 745634.736000000033528, 2573927.622 ], [ 745632.635999999940395, 2573928.109000000171363 ], [ 745633.836000000010245, 2573929.359999999869615 ], [ 745636.108, 2573928.984000000171363 ], [ 745638.035999999963678, 2573929.558000000193715 ], [ 745640.135999999940395, 2573930.17 ], [ 745642.236000000033528, 2573930.629999999888241 ], [ 745644.696, 2573930.784 ], [ 745647.035999999963678, 2573931.234999999869615 ], [ 745649.435999999986961, 2573931.529999999795109 ], [ 745651.836000000010245, 2573931.807 ], [ 745652.586000000010245, 2573933.784 ], [ 745652.591000000014901, 2573936.484000000171363 ], [ 745652.885999999940395, 2573938.884 ], [ 745652.919, 2573941.583999999798834 ], [ 745652.951999999932013, 2573944.284 ], [ 745652.912999999942258, 2573946.384 ], [ 745651.236000000033528, 2573947.384 ], [ 745649.135999999940395, 2573947.998000000137836 ], [ 745647.51, 2573949.083999999798834 ], [ 745645.535999999963678, 2573949.887000000104308 ], [ 745643.51300000003539, 2573950.583999999798834 ], [ 745644.807000000029802, 2573952.083999999798834 ], [ 745646.435999999986961, 2573952.069999999832362 ], [ 745649.135999999940395, 2573951.933999999891967 ], [ 745651.836000000010245, 2573952.001000000163913 ], [ 745653.153999999980442, 2573953.284 ], [ 745653.334999999962747, 2573955.384 ], [ 745653.486000000033528, 2573957.784 ], [ 745653.469000000040978, 2573960.484000000171363 ], [ 745653.187000000034459, 2573962.884 ], [ 745653.187000000034459, 2573965.583999999798834 ], [ 745653.481999999959953, 2573967.984000000171363 ], [ 745653.486000000033528, 2573970.683999999891967 ], [ 745653.238000000012107, 2573973.083999999798834 ], [ 745653.035999999963678, 2573975.634 ], [ 745652.885999999940395, 2573978.183999999891967 ], [ 745652.885999999940395, 2573980.884 ], [ 745652.886999999987893, 2573983.583999999798834 ], [ 745652.902999999932945, 2573986.284 ], [ 745652.900000000023283, 2573988.984000000171363 ], [ 745652.885999999940395, 2573991.683999999891967 ], [ 745652.78000000002794, 2573994.384 ], [ 745652.603999999933876, 2573996.784 ], [ 745652.337999999988824, 2573999.183999999891967 ], [ 745652.285999999963678, 2574001.884 ], [ 745652.098, 2574004.284 ], [ 745651.986000000033528, 2574006.984000000171363 ], [ 745651.986000000033528, 2574009.683999999891967 ], [ 745651.915999999968335, 2574012.384 ], [ 745651.986000000033528, 2574015.083999999798834 ], [ 745651.986000000033528, 2574017.784 ], [ 745651.991000000038184, 2574020.484000000171363 ], [ 745652.532, 2574022.583999999798834 ], [ 745652.63800000003539, 2574025.284 ], [ 745652.886999999987893, 2574027.683999999891967 ], [ 745653.125, 2574030.083999999798834 ], [ 745653.185999999986961, 2574032.784 ], [ 745653.297999999951571, 2574035.484000000171363 ], [ 745653.486000000033528, 2574037.884 ], [ 745653.616999999969266, 2574040.583999999798834 ], [ 745653.469000000040978, 2574043.284 ], [ 745653.185999999986961, 2574045.683999999891967 ], [ 745652.903999999980442, 2574048.083999999798834 ], [ 745652.697999999974854, 2574050.484000000171363 ], [ 745652.474999999976717, 2574053.183999999891967 ], [ 745652.032999999937601, 2574055.284 ], [ 745651.236000000033528, 2574057.30599999986589 ], [ 745650.187999999965541, 2574058.884 ], [ 745649.135999999940395, 2574060.606000000145286 ], [ 745648.087999999988824, 2574062.183999999891967 ], [ 745647.035999999963678, 2574063.775 ], [ 745645.535999999963678, 2574065.035000000149012 ], [ 745644.226000000024214, 2574066.384 ], [ 745643.135999999940395, 2574068.12099999981001 ], [ 745642.535999999963678, 2574070.136 ], [ 745642.386999999987893, 2574072.683999999891967 ], [ 745642.699999999953434, 2574075.083999999798834 ], [ 745643.224999999976717, 2574077.183999999891967 ], [ 745643.351999999955297, 2574079.284 ], [ 745643.586999999941327, 2574081.683999999891967 ], [ 745643.89000000001397, 2574084.083999999798834 ], [ 745644.23699999996461, 2574086.484000000171363 ], [ 745644.635999999940395, 2574088.734000000171363 ], [ 745645.040000000037253, 2574090.984000000171363 ], [ 745645.535999999963678, 2574093.244 ], [ 745645.685999999986961, 2574095.784 ], [ 745645.687000000034459, 2574098.484000000171363 ], [ 745646.060999999986961, 2574100.884 ], [ 745646.236000000033528, 2574103.284 ], [ 745646.58199999993667, 2574105.683999999891967 ], [ 745645.836000000010245, 2574107.606999999843538 ], [ 745643.586000000010245, 2574108.083999999798834 ], [ 745641.336000000010245, 2574108.423 ], [ 745638.935999999986961, 2574108.782999999821186 ], [ 745636.535999999963678, 2574109.179 ], [ 745634.545999999972992, 2574109.884 ], [ 745633.878999999957159, 2574111.984000000171363 ], [ 745635.336000000010245, 2574112.867999999783933 ], [ 745637.17000000004191, 2574112.884 ], [ 745639.385, 2574113.484000000171363 ], [ 745641.935999999986961, 2574113.634 ], [ 745644.336000000010245, 2574113.396000000182539 ], [ 745646.736000000033528, 2574113.606000000145286 ], [ 745648.049, 2574114.984000000171363 ], [ 745648.574000000022352, 2574117.083999999798834 ], [ 745648.704000000027008, 2574119.784 ], [ 745649.003999999957159, 2574122.183999999891967 ], [ 745649.287000000011176, 2574124.583999999798834 ], [ 745649.58199999993667, 2574126.984000000171363 ], [ 745649.586000000010245, 2574129.683999999891967 ], [ 745649.599999999976717, 2574132.384 ], [ 745649.868999999947846, 2574134.784 ], [ 745649.885999999940395, 2574137.484000000171363 ], [ 745649.937999999965541, 2574140.183999999891967 ], [ 745649.99800000002142, 2574142.284 ], [ 745650.135, 2574144.683999999891967 ], [ 745650.297999999951571, 2574147.384 ], [ 745650.537999999942258, 2574149.784 ], [ 745650.787000000011176, 2574152.183999999891967 ], [ 745651.069000000017695, 2574154.583999999798834 ], [ 745651.086000000010245, 2574157.284 ], [ 745651.236000000033528, 2574159.833999999798834 ], [ 745651.32999999995809, 2574162.384 ], [ 745651.386999999987893, 2574165.083999999798834 ], [ 745651.836000000010245, 2574167.466 ], [ 745652.135999999940395, 2574169.741 ], [ 745652.520999999949709, 2574171.984000000171363 ], [ 745652.761999999987893, 2574174.384 ], [ 745653.067999999970198, 2574176.784 ], [ 745652.435999999986961, 2574178.696 ], [ 745652.569000000017695, 2574180.984000000171363 ], [ 745652.586000000010245, 2574183.683999999891967 ], [ 745652.636999999987893, 2574186.384 ], [ 745652.005, 2574188.484000000171363 ], [ 745652.216000000014901, 2574190.884 ], [ 745651.986000000033528, 2574193.284 ], [ 745651.986000000033528, 2574195.984000000171363 ], [ 745651.986000000033528, 2574198.683999999891967 ], [ 745651.165000000037253, 2574200.484000000171363 ], [ 745648.836000000010245, 2574200.827 ], [ 745646.736000000033528, 2574201.531 ], [ 745644.635999999940395, 2574202.04 ], [ 745642.236000000033528, 2574202.565 ], [ 745641.635999999940395, 2574203.579 ], [ 745644.035999999963678, 2574203.986 ], [ 745646.435999999986961, 2574204.109999999869615 ], [ 745648.836000000010245, 2574204.004999999888241 ], [ 745651.236000000033528, 2574204.23 ], [ 745653.336000000010245, 2574203.63799999980256 ], [ 745655.736000000033528, 2574203.352 ], [ 745657.836000000010245, 2574203.399000000208616 ], [ 745660.535999999963678, 2574203.335 ], [ 745662.935999999986961, 2574203.597 ], [ 745665.635999999940395, 2574203.634 ], [ 745668.336000000010245, 2574203.742 ], [ 745670.435999999986961, 2574204.108 ], [ 745673.135999999940395, 2574204.234000000171363 ], [ 745675.836000000010245, 2574204.234000000171363 ], [ 745678.535999999963678, 2574204.234000000171363 ], [ 745681.236000000033528, 2574204.234000000171363 ], [ 745683.635999999940395, 2574204.423 ], [ 745686.248999999952503, 2574204.384 ], [ 745688.435999999986961, 2574204.534 ], [ 745691.135999999940395, 2574204.517 ], [ 745693.535999999963678, 2574204.103000000119209 ], [ 745695.935999999986961, 2574204.051 ], [ 745698.336000000010245, 2574204.183000000193715 ], [ 745700.736000000033528, 2574203.933999999891967 ], [ 745703.135999999940395, 2574203.69 ], [ 745705.836000000010245, 2574203.631 ], [ 745707.709000000031665, 2574202.884 ], [ 745708.086000000010245, 2574200.484000000171363 ], [ 745708.196999999927357, 2574197.784 ], [ 745708.103999999933876, 2574195.683999999891967 ], [ 745708.086000000010245, 2574192.984000000171363 ], [ 745707.917999999946915, 2574190.583999999798834 ], [ 745707.956, 2574188.183999999891967 ], [ 745708.086000000010245, 2574185.484000000171363 ], [ 745707.951, 2574182.784 ], [ 745707.971000000019558, 2574180.083999999798834 ], [ 745708.069000000017695, 2574177.984000000171363 ], [ 745708.174, 2574175.284 ], [ 745707.900000000023283, 2574172.884 ], [ 745708.535999999963678, 2574171.021000000182539 ], [ 745709.736000000033528, 2574169.416000000201166 ], [ 745710.935999999986961, 2574168.043 ], [ 745712.435999999986961, 2574166.734999999869615 ], [ 745713.935999999986961, 2574165.548 ], [ 745715.736000000033528, 2574164.76299999980256 ], [ 745718.435999999986961, 2574164.629999999888241 ], [ 745721.135999999940395, 2574164.572999999858439 ], [ 745723.836000000010245, 2574164.634 ], [ 745726.535999999963678, 2574164.614 ], [ 745729.236000000033528, 2574164.62900000018999 ], [ 745731.635999999940395, 2574164.333999999798834 ], [ 745734.035999999963678, 2574163.927000000141561 ], [ 745736.135999999940395, 2574163.358 ], [ 745737.935999999986961, 2574162.418 ], [ 745739.135999999940395, 2574161.123999999836087 ], [ 745740.38, 2574159.683999999891967 ], [ 745741.491000000038184, 2574157.884 ], [ 745742.003000000026077, 2574155.784 ], [ 745742.150999999954365, 2574153.984000000171363 ], [ 745742.098, 2574151.583999999798834 ], [ 745741.986000000033528, 2574148.884 ], [ 745741.981999999959953, 2574146.183999999891967 ], [ 745741.687000000034459, 2574143.784 ], [ 745741.665000000037253, 2574141.083999999798834 ], [ 745740.853999999933876, 2574139.284 ], [ 745740.785999999963678, 2574136.583999999798834 ], [ 745740.785999999963678, 2574133.884 ], [ 745740.755, 2574131.183999999891967 ], [ 745740.60999999998603, 2574128.784 ], [ 745740.486000000033528, 2574126.083999999798834 ], [ 745740.598999999929219, 2574123.384 ], [ 745741.400000000023283, 2574121.583999999798834 ], [ 745743.035999999963678, 2574120.651 ], [ 745745.736000000033528, 2574120.534 ], [ 745748.135999999940395, 2574120.723000000230968 ], [ 745750.535999999963678, 2574121.083000000100583 ], [ 745752.935999999986961, 2574120.727 ], [ 745755.035999999963678, 2574120.200999999884516 ], [ 745756.028999999980442, 2574118.583999999798834 ], [ 745753.836000000010245, 2574118.024000000208616 ], [ 745751.435999999986961, 2574117.833999999798834 ], [ 745749.035999999963678, 2574117.646000000182539 ], [ 745746.336000000010245, 2574117.534 ], [ 745743.635999999940395, 2574117.529999999795109 ], [ 745741.535999999963678, 2574117.065 ], [ 745740.491999999969266, 2574115.284 ], [ 745740.486000000033528, 2574112.583999999798834 ], [ 745739.87, 2574110.484000000171363 ], [ 745740.314999999944121, 2574108.683999999891967 ], [ 745740.375, 2574106.284 ], [ 745740.185999999986961, 2574103.884 ], [ 745740.185999999986961, 2574101.183999999891967 ], [ 745740.187000000034459, 2574098.484000000171363 ], [ 745740.464000000036322, 2574096.083999999798834 ], [ 745740.238000000012107, 2574093.683999999891967 ], [ 745740.20499999995809, 2574091.583999999798834 ], [ 745740.935999999986961, 2574089.532999999821186 ], [ 745743.336000000010245, 2574089.321 ], [ 745745.736000000033528, 2574089.032000000122935 ], [ 745747.099999999976717, 2574088.284 ], [ 745744.535999999963678, 2574088.15 ], [ 745741.836000000010245, 2574088.146999999880791 ], [ 745739.674, 2574087.683999999891967 ], [ 745739.23499999998603, 2574085.284 ], [ 745739.174, 2574083.183999999891967 ], [ 745739.042000000015832, 2574080.784 ], [ 745739.003999999957159, 2574078.683999999891967 ], [ 745738.986000000033528, 2574075.984000000171363 ], [ 745738.986000000033528, 2574073.284 ], [ 745738.986000000033528, 2574070.583999999798834 ], [ 745738.986000000033528, 2574067.884 ], [ 745738.986000000033528, 2574065.183999999891967 ], [ 745738.986000000033528, 2574062.484000000171363 ], [ 745738.986000000033528, 2574059.784 ], [ 745738.986000000033528, 2574057.083999999798834 ], [ 745738.986000000033528, 2574054.384 ], [ 745739.003999999957159, 2574051.683999999891967 ], [ 745739.050999999977648, 2574049.583999999798834 ], [ 745739.135999999940395, 2574047.082 ], [ 745739.285999999963678, 2574044.484000000171363 ], [ 745739.285999999963678, 2574041.784 ], [ 745739.285999999963678, 2574039.083999999798834 ], [ 745739.314000000013039, 2574036.384 ], [ 745738.538999999989755, 2574034.284 ], [ 745738.927000000025146, 2574032.484000000171363 ], [ 745738.817999999970198, 2574030.083999999798834 ], [ 745739.51300000003539, 2574028.284 ], [ 745739.569000000017695, 2574026.183999999891967 ], [ 745739.586000000010245, 2574023.484000000171363 ], [ 745739.586000000010245, 2574020.784 ], [ 745739.586999999941327, 2574018.083999999798834 ], [ 745740.336000000010245, 2574016.123000000137836 ], [ 745742.736000000033528, 2574015.704 ], [ 745745.435999999986961, 2574015.724 ], [ 745747.535999999963678, 2574015.262000000104308 ], [ 745749.935999999986961, 2574014.805000000167638 ], [ 745752.035999999963678, 2574015.582 ], [ 745754.192999999970198, 2574015.683999999891967 ], [ 745756.236000000033528, 2574014.964999999850988 ], [ 745758.635999999940395, 2574015.33600000012666 ], [ 745760.312999999965541, 2574014.784 ], [ 745759.535999999963678, 2574013.333000000100583 ], [ 745757.135999999940395, 2574013.262000000104308 ], [ 745755.035999999963678, 2574013.619 ], [ 745752.663999999989755, 2574013.284 ], [ 745750.535999999963678, 2574012.835 ], [ 745747.836000000010245, 2574012.816999999806285 ], [ 745745.736000000033528, 2574012.704 ], [ 745743.520999999949709, 2574012.384 ], [ 745741.535999999963678, 2574012.177999999839813 ], [ 745739.765999999945052, 2574011.784 ], [ 745739.586000000010245, 2574009.384 ], [ 745739.586000000010245, 2574006.683999999891967 ], [ 745739.736000000033528, 2574004.134 ], [ 745739.885999999940395, 2574001.583999999798834 ], [ 745739.885999999940395, 2573998.884 ], [ 745739.885999999940395, 2573996.183999999891967 ], [ 745739.886999999987893, 2573993.484000000171363 ], [ 745740.182000000029802, 2573991.083999999798834 ], [ 745740.185999999986961, 2573988.384 ], [ 745740.185999999986961, 2573985.683999999891967 ], [ 745740.187000000034459, 2573982.984000000171363 ], [ 745740.287000000011176, 2573980.284 ], [ 745740.486000000033528, 2573977.884 ], [ 745740.486000000033528, 2573975.183999999891967 ], [ 745740.486000000033528, 2573972.484000000171363 ], [ 745740.486000000033528, 2573969.784 ], [ 745740.486000000033528, 2573967.083999999798834 ], [ 745740.542000000015832, 2573964.384 ], [ 745741.790000000037253, 2573962.884 ], [ 745743.935999999986961, 2573962.452 ], [ 745746.336000000010245, 2573962.186000000219792 ], [ 745749.035999999963678, 2573962.083000000100583 ], [ 745751.177000000025146, 2573961.683999999891967 ], [ 745751.435999999986961, 2573960.105 ], [ 745749.035999999963678, 2573960.333999999798834 ], [ 745746.635999999940395, 2573960.08600000012666 ], [ 745744.236000000033528, 2573960.282999999821186 ], [ 745741.535999999963678, 2573960.399000000208616 ], [ 745740.491999999969266, 2573958.683999999891967 ], [ 745740.486000000033528, 2573955.984000000171363 ], [ 745740.486000000033528, 2573953.284 ], [ 745740.429999999934807, 2573950.583999999798834 ], [ 745740.486000000033528, 2573947.884 ], [ 745740.486000000033528, 2573945.183999999891967 ], [ 745740.486000000033528, 2573942.484000000171363 ], [ 745740.486000000033528, 2573939.784 ], [ 745740.635999999940395, 2573937.234000000171363 ], [ 745740.694999999948777, 2573934.683999999891967 ], [ 745741.206, 2573932.284 ], [ 745742.736000000033528, 2573931.205 ], [ 745744.836000000010245, 2573930.68099999986589 ], [ 745747.096000000019558, 2573930.183999999891967 ], [ 745749.635999999940395, 2573930.034 ], [ 745752.035999999963678, 2573929.734000000171363 ], [ 745754.435999999986961, 2573929.31900000013411 ], [ 745756.836000000010245, 2573929.06900000013411 ], [ 745757.582999999984168, 2573927.183999999891967 ], [ 745759.535999999963678, 2573926.919000000227243 ], [ 745761.623999999952503, 2573927.784 ], [ 745762.726000000024214, 2573926.583999999798834 ], [ 745762.836000000010245, 2573924.819999999832362 ], [ 745760.736000000033528, 2573925.427000000141561 ], [ 745758.635999999940395, 2573924.798 ], [ 745757.135999999940395, 2573923.856999999843538 ], [ 745755.336000000010245, 2573924.531 ], [ 745753.535999999963678, 2573925.676 ], [ 745751.883999999961816, 2573926.583999999798834 ], [ 745749.935999999986961, 2573927.282999999821186 ], [ 745747.535999999963678, 2573927.583000000100583 ], [ 745744.836000000010245, 2573927.634 ], [ 745742.135999999940395, 2573927.629999999888241 ], [ 745740.336000000010245, 2573926.773 ], [ 745740.187000000034459, 2573924.183999999891967 ], [ 745740.469000000040978, 2573921.784 ], [ 745740.486000000033528, 2573919.083999999798834 ], [ 745740.486000000033528, 2573916.384 ], [ 745740.486000000033528, 2573913.683999999891967 ], [ 745740.486000000033528, 2573910.984000000171363 ], [ 745740.486000000033528, 2573908.284 ], [ 745740.434999999939464, 2573905.583999999798834 ], [ 745740.185999999986961, 2573903.183999999891967 ], [ 745740.185999999986961, 2573900.484000000171363 ], [ 745740.182000000029802, 2573897.784 ], [ 745739.886999999987893, 2573895.384 ], [ 745739.885999999940395, 2573892.683999999891967 ], [ 745739.885999999940395, 2573889.984000000171363 ], [ 745739.736000000033528, 2573887.433999999891967 ], [ 745739.586000000010245, 2573884.884 ], [ 745739.498999999952503, 2573882.183999999891967 ], [ 745739.290999999968335, 2573879.784 ], [ 745739.290999999968335, 2573877.083999999798834 ], [ 745739.337999999988824, 2573874.384 ], [ 745739.586000000010245, 2573871.984000000171363 ], [ 745739.586000000010245, 2573869.284 ], [ 745739.135999999940395, 2573866.998000000137836 ], [ 745738.986000000033528, 2573864.484000000171363 ], [ 745739.116999999969266, 2573861.784 ], [ 745739.0, 2573859.083999999798834 ], [ 745739.381999999983236, 2573856.683999999891967 ], [ 745740.0, 2573854.583999999798834 ], [ 745741.236000000033528, 2573853.197999999858439 ], [ 745742.736000000033528, 2573851.984000000171363 ], [ 745744.721000000019558, 2573851.284 ], [ 745746.935999999986961, 2573850.740000000223517 ], [ 745749.035999999963678, 2573850.234000000171363 ], [ 745751.435999999986961, 2573849.930000000167638 ], [ 745753.836000000010245, 2573849.617999999783933 ], [ 745756.236000000033528, 2573849.316999999806285 ], [ 745758.635999999940395, 2573848.983 ], [ 745761.035999999963678, 2573848.623000000137836 ], [ 745763.435999999986961, 2573848.322999999858439 ], [ 745765.836000000010245, 2573848.117 ], [ 745768.236000000033528, 2573847.782999999821186 ], [ 745770.635999999940395, 2573847.423 ], [ 745773.035999999963678, 2573847.123000000137836 ], [ 745775.435999999986961, 2573846.916999999899417 ], [ 745777.836000000010245, 2573846.523 ], [ 745780.236000000033528, 2573846.33 ], [ 745782.635999999940395, 2573846.018000000156462 ], [ 745785.035999999963678, 2573845.717000000178814 ], [ 745787.435999999986961, 2573845.430000000167638 ], [ 745789.836000000010245, 2573845.134 ], [ 745792.236000000033528, 2573844.833999999798834 ], [ 745794.635999999940395, 2573844.518000000156462 ], [ 745797.035999999963678, 2573844.213 ], [ 745798.836000000010245, 2573843.464999999850988 ], [ 745801.236000000033528, 2573843.072999999858439 ], [ 745803.935999999986961, 2573843.034 ], [ 745806.035999999963678, 2573842.433999999891967 ], [ 745807.836000000010245, 2573841.58 ], [ 745809.336000000010245, 2573840.781 ], [ 745807.858999999938533, 2573839.284 ], [ 745807.26500000001397, 2573837.183999999891967 ], [ 745805.435999999986961, 2573836.902000000234693 ], [ 745803.035999999963678, 2573836.656 ], [ 745800.635999999940395, 2573836.924000000115484 ], [ 745798.236000000033528, 2573837.301 ], [ 745795.836000000010245, 2573837.635000000242144 ], [ 745793.736000000033528, 2573838.157999999821186 ], [ 745791.486000000033528, 2573838.683999999891967 ], [ 745789.236000000033528, 2573839.023 ], [ 745786.685999999986961, 2573839.284 ], [ 745784.135999999940395, 2573839.546 ], [ 745781.736000000033528, 2573839.846 ], [ 745779.471000000019558, 2573840.183999999891967 ], [ 745777.745, 2573839.583999999798834 ], [ 745777.383000000030734, 2573837.183999999891967 ], [ 745777.13800000003539, 2573834.784 ], [ 745776.65500000002794, 2573832.384 ], [ 745776.701999999932013, 2573830.284 ], [ 745776.035999999963678, 2573828.19 ], [ 745775.736000000033528, 2573826.314000000245869 ], [ 745776.185999999986961, 2573823.984000000171363 ], [ 745776.336000000010245, 2573821.771999999880791 ], [ 745775.591000000014901, 2573819.784 ], [ 745775.660999999963678, 2573817.683999999891967 ], [ 745775.307999999960884, 2573815.284 ], [ 745775.04500000004191, 2573812.884 ], [ 745774.236000000033528, 2573812.261 ] ] } },
{ "type": "Feature", "properties": { "path": "Bhopal_8" }, "geometry": { "type": "LineString", "coordinates": [ [ 745732.944000000017695, 2573855.183999999891967 ], [ 745734.150000000023283, 2573855.784 ], [ 745734.935999999986961, 2573856.937 ], [ 745735.086000000010245, 2573858.484000000171363 ], [ 745735.086000000010245, 2573860.284 ], [ 745735.201999999932013, 2573862.083999999798834 ], [ 745735.564999999944121, 2573863.284 ], [ 745735.437999999965541, 2573864.784 ], [ 745735.385999999940395, 2573866.583999999798834 ], [ 745735.386999999987893, 2573868.384 ], [ 745735.535999999963678, 2573870.034 ], [ 745735.797999999951571, 2573871.683999999891967 ], [ 745735.986000000033528, 2573873.183999999891967 ], [ 745735.969000000040978, 2573874.984000000171363 ], [ 745735.704000000027008, 2573876.484000000171363 ], [ 745735.685999999986961, 2573878.284 ], [ 745735.691, 2573880.083999999798834 ], [ 745735.934999999939464, 2573881.583999999798834 ], [ 745735.986000000033528, 2573883.384 ], [ 745735.986000000033528, 2573885.183999999891967 ], [ 745735.986000000033528, 2573886.984000000171363 ], [ 745735.986000000033528, 2573888.784 ], [ 745735.986000000033528, 2573890.583999999798834 ], [ 745736.032999999937601, 2573892.384 ], [ 745735.87300000002142, 2573894.183999999891967 ], [ 745735.986000000033528, 2573895.984000000171363 ], [ 745735.986000000033528, 2573897.784 ], [ 745736.003999999957159, 2573899.583999999798834 ], [ 745736.268999999971129, 2573901.083999999798834 ], [ 745736.285999999963678, 2573902.884 ], [ 745736.287000000011176, 2573904.683999999891967 ], [ 745736.435999999986961, 2573906.396999999880791 ], [ 745736.37699999997858, 2573907.683999999891967 ], [ 745736.549, 2573909.183999999891967 ], [ 745736.63800000003539, 2573910.984000000171363 ], [ 745736.881999999983236, 2573912.484000000171363 ], [ 745736.736000000033528, 2573914.146999999880791 ], [ 745736.775999999954365, 2573915.484000000171363 ], [ 745736.885999999940395, 2573917.284 ], [ 745736.942999999970198, 2573919.083999999798834 ], [ 745736.886999999987893, 2573920.884 ], [ 745736.885999999940395, 2573922.683999999891967 ], [ 745736.885999999940395, 2573924.484000000171363 ], [ 745736.527999999932945, 2573925.984000000171363 ], [ 745735.535999999963678, 2573926.700000000186265 ], [ 745733.736000000033528, 2573926.869 ], [ 745731.935999999986961, 2573926.734999999869615 ], [ 745730.135999999940395, 2573926.859000000171363 ], [ 745728.743999999947846, 2573927.183999999891967 ], [ 745727.435999999986961, 2573927.143999999854714 ], [ 745725.636999999987893, 2573926.884 ], [ 745724.736000000033528, 2573926.883 ], [ 745723.446, 2573926.884 ], [ 745721.736000000033528, 2573926.768000000156462 ], [ 745720.236000000033528, 2573927.058000000193715 ], [ 745719.363000000012107, 2573928.083999999798834 ], [ 745720.535999999963678, 2573928.759 ], [ 745721.736000000033528, 2573928.711999999824911 ], [ 745722.935999999986961, 2573929.36200000019744 ], [ 745724.435999999986961, 2573929.187 ], [ 745725.935999999986961, 2573929.322999999858439 ], [ 745727.736000000033528, 2573929.433999999891967 ], [ 745729.535999999963678, 2573929.439000000245869 ], [ 745731.035999999963678, 2573929.683000000193715 ], [ 745732.836000000010245, 2573929.734000000171363 ], [ 745734.635999999940395, 2573929.734000000171363 ], [ 745736.435999999986961, 2573929.81 ], [ 745737.336000000010245, 2573930.741 ], [ 745737.486000000033528, 2573932.284 ], [ 745737.486000000033528, 2573934.083999999798834 ], [ 745737.336000000010245, 2573935.734000000171363 ], [ 745737.187000000034459, 2573937.384 ], [ 745737.185999999986961, 2573939.183999999891967 ], [ 745737.185999999986961, 2573940.984000000171363 ], [ 745737.185999999986961, 2573942.784 ], [ 745737.185999999986961, 2573944.583999999798834 ], [ 745737.185999999986961, 2573946.384 ], [ 745737.054999999934807, 2573948.183999999891967 ], [ 745737.017, 2573949.683999999891967 ], [ 745737.169, 2573951.183999999891967 ], [ 745737.169, 2573952.984000000171363 ], [ 745736.772, 2573954.484000000171363 ], [ 745736.067999999970198, 2573955.384 ], [ 745734.336000000010245, 2573955.548 ], [ 745732.642, 2573955.683999999891967 ], [ 745731.035999999963678, 2573955.807 ], [ 745729.535999999963678, 2573956.095000000204891 ], [ 745727.736000000033528, 2573956.261 ], [ 745726.236000000033528, 2573955.83600000012666 ], [ 745724.653999999980442, 2573955.984000000171363 ], [ 745723.182000000029802, 2573955.984000000171363 ], [ 745721.819999999948777, 2573956.284 ], [ 745723.236000000033528, 2573956.872 ], [ 745724.736000000033528, 2573957.006 ], [ 745726.236000000033528, 2573957.196 ], [ 745727.736000000033528, 2573956.964000000152737 ], [ 745729.236000000033528, 2573957.319999999832362 ], [ 745730.736000000033528, 2573957.6 ], [ 745732.535999999963678, 2573957.632000000216067 ], [ 745734.035999999963678, 2573957.935 ], [ 745735.535999999963678, 2573958.373000000137836 ], [ 745736.435999999986961, 2573959.260000000242144 ], [ 745736.736000000033528, 2573960.63799999980256 ], [ 745736.736000000033528, 2573962.133 ], [ 745736.696999999927357, 2573963.784 ], [ 745736.736000000033528, 2573965.182 ], [ 745736.775999999954365, 2573966.484000000171363 ], [ 745736.885999999940395, 2573968.284 ], [ 745736.885999999940395, 2573970.083999999798834 ], [ 745736.885999999940395, 2573971.884 ], [ 745736.885999999940395, 2573973.683999999891967 ], [ 745736.885999999940395, 2573975.484000000171363 ], [ 745736.736000000033528, 2573977.134 ], [ 745736.586999999941327, 2573978.784 ], [ 745736.586000000010245, 2573980.583999999798834 ], [ 745736.586000000010245, 2573982.384 ], [ 745736.474999999976717, 2573984.183999999891967 ], [ 745736.287000000011176, 2573985.683999999891967 ], [ 745736.287000000011176, 2573987.484000000171363 ], [ 745736.397999999928288, 2573989.284 ], [ 745736.46999999997206, 2573990.784 ], [ 745736.287000000011176, 2573992.284 ], [ 745736.285999999963678, 2573994.083999999798834 ], [ 745736.285999999963678, 2573995.884 ], [ 745736.23499999998603, 2573997.683999999891967 ], [ 745735.991000000038184, 2573999.183999999891967 ], [ 745735.934999999939464, 2574000.984000000171363 ], [ 745735.691, 2574002.484000000171363 ], [ 745735.682999999960884, 2574004.284 ], [ 745735.537999999942258, 2574006.083999999798834 ], [ 745735.386999999987893, 2574007.583999999798834 ], [ 745735.334999999962747, 2574009.384 ], [ 745734.935999999986961, 2574010.842000000178814 ], [ 745734.155999999959022, 2574011.784 ], [ 745732.946, 2574012.384 ], [ 745731.336000000010245, 2574012.427999999839813 ], [ 745730.135999999940395, 2574012.427999999839813 ], [ 745728.483999999938533, 2574012.683999999891967 ], [ 745726.988999999943189, 2574012.683999999891967 ], [ 745725.336000000010245, 2574012.535000000149012 ], [ 745723.535999999963678, 2574012.548 ], [ 745721.736000000033528, 2574012.660999999847263 ], [ 745720.236000000033528, 2574012.833999999798834 ], [ 745718.736000000033528, 2574013.035999999847263 ], [ 745716.935999999986961, 2574013.15 ], [ 745715.135999999940395, 2574013.025 ], [ 745713.635999999940395, 2574012.724 ], [ 745712.135999999940395, 2574012.535999999847263 ], [ 745710.336000000010245, 2574012.424999999813735 ], [ 745709.135999999940395, 2574013.052000000141561 ], [ 745707.635999999940395, 2574013.474 ], [ 745707.635999999940395, 2574013.73700000019744 ], [ 745709.135999999940395, 2574014.029999999795109 ], [ 745710.635999999940395, 2574014.197999999858439 ], [ 745712.435999999986961, 2574014.338 ], [ 745713.935999999986961, 2574014.484999999869615 ], [ 745715.135999999940395, 2574014.58600000012666 ], [ 745716.935999999986961, 2574014.65 ], [ 745718.435999999986961, 2574014.916000000201166 ], [ 745720.236000000033528, 2574015.063 ], [ 745721.435999999986961, 2574015.512000000104308 ], [ 745723.236000000033528, 2574015.65 ], [ 745724.736000000033528, 2574015.944999999832362 ], [ 745726.236000000033528, 2574016.134 ], [ 745728.035999999963678, 2574016.139 ], [ 745729.535999999963678, 2574016.383 ], [ 745731.336000000010245, 2574016.433999999891967 ], [ 745733.135999999940395, 2574016.439000000245869 ], [ 745734.628000000026077, 2574016.884 ], [ 745735.081, 2574018.083999999798834 ], [ 745735.086000000010245, 2574019.884 ], [ 745735.069999999948777, 2574021.683999999891967 ], [ 745735.040000000037253, 2574023.484000000171363 ], [ 745735.236000000033528, 2574025.044000000227243 ], [ 745735.667999999946915, 2574026.484000000171363 ], [ 745735.669, 2574028.284 ], [ 745735.403999999980442, 2574029.784 ], [ 745735.385999999940395, 2574031.583999999798834 ], [ 745735.385999999940395, 2574033.384 ], [ 745735.385999999940395, 2574035.183999999891967 ], [ 745735.383000000030734, 2574036.984000000171363 ], [ 745735.314999999944121, 2574038.784 ], [ 745735.123999999952503, 2574040.284 ], [ 745735.086000000010245, 2574042.083999999798834 ], [ 745735.086000000010245, 2574043.884 ], [ 745735.086000000010245, 2574045.683999999891967 ], [ 745734.897999999928288, 2574047.183999999891967 ], [ 745734.787000000011176, 2574048.984000000171363 ], [ 745734.935999999986961, 2574050.634 ], [ 745735.086000000010245, 2574052.284 ], [ 745735.13800000003539, 2574054.083999999798834 ], [ 745735.381999999983236, 2574055.583999999798834 ], [ 745735.329000000027008, 2574057.384 ], [ 745735.236000000033528, 2574059.024000000208616 ], [ 745735.086999999941327, 2574060.683999999891967 ], [ 745735.086000000010245, 2574062.484000000171363 ], [ 745735.086000000010245, 2574064.284 ], [ 745735.086000000010245, 2574066.083999999798834 ], [ 745735.086000000010245, 2574067.884 ], [ 745735.086999999941327, 2574069.683999999891967 ], [ 745735.236000000033528, 2574071.396999999880791 ], [ 745735.15500000002794, 2574072.683999999891967 ], [ 745735.255, 2574074.183999999891967 ], [ 745735.138999999966472, 2574075.683999999891967 ], [ 745735.381999999983236, 2574077.183999999891967 ], [ 745735.385999999940395, 2574078.984000000171363 ], [ 745735.385999999940395, 2574080.784 ], [ 745735.385999999940395, 2574082.583999999798834 ], [ 745735.437000000034459, 2574084.384 ], [ 745735.535999999963678, 2574085.674000000115484 ], [ 745735.535999999963678, 2574087.231999999843538 ], [ 745735.685999999986961, 2574088.884 ], [ 745735.49800000002142, 2574090.384 ], [ 745735.535999999963678, 2574091.943 ], [ 745735.968, 2574093.384 ], [ 745735.986000000033528, 2574095.183999999891967 ], [ 745735.986000000033528, 2574096.984000000171363 ], [ 745735.986000000033528, 2574098.784 ], [ 745735.991000000038184, 2574100.583999999798834 ], [ 745736.23499999998603, 2574102.083999999798834 ], [ 745736.285999999963678, 2574103.884 ], [ 745736.285999999963678, 2574105.683999999891967 ], [ 745736.285999999963678, 2574107.484000000171363 ], [ 745736.290000000037253, 2574109.284 ], [ 745736.285999999963678, 2574111.083999999798834 ], [ 745736.282999999937601, 2574112.884 ], [ 745736.111000000033528, 2574114.384 ], [ 745734.935999999986961, 2574115.17 ], [ 745733.287000000011176, 2574115.284 ], [ 745731.635999999940395, 2574115.433999999891967 ], [ 745730.135999999940395, 2574115.251000000163913 ], [ 745728.635999999940395, 2574115.38799999980256 ], [ 745727.135999999940395, 2574115.683000000193715 ], [ 745725.336000000010245, 2574115.734999999869615 ], [ 745723.836000000010245, 2574115.918 ], [ 745722.336000000010245, 2574115.785999999847263 ], [ 745720.836000000010245, 2574115.923 ], [ 745719.035999999963678, 2574116.165 ], [ 745717.973, 2574116.784 ], [ 745716.635999999940395, 2574117.285000000149012 ], [ 745716.635999999940395, 2574118.6 ], [ 745718.135999999940395, 2574119.032999999821186 ], [ 745719.564999999944121, 2574118.583999999798834 ], [ 745720.836000000010245, 2574118.153 ], [ 745722.635999999940395, 2574118.231999999843538 ], [ 745724.135999999940395, 2574118.531 ], [ 745725.336000000010245, 2574119.12900000018999 ], [ 745726.386999999987893, 2574118.284 ], [ 745728.035999999963678, 2574118.23 ], [ 745729.292000000015832, 2574118.583999999798834 ], [ 745730.435999999986961, 2574119.242999999783933 ], [ 745732.236000000033528, 2574119.335 ], [ 745734.035999999963678, 2574119.333999999798834 ], [ 745735.836000000010245, 2574119.439000000245869 ], [ 745736.721000000019558, 2574120.384 ], [ 745736.885999999940395, 2574121.884 ], [ 745736.885999999940395, 2574123.683999999891967 ], [ 745736.886999999987893, 2574125.484000000171363 ], [ 745737.074999999953434, 2574126.984000000171363 ], [ 745737.07999999995809, 2574128.784 ], [ 745737.07999999995809, 2574129.984000000171363 ], [ 745737.185999999986961, 2574131.784 ], [ 745737.185999999986961, 2574133.583999999798834 ], [ 745737.185999999986961, 2574135.384 ], [ 745737.185999999986961, 2574137.183999999891967 ], [ 745737.218, 2574138.984000000171363 ], [ 745736.821, 2574140.484000000171363 ], [ 745735.836000000010245, 2574141.109000000171363 ], [ 745734.035999999963678, 2574141.367 ], [ 745732.535999999963678, 2574141.677999999839813 ], [ 745731.035999999963678, 2574141.939000000245869 ], [ 745730.736000000033528, 2574142.545 ], [ 745732.236000000033528, 2574142.671 ], [ 745733.736000000033528, 2574142.412 ], [ 745735.535999999963678, 2574142.424000000115484 ], [ 745737.035999999963678, 2574142.643999999854714 ], [ 745738.212999999988824, 2574143.484000000171363 ], [ 745738.574000000022352, 2574144.683999999891967 ], [ 745738.685999999986961, 2574146.484000000171363 ], [ 745738.685999999986961, 2574148.284 ], [ 745738.704000000027008, 2574150.083999999798834 ], [ 745738.969000000040978, 2574151.583999999798834 ], [ 745738.969000000040978, 2574153.384 ], [ 745738.648999999975786, 2574154.884 ], [ 745738.025000000023283, 2574156.083999999798834 ], [ 745737.035999999963678, 2574156.704 ], [ 745735.535999999963678, 2574157.023 ], [ 745733.736000000033528, 2574157.135000000242144 ], [ 745732.236000000033528, 2574157.322999999858439 ], [ 745730.435999999986961, 2574157.433999999891967 ], [ 745728.635999999940395, 2574157.433999999891967 ], [ 745726.836000000010245, 2574157.433999999891967 ], [ 745725.035999999963678, 2574157.486 ], [ 745723.535999999963678, 2574157.73 ], [ 745721.736000000033528, 2574157.734000000171363 ], [ 745719.935999999986961, 2574157.739 ], [ 745718.435999999986961, 2574157.983 ], [ 745716.635999999940395, 2574158.117 ], [ 745714.836000000010245, 2574158.048 ], [ 745713.035999999963678, 2574158.035000000149012 ], [ 745711.535999999963678, 2574158.223000000230968 ], [ 745709.736000000033528, 2574158.251000000163913 ], [ 745708.229999999981374, 2574158.183999999891967 ], [ 745706.736000000033528, 2574158.224 ], [ 745705.236000000033528, 2574158.659 ], [ 745704.913999999989755, 2574159.984000000171363 ], [ 745704.121999999973923, 2574161.183999999891967 ], [ 745703.435999999986961, 2574162.21100000012666 ], [ 745702.236000000033528, 2574162.93099999986589 ], [ 745700.435999999986961, 2574162.947999999858439 ], [ 745699.535999999963678, 2574163.747 ], [ 745699.390999999945052, 2574165.384 ], [ 745699.635, 2574166.884 ], [ 745699.704000000027008, 2574168.683999999891967 ], [ 745699.973, 2574170.183999999891967 ], [ 745700.160999999963678, 2574171.683999999891967 ], [ 745699.535999999963678, 2574172.725999999791384 ], [ 745699.444000000017695, 2574174.384 ], [ 745699.493000000016764, 2574176.183999999891967 ], [ 745699.535999999963678, 2574177.689000000245869 ], [ 745699.685999999986961, 2574179.484000000171363 ], [ 745699.685999999986961, 2574181.284 ], [ 745699.738000000012107, 2574183.083999999798834 ], [ 745699.981999999959953, 2574184.583999999798834 ], [ 745699.986000000033528, 2574186.384 ], [ 745699.986000000033528, 2574188.183999999891967 ], [ 745699.98699999996461, 2574189.984000000171363 ], [ 745700.059999999939464, 2574191.784 ], [ 745700.236000000033528, 2574193.284 ], [ 745700.285999999963678, 2574195.083999999798834 ], [ 745700.285999999963678, 2574196.884 ], [ 745700.135999999940395, 2574198.643000000156462 ], [ 745699.461000000010245, 2574199.583999999798834 ], [ 745698.035999999963678, 2574200.029999999795109 ], [ 745696.236000000033528, 2574200.034 ], [ 745694.435999999986961, 2574200.034 ], [ 745692.635999999940395, 2574200.034 ], [ 745690.946999999927357, 2574199.884 ], [ 745690.167000000015832, 2574198.984000000171363 ], [ 745689.788999999989755, 2574197.484000000171363 ], [ 745689.783999999985099, 2574195.683999999891967 ], [ 745689.783999999985099, 2574193.884 ], [ 745689.783999999985099, 2574192.083999999798834 ], [ 745689.714000000036322, 2574190.284 ], [ 745689.589999999967404, 2574188.784 ], [ 745689.466000000014901, 2574186.984000000171363 ], [ 745688.736000000033528, 2574186.517 ], [ 745688.435999999986961, 2574188.112999999895692 ], [ 745688.290999999968335, 2574189.683999999891967 ], [ 745688.288999999989755, 2574191.484000000171363 ], [ 745688.288999999989755, 2574193.284 ], [ 745688.288999999989755, 2574195.083999999798834 ], [ 745688.283999999985099, 2574196.884 ], [ 745687.964000000036322, 2574198.384 ], [ 745686.99, 2574199.284 ], [ 745685.736000000033528, 2574199.622 ], [ 745683.935999999986961, 2574199.734000000171363 ], [ 745682.135999999940395, 2574199.734000000171363 ], [ 745680.336000000010245, 2574199.734000000171363 ], [ 745678.535999999963678, 2574199.734000000171363 ], [ 745676.736000000033528, 2574199.734000000171363 ], [ 745674.935999999986961, 2574199.734000000171363 ], [ 745673.135999999940395, 2574199.781 ], [ 745671.336000000010245, 2574199.799000000115484 ], [ 745669.535999999963678, 2574199.765000000130385 ], [ 745667.736000000033528, 2574199.748000000137836 ], [ 745665.935999999986961, 2574199.785999999847263 ], [ 745664.435999999986961, 2574199.969 ], [ 745662.635999999940395, 2574199.947999999858439 ], [ 745661.135999999940395, 2574199.739 ], [ 745659.336000000010245, 2574199.734000000171363 ], [ 745657.535999999963678, 2574199.666000000201166 ], [ 745656.635999999940395, 2574198.967999999877065 ], [ 745656.035999999963678, 2574197.606999999843538 ], [ 745656.003999999957159, 2574195.984000000171363 ], [ 745655.886999999987893, 2574194.183999999891967 ], [ 745655.834999999962747, 2574192.384 ], [ 745655.591000000014901, 2574190.884 ], [ 745655.572999999974854, 2574189.083999999798834 ], [ 745655.733, 2574187.284 ], [ 745656.147, 2574186.083999999798834 ], [ 745656.018000000040047, 2574184.583999999798834 ], [ 745656.180999999982305, 2574183.083999999798834 ], [ 745655.942000000039116, 2574181.583999999798834 ], [ 745655.978, 2574179.784 ], [ 745655.956, 2574177.984000000171363 ], [ 745655.886999999987893, 2574176.183999999891967 ], [ 745655.885999999940395, 2574174.384 ], [ 745655.885999999940395, 2574172.583999999798834 ], [ 745655.919, 2574170.784 ], [ 745655.89000000001397, 2574168.984000000171363 ], [ 745655.885999999940395, 2574167.183999999891967 ], [ 745655.885999999940395, 2574165.384 ], [ 745655.697999999974854, 2574163.884 ], [ 745655.462999999988824, 2574162.083999999798834 ], [ 745655.255, 2574160.583999999798834 ], [ 745655.268999999971129, 2574158.784 ], [ 745655.003999999957159, 2574157.284 ], [ 745654.969000000040978, 2574155.484000000171363 ], [ 745654.704000000027008, 2574153.984000000171363 ], [ 745654.685999999986961, 2574152.183999999891967 ], [ 745654.535999999963678, 2574150.544000000227243 ], [ 745654.199000000022352, 2574149.183999999891967 ], [ 745654.086000000010245, 2574147.384 ], [ 745653.893999999971129, 2574145.884 ], [ 745653.557000000029802, 2574144.384 ], [ 745653.878000000026077, 2574142.884 ], [ 745653.336000000010245, 2574141.475999999791384 ], [ 745653.655999999959022, 2574140.484000000171363 ], [ 745654.084999999962747, 2574138.984000000171363 ], [ 745654.086000000010245, 2574137.183999999891967 ], [ 745654.08199999993667, 2574135.384 ], [ 745653.851999999955297, 2574133.884 ], [ 745653.799999999930151, 2574132.083999999798834 ], [ 745653.674999999930151, 2574130.284 ], [ 745653.48699999996461, 2574128.784 ], [ 745653.486000000033528, 2574126.984000000171363 ], [ 745653.297999999951571, 2574125.484000000171363 ], [ 745653.185999999986961, 2574123.683999999891967 ], [ 745653.035999999963678, 2574122.034 ], [ 745652.881999999983236, 2574120.384 ], [ 745652.63800000003539, 2574118.884 ], [ 745652.474999999976717, 2574117.083999999798834 ], [ 745652.339000000036322, 2574115.583999999798834 ], [ 745652.711000000010245, 2574114.083999999798834 ], [ 745653.261999999987893, 2574112.884 ], [ 745654.535999999963678, 2574112.421999999787658 ], [ 745656.035999999963678, 2574112.152000000234693 ], [ 745657.745999999926426, 2574111.984000000171363 ], [ 745659.336000000010245, 2574111.926 ], [ 745661.135999999940395, 2574111.714999999850988 ], [ 745662.136999999987893, 2574111.083999999798834 ], [ 745662.821, 2574109.884 ], [ 745661.736000000033528, 2574109.281 ], [ 745660.236000000033528, 2574108.839999999850988 ], [ 745658.435999999986961, 2574108.835 ], [ 745656.935999999986961, 2574108.990000000223517 ], [ 745655.135999999940395, 2574109.03899999987334 ], [ 745653.635999999940395, 2574108.833999999798834 ], [ 745652.135999999940395, 2574108.549000000115484 ], [ 745651.236000000033528, 2574107.623000000137836 ], [ 745650.635999999940395, 2574106.393999999854714 ], [ 745650.481999999959953, 2574104.784 ], [ 745650.238000000012107, 2574103.284 ], [ 745650.035999999963678, 2574101.635000000242144 ], [ 745649.775000000023283, 2574099.984000000171363 ], [ 745649.476000000024214, 2574098.484000000171363 ], [ 745649.287000000011176, 2574096.984000000171363 ], [ 745649.285999999963678, 2574095.183999999891967 ], [ 745649.285999999963678, 2574093.384 ], [ 745649.07999999995809, 2574091.884 ], [ 745648.593, 2574090.384 ], [ 745648.37, 2574088.884 ], [ 745648.057999999960884, 2574087.384 ], [ 745647.956, 2574085.583999999798834 ], [ 745647.782999999937601, 2574084.083999999798834 ], [ 745647.537999999942258, 2574082.583999999798834 ], [ 745647.434999999939464, 2574080.784 ], [ 745647.153999999980442, 2574079.284 ], [ 745646.919, 2574077.784 ], [ 745646.63800000003539, 2574076.284 ], [ 745646.586000000010245, 2574074.484000000171363 ], [ 745646.586000000010245, 2574072.683999999891967 ], [ 745646.702999999979511, 2574070.884 ], [ 745647.228999999933876, 2574069.683999999891967 ], [ 745647.935999999986961, 2574068.706000000238419 ], [ 745648.723999999929219, 2574067.583999999798834 ], [ 745649.549, 2574066.683999999891967 ], [ 745650.336000000010245, 2574065.634 ], [ 745650.978, 2574064.583999999798834 ], [ 745651.792000000015832, 2574063.384 ], [ 745652.555999999982305, 2574062.484000000171363 ], [ 745653.336000000010245, 2574061.455 ], [ 745654.236000000033528, 2574060.532000000122935 ], [ 745655.07999999995809, 2574059.484000000171363 ], [ 745655.694000000017695, 2574058.284 ], [ 745656.245, 2574057.083999999798834 ], [ 745656.635999999940395, 2574055.725999999791384 ], [ 745656.935999999986961, 2574054.233 ], [ 745657.086999999941327, 2574052.583999999798834 ], [ 745657.238000000012107, 2574051.083999999798834 ], [ 745657.386999999987893, 2574049.284 ], [ 745657.635, 2574047.784 ], [ 745657.685999999986961, 2574045.984000000171363 ], [ 745657.685999999986961, 2574044.183999999891967 ], [ 745657.635, 2574042.384 ], [ 745657.37300000002142, 2574040.884 ], [ 745657.103999999933876, 2574039.384 ], [ 745657.086000000010245, 2574037.583999999798834 ], [ 745657.069000000017695, 2574035.784 ], [ 745656.804, 2574034.284 ], [ 745656.785999999963678, 2574032.484000000171363 ], [ 745656.785999999963678, 2574030.683999999891967 ], [ 745656.679999999934807, 2574028.884 ], [ 745656.660000000032596, 2574027.683999999891967 ], [ 745656.503999999957159, 2574026.183999999891967 ], [ 745656.486000000033528, 2574024.384 ], [ 745656.373999999952503, 2574022.583999999798834 ], [ 745656.035999999963678, 2574021.225 ], [ 745655.886999999987893, 2574019.583999999798834 ], [ 745655.99800000002142, 2574017.784 ], [ 745656.185999999986961, 2574016.284 ], [ 745656.187000000034459, 2574014.484000000171363 ], [ 745656.54500000004191, 2574012.984000000171363 ], [ 745657.535999999963678, 2574012.302999999839813 ], [ 745659.336000000010245, 2574012.234000000171363 ], [ 745661.135999999940395, 2574012.234000000171363 ], [ 745662.935999999986961, 2574012.234000000171363 ], [ 745664.736000000033528, 2574012.183000000193715 ], [ 745666.236000000033528, 2574011.939000000245869 ], [ 745668.035999999963678, 2574011.883 ], [ 745669.481999999959953, 2574011.484000000171363 ], [ 745670.736000000033528, 2574011.583999999798834 ], [ 745672.535999999963678, 2574011.652000000234693 ], [ 745674.035999999963678, 2574011.930000000167638 ], [ 745675.836000000010245, 2574011.96100000012666 ], [ 745677.635999999940395, 2574012.004999999888241 ], [ 745679.435999999986961, 2574011.990000000223517 ], [ 745680.635999999940395, 2574012.410999999847263 ], [ 745682.135999999940395, 2574012.833999999798834 ], [ 745683.435999999986961, 2574012.984000000171363 ], [ 745684.836000000010245, 2574012.671999999787658 ], [ 745686.035999999963678, 2574012.986 ], [ 745687.535999999963678, 2574013.541000000201166 ], [ 745688.736000000033528, 2574013.53899999987334 ], [ 745690.103999999933876, 2574013.583999999798834 ], [ 745691.135999999940395, 2574012.884 ], [ 745692.635999999940395, 2574012.481999999843538 ], [ 745693.625, 2574011.784 ], [ 745692.935999999986961, 2574010.737999999895692 ], [ 745691.135999999940395, 2574010.737999999895692 ], [ 745689.336000000010245, 2574010.785999999847263 ], [ 745687.836000000010245, 2574010.924999999813735 ], [ 745686.635999999940395, 2574010.545 ], [ 745685.135999999940395, 2574010.075999999884516 ], [ 745683.871999999973923, 2574009.683999999891967 ], [ 745682.135999999940395, 2574009.527000000234693 ], [ 745680.336000000010245, 2574009.569999999832362 ], [ 745678.836000000010245, 2574009.887000000104308 ], [ 745677.035999999963678, 2574009.768000000156462 ], [ 745675.836000000010245, 2574009.202 ], [ 745674.336000000010245, 2574008.967999999877065 ], [ 745672.535999999963678, 2574008.933999999891967 ], [ 745670.736000000033528, 2574008.883 ], [ 745669.236000000033528, 2574008.588 ], [ 745667.736000000033528, 2574008.898 ], [ 745666.236000000033528, 2574008.56 ], [ 745664.435999999986961, 2574008.629999999888241 ], [ 745662.635999999940395, 2574008.634 ], [ 745660.836000000010245, 2574008.634 ], [ 745659.035999999963678, 2574008.629999999888241 ], [ 745657.535999999963678, 2574008.36200000019744 ], [ 745656.564999999944121, 2574007.583999999798834 ], [ 745656.486000000033528, 2574005.784 ], [ 745656.486000000033528, 2574003.984000000171363 ], [ 745656.486000000033528, 2574002.183999999891967 ], [ 745656.486000000033528, 2574000.384 ], [ 745656.491000000038184, 2573998.583999999798834 ], [ 745656.674999999930151, 2573997.083999999798834 ], [ 745656.772999999928288, 2573995.284 ], [ 745656.772, 2573993.484000000171363 ], [ 745656.601999999955297, 2573991.984000000171363 ], [ 745656.518999999971129, 2573990.183999999891967 ], [ 745656.486000000033528, 2573988.384 ], [ 745656.486000000033528, 2573986.583999999798834 ], [ 745656.473, 2573984.784 ], [ 745656.459999999962747, 2573982.984000000171363 ], [ 745656.473, 2573981.183999999891967 ], [ 745656.486000000033528, 2573979.384 ], [ 745656.486000000033528, 2573977.583999999798834 ], [ 745656.582999999984168, 2573975.784 ], [ 745656.753999999957159, 2573974.284 ], [ 745656.843, 2573972.484000000171363 ], [ 745656.837999999988824, 2573970.683999999891967 ], [ 745657.076999999932013, 2573969.183999999891967 ], [ 745656.839000000036322, 2573967.683999999891967 ], [ 745656.917000000015832, 2573965.884 ], [ 745656.787000000011176, 2573964.083999999798834 ], [ 745656.785999999963678, 2573962.284 ], [ 745656.782999999937601, 2573960.484000000171363 ], [ 745656.753999999957159, 2573958.683999999891967 ], [ 745656.935999999986961, 2573957.032000000122935 ], [ 745656.935999999986961, 2573955.474 ], [ 745657.035999999963678, 2573954.183999999891967 ], [ 745657.086000000010245, 2573952.384 ], [ 745657.136999999987893, 2573950.583999999798834 ], [ 745657.236000000033528, 2573949.237999999895692 ], [ 745657.179, 2573947.583999999798834 ], [ 745657.236000000033528, 2573945.935 ], [ 745657.334999999962747, 2573944.284 ], [ 745657.091000000014901, 2573942.784 ], [ 745656.935999999986961, 2573941.134 ], [ 745656.782, 2573939.484000000171363 ], [ 745656.537999999942258, 2573937.984000000171363 ], [ 745656.486000000033528, 2573936.183999999891967 ], [ 745656.486000000033528, 2573934.384 ], [ 745656.491000000038184, 2573932.583999999798834 ], [ 745656.809, 2573931.083999999798834 ], [ 745657.706, 2573930.183999999891967 ], [ 745659.035999999963678, 2573929.753 ], [ 745660.836000000010245, 2573929.623000000137836 ], [ 745662.336000000010245, 2573929.433999999891967 ], [ 745663.836000000010245, 2573929.194999999832362 ], [ 745665.336000000010245, 2573928.73 ], [ 745665.555999999982305, 2573927.784 ], [ 745664.435999999986961, 2573927.058000000193715 ], [ 745662.635999999940395, 2573927.091 ], [ 745660.836000000010245, 2573927.035000000149012 ], [ 745659.035999999963678, 2573927.048 ], [ 745657.449000000022352, 2573926.884 ], [ 745656.839000000036322, 2573925.683999999891967 ], [ 745656.785999999963678, 2573923.884 ], [ 745656.785999999963678, 2573922.083999999798834 ], [ 745656.785999999963678, 2573920.284 ], [ 745656.785999999963678, 2573918.484000000171363 ], [ 745656.897999999928288, 2573916.683999999891967 ], [ 745657.086000000010245, 2573915.183999999891967 ], [ 745657.099999999976717, 2573913.384 ], [ 745657.113999999943189, 2573911.583999999798834 ], [ 745657.162000000011176, 2573909.784 ], [ 745657.317000000039116, 2573908.284 ], [ 745657.339999999967404, 2573906.484000000171363 ], [ 745657.385999999940395, 2573904.683999999891967 ], [ 745657.385999999940395, 2573902.884 ], [ 745657.402999999932945, 2573901.083999999798834 ], [ 745657.432999999960884, 2573899.284 ], [ 745657.368999999947846, 2573897.484000000171363 ], [ 745657.103999999933876, 2573895.984000000171363 ], [ 745656.935999999986961, 2573894.333999999798834 ], [ 745656.73499999998603, 2573892.683999999891967 ], [ 745656.473, 2573891.183999999891967 ], [ 745656.199999999953434, 2573889.683999999891967 ], [ 745655.932999999960884, 2573888.183999999891967 ], [ 745655.636999999987893, 2573886.683999999891967 ], [ 745655.393999999971129, 2573885.183999999891967 ], [ 745654.983, 2573883.683999999891967 ], [ 745654.51, 2573882.484000000171363 ], [ 745654.022, 2573880.984000000171363 ], [ 745653.584000000031665, 2573879.784 ], [ 745653.035999999963678, 2573878.437 ], [ 745652.435999999986961, 2573877.177000000141561 ], [ 745651.983999999938533, 2573875.884 ], [ 745651.461999999941327, 2573874.683999999891967 ], [ 745650.935999999986961, 2573873.295 ], [ 745650.964999999967404, 2573871.984000000171363 ], [ 745651.836000000010245, 2573870.949 ], [ 745652.523999999975786, 2573869.884 ], [ 745653.935999999986961, 2573869.311000000219792 ], [ 745655.135999999940395, 2573868.87099999981001 ], [ 745656.635999999940395, 2573868.436000000219792 ], [ 745657.836000000010245, 2573867.99599999981001 ], [ 745659.035999999963678, 2573867.463 ], [ 745660.650999999954365, 2573867.183999999891967 ], [ 745662.035999999963678, 2573866.734000000171363 ], [ 745663.385999999940395, 2573866.284 ], [ 745664.736000000033528, 2573865.833999999798834 ], [ 745666.086000000010245, 2573865.384 ], [ 745667.435999999986961, 2573864.873999999836087 ], [ 745668.79500000004191, 2573864.484000000171363 ], [ 745670.285999999963678, 2573864.183999999891967 ], [ 745671.785999999963678, 2573863.884 ], [ 745673.277999999932945, 2573863.583999999798834 ], [ 745674.635999999940395, 2573863.247 ], [ 745676.285000000032596, 2573862.984000000171363 ], [ 745677.787999999942258, 2573862.683999999891967 ], [ 745679.435999999986961, 2573862.419000000227243 ], [ 745680.635999999940395, 2573862.049999999813735 ], [ 745682.277, 2573861.784 ], [ 745683.635999999940395, 2573861.447000000160187 ], [ 745685.435999999986961, 2573861.222 ], [ 745686.794, 2573860.884 ], [ 745688.285999999963678, 2573860.583999999798834 ], [ 745689.785999999963678, 2573860.284 ], [ 745691.285999999963678, 2573859.984000000171363 ], [ 745692.777999999932945, 2573859.683999999891967 ], [ 745694.135999999940395, 2573859.346 ], [ 745695.635999999940395, 2573859.046 ], [ 745697.285999999963678, 2573858.784 ], [ 745698.935999999986961, 2573858.521999999880791 ], [ 745700.295999999972992, 2573858.183999999891967 ], [ 745701.935999999986961, 2573858.017 ], [ 745703.435999999986961, 2573857.748000000137836 ], [ 745704.935999999986961, 2573857.486 ], [ 745706.736000000033528, 2573857.383 ], [ 745708.236000000033528, 2573857.139 ], [ 745710.035999999963678, 2573857.129999999888241 ], [ 745711.535999999963678, 2573856.886 ], [ 745713.336000000010245, 2573856.816999999806285 ], [ 745714.836000000010245, 2573856.552000000141561 ], [ 745716.635999999940395, 2573856.529999999795109 ], [ 745718.135999999940395, 2573856.285999999847263 ], [ 745719.935999999986961, 2573856.23 ], [ 745721.435999999986961, 2573855.986 ], [ 745723.236000000033528, 2573855.896999999880791 ], [ 745724.736000000033528, 2573855.671999999787658 ], [ 745726.535999999963678, 2573855.629999999888241 ], [ 745728.035999999963678, 2573855.386 ], [ 745729.836000000010245, 2573855.333999999798834 ], [ 745731.488999999943189, 2573855.183999999891967 ], [ 745732.944000000017695, 2573855.183999999891967 ] ] } },
{ "type": "Feature", "properties": { "path": "Bhopal_8" }, "geometry": { "type": "LineString", "coordinates": [ [ 745729.535999999963678, 2574142.487999999895692 ], [ 745729.272999999928288, 2574142.583999999798834 ], [ 745729.535999999963678, 2574142.640000000130385 ], [ 745729.758000000030734, 2574142.583999999798834 ], [ 745729.535999999963678, 2574142.487999999895692 ] ] } },
{ "type": "Feature", "properties": { "path": "Bhopal_8" }, "geometry": { "type": "LineString", "coordinates": [ [ 745750.836000000010245, 2574088.265000000130385 ], [ 745750.535999999963678, 2574088.245000000111759 ], [ 745750.236000000033528, 2574088.257000000216067 ], [ 745749.935999999986961, 2574088.25400000018999 ], [ 745749.635999999940395, 2574088.253 ], [ 745749.336000000010245, 2574088.273 ], [ 745749.238000000012107, 2574088.284 ], [ 745749.035999999963678, 2574088.396000000182539 ], [ 745748.76, 2574088.583999999798834 ], [ 745749.035999999963678, 2574088.645 ], [ 745749.336000000010245, 2574088.744 ], [ 745749.635999999940395, 2574088.796 ], [ 745749.935999999986961, 2574088.748000000137836 ], [ 745750.236000000033528, 2574088.659 ], [ 745750.535999999963678, 2574088.594 ], [ 745750.581, 2574088.583999999798834 ], [ 745750.836000000010245, 2574088.346 ], [ 745750.870999999926426, 2574088.284 ], [ 745750.836000000010245, 2574088.265000000130385 ] ] } },
{ "type": "Feature", "properties": { "path": "Bhopal_8" }, "geometry": { "type": "LineString", "coordinates": [ [ 745629.035999999963678, 2573927.764 ], [ 745628.736000000033528, 2573927.731999999843538 ], [ 745628.435999999986961, 2573927.71100000012666 ], [ 745628.135999999940395, 2573927.761 ], [ 745628.096000000019558, 2573927.784 ], [ 745628.018999999971129, 2573928.083999999798834 ], [ 745628.135999999940395, 2573928.214999999850988 ], [ 745628.331, 2573928.384 ], [ 745628.435999999986961, 2573928.437 ], [ 745628.736000000033528, 2573928.545 ], [ 745629.035999999963678, 2573928.620000000111759 ], [ 745629.336000000010245, 2573928.617 ], [ 745629.635999999940395, 2573928.50400000018999 ], [ 745629.881999999983236, 2573928.384 ], [ 745629.935999999986961, 2573928.305000000167638 ], [ 745630.236000000033528, 2573928.16399999987334 ], [ 745630.535999999963678, 2573928.191999999806285 ], [ 745630.836000000010245, 2573928.214000000152737 ], [ 745631.135999999940395, 2573928.092999999877065 ], [ 745631.145999999949709, 2573928.083999999798834 ], [ 745631.135999999940395, 2573928.082 ], [ 745630.836000000010245, 2573928.007000000216067 ], [ 745630.535999999963678, 2573927.987999999895692 ], [ 745630.236000000033528, 2573928.01299999980256 ], [ 745629.935999999986961, 2573927.966 ], [ 745629.635999999940395, 2573927.870000000111759 ], [ 745629.336000000010245, 2573927.799999999813735 ], [ 745629.23699999996461, 2573927.784 ], [ 745629.035999999963678, 2573927.764 ] ] } }
]
}
