{
"type": "FeatureCollection",
"name": "bhopal_osm",
"crs": { "type": "name", "properties": { "name": "urn:ogc:def:crs:EPSG::32643" } },
"features": [
{ "type": "Feature", "properties": { "osmid": "967840325", "name": "Neem road", "highway": "secondary", "oneway": "True" }, "geometry": { "type": "LineString", "coordinates": [ [ 745387.433586802100763, 2574220.837863454595208 ], [ 745399.846779350191355, 2574187.714286043774337 ] ] } },
{ "type": "Feature", "properties": { "osmid": "238505256", "name": "nan", "highway": "secondary", "oneway": "False" }, "geometry": { "type": "LineString", "coordinates": [ [ 746030.750212520943023, 2573783.113024475052953 ], [ 745972.568586921086535, 2573797.926523193251342 ] ] } },
{ "type": "Feature", "properties": { "osmid": "365240068", "name": "nan", "highway": "secondary", "oneway": "True" }, "geometry": { "type": "LineString", "coordinates": [ [ 746030.750212520943023, 2573783.113024475052953 ], [ 746031.298712766263634, 2573785.227344668935984 ], [ 746032.414364878204651, 2573787.09622593736276 ], [ 746034.017492440994829, 2573788.585385664831847 ] ] } },
{ "type": "Feature", "properties": { "osmid": "238505256", "name": "nan", "highway": "secondary", "oneway": "False" }, "geometry": { "type": "LineString", "coordinates": [ [ 745868.920979998423718, 2573826.944938248489052 ], [ 745816.167259483481757, 2573838.580324375070632 ] ] } },
{ "type": "Feature", "properties": { "osmid": "238505256", "name": "nan", "highway": "secondary", "oneway": "False" }, "geometry": { "type": "LineString", "coordinates": [ [ 745868.920979998423718, 2573826.944938248489052 ], [ 745926.323246558662504, 2573814.046081306878477 ] ] } },
{ "type": "Feature", "properties": { "osmid": "365240756", "name": "nan", "highway": "residential", "oneway": "False" }, "geometry": { "type": "LineString", "coordinates": [ [ 745868.920979998423718, 2573826.944938248489052 ], [ 745867.141310550738126, 2573794.096129631623626 ] ] } },
{ "type": "Feature", "properties": { "osmid": "28691599", "name": "nan", "highway": "residential", "oneway": "False" }, "geometry": { "type": "LineString", "coordinates": [ [ 745559.11371302511543, 2573879.586113140918314 ], [ 745559.076048117130995, 2573847.220525466836989 ] ] } },
{ "type": "Feature", "properties": { "osmid": "238505256", "name": "nan", "highway": "secondary", "oneway": "False" }, "geometry": { "type": "LineString", "coordinates": [ [ 745559.11371302511543, 2573879.586113140918314 ], [ 745549.452649969607592, 2573879.381904275156558 ] ] } },
{ "type": "Feature", "properties": { "osmid": "238505256", "name": "nan", "highway": "secondary", "oneway": "False" }, "geometry": { "type": "LineString", "coordinates": [ [ 745559.11371302511543, 2573879.586113140918314 ], [ 745606.708571452531032, 2573874.667637352366 ], [ 745639.251430212869309, 2573867.428131121210754 ] ] } },
{ "type": "Feature", "properties": { "osmid": "238505256", "name": "nan", "highway": "secondary", "oneway": "False" }, "geometry": { "type": "LineString", "coordinates": [ [ 745414.338407431729138, 2573879.78351338300854 ], [ 745404.859423727961257, 2573874.142088388558477 ] ] } },
{ "type": "Feature", "properties": { "osmid": "238505256", "name": "nan", "highway": "secondary", "oneway": "False" }, "geometry": { "type": "LineString", "coordinates": [ [ 745414.338407431729138, 2573879.78351338300854 ], [ 745549.452649969607592, 2573879.381904275156558 ] ] } },
{ "type": "Feature", "properties": { "osmid": "28691581", "name": "VIP road", "highway": "primary", "oneway": "True" }, "geometry": { "type": "LineString", "coordinates": [ [ 745393.60767092439346, 2573715.078678619116545 ], [ 745407.26585174491629, 2573709.454277014825493 ] ] } },
{ "type": "Feature", "properties": { "osmid": "28691444", "name": "nan", "highway": "secondary", "oneway": "True" }, "geometry": { "type": "LineString", "coordinates": [ [ 745393.60767092439346, 2573715.078678619116545 ], [ 745394.274058787850663, 2573743.49903043685481 ], [ 745396.38218132359907, 2573770.170414159540087 ] ] } },
{ "type": "Feature", "properties": { "osmid": "28691444", "name": "nan", "highway": "secondary", "oneway": "True" }, "geometry": { "type": "LineString", "coordinates": [ [ 745396.38218132359907, 2573770.170414159540087 ], [ 745397.825690952362493, 2573779.457237158436328 ], [ 745398.812508072820492, 2573792.215653758961707 ], [ 745397.688267322722822, 2573821.19363947911188 ], [ 745395.838693455094472, 2573829.650394059251994 ] ] } },
{ "type": "Feature", "properties": { "osmid": "28691599", "name": "nan", "highway": "residential", "oneway": "False" }, "geometry": { "type": "LineString", "coordinates": [ [ 745403.782918027718551, 2573828.430013456847519 ], [ 745519.620533765759319, 2573774.159183497540653 ] ] } },
{ "type": "Feature", "properties": { "osmid": [ 28691474, 238505285 ], "name": "nan", "highway": "secondary", "oneway": "True" }, "geometry": { "type": "LineString", "coordinates": [ [ 745403.782918027718551, 2573828.430013456847519 ], [ 745404.842379170935601, 2573787.894427587278187 ], [ 745405.235180910909548, 2573777.762647302821279 ], [ 745405.882280609337613, 2573756.588229419663548 ], [ 745407.582793242181651, 2573732.384211194235831 ], [ 745407.26585174491629, 2573709.454277014825493 ] ] } },
{ "type": "Feature", "properties": { "osmid": "967840286", "name": "nan", "highway": "residential", "oneway": "False" }, "geometry": { "type": "LineString", "coordinates": [ [ 745287.301722061936744, 2573935.310302393976599 ], [ 745266.508689104462974, 2573891.355387749150395 ], [ 745369.05052499671001, 2573837.450956199318171 ], [ 745395.838693455094472, 2573829.650394059251994 ] ] } },
{ "type": "Feature", "properties": { "osmid": "28691518", "name": "nan", "highway": "residential", "oneway": "False" }, "geometry": { "type": "LineString", "coordinates": [ [ 745300.476779702934437, 2574085.208906714338809 ], [ 745317.764301605755463, 2574074.292789450380951 ], [ 745350.086950891534798, 2574064.234727914445102 ], [ 745424.989471962326206, 2574058.415589928627014 ] ] } },
{ "type": "Feature", "properties": { "osmid": "28691530", "name": "nan", "highway": "residential", "oneway": "True" }, "geometry": { "type": "LineString", "coordinates": [ [ 745300.476779702934437, 2574085.208906714338809 ], [ 745358.567426957888529, 2574162.433726723305881 ], [ 745360.356732343323529, 2574184.235688335262239 ] ] } },
{ "type": "Feature", "properties": { "osmid": "238505260", "name": "Neem Road", "highway": "secondary", "oneway": "True" }, "geometry": { "type": "LineString", "coordinates": [ [ 745424.989471962326206, 2574058.415589928627014 ], [ 745422.936662431107834, 2574019.74536141147837 ] ] } },
{ "type": "Feature", "properties": { "osmid": "28691518", "name": "nan", "highway": "residential", "oneway": "False" }, "geometry": { "type": "LineString", "coordinates": [ [ 745424.989471962326206, 2574058.415589928627014 ], [ 745350.086950891534798, 2574064.234727914445102 ], [ 745317.764301605755463, 2574074.292789450380951 ], [ 745300.476779702934437, 2574085.208906714338809 ] ] } },
{ "type": "Feature", "properties": { "osmid": "28691561", "name": "nan", "highway": "residential", "oneway": "False" }, "geometry": { "type": "LineString", "coordinates": [ [ 745360.356732343323529, 2574184.235688335262239 ], [ 745387.135532521642745, 2574189.343321850523353 ] ] } },
{ "type": "Feature", "properties": { "osmid": "28691561", "name": "nan", "highway": "residential", "oneway": "False" }, "geometry": { "type": "LineString", "coordinates": [ [ 745360.356732343323529, 2574184.235688335262239 ], [ 745271.079122678842396, 2574190.194135810248554 ] ] } },
{ "type": "Feature", "properties": { "osmid": "28691530", "name": "nan", "highway": "residential", "oneway": "True" }, "geometry": { "type": "LineString", "coordinates": [ [ 745360.356732343323529, 2574184.235688335262239 ], [ 745358.53784484800417, 2574221.789258401375264 ], [ 745356.222099405829795, 2574229.961302306503057 ] ] } },
{ "type": "Feature", "properties": { "osmid": "967840326", "name": "Neem road", "highway": "secondary", "oneway": "True" }, "geometry": { "type": "LineString", "coordinates": [ [ 745399.846779350191355, 2574187.714286043774337 ], [ 745387.135532521642745, 2574189.343321850523353 ] ] } },
{ "type": "Feature", "properties": { "osmid": "238505260", "name": "Neem Road", "highway": "secondary", "oneway": "True" }, "geometry": { "type": "LineString", "coordinates": [ [ 745399.846779350191355, 2574187.714286043774337 ], [ 745417.450662462739274, 2574155.197345047257841 ], [ 745419.105167342931964, 2574148.011576094664633 ], [ 745419.59804100706242, 2574140.496348264161497 ], [ 745421.651293379953131, 2574125.915675509721041 ], [ 745424.989471962326206, 2574058.415589928627014 ] ] } },
{ "type": "Feature", "properties": { "osmid": "421001887", "name": "nan", "highway": "residential", "oneway": "False" }, "geometry": { "type": "LineString", "coordinates": [ [ 745399.846779350191355, 2574187.714286043774337 ], [ 745438.749028754071333, 2574195.781504243612289 ], [ 745483.695135010057129, 2574198.054226259700954 ] ] } },
{ "type": "Feature", "properties": { "osmid": "28691575", "name": "nan", "highway": "primary", "oneway": "True" }, "geometry": { "type": "LineString", "coordinates": [ [ 745407.26585174491629, 2573709.454277014825493 ], [ 745406.822116869036108, 2573689.857351566664875 ] ] } },
{ "type": "Feature", "properties": { "osmid": "498204199", "name": "nan", "highway": "primary", "oneway": "True" }, "geometry": { "type": "LineString", "coordinates": [ [ 745388.92542293551378, 2573668.24330173060298 ], [ 745391.880688399774954, 2573695.693215255625546 ] ] } },
{ "type": "Feature", "properties": { "osmid": "967840328", "name": "nan", "highway": "primary_link", "oneway": "True" }, "geometry": { "type": "LineString", "coordinates": [ [ 745388.92542293551378, 2573668.24330173060298 ], [ 745382.05758686887566, 2573675.564463103655726 ], [ 745376.461539687588811, 2573680.89008313184604 ], [ 745371.244836992700584, 2573688.659595327917486 ], [ 745346.17943373741582, 2573716.709853698499501 ] ] } },
{ "type": "Feature", "properties": { "osmid": "28691474", "name": "nan", "highway": "secondary", "oneway": "True" }, "geometry": { "type": "LineString", "coordinates": [ [ 745402.767235942417756, 2573866.318184639327228 ], [ 745403.782918027718551, 2573828.430013456847519 ] ] } },
{ "type": "Feature", "properties": { "osmid": "364473877", "name": "nan", "highway": "secondary", "oneway": "True" }, "geometry": { "type": "LineString", "coordinates": [ [ 745402.767235942417756, 2573866.318184639327228 ], [ 745398.990428676945157, 2573864.405344534665346 ], [ 745394.776717508328147, 2573864.767776941414922 ], [ 745392.096369112841785, 2573866.507340617943555 ], [ 745390.362718018470332, 2573869.19328885152936 ] ] } },
{ "type": "Feature", "properties": { "osmid": "28691599", "name": "nan", "highway": "residential", "oneway": "False" }, "geometry": { "type": "LineString", "coordinates": [ [ 745534.131103843217716, 2573769.612691873218864 ], [ 745545.237975287484005, 2573772.777034027036279 ] ] } },
{ "type": "Feature", "properties": { "osmid": "28691599", "name": "nan", "highway": "residential", "oneway": "False" }, "geometry": { "type": "LineString", "coordinates": [ [ 745534.131103843217716, 2573769.612691873218864 ], [ 745519.620533765759319, 2573774.159183497540653 ] ] } },
{ "type": "Feature", "properties": { "osmid": "419201624", "name": "nan", "highway": "residential", "oneway": "False" }, "geometry": { "type": "LineString", "coordinates": [ [ 745534.131103843217716, 2573769.612691873218864 ], [ 745522.60964056418743, 2573705.50098874187097 ] ] } },
{ "type": "Feature", "properties": { "osmid": "28691618", "name": "nan", "highway": "tertiary", "oneway": "False" }, "geometry": { "type": "LineString", "coordinates": [ [ 746068.253636968554929, 2573943.488349036779255 ], [ 746067.608030625851825, 2573929.328304581809789 ] ] } },
{ "type": "Feature", "properties": { "osmid": "28691618", "name": "nan", "highway": "tertiary", "oneway": "False" }, "geometry": { "type": "LineString", "coordinates": [ [ 746068.253636968554929, 2573943.488349036779255 ], [ 746071.126660978421569, 2573972.111677318811417 ] ] } },
{ "type": "Feature", "properties": { "osmid": "365241578", "name": "nan", "highway": "residential", "oneway": "False" }, "geometry": { "type": "LineString", "coordinates": [ [ 746068.253636968554929, 2573943.488349036779255 ], [ 746103.095156403374858, 2573938.404278895817697 ] ] } },
{ "type": "Feature", "properties": { "osmid": "28691618", "name": "nan", "highway": "tertiary", "oneway": "False" }, "geometry": { "type": "LineString", "coordinates": [ [ 746121.929094116901979, 2574146.591284486930817 ], [ 746112.701379342470318, 2574129.529898746870458 ] ] } },
{ "type": "Feature", "properties": { "osmid": "365241978", "name": "nan", "highway": "residential", "oneway": "False" }, "geometry": { "type": "LineString", "coordinates": [ [ 746121.929094116901979, 2574146.591284486930817 ], [ 746135.597281495924108, 2574173.06691392371431 ] ] } },
{ "type": "Feature", "properties": { "osmid": "28691618", "name": "nan", "highway": "tertiary", "oneway": "False" }, "geometry": { "type": "LineString", "coordinates": [ [ 746121.929094116901979, 2574146.591284486930817 ], [ 746119.419698484591208, 2574165.175379362888634 ], [ 746105.464349184767343, 2574185.630499169230461 ] ] } },
{ "type": "Feature", "properties": { "osmid": "1304613360", "name": "nan", "highway": "tertiary", "oneway": "False" }, "geometry": { "type": "LineString", "coordinates": [ [ 746105.464349184767343, 2574185.630499169230461 ], [ 746103.968049301067367, 2574206.092865615151823 ] ] } },
{ "type": "Feature", "properties": { "osmid": "28691618", "name": "nan", "highway": "tertiary", "oneway": "False" }, "geometry": { "type": "LineString", "coordinates": [ [ 746105.464349184767343, 2574185.630499169230461 ], [ 746119.419698484591208, 2574165.175379362888634 ], [ 746121.929094116901979, 2574146.591284486930817 ] ] } },
{ "type": "Feature", "properties": { "osmid": "28692217", "name": "nan", "highway": "tertiary", "oneway": "False" }, "geometry": { "type": "LineString", "coordinates": [ [ 746105.464349184767343, 2574185.630499169230461 ], [ 746072.328342027729377, 2574176.803973299916834 ], [ 746058.755624159588479, 2574167.404494495596737 ], [ 746052.892325929016806, 2574148.714771965518594 ] ] } },
{ "type": "Feature", "properties": { "osmid": "1304613360", "name": "nan", "highway": "tertiary", "oneway": "False" }, "geometry": { "type": "LineString", "coordinates": [ [ 746103.197858579223976, 2574232.77215947303921 ], [ 746101.010208514751866, 2574220.237463986966759 ] ] } },
{ "type": "Feature", "properties": { "osmid": "328226553", "name": "nan", "highway": "tertiary", "oneway": "False" }, "geometry": { "type": "LineString", "coordinates": [ [ 746103.197858579223976, 2574232.77215947303921 ], [ 746109.389362937421538, 2574244.63090862846002 ], [ 746112.672355960821733, 2574256.552210306748748 ], [ 746112.766280211741105, 2574268.786250722128898 ] ] } },
{ "type": "Feature", "properties": { "osmid": "967840301", "name": "nan", "highway": "residential", "oneway": "False" }, "geometry": { "type": "LineString", "coordinates": [ [ 746103.197858579223976, 2574232.77215947303921 ], [ 746085.010864682029933, 2574253.445174864958972 ], [ 746064.273666554363444, 2574265.544197044800967 ] ] } },
{ "type": "Feature", "properties": { "osmid": "967840298", "name": "nan", "highway": "residential", "oneway": "True" }, "geometry": { "type": "LineString", "coordinates": [ [ 746064.273666554363444, 2574265.544197044800967 ], [ 746055.15336387429852, 2574280.894041665364057 ], [ 746049.80505515600089, 2574288.561433032620698 ] ] } },
{ "type": "Feature", "properties": { "osmid": "967840301", "name": "nan", "highway": "residential", "oneway": "False" }, "geometry": { "type": "LineString", "coordinates": [ [ 746064.273666554363444, 2574265.544197044800967 ], [ 746085.010864682029933, 2574253.445174864958972 ], [ 746103.197858579223976, 2574232.77215947303921 ] ] } },
{ "type": "Feature", "properties": { "osmid": "238505281", "name": "nan", "highway": "residential", "oneway": "False" }, "geometry": { "type": "LineString", "coordinates": [ [ 746057.227775199338794, 2574485.412509996909648 ], [ 746044.074723268509842, 2574487.144438383635134 ] ] } },
{ "type": "Feature", "properties": { "osmid": "966372997", "name": "nan", "highway": "residential", "oneway": "False" }, "geometry": { "type": "LineString", "coordinates": [ [ 746057.227775199338794, 2574485.412509996909648 ], [ 746089.098672930849716, 2574530.959862214513123 ] ] } },
{ "type": "Feature", "properties": { "osmid": "967840299", "name": "nan", "highway": "residential", "oneway": "True" }, "geometry": { "type": "LineString", "coordinates": [ [ 746057.227775199338794, 2574485.412509996909648 ], [ 746062.85485978377983, 2574394.283015749417245 ], [ 746062.851054011960514, 2574340.200767696369439 ], [ 746067.392550265765749, 2574281.806179874576628 ], [ 746064.273666554363444, 2574265.544197044800967 ] ] } },
{ "type": "Feature", "properties": { "osmid": "238505256", "name": "nan", "highway": "secondary", "oneway": "False" }, "geometry": { "type": "LineString", "coordinates": [ [ 745736.801025035558268, 2573849.874833398032933 ], [ 745648.390479282708839, 2573865.152891812380403 ] ] } },
{ "type": "Feature", "properties": { "osmid": "238505256", "name": "nan", "highway": "secondary", "oneway": "False" }, "geometry": { "type": "LineString", "coordinates": [ [ 745736.801025035558268, 2573849.874833398032933 ], [ 745775.269093384267762, 2573844.030119111295789 ] ] } },
{ "type": "Feature", "properties": { "osmid": "421001885", "name": "nan", "highway": "residential", "oneway": "False" }, "geometry": { "type": "LineString", "coordinates": [ [ 745736.801025035558268, 2573849.874833398032933 ], [ 745737.829536143690348, 2573927.47481086011976 ] ] } },
{ "type": "Feature", "properties": { "osmid": "28692092", "name": "nan", "highway": "residential", "oneway": "False" }, "geometry": { "type": "LineString", "coordinates": [ [ 745736.801025035558268, 2573849.874833398032933 ], [ 745734.617378225317225, 2573837.074380453675985 ], [ 745705.872042926843278, 2573796.743189387954772 ], [ 745698.069654463441111, 2573772.082631156779826 ], [ 745688.210438004694879, 2573755.398940400686115 ], [ 745674.789326544851065, 2573739.897256317548454 ] ] } },
{ "type": "Feature", "properties": { "osmid": "28691630", "name": "nan", "highway": "residential", "oneway": "False" }, "geometry": { "type": "LineString", "coordinates": [ [ 745549.727428558515385, 2573925.258053870871663 ], [ 745653.418768082512543, 2573926.276441053021699 ] ] } },
{ "type": "Feature", "properties": { "osmid": "28691692", "name": "nan", "highway": "residential", "oneway": "False" }, "geometry": { "type": "LineString", "coordinates": [ [ 745549.727428558515385, 2573925.258053870871663 ], [ 745550.205670384108089, 2574005.851521910633892 ] ] } },
{ "type": "Feature", "properties": { "osmid": "28691692", "name": "nan", "highway": "residential", "oneway": "False" }, "geometry": { "type": "LineString", "coordinates": [ [ 745549.727428558515385, 2573925.258053870871663 ], [ 745549.452649969607592, 2573879.381904275156558 ] ] } },
{ "type": "Feature", "properties": { "osmid": "28691630", "name": "nan", "highway": "residential", "oneway": "False" }, "geometry": { "type": "LineString", "coordinates": [ [ 745653.418768082512543, 2573926.276441053021699 ], [ 745737.829536143690348, 2573927.47481086011976 ] ] } },
{ "type": "Feature", "properties": { "osmid": "28691630", "name": "nan", "highway": "residential", "oneway": "False" }, "geometry": { "type": "LineString", "coordinates": [ [ 745653.418768082512543, 2573926.276441053021699 ], [ 745549.727428558515385, 2573925.258053870871663 ] ] } },
{ "type": "Feature", "properties": { "osmid": "28691687", "name": "nan", "highway": "residential", "oneway": "False" }, "geometry": { "type": "LineString", "coordinates": [ [ 745653.418768082512543, 2573926.276441053021699 ], [ 745652.9400896334555, 2573955.187592000234872 ], [ 745652.74990065372549, 2573966.674513113219291 ], [ 745652.510961075429805, 2573980.48744953610003 ], [ 745652.008613685960881, 2574010.827544002793729 ] ] } },
{ "type": "Feature", "properties": { "osmid": "28691687", "name": "nan", "highway": "residential", "oneway": "False" }, "geometry": { "type": "LineString", "coordinates": [ [ 745653.418768082512543, 2573926.276441053021699 ], [ 745655.253016300499439, 2573903.913916826248169 ], [ 745653.987624866771512, 2573886.353159394580871 ], [ 745648.390479282708839, 2573865.152891812380403 ] ] } },
{ "type": "Feature", "properties": { "osmid": "28691630", "name": "nan", "highway": "residential", "oneway": "False" }, "geometry": { "type": "LineString", "coordinates": [ [ 745737.829536143690348, 2573927.47481086011976 ], [ 745817.821192688075826, 2573929.076890178956091 ] ] } },
{ "type": "Feature", "properties": { "osmid": "28691630", "name": "nan", "highway": "residential", "oneway": "False" }, "geometry": { "type": "LineString", "coordinates": [ [ 745737.829536143690348, 2573927.47481086011976 ], [ 745653.418768082512543, 2573926.276441053021699 ] ] } },
{ "type": "Feature", "properties": { "osmid": "421001885", "name": "nan", "highway": "residential", "oneway": "False" }, "geometry": { "type": "LineString", "coordinates": [ [ 745737.829536143690348, 2573927.47481086011976 ], [ 745737.110284795286134, 2573960.392992925830185 ] ] } },
{ "type": "Feature", "properties": { "osmid": "421001885", "name": "nan", "highway": "residential", "oneway": "False" }, "geometry": { "type": "LineString", "coordinates": [ [ 745737.829536143690348, 2573927.47481086011976 ], [ 745736.801025035558268, 2573849.874833398032933 ] ] } },
{ "type": "Feature", "properties": { "osmid": "28691630", "name": "nan", "highway": "residential", "oneway": "False" }, "geometry": { "type": "LineString", "coordinates": [ [ 745817.821192688075826, 2573929.076890178956091 ], [ 745863.951839038636535, 2573927.88006736850366 ] ] } },
{ "type": "Feature", "properties": { "osmid": "28691630", "name": "nan", "highway": "residential", "oneway": "False" }, "geometry": { "type": "LineString", "coordinates": [ [ 745817.821192688075826, 2573929.076890178956091 ], [ 745737.829536143690348, 2573927.47481086011976 ] ] } },
{ "type": "Feature", "properties": { "osmid": "28691634", "name": "nan", "highway": "residential", "oneway": "False" }, "geometry": { "type": "LineString", "coordinates": [ [ 745817.821192688075826, 2573929.076890178956091 ], [ 745817.446109061827883, 2573959.131038632243872 ] ] } },
{ "type": "Feature", "properties": { "osmid": "28691634", "name": "nan", "highway": "residential", "oneway": "False" }, "geometry": { "type": "LineString", "coordinates": [ [ 745817.821192688075826, 2573929.076890178956091 ], [ 745816.167259483481757, 2573838.580324375070632 ] ] } },
{ "type": "Feature", "properties": { "osmid": "28691630", "name": "nan", "highway": "residential", "oneway": "False" }, "geometry": { "type": "LineString", "coordinates": [ [ 745924.364567307056859, 2573927.895157200749964 ], [ 745979.129208847414702, 2573933.279358048457652 ] ] } },
{ "type": "Feature", "properties": { "osmid": "28691630", "name": "nan", "highway": "residential", "oneway": "False" }, "geometry": { "type": "LineString", "coordinates": [ [ 745924.364567307056859, 2573927.895157200749964 ], [ 745863.951839038636535, 2573927.88006736850366 ] ] } },
{ "type": "Feature", "properties": { "osmid": "365240519", "name": "nan", "highway": "residential", "oneway": "False" }, "geometry": { "type": "LineString", "coordinates": [ [ 745924.364567307056859, 2573927.895157200749964 ], [ 745924.066717460053042, 2574016.276400128845125 ] ] } },
{ "type": "Feature", "properties": { "osmid": "365240519", "name": "nan", "highway": "residential", "oneway": "False" }, "geometry": { "type": "LineString", "coordinates": [ [ 745924.364567307056859, 2573927.895157200749964 ], [ 745923.272152755409479, 2573877.06358890235424 ] ] } },
{ "type": "Feature", "properties": { "osmid": "28691618", "name": "nan", "highway": "tertiary", "oneway": "False" }, "geometry": { "type": "LineString", "coordinates": [ [ 746067.608030625851825, 2573929.328304581809789 ], [ 746068.253636968554929, 2573943.488349036779255 ] ] } },
{ "type": "Feature", "properties": { "osmid": "28691630", "name": "nan", "highway": "residential", "oneway": "False" }, "geometry": { "type": "LineString", "coordinates": [ [ 746067.608030625851825, 2573929.328304581809789 ], [ 746057.491254064720124, 2573930.058015471789986 ] ] } },
{ "type": "Feature", "properties": { "osmid": "28691618", "name": "nan", "highway": "tertiary", "oneway": "False" }, "geometry": { "type": "LineString", "coordinates": [ [ 746067.608030625851825, 2573929.328304581809789 ], [ 746063.672460337053053, 2573897.48519872687757 ], [ 746059.058023734018207, 2573868.301151928026229 ] ] } },
{ "type": "Feature", "properties": { "osmid": "28691634", "name": "nan", "highway": "residential", "oneway": "False" }, "geometry": { "type": "LineString", "coordinates": [ [ 745816.167259483481757, 2573838.580324375070632 ], [ 745817.821192688075826, 2573929.076890178956091 ] ] } },
{ "type": "Feature", "properties": { "osmid": "238505256", "name": "nan", "highway": "secondary", "oneway": "False" }, "geometry": { "type": "LineString", "coordinates": [ [ 745816.167259483481757, 2573838.580324375070632 ], [ 745775.269093384267762, 2573844.030119111295789 ] ] } },
{ "type": "Feature", "properties": { "osmid": "238505256", "name": "nan", "highway": "secondary", "oneway": "False" }, "geometry": { "type": "LineString", "coordinates": [ [ 745816.167259483481757, 2573838.580324375070632 ], [ 745868.920979998423718, 2573826.944938248489052 ] ] } },
{ "type": "Feature", "properties": { "osmid": "28691634", "name": "nan", "highway": "residential", "oneway": "False" }, "geometry": { "type": "LineString", "coordinates": [ [ 745816.637567097437568, 2574014.728762523271143 ], [ 745815.846765176393092, 2574069.872498713899404 ] ] } },
{ "type": "Feature", "properties": { "osmid": "28691634", "name": "nan", "highway": "residential", "oneway": "False" }, "geometry": { "type": "LineString", "coordinates": [ [ 745816.637567097437568, 2574014.728762523271143 ], [ 745817.446109061827883, 2573959.131038632243872 ] ] } },
{ "type": "Feature", "properties": { "osmid": "28691648", "name": "nan", "highway": "residential", "oneway": "False" }, "geometry": { "type": "LineString", "coordinates": [ [ 745816.637567097437568, 2574014.728762523271143 ], [ 745865.605216846917756, 2574015.916884089354426 ] ] } },
{ "type": "Feature", "properties": { "osmid": "28691648", "name": "nan", "highway": "residential", "oneway": "False" }, "geometry": { "type": "LineString", "coordinates": [ [ 745816.637567097437568, 2574014.728762523271143 ], [ 745735.464265207760036, 2574012.79682555468753 ] ] } },
{ "type": "Feature", "properties": { "osmid": "28691643", "name": "nan", "highway": "residential", "oneway": "False" }, "geometry": { "type": "LineString", "coordinates": [ [ 745551.588774906238541, 2574117.129692215938121 ], [ 745595.143983598682098, 2574111.911716199945658 ] ] } },
{ "type": "Feature", "properties": { "osmid": "28691676", "name": "nan", "highway": "residential", "oneway": "False" }, "geometry": { "type": "LineString", "coordinates": [ [ 745551.588774906238541, 2574117.129692215938121 ], [ 745548.443409441853873, 2574197.685364630073309 ] ] } },
{ "type": "Feature", "properties": { "osmid": "28691676", "name": "nan", "highway": "residential", "oneway": "False" }, "geometry": { "type": "LineString", "coordinates": [ [ 745551.588774906238541, 2574117.129692215938121 ], [ 745549.903702435898595, 2574092.138336879666895 ], [ 745546.685086948331445, 2574091.143257418181747 ] ] } },
{ "type": "Feature", "properties": { "osmid": "28691643", "name": "nan", "highway": "residential", "oneway": "False" }, "geometry": { "type": "LineString", "coordinates": [ [ 745595.143983598682098, 2574111.911716199945658 ], [ 745646.135535765672103, 2574107.082913191057742 ] ] } },
{ "type": "Feature", "properties": { "osmid": "28691643", "name": "nan", "highway": "residential", "oneway": "False" }, "geometry": { "type": "LineString", "coordinates": [ [ 745595.143983598682098, 2574111.911716199945658 ], [ 745551.588774906238541, 2574117.129692215938121 ] ] } },
{ "type": "Feature", "properties": { "osmid": "28691680", "name": "nan", "highway": "residential", "oneway": "False" }, "geometry": { "type": "LineString", "coordinates": [ [ 745595.143983598682098, 2574111.911716199945658 ], [ 745575.110768403857946, 2574040.678525761701167 ], [ 745565.601099706022069, 2574009.685202892869711 ] ] } },
{ "type": "Feature", "properties": { "osmid": "28691643", "name": "nan", "highway": "residential", "oneway": "False" }, "geometry": { "type": "LineString", "coordinates": [ [ 745646.135535765672103, 2574107.082913191057742 ], [ 745595.143983598682098, 2574111.911716199945658 ] ] } },
{ "type": "Feature", "properties": { "osmid": "28691643", "name": "nan", "highway": "residential", "oneway": "False" }, "geometry": { "type": "LineString", "coordinates": [ [ 745646.135535765672103, 2574107.082913191057742 ], [ 745672.176210892153904, 2574109.785529662389308 ], [ 745712.144784837262705, 2574115.909933794755489 ], [ 745735.135083433007821, 2574116.113437615334988 ] ] } },
{ "type": "Feature", "properties": { "osmid": "28691687", "name": "nan", "highway": "residential", "oneway": "False" }, "geometry": { "type": "LineString", "coordinates": [ [ 745646.135535765672103, 2574107.082913191057742 ], [ 745650.243195217801258, 2574153.310657985042781 ], [ 745650.93358279322274, 2574198.174370849039406 ] ] } },
{ "type": "Feature", "properties": { "osmid": "28691687", "name": "nan", "highway": "residential", "oneway": "False" }, "geometry": { "type": "LineString", "coordinates": [ [ 745646.135535765672103, 2574107.082913191057742 ], [ 745640.969620114308782, 2574067.264115315396339 ], [ 745652.778844595537521, 2574057.055423954501748 ], [ 745652.008613685960881, 2574010.827544002793729 ] ] } },
{ "type": "Feature", "properties": { "osmid": "421001885", "name": "nan", "highway": "residential", "oneway": "False" }, "geometry": { "type": "LineString", "coordinates": [ [ 745735.135083433007821, 2574116.113437615334988 ], [ 745737.314857386285439, 2574159.4284733007662 ] ] } },
{ "type": "Feature", "properties": { "osmid": "28691643", "name": "nan", "highway": "residential", "oneway": "False" }, "geometry": { "type": "LineString", "coordinates": [ [ 745735.135083433007821, 2574116.113437615334988 ], [ 745761.759860661928542, 2574118.781568760983646 ], [ 745801.484530740184709, 2574120.470131019130349 ], [ 745815.125364136416465, 2574120.208615439478308 ] ] } },
{ "type": "Feature", "properties": { "osmid": "28691643", "name": "nan", "highway": "residential", "oneway": "False" }, "geometry": { "type": "LineString", "coordinates": [ [ 745735.135083433007821, 2574116.113437615334988 ], [ 745712.144784837262705, 2574115.909933794755489 ], [ 745672.176210892153904, 2574109.785529662389308 ], [ 745646.135535765672103, 2574107.082913191057742 ] ] } },
{ "type": "Feature", "properties": { "osmid": "421001885", "name": "nan", "highway": "residential", "oneway": "False" }, "geometry": { "type": "LineString", "coordinates": [ [ 745735.135083433007821, 2574116.113437615334988 ], [ 745735.231493749888614, 2574086.187644843012094 ], [ 745735.464265207760036, 2574012.79682555468753 ] ] } },
{ "type": "Feature", "properties": { "osmid": "28691643", "name": "nan", "highway": "residential", "oneway": "False" }, "geometry": { "type": "LineString", "coordinates": [ [ 745867.628309514839202, 2574123.028735707048327 ], [ 745815.125364136416465, 2574120.208615439478308 ] ] } },
{ "type": "Feature", "properties": { "osmid": "365240697", "name": "nan", "highway": "residential", "oneway": "False" }, "geometry": { "type": "LineString", "coordinates": [ [ 745867.628309514839202, 2574123.028735707048327 ], [ 745868.676594893797301, 2574178.380257578101009 ] ] } },
{ "type": "Feature", "properties": { "osmid": "365240697", "name": "nan", "highway": "residential", "oneway": "False" }, "geometry": { "type": "LineString", "coordinates": [ [ 745867.628309514839202, 2574123.028735707048327 ], [ 745866.626807452645153, 2574069.794297728687525 ] ] } },
{ "type": "Feature", "properties": { "osmid": "28691643", "name": "nan", "highway": "residential", "oneway": "False" }, "geometry": { "type": "LineString", "coordinates": [ [ 745867.628309514839202, 2574123.028735707048327 ], [ 745906.540538656525314, 2574123.086417946498841 ], [ 745922.786531721008942, 2574122.535778649616987 ] ] } },
{ "type": "Feature", "properties": { "osmid": "28691643", "name": "nan", "highway": "residential", "oneway": "False" }, "geometry": { "type": "LineString", "coordinates": [ [ 745975.675072307232767, 2574123.711735094897449 ], [ 746030.613794116768986, 2574147.569683071225882 ] ] } },
{ "type": "Feature", "properties": { "osmid": "28691643", "name": "nan", "highway": "residential", "oneway": "False" }, "geometry": { "type": "LineString", "coordinates": [ [ 745975.675072307232767, 2574123.711735094897449 ], [ 745922.786531721008942, 2574122.535778649616987 ] ] } },
{ "type": "Feature", "properties": { "osmid": "28691659", "name": "nan", "highway": "residential", "oneway": "False" }, "geometry": { "type": "LineString", "coordinates": [ [ 745975.675072307232767, 2574123.711735094897449 ], [ 745979.129208847414702, 2573933.279358048457652 ] ] } },
{ "type": "Feature", "properties": { "osmid": "1069960949", "name": "nan", "highway": "residential", "oneway": "False" }, "geometry": { "type": "LineString", "coordinates": [ [ 745975.675072307232767, 2574123.711735094897449 ], [ 745977.424066680250689, 2574203.462303049862385 ] ] } },
{ "type": "Feature", "properties": { "osmid": "28691643", "name": "nan", "highway": "residential", "oneway": "False" }, "geometry": { "type": "LineString", "coordinates": [ [ 746052.892325929016806, 2574148.714771965518594 ], [ 746030.613794116768986, 2574147.569683071225882 ] ] } },
{ "type": "Feature", "properties": { "osmid": "28692217", "name": "nan", "highway": "tertiary", "oneway": "False" }, "geometry": { "type": "LineString", "coordinates": [ [ 746052.892325929016806, 2574148.714771965518594 ], [ 746058.755624159588479, 2574167.404494495596737 ], [ 746072.328342027729377, 2574176.803973299916834 ], [ 746105.464349184767343, 2574185.630499169230461 ] ] } },
{ "type": "Feature", "properties": { "osmid": "28692217", "name": "nan", "highway": "tertiary", "oneway": "False" }, "geometry": { "type": "LineString", "coordinates": [ [ 746052.892325929016806, 2574148.714771965518594 ], [ 746059.149884323822334, 2574024.49938379554078 ], [ 746057.332216982846148, 2573973.600320930592716 ] ] } },
{ "type": "Feature", "properties": { "osmid": "28691648", "name": "nan", "highway": "residential", "oneway": "False" }, "geometry": { "type": "LineString", "coordinates": [ [ 745652.008613685960881, 2574010.827544002793729 ], [ 745735.464265207760036, 2574012.79682555468753 ] ] } },
{ "type": "Feature", "properties": { "osmid": "28691687", "name": "nan", "highway": "residential", "oneway": "False" }, "geometry": { "type": "LineString", "coordinates": [ [ 745652.008613685960881, 2574010.827544002793729 ], [ 745652.778844595537521, 2574057.055423954501748 ], [ 745640.969620114308782, 2574067.264115315396339 ], [ 745646.135535765672103, 2574107.082913191057742 ] ] } },
{ "type": "Feature", "properties": { "osmid": "28691687", "name": "nan", "highway": "residential", "oneway": "False" }, "geometry": { "type": "LineString", "coordinates": [ [ 745652.008613685960881, 2574010.827544002793729 ], [ 745652.510961075429805, 2573980.48744953610003 ], [ 745652.74990065372549, 2573966.674513113219291 ], [ 745652.9400896334555, 2573955.187592000234872 ], [ 745653.418768082512543, 2573926.276441053021699 ] ] } },
{ "type": "Feature", "properties": { "osmid": "1069960947", "name": "nan", "highway": "residential", "oneway": "False" }, "geometry": { "type": "LineString", "coordinates": [ [ 745652.008613685960881, 2574010.827544002793729 ], [ 745621.847636268474162, 2574012.112087002955377 ], [ 745596.090830741450191, 2574008.948912900406867 ], [ 745565.601099706022069, 2574009.685202892869711 ] ] } },
{ "type": "Feature", "properties": { "osmid": "28691648", "name": "nan", "highway": "residential", "oneway": "False" }, "geometry": { "type": "LineString", "coordinates": [ [ 745735.464265207760036, 2574012.79682555468753 ], [ 745816.637567097437568, 2574014.728762523271143 ] ] } },
{ "type": "Feature", "properties": { "osmid": "28691648", "name": "nan", "highway": "residential", "oneway": "False" }, "geometry": { "type": "LineString", "coordinates": [ [ 745735.464265207760036, 2574012.79682555468753 ], [ 745652.008613685960881, 2574010.827544002793729 ] ] } },
{ "type": "Feature", "properties": { "osmid": "421001885", "name": "nan", "highway": "residential", "oneway": "False" }, "geometry": { "type": "LineString", "coordinates": [ [ 745735.464265207760036, 2574012.79682555468753 ], [ 745737.110284795286134, 2573960.392992925830185 ] ] } },
{ "type": "Feature", "properties": { "osmid": "421001885", "name": "nan", "highway": "residential", "oneway": "False" }, "geometry": { "type": "LineString", "coordinates": [ [ 745735.464265207760036, 2574012.79682555468753 ], [ 745735.231493749888614, 2574086.187644843012094 ], [ 745735.135083433007821, 2574116.113437615334988 ] ] } },
{ "type": "Feature", "properties": { "osmid": "28691648", "name": "nan", "highway": "residential", "oneway": "False" }, "geometry": { "type": "LineString", "coordinates": [ [ 745865.605216846917756, 2574015.916884089354426 ], [ 745816.637567097437568, 2574014.728762523271143 ] ] } },
{ "type": "Feature", "properties": { "osmid": "365240697", "name": "nan", "highway": "residential", "oneway": "False" }, "geometry": { "type": "LineString", "coordinates": [ [ 745865.605216846917756, 2574015.916884089354426 ], [ 745866.626807452645153, 2574069.794297728687525 ] ] } },
{ "type": "Feature", "properties": { "osmid": "365240697", "name": "nan", "highway": "residential", "oneway": "False" }, "geometry": { "type": "LineString", "coordinates": [ [ 745865.605216846917756, 2574015.916884089354426 ], [ 745863.951839038636535, 2573927.88006736850366 ] ] } },
{ "type": "Feature", "properties": { "osmid": "966373002", "name": "nan", "highway": "residential", "oneway": "False" }, "geometry": { "type": "LineString", "coordinates": [ [ 745865.605216846917756, 2574015.916884089354426 ], [ 745924.066717460053042, 2574016.276400128845125 ] ] } },
{ "type": "Feature", "properties": { "osmid": "238505256", "name": "nan", "highway": "secondary", "oneway": "False" }, "geometry": { "type": "LineString", "coordinates": [ [ 745926.323246558662504, 2573814.046081306878477 ], [ 745868.920979998423718, 2573826.944938248489052 ] ] } },
{ "type": "Feature", "properties": { "osmid": "238505256", "name": "nan", "highway": "secondary", "oneway": "False" }, "geometry": { "type": "LineString", "coordinates": [ [ 745926.323246558662504, 2573814.046081306878477 ], [ 745972.568586921086535, 2573797.926523193251342 ] ] } },
{ "type": "Feature", "properties": { "osmid": "365240519", "name": "nan", "highway": "residential", "oneway": "False" }, "geometry": { "type": "LineString", "coordinates": [ [ 745926.323246558662504, 2573814.046081306878477 ], [ 745923.272152755409479, 2573877.06358890235424 ] ] } },
{ "type": "Feature", "properties": { "osmid": "365240519", "name": "nan", "highway": "residential", "oneway": "False" }, "geometry": { "type": "LineString", "coordinates": [ [ 745924.066717460053042, 2574016.276400128845125 ], [ 745922.786531721008942, 2574122.535778649616987 ] ] } },
{ "type": "Feature", "properties": { "osmid": "365240519", "name": "nan", "highway": "residential", "oneway": "False" }, "geometry": { "type": "LineString", "coordinates": [ [ 745924.066717460053042, 2574016.276400128845125 ], [ 745924.364567307056859, 2573927.895157200749964 ] ] } },
{ "type": "Feature", "properties": { "osmid": "966373002", "name": "nan", "highway": "residential", "oneway": "False" }, "geometry": { "type": "LineString", "coordinates": [ [ 745924.066717460053042, 2574016.276400128845125 ], [ 745865.605216846917756, 2574015.916884089354426 ] ] } },
{ "type": "Feature", "properties": { "osmid": "365240519", "name": "nan", "highway": "residential", "oneway": "False" }, "geometry": { "type": "LineString", "coordinates": [ [ 745921.79078002483584, 2574203.603666610084474 ], [ 745919.002810778096318, 2574284.708332446403801 ] ] } },
{ "type": "Feature", "properties": { "osmid": "365240519", "name": "nan", "highway": "residential", "oneway": "False" }, "geometry": { "type": "LineString", "coordinates": [ [ 745921.79078002483584, 2574203.603666610084474 ], [ 745922.786531721008942, 2574122.535778649616987 ] ] } },
{ "type": "Feature", "properties": { "osmid": "419836080", "name": "nan", "highway": "residential", "oneway": "False" }, "geometry": { "type": "LineString", "coordinates": [ [ 745921.79078002483584, 2574203.603666610084474 ], [ 745868.107442980748601, 2574203.456231301650405 ] ] } },
{ "type": "Feature", "properties": { "osmid": "28691623", "name": "nan", "highway": "residential", "oneway": "False" }, "geometry": { "type": "LineString", "coordinates": [ [ 745921.79078002483584, 2574203.603666610084474 ], [ 745926.494224083377048, 2574203.338151606265455 ], [ 745977.424066680250689, 2574203.462303049862385 ] ] } },
{ "type": "Feature", "properties": { "osmid": "28691630", "name": "nan", "highway": "residential", "oneway": "False" }, "geometry": { "type": "LineString", "coordinates": [ [ 745979.129208847414702, 2573933.279358048457652 ], [ 745924.364567307056859, 2573927.895157200749964 ] ] } },
{ "type": "Feature", "properties": { "osmid": "28691659", "name": "nan", "highway": "residential", "oneway": "False" }, "geometry": { "type": "LineString", "coordinates": [ [ 745979.129208847414702, 2573933.279358048457652 ], [ 745975.675072307232767, 2574123.711735094897449 ] ] } },
{ "type": "Feature", "properties": { "osmid": "28691630", "name": "nan", "highway": "residential", "oneway": "False" }, "geometry": { "type": "LineString", "coordinates": [ [ 745979.129208847414702, 2573933.279358048457652 ], [ 745995.299551023170352, 2573932.982364523224533 ], [ 746057.491254064720124, 2573930.058015471789986 ] ] } },
{ "type": "Feature", "properties": { "osmid": "365240682", "name": "nan", "highway": "residential", "oneway": "False" }, "geometry": { "type": "LineString", "coordinates": [ [ 745866.626807452645153, 2574069.794297728687525 ], [ 745815.846765176393092, 2574069.872498713899404 ] ] } },
{ "type": "Feature", "properties": { "osmid": "365240697", "name": "nan", "highway": "residential", "oneway": "False" }, "geometry": { "type": "LineString", "coordinates": [ [ 745866.626807452645153, 2574069.794297728687525 ], [ 745867.628309514839202, 2574123.028735707048327 ] ] } },
{ "type": "Feature", "properties": { "osmid": "365240697", "name": "nan", "highway": "residential", "oneway": "False" }, "geometry": { "type": "LineString", "coordinates": [ [ 745866.626807452645153, 2574069.794297728687525 ], [ 745865.605216846917756, 2574015.916884089354426 ] ] } },
{ "type": "Feature", "properties": { "osmid": "28691676", "name": "nan", "highway": "residential", "oneway": "False" }, "geometry": { "type": "LineString", "coordinates": [ [ 745422.936662431107834, 2574019.74536141147837 ], [ 745440.024062625016086, 2574025.268912704195827 ], [ 745466.606198644381948, 2574044.755367231089622 ] ] } },
{ "type": "Feature", "properties": { "osmid": "238505260", "name": "Neem Road", "highway": "secondary", "oneway": "True" }, "geometry": { "type": "LineString", "coordinates": [ [ 745422.936662431107834, 2574019.74536141147837 ], [ 745415.397875205264427, 2573885.052998259663582 ], [ 745414.338407431729138, 2573879.78351338300854 ] ] } },
{ "type": "Feature", "properties": { "osmid": "28691676", "name": "nan", "highway": "residential", "oneway": "False" }, "geometry": { "type": "LineString", "coordinates": [ [ 745518.44319413555786, 2574084.116441127378494 ], [ 745546.685086948331445, 2574091.143257418181747 ] ] } },
{ "type": "Feature", "properties": { "osmid": "28691698", "name": "nan", "highway": "residential", "oneway": "False" }, "geometry": { "type": "LineString", "coordinates": [ [ 745518.44319413555786, 2574084.116441127378494 ], [ 745505.578576177707873, 2574199.557604688685387 ] ] } },
{ "type": "Feature", "properties": { "osmid": "28691676", "name": "nan", "highway": "residential", "oneway": "False" }, "geometry": { "type": "LineString", "coordinates": [ [ 745518.44319413555786, 2574084.116441127378494 ], [ 745498.403013076167554, 2574062.156466637738049 ], [ 745466.606198644381948, 2574044.755367231089622 ] ] } },
{ "type": "Feature", "properties": { "osmid": "28691676", "name": "nan", "highway": "residential", "oneway": "False" }, "geometry": { "type": "LineString", "coordinates": [ [ 745548.443409441853873, 2574197.685364630073309 ], [ 745551.588774906238541, 2574117.129692215938121 ] ] } },
{ "type": "Feature", "properties": { "osmid": "421001887", "name": "nan", "highway": "residential", "oneway": "False" }, "geometry": { "type": "LineString", "coordinates": [ [ 745548.443409441853873, 2574197.685364630073309 ], [ 745650.93358279322274, 2574198.174370849039406 ] ] } },
{ "type": "Feature", "properties": { "osmid": "421001887", "name": "nan", "highway": "residential", "oneway": "False" }, "geometry": { "type": "LineString", "coordinates": [ [ 745548.443409441853873, 2574197.685364630073309 ], [ 745505.578576177707873, 2574199.557604688685387 ] ] } },
{ "type": "Feature", "properties": { "osmid": "28691676", "name": "nan", "highway": "residential", "oneway": "False" }, "geometry": { "type": "LineString", "coordinates": [ [ 745466.606198644381948, 2574044.755367231089622 ], [ 745498.403013076167554, 2574062.156466637738049 ], [ 745518.44319413555786, 2574084.116441127378494 ] ] } },
{ "type": "Feature", "properties": { "osmid": "28691676", "name": "nan", "highway": "residential", "oneway": "False" }, "geometry": { "type": "LineString", "coordinates": [ [ 745466.606198644381948, 2574044.755367231089622 ], [ 745440.024062625016086, 2574025.268912704195827 ], [ 745422.936662431107834, 2574019.74536141147837 ] ] } },
{ "type": "Feature", "properties": { "osmid": "28691680", "name": "nan", "highway": "residential", "oneway": "False" }, "geometry": { "type": "LineString", "coordinates": [ [ 745466.606198644381948, 2574044.755367231089622 ], [ 745504.634396838140674, 2574027.71184274321422 ], [ 745529.348112667328678, 2574009.151687283534557 ], [ 745550.205670384108089, 2574005.851521910633892 ] ] } },
{ "type": "Feature", "properties": { "osmid": "28691680", "name": "nan", "highway": "residential", "oneway": "False" }, "geometry": { "type": "LineString", "coordinates": [ [ 745565.601099706022069, 2574009.685202892869711 ], [ 745550.205670384108089, 2574005.851521910633892 ] ] } },
{ "type": "Feature", "properties": { "osmid": "28691680", "name": "nan", "highway": "residential", "oneway": "False" }, "geometry": { "type": "LineString", "coordinates": [ [ 745565.601099706022069, 2574009.685202892869711 ], [ 745575.110768403857946, 2574040.678525761701167 ], [ 745595.143983598682098, 2574111.911716199945658 ] ] } },
{ "type": "Feature", "properties": { "osmid": "1069960947", "name": "nan", "highway": "residential", "oneway": "False" }, "geometry": { "type": "LineString", "coordinates": [ [ 745565.601099706022069, 2574009.685202892869711 ], [ 745596.090830741450191, 2574008.948912900406867 ], [ 745621.847636268474162, 2574012.112087002955377 ], [ 745652.008613685960881, 2574010.827544002793729 ] ] } },
{ "type": "Feature", "properties": { "osmid": "238505256", "name": "nan", "highway": "secondary", "oneway": "False" }, "geometry": { "type": "LineString", "coordinates": [ [ 745648.390479282708839, 2573865.152891812380403 ], [ 745639.251430212869309, 2573867.428131121210754 ] ] } },
{ "type": "Feature", "properties": { "osmid": "238505256", "name": "nan", "highway": "secondary", "oneway": "False" }, "geometry": { "type": "LineString", "coordinates": [ [ 745648.390479282708839, 2573865.152891812380403 ], [ 745736.801025035558268, 2573849.874833398032933 ] ] } },
{ "type": "Feature", "properties": { "osmid": "28691687", "name": "nan", "highway": "residential", "oneway": "False" }, "geometry": { "type": "LineString", "coordinates": [ [ 745648.390479282708839, 2573865.152891812380403 ], [ 745653.987624866771512, 2573886.353159394580871 ], [ 745655.253016300499439, 2573903.913916826248169 ], [ 745653.418768082512543, 2573926.276441053021699 ] ] } },
{ "type": "Feature", "properties": { "osmid": "421001887", "name": "nan", "highway": "residential", "oneway": "False" }, "geometry": { "type": "LineString", "coordinates": [ [ 745650.93358279322274, 2574198.174370849039406 ], [ 745548.443409441853873, 2574197.685364630073309 ] ] } },
{ "type": "Feature", "properties": { "osmid": "28691687", "name": "nan", "highway": "residential", "oneway": "False" }, "geometry": { "type": "LineString", "coordinates": [ [ 745650.93358279322274, 2574198.174370849039406 ], [ 745650.243195217801258, 2574153.310657985042781 ], [ 745646.135535765672103, 2574107.082913191057742 ] ] } },
{ "type": "Feature", "properties": { "osmid": "421001887", "name": "nan", "highway": "residential", "oneway": "False" }, "geometry": { "type": "LineString", "coordinates": [ [ 745650.93358279322274, 2574198.174370849039406 ], [ 745666.954657341935672, 2574197.597577317617834 ], [ 745702.962092210073024, 2574198.714657007250935 ] ] } },
{ "type": "Feature", "properties": { "osmid": "28691692", "name": "nan", "highway": "residential", "oneway": "False" }, "geometry": { "type": "LineString", "coordinates": [ [ 745549.452649969607592, 2573879.381904275156558 ], [ 745549.727428558515385, 2573925.258053870871663 ] ] } },
{ "type": "Feature", "properties": { "osmid": "238505256", "name": "nan", "highway": "secondary", "oneway": "False" }, "geometry": { "type": "LineString", "coordinates": [ [ 745549.452649969607592, 2573879.381904275156558 ], [ 745414.338407431729138, 2573879.78351338300854 ] ] } },
{ "type": "Feature", "properties": { "osmid": "238505256", "name": "nan", "highway": "secondary", "oneway": "False" }, "geometry": { "type": "LineString", "coordinates": [ [ 745549.452649969607592, 2573879.381904275156558 ], [ 745559.11371302511543, 2573879.586113140918314 ] ] } },
{ "type": "Feature", "properties": { "osmid": "28691680", "name": "nan", "highway": "residential", "oneway": "False" }, "geometry": { "type": "LineString", "coordinates": [ [ 745550.205670384108089, 2574005.851521910633892 ], [ 745565.601099706022069, 2574009.685202892869711 ] ] } },
{ "type": "Feature", "properties": { "osmid": "28691692", "name": "nan", "highway": "residential", "oneway": "False" }, "geometry": { "type": "LineString", "coordinates": [ [ 745550.205670384108089, 2574005.851521910633892 ], [ 745549.727428558515385, 2573925.258053870871663 ] ] } },
{ "type": "Feature", "properties": { "osmid": "28691680", "name": "nan", "highway": "residential", "oneway": "False" }, "geometry": { "type": "LineString", "coordinates": [ [ 745550.205670384108089, 2574005.851521910633892 ], [ 745529.348112667328678, 2574009.151687283534557 ], [ 745504.634396838140674, 2574027.71184274321422 ], [ 745466.606198644381948, 2574044.755367231089622 ] ] } },
{ "type": "Feature", "properties": { "osmid": "28691698", "name": "nan", "highway": "residential", "oneway": "False" }, "geometry": { "type": "LineString", "coordinates": [ [ 745505.578576177707873, 2574199.557604688685387 ], [ 745518.44319413555786, 2574084.116441127378494 ] ] } },
{ "type": "Feature", "properties": { "osmid": "421001887", "name": "nan", "highway": "residential", "oneway": "False" }, "geometry": { "type": "LineString", "coordinates": [ [ 745505.578576177707873, 2574199.557604688685387 ], [ 745548.443409441853873, 2574197.685364630073309 ] ] } },
{ "type": "Feature", "properties": { "osmid": "421001887", "name": "nan", "highway": "residential", "oneway": "False" }, "geometry": { "type": "LineString", "coordinates": [ [ 745505.578576177707873, 2574199.557604688685387 ], [ 745483.695135010057129, 2574198.054226259700954 ] ] } },
{ "type": "Feature", "properties": { "osmid": "421001885", "name": "nan", "highway": "residential", "oneway": "False" }, "geometry": { "type": "LineString", "coordinates": [ [ 745737.314857386285439, 2574159.4284733007662 ], [ 745735.135083433007821, 2574116.113437615334988 ] ] } },
{ "type": "Feature", "properties": { "osmid": "28691609", "name": "nan", "highway": "residential", "oneway": "False" }, "geometry": { "type": "LineString", "coordinates": [ [ 745737.314857386285439, 2574159.4284733007662 ], [ 745709.297690271399915, 2574162.332774634007365 ], [ 745704.834992407821119, 2574164.751888435333967 ], [ 745702.962092210073024, 2574198.714657007250935 ] ] } },
{ "type": "Feature", "properties": { "osmid": "28691609", "name": "nan", "highway": "residential", "oneway": "False" }, "geometry": { "type": "LineString", "coordinates": [ [ 745737.314857386285439, 2574159.4284733007662 ], [ 745763.246077970485203, 2574163.170978946145624 ], [ 745771.592379722977057, 2574171.043167901225388 ], [ 745777.729206817457452, 2574179.421683914028108 ], [ 745777.393276055459864, 2574198.462843522895128 ] ] } },
{ "type": "Feature", "properties": { "osmid": "28691795", "name": "nan", "highway": "residential", "oneway": "False" }, "geometry": { "type": "LineString", "coordinates": [ [ 745731.893447999609634, 2574222.816656000446528 ], [ 745732.390104096150026, 2574283.067476453259587 ] ] } },
{ "type": "Feature", "properties": { "osmid": "28691609", "name": "nan", "highway": "residential", "oneway": "False" }, "geometry": { "type": "LineString", "coordinates": [ [ 745731.893447999609634, 2574222.816656000446528 ], [ 745754.549182193004526, 2574222.194736978970468 ], [ 745760.185097171226516, 2574218.786783700808883 ], [ 745767.5867946021026, 2574213.845788375474513 ], [ 745771.637883419403806, 2574209.081969555467367 ], [ 745777.393276055459864, 2574198.462843522895128 ] ] } },
{ "type": "Feature", "properties": { "osmid": "28691609", "name": "nan", "highway": "residential", "oneway": "False" }, "geometry": { "type": "LineString", "coordinates": [ [ 745731.893447999609634, 2574222.816656000446528 ], [ 745721.812097772723064, 2574222.040263512637466 ], [ 745712.449721213313751, 2574218.649799093138427 ], [ 745705.895901800482534, 2574208.868311057332903 ], [ 745702.962092210073024, 2574198.714657007250935 ] ] } },
{ "type": "Feature", "properties": { "osmid": "28691777", "name": "nan", "highway": "residential", "oneway": "False" }, "geometry": { "type": "LineString", "coordinates": [ [ 745919.002810778096318, 2574284.708332446403801 ], [ 745866.580333783524111, 2574283.86156475590542 ] ] } },
{ "type": "Feature", "properties": { "osmid": "365240519", "name": "nan", "highway": "residential", "oneway": "False" }, "geometry": { "type": "LineString", "coordinates": [ [ 745919.002810778096318, 2574284.708332446403801 ], [ 745919.211172579438426, 2574338.21774500887841 ] ] } },
{ "type": "Feature", "properties": { "osmid": "365240519", "name": "nan", "highway": "residential", "oneway": "False" }, "geometry": { "type": "LineString", "coordinates": [ [ 745919.002810778096318, 2574284.708332446403801 ], [ 745921.79078002483584, 2574203.603666610084474 ] ] } },
{ "type": "Feature", "properties": { "osmid": "28691777", "name": "nan", "highway": "residential", "oneway": "False" }, "geometry": { "type": "LineString", "coordinates": [ [ 745919.002810778096318, 2574284.708332446403801 ], [ 745924.059852812089957, 2574284.725684379693121 ], [ 745973.919680271297693, 2574285.153439273126423 ] ] } },
{ "type": "Feature", "properties": { "osmid": "28691785", "name": "nan", "highway": "residential", "oneway": "False" }, "geometry": { "type": "LineString", "coordinates": [ [ 745919.211172579438426, 2574338.21774500887841 ], [ 745864.555296314763837, 2574338.098468809388578 ] ] } },
{ "type": "Feature", "properties": { "osmid": "365240519", "name": "nan", "highway": "residential", "oneway": "False" }, "geometry": { "type": "LineString", "coordinates": [ [ 745919.211172579438426, 2574338.21774500887841 ], [ 745917.610551692079753, 2574391.542050200514495 ] ] } },
{ "type": "Feature", "properties": { "osmid": "365240519", "name": "nan", "highway": "residential", "oneway": "False" }, "geometry": { "type": "LineString", "coordinates": [ [ 745919.211172579438426, 2574338.21774500887841 ], [ 745919.002810778096318, 2574284.708332446403801 ] ] } },
{ "type": "Feature", "properties": { "osmid": "28691785", "name": "nan", "highway": "residential", "oneway": "False" }, "geometry": { "type": "LineString", "coordinates": [ [ 745919.211172579438426, 2574338.21774500887841 ], [ 745926.498201444745064, 2574338.959036083426327 ], [ 745977.749108213, 2574340.684100628364831 ] ] } },
{ "type": "Feature", "properties": { "osmid": "365240519", "name": "nan", "highway": "residential", "oneway": "False" }, "geometry": { "type": "LineString", "coordinates": [ [ 745917.610539514571428, 2574394.012919710483402 ], [ 745919.960553860990331, 2574446.161747593432665 ] ] } },
{ "type": "Feature", "properties": { "osmid": "365240519", "name": "nan", "highway": "residential", "oneway": "False" }, "geometry": { "type": "LineString", "coordinates": [ [ 745917.610539514571428, 2574394.012919710483402 ], [ 745917.610551692079753, 2574391.542050200514495 ] ] } },
{ "type": "Feature", "properties": { "osmid": "365241530", "name": "nan", "highway": "residential", "oneway": "False" }, "geometry": { "type": "LineString", "coordinates": [ [ 745917.610539514571428, 2574394.012919710483402 ], [ 745866.17758227349259, 2574392.783631814178079 ], [ 745862.841376494383439, 2574389.005413042381406 ] ] } },
{ "type": "Feature", "properties": { "osmid": "365240519", "name": "nan", "highway": "residential", "oneway": "False" }, "geometry": { "type": "LineString", "coordinates": [ [ 745919.960553860990331, 2574446.161747593432665 ], [ 745921.199290418066084, 2574480.741223556920886 ] ] } },
{ "type": "Feature", "properties": { "osmid": "365240519", "name": "nan", "highway": "residential", "oneway": "False" }, "geometry": { "type": "LineString", "coordinates": [ [ 745919.960553860990331, 2574446.161747593432665 ], [ 745917.610539514571428, 2574394.012919710483402 ] ] } },
{ "type": "Feature", "properties": { "osmid": "365241644", "name": "nan", "highway": "residential", "oneway": "False" }, "geometry": { "type": "LineString", "coordinates": [ [ 745919.960553860990331, 2574446.161747593432665 ], [ 745861.142314448254183, 2574441.485984142869711 ] ] } },
{ "type": "Feature", "properties": { "osmid": "966373000", "name": "nan", "highway": "residential", "oneway": "False" }, "geometry": { "type": "LineString", "coordinates": [ [ 745919.960553860990331, 2574446.161747593432665 ], [ 745934.897289620246738, 2574449.844225441105664 ], [ 745948.976904477109201, 2574450.886515223421156 ], [ 745960.449557029292919, 2574450.478414174169302 ], [ 745973.297422437579371, 2574448.630547481589019 ] ] } },
{ "type": "Feature", "properties": { "osmid": "365240519", "name": "nan", "highway": "residential", "oneway": "False" }, "geometry": { "type": "LineString", "coordinates": [ [ 745922.072165825869888, 2574503.425650997087359 ], [ 745922.053739805473015, 2574514.416839648038149 ] ] } },
{ "type": "Feature", "properties": { "osmid": "365240519", "name": "nan", "highway": "residential", "oneway": "False" }, "geometry": { "type": "LineString", "coordinates": [ [ 745922.072165825869888, 2574503.425650997087359 ], [ 745921.199290418066084, 2574480.741223556920886 ] ] } },
{ "type": "Feature", "properties": { "osmid": "967840297", "name": "nan", "highway": "residential", "oneway": "False" }, "geometry": { "type": "LineString", "coordinates": [ [ 745922.072165825869888, 2574503.425650997087359 ], [ 745859.171075251768343, 2574499.269428676459938 ] ] } },
{ "type": "Feature", "properties": { "osmid": "967840297", "name": "nan", "highway": "residential", "oneway": "False" }, "geometry": { "type": "LineString", "coordinates": [ [ 745922.072165825869888, 2574503.425650997087359 ], [ 745999.798074157675728, 2574502.576007888186723 ], [ 746031.860963238868862, 2574492.116279259789735 ] ] } },
{ "type": "Feature", "properties": { "osmid": "28691634", "name": "nan", "highway": "residential", "oneway": "False" }, "geometry": { "type": "LineString", "coordinates": [ [ 745812.790915089659393, 2574281.485435258597136 ], [ 745812.036634543212131, 2574333.183873855043203 ] ] } },
{ "type": "Feature", "properties": { "osmid": "28691634", "name": "nan", "highway": "residential", "oneway": "False" }, "geometry": { "type": "LineString", "coordinates": [ [ 745812.790915089659393, 2574281.485435258597136 ], [ 745813.217334119370207, 2574200.762726250104606 ] ] } },
{ "type": "Feature", "properties": { "osmid": "28691777", "name": "nan", "highway": "residential", "oneway": "False" }, "geometry": { "type": "LineString", "coordinates": [ [ 745812.790915089659393, 2574281.485435258597136 ], [ 745866.580333783524111, 2574283.86156475590542 ] ] } },
{ "type": "Feature", "properties": { "osmid": "28691777", "name": "nan", "highway": "residential", "oneway": "False" }, "geometry": { "type": "LineString", "coordinates": [ [ 745812.790915089659393, 2574281.485435258597136 ], [ 745732.390104096150026, 2574283.067476453259587 ] ] } },
{ "type": "Feature", "properties": { "osmid": "28691634", "name": "nan", "highway": "residential", "oneway": "False" }, "geometry": { "type": "LineString", "coordinates": [ [ 745812.036634543212131, 2574333.183873855043203 ], [ 745811.228099202970043, 2574389.391027031000704 ] ] } },
{ "type": "Feature", "properties": { "osmid": "28691634", "name": "nan", "highway": "residential", "oneway": "False" }, "geometry": { "type": "LineString", "coordinates": [ [ 745812.036634543212131, 2574333.183873855043203 ], [ 745812.790915089659393, 2574281.485435258597136 ] ] } },
{ "type": "Feature", "properties": { "osmid": "28691779", "name": "nan", "highway": "residential", "oneway": "False" }, "geometry": { "type": "LineString", "coordinates": [ [ 745812.036634543212131, 2574333.183873855043203 ], [ 745732.12818215333391, 2574333.488751704338938 ] ] } },
{ "type": "Feature", "properties": { "osmid": "28691634", "name": "nan", "highway": "residential", "oneway": "False" }, "geometry": { "type": "LineString", "coordinates": [ [ 745811.228099202970043, 2574389.391027031000704 ], [ 745810.681844484293833, 2574427.298162799328566 ] ] } },
{ "type": "Feature", "properties": { "osmid": "28691634", "name": "nan", "highway": "residential", "oneway": "False" }, "geometry": { "type": "LineString", "coordinates": [ [ 745811.228099202970043, 2574389.391027031000704 ], [ 745812.036634543212131, 2574333.183873855043203 ] ] } },
{ "type": "Feature", "properties": { "osmid": "365241530", "name": "nan", "highway": "residential", "oneway": "False" }, "geometry": { "type": "LineString", "coordinates": [ [ 745811.228099202970043, 2574389.391027031000704 ], [ 745862.841376494383439, 2574389.005413042381406 ] ] } },
{ "type": "Feature", "properties": { "osmid": "365241530", "name": "nan", "highway": "residential", "oneway": "False" }, "geometry": { "type": "LineString", "coordinates": [ [ 745811.228099202970043, 2574389.391027031000704 ], [ 745731.839795099804178, 2574388.59648166410625 ] ] } },
{ "type": "Feature", "properties": { "osmid": "28691634", "name": "nan", "highway": "residential", "oneway": "False" }, "geometry": { "type": "LineString", "coordinates": [ [ 745810.681844484293833, 2574427.298162799328566 ], [ 745810.208360236720182, 2574459.577802161220461 ] ] } },
{ "type": "Feature", "properties": { "osmid": "28691634", "name": "nan", "highway": "residential", "oneway": "False" }, "geometry": { "type": "LineString", "coordinates": [ [ 745810.681844484293833, 2574427.298162799328566 ], [ 745811.228099202970043, 2574389.391027031000704 ] ] } },
{ "type": "Feature", "properties": { "osmid": "28691797", "name": "nan", "highway": "residential", "oneway": "False" }, "geometry": { "type": "LineString", "coordinates": [ [ 745810.681844484293833, 2574427.298162799328566 ], [ 745786.291914375498891, 2574431.89115336118266 ], [ 745778.25315239711199, 2574437.597182979807258 ], [ 745731.88629653933458, 2574439.554718251340091 ] ] } },
{ "type": "Feature", "properties": { "osmid": "28691634", "name": "nan", "highway": "residential", "oneway": "False" }, "geometry": { "type": "LineString", "coordinates": [ [ 745810.208360236720182, 2574459.577802161220461 ], [ 745809.637262555886991, 2574499.600833194795996 ] ] } },
{ "type": "Feature", "properties": { "osmid": "28691634", "name": "nan", "highway": "residential", "oneway": "False" }, "geometry": { "type": "LineString", "coordinates": [ [ 745810.208360236720182, 2574459.577802161220461 ], [ 745810.681844484293833, 2574427.298162799328566 ] ] } },
{ "type": "Feature", "properties": { "osmid": "28691765", "name": "nan", "highway": "residential", "oneway": "False" }, "geometry": { "type": "LineString", "coordinates": [ [ 745810.208360236720182, 2574459.577802161220461 ], [ 745860.135422447347082, 2574471.352404889650643 ] ] } },
{ "type": "Feature", "properties": { "osmid": "28691765", "name": "nan", "highway": "residential", "oneway": "False" }, "geometry": { "type": "LineString", "coordinates": [ [ 745860.135422447347082, 2574471.352404889650643 ], [ 745810.208360236720182, 2574459.577802161220461 ] ] } },
{ "type": "Feature", "properties": { "osmid": "365241206", "name": "nan", "highway": "residential", "oneway": "False" }, "geometry": { "type": "LineString", "coordinates": [ [ 745860.135422447347082, 2574471.352404889650643 ], [ 745859.171075251768343, 2574499.269428676459938 ] ] } },
{ "type": "Feature", "properties": { "osmid": "365241206", "name": "nan", "highway": "residential", "oneway": "False" }, "geometry": { "type": "LineString", "coordinates": [ [ 745860.135422447347082, 2574471.352404889650643 ], [ 745861.142314448254183, 2574441.485984142869711 ] ] } },
{ "type": "Feature", "properties": { "osmid": "28691765", "name": "nan", "highway": "residential", "oneway": "False" }, "geometry": { "type": "LineString", "coordinates": [ [ 745860.135422447347082, 2574471.352404889650643 ], [ 745897.890566549962386, 2574478.781432095449418 ], [ 745921.199290418066084, 2574480.741223556920886 ] ] } },
{ "type": "Feature", "properties": { "osmid": "365240519", "name": "nan", "highway": "residential", "oneway": "False" }, "geometry": { "type": "LineString", "coordinates": [ [ 745921.199290418066084, 2574480.741223556920886 ], [ 745922.072165825869888, 2574503.425650997087359 ] ] } },
{ "type": "Feature", "properties": { "osmid": "365240519", "name": "nan", "highway": "residential", "oneway": "False" }, "geometry": { "type": "LineString", "coordinates": [ [ 745921.199290418066084, 2574480.741223556920886 ], [ 745919.960553860990331, 2574446.161747593432665 ] ] } },
{ "type": "Feature", "properties": { "osmid": "28691765", "name": "nan", "highway": "residential", "oneway": "False" }, "geometry": { "type": "LineString", "coordinates": [ [ 745921.199290418066084, 2574480.741223556920886 ], [ 745897.890566549962386, 2574478.781432095449418 ], [ 745860.135422447347082, 2574471.352404889650643 ] ] } },
{ "type": "Feature", "properties": { "osmid": "365241206", "name": "nan", "highway": "residential", "oneway": "False" }, "geometry": { "type": "LineString", "coordinates": [ [ 745862.841376494383439, 2574389.005413042381406 ], [ 745861.142314448254183, 2574441.485984142869711 ] ] } },
{ "type": "Feature", "properties": { "osmid": "365241206", "name": "nan", "highway": "residential", "oneway": "False" }, "geometry": { "type": "LineString", "coordinates": [ [ 745862.841376494383439, 2574389.005413042381406 ], [ 745864.555296314763837, 2574338.098468809388578 ] ] } },
{ "type": "Feature", "properties": { "osmid": "365241530", "name": "nan", "highway": "residential", "oneway": "False" }, "geometry": { "type": "LineString", "coordinates": [ [ 745862.841376494383439, 2574389.005413042381406 ], [ 745811.228099202970043, 2574389.391027031000704 ] ] } },
{ "type": "Feature", "properties": { "osmid": "365241530", "name": "nan", "highway": "residential", "oneway": "False" }, "geometry": { "type": "LineString", "coordinates": [ [ 745862.841376494383439, 2574389.005413042381406 ], [ 745866.17758227349259, 2574392.783631814178079 ], [ 745917.610539514571428, 2574394.012919710483402 ] ] } },
{ "type": "Feature", "properties": { "osmid": "28691791", "name": "nan", "highway": "residential", "oneway": "False" }, "geometry": { "type": "LineString", "coordinates": [ [ 746030.803805494797416, 2574394.139201187994331 ], [ 746028.469668018398806, 2574452.160434931516647 ] ] } },
{ "type": "Feature", "properties": { "osmid": "28691791", "name": "nan", "highway": "residential", "oneway": "False" }, "geometry": { "type": "LineString", "coordinates": [ [ 746030.803805494797416, 2574394.139201187994331 ], [ 746030.268913002335466, 2574340.591084364335984 ] ] } },
{ "type": "Feature", "properties": { "osmid": "419836081", "name": "nan", "highway": "residential", "oneway": "False" }, "geometry": { "type": "LineString", "coordinates": [ [ 746030.803805494797416, 2574394.139201187994331 ], [ 746049.482921383925714, 2574394.393616006243974 ] ] } },
{ "type": "Feature", "properties": { "osmid": "419836081", "name": "nan", "highway": "residential", "oneway": "False" }, "geometry": { "type": "LineString", "coordinates": [ [ 746030.803805494797416, 2574394.139201187994331 ], [ 745975.030681155622005, 2574394.111768271774054 ] ] } },
{ "type": "Feature", "properties": { "osmid": "28691777", "name": "nan", "highway": "residential", "oneway": "False" }, "geometry": { "type": "LineString", "coordinates": [ [ 745732.390104096150026, 2574283.067476453259587 ], [ 745812.790915089659393, 2574281.485435258597136 ] ] } },
{ "type": "Feature", "properties": { "osmid": "28691777", "name": "nan", "highway": "residential", "oneway": "False" }, "geometry": { "type": "LineString", "coordinates": [ [ 745732.390104096150026, 2574283.067476453259587 ], [ 745654.789481177693233, 2574281.239325148053467 ] ] } },
{ "type": "Feature", "properties": { "osmid": "28691795", "name": "nan", "highway": "residential", "oneway": "False" }, "geometry": { "type": "LineString", "coordinates": [ [ 745732.390104096150026, 2574283.067476453259587 ], [ 745732.12818215333391, 2574333.488751704338938 ] ] } },
{ "type": "Feature", "properties": { "osmid": "28691795", "name": "nan", "highway": "residential", "oneway": "False" }, "geometry": { "type": "LineString", "coordinates": [ [ 745732.390104096150026, 2574283.067476453259587 ], [ 745731.893447999609634, 2574222.816656000446528 ] ] } },
{ "type": "Feature", "properties": { "osmid": "28691777", "name": "nan", "highway": "residential", "oneway": "False" }, "geometry": { "type": "LineString", "coordinates": [ [ 745866.580333783524111, 2574283.86156475590542 ], [ 745919.002810778096318, 2574284.708332446403801 ] ] } },
{ "type": "Feature", "properties": { "osmid": "28691777", "name": "nan", "highway": "residential", "oneway": "False" }, "geometry": { "type": "LineString", "coordinates": [ [ 745866.580333783524111, 2574283.86156475590542 ], [ 745812.790915089659393, 2574281.485435258597136 ] ] } },
{ "type": "Feature", "properties": { "osmid": "365241206", "name": "nan", "highway": "residential", "oneway": "False" }, "geometry": { "type": "LineString", "coordinates": [ [ 745866.580333783524111, 2574283.86156475590542 ], [ 745864.555296314763837, 2574338.098468809388578 ] ] } },
{ "type": "Feature", "properties": { "osmid": "365241206", "name": "nan", "highway": "residential", "oneway": "False" }, "geometry": { "type": "LineString", "coordinates": [ [ 745866.580333783524111, 2574283.86156475590542 ], [ 745868.107442980748601, 2574203.456231301650405 ] ] } },
{ "type": "Feature", "properties": { "osmid": "365240615", "name": "nan", "highway": "residential", "oneway": "False" }, "geometry": { "type": "LineString", "coordinates": [ [ 745973.919680271297693, 2574285.153439273126423 ], [ 745977.424066680250689, 2574203.462303049862385 ] ] } },
{ "type": "Feature", "properties": { "osmid": "28691777", "name": "nan", "highway": "residential", "oneway": "False" }, "geometry": { "type": "LineString", "coordinates": [ [ 745973.919680271297693, 2574285.153439273126423 ], [ 745988.135443815495819, 2574286.020724839996547 ], [ 746028.464652979164384, 2574287.653487556613982 ] ] } },
{ "type": "Feature", "properties": { "osmid": "28691777", "name": "nan", "highway": "residential", "oneway": "False" }, "geometry": { "type": "LineString", "coordinates": [ [ 745973.919680271297693, 2574285.153439273126423 ], [ 745924.059852812089957, 2574284.725684379693121 ], [ 745919.002810778096318, 2574284.708332446403801 ] ] } },
{ "type": "Feature", "properties": { "osmid": "28691779", "name": "nan", "highway": "residential", "oneway": "False" }, "geometry": { "type": "LineString", "coordinates": [ [ 745732.12818215333391, 2574333.488751704338938 ], [ 745812.036634543212131, 2574333.183873855043203 ] ] } },
{ "type": "Feature", "properties": { "osmid": "28691795", "name": "nan", "highway": "residential", "oneway": "False" }, "geometry": { "type": "LineString", "coordinates": [ [ 745732.12818215333391, 2574333.488751704338938 ], [ 745731.839795099804178, 2574388.59648166410625 ] ] } },
{ "type": "Feature", "properties": { "osmid": "28691795", "name": "nan", "highway": "residential", "oneway": "False" }, "geometry": { "type": "LineString", "coordinates": [ [ 745732.12818215333391, 2574333.488751704338938 ], [ 745732.390104096150026, 2574283.067476453259587 ] ] } },
{ "type": "Feature", "properties": { "osmid": "1069960945", "name": "nan", "highway": "residential", "oneway": "False" }, "geometry": { "type": "LineString", "coordinates": [ [ 745732.12818215333391, 2574333.488751704338938 ], [ 745720.668451661826111, 2574333.731050039641559 ], [ 745711.933954762062058, 2574335.702674407977611 ], [ 745653.230040953145362, 2574331.517205830197781 ] ] } },
{ "type": "Feature", "properties": { "osmid": "28691785", "name": "nan", "highway": "residential", "oneway": "False" }, "geometry": { "type": "LineString", "coordinates": [ [ 745864.555296314763837, 2574338.098468809388578 ], [ 745919.211172579438426, 2574338.21774500887841 ] ] } },
{ "type": "Feature", "properties": { "osmid": "365241206", "name": "nan", "highway": "residential", "oneway": "False" }, "geometry": { "type": "LineString", "coordinates": [ [ 745864.555296314763837, 2574338.098468809388578 ], [ 745862.841376494383439, 2574389.005413042381406 ] ] } },
{ "type": "Feature", "properties": { "osmid": "365241206", "name": "nan", "highway": "residential", "oneway": "False" }, "geometry": { "type": "LineString", "coordinates": [ [ 745864.555296314763837, 2574338.098468809388578 ], [ 745866.580333783524111, 2574283.86156475590542 ] ] } },
{ "type": "Feature", "properties": { "osmid": "28691777", "name": "nan", "highway": "residential", "oneway": "False" }, "geometry": { "type": "LineString", "coordinates": [ [ 746028.464652979164384, 2574287.653487556613982 ], [ 746049.80505515600089, 2574288.561433032620698 ] ] } },
{ "type": "Feature", "properties": { "osmid": "28691791", "name": "nan", "highway": "residential", "oneway": "False" }, "geometry": { "type": "LineString", "coordinates": [ [ 746028.464652979164384, 2574287.653487556613982 ], [ 746030.268913002335466, 2574340.591084364335984 ] ] } },
{ "type": "Feature", "properties": { "osmid": "28691777", "name": "nan", "highway": "residential", "oneway": "False" }, "geometry": { "type": "LineString", "coordinates": [ [ 746028.464652979164384, 2574287.653487556613982 ], [ 745988.135443815495819, 2574286.020724839996547 ], [ 745973.919680271297693, 2574285.153439273126423 ] ] } },
{ "type": "Feature", "properties": { "osmid": "365241206", "name": "nan", "highway": "residential", "oneway": "False" }, "geometry": { "type": "LineString", "coordinates": [ [ 745868.107442980748601, 2574203.456231301650405 ], [ 745866.580333783524111, 2574283.86156475590542 ] ] } },
{ "type": "Feature", "properties": { "osmid": "419836080", "name": "nan", "highway": "residential", "oneway": "False" }, "geometry": { "type": "LineString", "coordinates": [ [ 745868.107442980748601, 2574203.456231301650405 ], [ 745921.79078002483584, 2574203.603666610084474 ] ] } },
{ "type": "Feature", "properties": { "osmid": "419836080", "name": "nan", "highway": "residential", "oneway": "False" }, "geometry": { "type": "LineString", "coordinates": [ [ 745868.107442980748601, 2574203.456231301650405 ], [ 745813.217334119370207, 2574200.762726250104606 ] ] } },
{ "type": "Feature", "properties": { "osmid": "365241206", "name": "nan", "highway": "residential", "oneway": "False" }, "geometry": { "type": "LineString", "coordinates": [ [ 745861.142314448254183, 2574441.485984142869711 ], [ 745860.135422447347082, 2574471.352404889650643 ] ] } },
{ "type": "Feature", "properties": { "osmid": "365241206", "name": "nan", "highway": "residential", "oneway": "False" }, "geometry": { "type": "LineString", "coordinates": [ [ 745861.142314448254183, 2574441.485984142869711 ], [ 745862.841376494383439, 2574389.005413042381406 ] ] } },
{ "type": "Feature", "properties": { "osmid": "365241644", "name": "nan", "highway": "residential", "oneway": "False" }, "geometry": { "type": "LineString", "coordinates": [ [ 745861.142314448254183, 2574441.485984142869711 ], [ 745919.960553860990331, 2574446.161747593432665 ] ] } },
{ "type": "Feature", "properties": { "osmid": "28691795", "name": "nan", "highway": "residential", "oneway": "False" }, "geometry": { "type": "LineString", "coordinates": [ [ 745731.88629653933458, 2574439.554718251340091 ], [ 745730.604370671324432, 2574513.8478440977633 ] ] } },
{ "type": "Feature", "properties": { "osmid": "28691795", "name": "nan", "highway": "residential", "oneway": "False" }, "geometry": { "type": "LineString", "coordinates": [ [ 745731.88629653933458, 2574439.554718251340091 ], [ 745731.839795099804178, 2574388.59648166410625 ] ] } },
{ "type": "Feature", "properties": { "osmid": "28691797", "name": "nan", "highway": "residential", "oneway": "False" }, "geometry": { "type": "LineString", "coordinates": [ [ 745731.88629653933458, 2574439.554718251340091 ], [ 745778.25315239711199, 2574437.597182979807258 ], [ 745786.291914375498891, 2574431.89115336118266 ], [ 745810.681844484293833, 2574427.298162799328566 ] ] } },
{ "type": "Feature", "properties": { "osmid": "28691795", "name": "nan", "highway": "residential", "oneway": "False" }, "geometry": { "type": "LineString", "coordinates": [ [ 745731.839795099804178, 2574388.59648166410625 ], [ 745731.88629653933458, 2574439.554718251340091 ] ] } },
{ "type": "Feature", "properties": { "osmid": "28691795", "name": "nan", "highway": "residential", "oneway": "False" }, "geometry": { "type": "LineString", "coordinates": [ [ 745731.839795099804178, 2574388.59648166410625 ], [ 745732.12818215333391, 2574333.488751704338938 ] ] } },
{ "type": "Feature", "properties": { "osmid": "365241530", "name": "nan", "highway": "residential", "oneway": "False" }, "geometry": { "type": "LineString", "coordinates": [ [ 745731.839795099804178, 2574388.59648166410625 ], [ 745811.228099202970043, 2574389.391027031000704 ] ] } },
{ "type": "Feature", "properties": { "osmid": "28691800", "name": "nan", "highway": "residential", "oneway": "False" }, "geometry": { "type": "LineString", "coordinates": [ [ 745652.379653553594835, 2574445.30695516243577 ], [ 745606.879246969241649, 2574430.182616121135652 ] ] } },
{ "type": "Feature", "properties": { "osmid": "421001883", "name": "nan", "highway": "residential", "oneway": "False" }, "geometry": { "type": "LineString", "coordinates": [ [ 745652.379653553594835, 2574445.30695516243577 ], [ 745653.230040953145362, 2574331.517205830197781 ] ] } },
{ "type": "Feature", "properties": { "osmid": "28691800", "name": "nan", "highway": "residential", "oneway": "False" }, "geometry": { "type": "LineString", "coordinates": [ [ 745652.379653553594835, 2574445.30695516243577 ], [ 745668.105752205010504, 2574455.107373144943267 ], [ 745688.740998635534197, 2574495.481599702034146 ] ] } },
{ "type": "Feature", "properties": { "osmid": "1196732252", "name": "nan", "highway": "tertiary", "oneway": "True" }, "geometry": { "type": "LineString", "coordinates": [ [ 745401.717279963893816, 2574232.453389236237854 ], [ 745387.433586802100763, 2574220.837863454595208 ] ] } },
{ "type": "Feature", "properties": { "osmid": "28691806", "name": "nan", "highway": "residential", "oneway": "False" }, "geometry": { "type": "LineString", "coordinates": [ [ 745401.717279963893816, 2574232.453389236237854 ], [ 745417.204153215745464, 2574238.172066843602806 ], [ 745422.900654799304903, 2574353.000664733815938 ] ] } },
{ "type": "Feature", "properties": { "osmid": "28691806", "name": "nan", "highway": "residential", "oneway": "False" }, "geometry": { "type": "LineString", "coordinates": [ [ 745688.740998635534197, 2574495.481599702034146 ], [ 745614.631665986962616, 2574496.791638105642051 ] ] } },
{ "type": "Feature", "properties": { "osmid": "28691800", "name": "nan", "highway": "residential", "oneway": "False" }, "geometry": { "type": "LineString", "coordinates": [ [ 745688.740998635534197, 2574495.481599702034146 ], [ 745668.105752205010504, 2574455.107373144943267 ], [ 745652.379653553594835, 2574445.30695516243577 ] ] } },
{ "type": "Feature", "properties": { "osmid": "28691806", "name": "nan", "highway": "residential", "oneway": "False" }, "geometry": { "type": "LineString", "coordinates": [ [ 745688.740998635534197, 2574495.481599702034146 ], [ 745700.308410942321643, 2574495.529156755656004 ], [ 745705.612022049026564, 2574496.725018715951592 ], [ 745709.537333901971579, 2574499.548989123199135 ], [ 745711.989707045489922, 2574503.534134289249778 ], [ 745719.340868223458529, 2574511.522791806608438 ], [ 745730.604370671324432, 2574513.8478440977633 ] ] } },
{ "type": "Feature", "properties": { "osmid": "28691825", "name": "nan", "highway": "residential", "oneway": "False" }, "geometry": { "type": "LineString", "coordinates": [ [ 745770.845283166388981, 2574511.50074469530955 ], [ 745809.452691111713648, 2574511.974275580141693 ] ] } },
{ "type": "Feature", "properties": { "osmid": "28691806", "name": "nan", "highway": "residential", "oneway": "False" }, "geometry": { "type": "LineString", "coordinates": [ [ 745770.845283166388981, 2574511.50074469530955 ], [ 745754.258327077841386, 2574512.267457728274167 ], [ 745730.604370671324432, 2574513.8478440977633 ] ] } },
{ "type": "Feature", "properties": { "osmid": "365242009", "name": "nan", "highway": "residential", "oneway": "False" }, "geometry": { "type": "LineString", "coordinates": [ [ 745770.845283166388981, 2574511.50074469530955 ], [ 745770.468623966444284, 2574534.851403946056962 ], [ 745765.446834373637103, 2574536.419136872980744 ], [ 745684.859294438967481, 2574536.380497142672539 ] ] } },
{ "type": "Feature", "properties": { "osmid": "967840297", "name": "nan", "highway": "residential", "oneway": "False" }, "geometry": { "type": "LineString", "coordinates": [ [ 745770.845283166388981, 2574511.50074469530955 ], [ 745779.398520514369011, 2574502.545683256816119 ], [ 745809.637262555886991, 2574499.600833194795996 ] ] } },
{ "type": "Feature", "properties": { "osmid": "28691824", "name": "nan", "highway": "residential", "oneway": "False" }, "geometry": { "type": "LineString", "coordinates": [ [ 745515.7595755381044, 2574504.827745999209583 ], [ 745419.305847913492471, 2574502.832705402746797 ] ] } },
{ "type": "Feature", "properties": { "osmid": "364862867", "name": "nan", "highway": "residential", "oneway": "False" }, "geometry": { "type": "LineString", "coordinates": [ [ 745515.7595755381044, 2574504.827745999209583 ], [ 745507.562786142574623, 2574536.791134512983263 ] ] } },
{ "type": "Feature", "properties": { "osmid": [ 28691824, 28691903 ], "name": "nan", "highway": "residential", "oneway": "False" }, "geometry": { "type": "LineString", "coordinates": [ [ 745515.7595755381044, 2574504.827745999209583 ], [ 745681.059954645927064, 2574504.318192360457033 ], [ 745684.896499823662452, 2574506.320757171604782 ], [ 745687.080394966294989, 2574510.445492367725819 ], [ 745684.859294438967481, 2574536.380497142672539 ] ] } },
{ "type": "Feature", "properties": { "osmid": "28691825", "name": "nan", "highway": "residential", "oneway": "False" }, "geometry": { "type": "LineString", "coordinates": [ [ 746037.990385180688463, 2574516.970987767912447 ], [ 746064.971796647296287, 2574541.296267798636109 ] ] } },
{ "type": "Feature", "properties": { "osmid": "28691825", "name": "nan", "highway": "residential", "oneway": "False" }, "geometry": { "type": "LineString", "coordinates": [ [ 746037.990385180688463, 2574516.970987767912447 ], [ 745922.053739805473015, 2574514.416839648038149 ] ] } },
{ "type": "Feature", "properties": { "osmid": "238505281", "name": "nan", "highway": "residential", "oneway": "False" }, "geometry": { "type": "LineString", "coordinates": [ [ 746037.990385180688463, 2574516.970987767912447 ], [ 746031.860963238868862, 2574492.116279259789735 ] ] } },
{ "type": "Feature", "properties": { "osmid": "28691634", "name": "nan", "highway": "residential", "oneway": "False" }, "geometry": { "type": "LineString", "coordinates": [ [ 745809.637262555886991, 2574499.600833194795996 ], [ 745809.452691111713648, 2574511.974275580141693 ] ] } },
{ "type": "Feature", "properties": { "osmid": "28691634", "name": "nan", "highway": "residential", "oneway": "False" }, "geometry": { "type": "LineString", "coordinates": [ [ 745809.637262555886991, 2574499.600833194795996 ], [ 745810.208360236720182, 2574459.577802161220461 ] ] } },
{ "type": "Feature", "properties": { "osmid": "967840297", "name": "nan", "highway": "residential", "oneway": "False" }, "geometry": { "type": "LineString", "coordinates": [ [ 745809.637262555886991, 2574499.600833194795996 ], [ 745859.171075251768343, 2574499.269428676459938 ] ] } },
{ "type": "Feature", "properties": { "osmid": "967840297", "name": "nan", "highway": "residential", "oneway": "False" }, "geometry": { "type": "LineString", "coordinates": [ [ 745809.637262555886991, 2574499.600833194795996 ], [ 745779.398520514369011, 2574502.545683256816119 ], [ 745770.845283166388981, 2574511.50074469530955 ] ] } },
{ "type": "Feature", "properties": { "osmid": "28691825", "name": "nan", "highway": "residential", "oneway": "False" }, "geometry": { "type": "LineString", "coordinates": [ [ 746064.971796647296287, 2574541.296267798636109 ], [ 746037.990385180688463, 2574516.970987767912447 ] ] } },
{ "type": "Feature", "properties": { "osmid": "28691863", "name": "nan", "highway": "tertiary", "oneway": "False" }, "geometry": { "type": "LineString", "coordinates": [ [ 746064.971796647296287, 2574541.296267798636109 ], [ 746037.976428940659389, 2574559.163947836495936 ] ] } },
{ "type": "Feature", "properties": { "osmid": "28691863", "name": "nan", "highway": "tertiary", "oneway": "False" }, "geometry": { "type": "LineString", "coordinates": [ [ 746064.971796647296287, 2574541.296267798636109 ], [ 746089.098672930849716, 2574530.959862214513123 ] ] } },
{ "type": "Feature", "properties": { "osmid": "28691863", "name": "nan", "highway": "tertiary", "oneway": "False" }, "geometry": { "type": "LineString", "coordinates": [ [ 746033.387750958558172, 2574564.860590493306518 ], [ 746037.976428940659389, 2574559.163947836495936 ] ] } },
{ "type": "Feature", "properties": { "osmid": "28692003", "name": "nan", "highway": "residential", "oneway": "False" }, "geometry": { "type": "LineString", "coordinates": [ [ 746033.387750958558172, 2574564.860590493306518 ], [ 746042.768828808912076, 2574572.661497637629509 ], [ 746125.838985152193345, 2574580.410757537931204 ] ] } },
{ "type": "Feature", "properties": { "osmid": "28691863", "name": "nan", "highway": "tertiary", "oneway": "False" }, "geometry": { "type": "LineString", "coordinates": [ [ 746037.976428940659389, 2574559.163947836495936 ], [ 746033.387750958558172, 2574564.860590493306518 ] ] } },
{ "type": "Feature", "properties": { "osmid": "28691863", "name": "nan", "highway": "tertiary", "oneway": "False" }, "geometry": { "type": "LineString", "coordinates": [ [ 746037.976428940659389, 2574559.163947836495936 ], [ 746064.971796647296287, 2574541.296267798636109 ] ] } },
{ "type": "Feature", "properties": { "osmid": "28691844", "name": "nan", "highway": "tertiary", "oneway": "False" }, "geometry": { "type": "LineString", "coordinates": [ [ 746037.976428940659389, 2574559.163947836495936 ], [ 746002.263303554151207, 2574558.250284562353045 ], [ 745971.597508105798624, 2574565.342705314513296 ], [ 745892.066314615425654, 2574565.807969254907221 ], [ 745877.549945755628869, 2574563.329145076684654 ] ] } },
{ "type": "Feature", "properties": { "osmid": "28691844", "name": "nan", "highway": "tertiary", "oneway": "False" }, "geometry": { "type": "LineString", "coordinates": [ [ 745739.273276678868569, 2574558.467063593678176 ], [ 745683.977726978831924, 2574558.082924526184797 ] ] } },
{ "type": "Feature", "properties": { "osmid": "28691844", "name": "nan", "highway": "tertiary", "oneway": "False" }, "geometry": { "type": "LineString", "coordinates": [ [ 745739.273276678868569, 2574558.467063593678176 ], [ 745811.6110765542835, 2574557.172640295233577 ], [ 745847.648776799673215, 2574560.118887700606138 ], [ 745877.549945755628869, 2574563.329145076684654 ] ] } },
{ "type": "Feature", "properties": { "osmid": "28691872", "name": "nan", "highway": "tertiary", "oneway": "False" }, "geometry": { "type": "LineString", "coordinates": [ [ 745739.273276678868569, 2574558.467063593678176 ], [ 745753.648628126247786, 2574591.70183430146426 ], [ 745767.504881927161478, 2574609.30505046993494 ] ] } },
{ "type": "Feature", "properties": { "osmid": "28691844", "name": "nan", "highway": "tertiary", "oneway": "False" }, "geometry": { "type": "LineString", "coordinates": [ [ 745683.977726978831924, 2574558.082924526184797 ], [ 745739.273276678868569, 2574558.467063593678176 ] ] } },
{ "type": "Feature", "properties": { "osmid": "28691903", "name": "nan", "highway": "residential", "oneway": "False" }, "geometry": { "type": "LineString", "coordinates": [ [ 745683.977726978831924, 2574558.082924526184797 ], [ 745684.859294438967481, 2574536.380497142672539 ] ] } },
{ "type": "Feature", "properties": { "osmid": "28691844", "name": "nan", "highway": "tertiary", "oneway": "False" }, "geometry": { "type": "LineString", "coordinates": [ [ 745683.977726978831924, 2574558.082924526184797 ], [ 745615.192038161912933, 2574557.542085986118764 ], [ 745556.29617265809793, 2574550.783145155757666 ] ] } },
{ "type": "Feature", "properties": { "osmid": "28691863", "name": "nan", "highway": "tertiary", "oneway": "False" }, "geometry": { "type": "LineString", "coordinates": [ [ 746226.050310404389165, 2574464.579921602737159 ], [ 746121.553102388163097, 2574514.180055864155293 ] ] } },
{ "type": "Feature", "properties": { "osmid": "365242628", "name": "nan", "highway": "residential", "oneway": "False" }, "geometry": { "type": "LineString", "coordinates": [ [ 746226.050310404389165, 2574464.579921602737159 ], [ 746217.134976600995287, 2574406.515952601563185 ], [ 746193.328169741434976, 2574353.135520331095904 ], [ 746189.2487552218372, 2574347.261817215476185 ], [ 746184.286038864171132, 2574345.262590685859323 ], [ 746180.387672369135544, 2574345.751903322059661 ] ] } },
{ "type": "Feature", "properties": { "osmid": "28692003", "name": "nan", "highway": "residential", "oneway": "False" }, "geometry": { "type": "LineString", "coordinates": [ [ 746219.931678043911234, 2574582.792297306470573 ], [ 746201.668783279950731, 2574576.594506334513426 ], [ 746192.268352786777541, 2574576.748721717391163 ], [ 746168.194279084913433, 2574583.285343137569726 ], [ 746147.905380166019313, 2574581.962505004834384 ], [ 746125.838985152193345, 2574580.410757537931204 ] ] } },
{ "type": "Feature", "properties": { "osmid": "28691599", "name": "nan", "highway": "residential", "oneway": "False" }, "geometry": { "type": "LineString", "coordinates": [ [ 745553.933806415414438, 2573782.438740944489837 ], [ 745559.076048117130995, 2573847.220525466836989 ] ] } },
{ "type": "Feature", "properties": { "osmid": "28691599", "name": "nan", "highway": "residential", "oneway": "False" }, "geometry": { "type": "LineString", "coordinates": [ [ 745553.933806415414438, 2573782.438740944489837 ], [ 745545.237975287484005, 2573772.777034027036279 ] ] } },
{ "type": "Feature", "properties": { "osmid": "28692088", "name": "nan", "highway": "residential", "oneway": "False" }, "geometry": { "type": "LineString", "coordinates": [ [ 745553.933806415414438, 2573782.438740944489837 ], [ 745631.562951203552075, 2573764.145093637984246 ], [ 745641.99428914685268, 2573764.206978273112327 ], [ 745654.474608414573595, 2573761.710048190318048 ], [ 745663.343019738793373, 2573756.615984166506678 ], [ 745674.789326544851065, 2573739.897256317548454 ] ] } },
{ "type": "Feature", "properties": { "osmid": "28692088", "name": "nan", "highway": "residential", "oneway": "False" }, "geometry": { "type": "LineString", "coordinates": [ [ 745674.789326544851065, 2573739.897256317548454 ], [ 745690.137499038130045, 2573728.051906623877585 ] ] } },
{ "type": "Feature", "properties": { "osmid": "28692088", "name": "nan", "highway": "residential", "oneway": "False" }, "geometry": { "type": "LineString", "coordinates": [ [ 745674.789326544851065, 2573739.897256317548454 ], [ 745663.343019738793373, 2573756.615984166506678 ], [ 745654.474608414573595, 2573761.710048190318048 ], [ 745641.99428914685268, 2573764.206978273112327 ], [ 745631.562951203552075, 2573764.145093637984246 ], [ 745553.933806415414438, 2573782.438740944489837 ] ] } },
{ "type": "Feature", "properties": { "osmid": "28692092", "name": "nan", "highway": "residential", "oneway": "False" }, "geometry": { "type": "LineString", "coordinates": [ [ 745674.789326544851065, 2573739.897256317548454 ], [ 745653.889206450432539, 2573722.244109137449414 ], [ 745636.537455030484125, 2573712.261766088195145 ], [ 745596.418377223541029, 2573700.318144572898746 ] ] } },
{ "type": "Feature", "properties": { "osmid": "28692092", "name": "nan", "highway": "residential", "oneway": "False" }, "geometry": { "type": "LineString", "coordinates": [ [ 745674.789326544851065, 2573739.897256317548454 ], [ 745688.210438004694879, 2573755.398940400686115 ], [ 745698.069654463441111, 2573772.082631156779826 ], [ 745705.872042926843278, 2573796.743189387954772 ], [ 745734.617378225317225, 2573837.074380453675985 ], [ 745736.801025035558268, 2573849.874833398032933 ] ] } },
{ "type": "Feature", "properties": { "osmid": "28692092", "name": "nan", "highway": "residential", "oneway": "False" }, "geometry": { "type": "LineString", "coordinates": [ [ 745596.418377223541029, 2573700.318144572898746 ], [ 745590.789318958180957, 2573688.457913713529706 ] ] } },
{ "type": "Feature", "properties": { "osmid": "28692107", "name": "nan", "highway": "residential", "oneway": "False" }, "geometry": { "type": "LineString", "coordinates": [ [ 745596.418377223541029, 2573700.318144572898746 ], [ 745545.237975287484005, 2573772.777034027036279 ] ] } },
{ "type": "Feature", "properties": { "osmid": "28692092", "name": "nan", "highway": "residential", "oneway": "False" }, "geometry": { "type": "LineString", "coordinates": [ [ 745596.418377223541029, 2573700.318144572898746 ], [ 745636.537455030484125, 2573712.261766088195145 ], [ 745653.889206450432539, 2573722.244109137449414 ], [ 745674.789326544851065, 2573739.897256317548454 ] ] } },
{ "type": "Feature", "properties": { "osmid": "28692092", "name": "nan", "highway": "residential", "oneway": "False" }, "geometry": { "type": "LineString", "coordinates": [ [ 745590.789318958180957, 2573688.457913713529706 ], [ 745596.418377223541029, 2573700.318144572898746 ] ] } },
{ "type": "Feature", "properties": { "osmid": "364864001", "name": "nan", "highway": "residential", "oneway": "False" }, "geometry": { "type": "LineString", "coordinates": [ [ 745522.60964056418743, 2573705.50098874187097 ], [ 745498.657545687863603, 2573709.55888349423185 ] ] } },
{ "type": "Feature", "properties": { "osmid": "419201624", "name": "nan", "highway": "residential", "oneway": "False" }, "geometry": { "type": "LineString", "coordinates": [ [ 745522.60964056418743, 2573705.50098874187097 ], [ 745534.131103843217716, 2573769.612691873218864 ] ] } },
{ "type": "Feature", "properties": { "osmid": "28691599", "name": "nan", "highway": "residential", "oneway": "False" }, "geometry": { "type": "LineString", "coordinates": [ [ 745559.076048117130995, 2573847.220525466836989 ], [ 745559.11371302511543, 2573879.586113140918314 ] ] } },
{ "type": "Feature", "properties": { "osmid": "28691599", "name": "nan", "highway": "residential", "oneway": "False" }, "geometry": { "type": "LineString", "coordinates": [ [ 745559.076048117130995, 2573847.220525466836989 ], [ 745553.933806415414438, 2573782.438740944489837 ] ] } },
{ "type": "Feature", "properties": { "osmid": "28692098", "name": "nan", "highway": "residential", "oneway": "False" }, "geometry": { "type": "LineString", "coordinates": [ [ 745559.076048117130995, 2573847.220525466836989 ], [ 745610.560736012179404, 2573847.906478327699006 ], [ 745639.251430212869309, 2573867.428131121210754 ] ] } },
{ "type": "Feature", "properties": { "osmid": "238505256", "name": "nan", "highway": "secondary", "oneway": "False" }, "geometry": { "type": "LineString", "coordinates": [ [ 745639.251430212869309, 2573867.428131121210754 ], [ 745648.390479282708839, 2573865.152891812380403 ] ] } },
{ "type": "Feature", "properties": { "osmid": "28692098", "name": "nan", "highway": "residential", "oneway": "False" }, "geometry": { "type": "LineString", "coordinates": [ [ 745639.251430212869309, 2573867.428131121210754 ], [ 745610.560736012179404, 2573847.906478327699006 ], [ 745559.076048117130995, 2573847.220525466836989 ] ] } },
{ "type": "Feature", "properties": { "osmid": "238505256", "name": "nan", "highway": "secondary", "oneway": "False" }, "geometry": { "type": "LineString", "coordinates": [ [ 745639.251430212869309, 2573867.428131121210754 ], [ 745606.708571452531032, 2573874.667637352366 ], [ 745559.11371302511543, 2573879.586113140918314 ] ] } },
{ "type": "Feature", "properties": { "osmid": "28691599", "name": "nan", "highway": "residential", "oneway": "False" }, "geometry": { "type": "LineString", "coordinates": [ [ 745545.237975287484005, 2573772.777034027036279 ], [ 745553.933806415414438, 2573782.438740944489837 ] ] } },
{ "type": "Feature", "properties": { "osmid": "28691599", "name": "nan", "highway": "residential", "oneway": "False" }, "geometry": { "type": "LineString", "coordinates": [ [ 745545.237975287484005, 2573772.777034027036279 ], [ 745534.131103843217716, 2573769.612691873218864 ] ] } },
{ "type": "Feature", "properties": { "osmid": "28692107", "name": "nan", "highway": "residential", "oneway": "False" }, "geometry": { "type": "LineString", "coordinates": [ [ 745545.237975287484005, 2573772.777034027036279 ], [ 745596.418377223541029, 2573700.318144572898746 ] ] } },
{ "type": "Feature", "properties": { "osmid": "28692088", "name": "nan", "highway": "residential", "oneway": "False" }, "geometry": { "type": "LineString", "coordinates": [ [ 745690.137499038130045, 2573728.051906623877585 ], [ 745674.789326544851065, 2573739.897256317548454 ] ] } },
{ "type": "Feature", "properties": { "osmid": "28692132", "name": "nan", "highway": "residential", "oneway": "False" }, "geometry": { "type": "LineString", "coordinates": [ [ 745690.137499038130045, 2573728.051906623877585 ], [ 745699.538137071649544, 2573739.043908179271966 ], [ 745753.502603495493531, 2573735.295013291295618 ] ] } },
{ "type": "Feature", "properties": { "osmid": "28692132", "name": "nan", "highway": "residential", "oneway": "False" }, "geometry": { "type": "LineString", "coordinates": [ [ 745848.538000229629688, 2573717.545582644641399 ], [ 745821.487829505000263, 2573724.44354550447315 ], [ 745792.905811589909717, 2573729.875765307340771 ], [ 745772.717610625666566, 2573733.530206582974643 ], [ 745766.357046723132953, 2573733.701857933308929 ] ] } },
{ "type": "Feature", "properties": { "osmid": "417583222", "name": "nan", "highway": "residential", "oneway": "False" }, "geometry": { "type": "LineString", "coordinates": [ [ 745848.538000229629688, 2573717.545582644641399 ], [ 745864.082242447184399, 2573761.226124010980129 ], [ 745866.275676008081064, 2573776.519794694613665 ] ] } },
{ "type": "Feature", "properties": { "osmid": "417583218", "name": "nan", "highway": "residential", "oneway": "False" }, "geometry": { "type": "LineString", "coordinates": [ [ 745866.275676008081064, 2573776.519794694613665 ], [ 745867.141310550738126, 2573794.096129631623626 ] ] } },
{ "type": "Feature", "properties": { "osmid": "28692136", "name": "nan", "highway": "residential", "oneway": "False" }, "geometry": { "type": "LineString", "coordinates": [ [ 745866.275676008081064, 2573776.519794694613665 ], [ 745883.740972776664421, 2573775.3133893199265 ], [ 745903.105039905756712, 2573776.908502270933241 ], [ 745913.654160695965402, 2573778.512667675036937 ], [ 745925.263639563927427, 2573780.998664957936853 ], [ 745960.076035924255848, 2573790.040906124282628 ], [ 745972.568586921086535, 2573797.926523193251342 ] ] } },
{ "type": "Feature", "properties": { "osmid": "417583222", "name": "nan", "highway": "residential", "oneway": "False" }, "geometry": { "type": "LineString", "coordinates": [ [ 745866.275676008081064, 2573776.519794694613665 ], [ 745864.082242447184399, 2573761.226124010980129 ], [ 745848.538000229629688, 2573717.545582644641399 ] ] } },
{ "type": "Feature", "properties": { "osmid": "238505256", "name": "nan", "highway": "secondary", "oneway": "False" }, "geometry": { "type": "LineString", "coordinates": [ [ 745972.568586921086535, 2573797.926523193251342 ], [ 745926.323246558662504, 2573814.046081306878477 ] ] } },
{ "type": "Feature", "properties": { "osmid": "238505256", "name": "nan", "highway": "secondary", "oneway": "False" }, "geometry": { "type": "LineString", "coordinates": [ [ 745972.568586921086535, 2573797.926523193251342 ], [ 746030.750212520943023, 2573783.113024475052953 ] ] } },
{ "type": "Feature", "properties": { "osmid": "28692136", "name": "nan", "highway": "residential", "oneway": "False" }, "geometry": { "type": "LineString", "coordinates": [ [ 745972.568586921086535, 2573797.926523193251342 ], [ 745960.076035924255848, 2573790.040906124282628 ], [ 745925.263639563927427, 2573780.998664957936853 ], [ 745913.654160695965402, 2573778.512667675036937 ], [ 745903.105039905756712, 2573776.908502270933241 ], [ 745883.740972776664421, 2573775.3133893199265 ], [ 745866.275676008081064, 2573776.519794694613665 ] ] } },
{ "type": "Feature", "properties": { "osmid": "28692194", "name": "nan", "highway": "residential", "oneway": "False" }, "geometry": { "type": "LineString", "coordinates": [ [ 746142.773928011651151, 2573738.002208692952991 ], [ 746149.615285790874623, 2573734.76949433144182 ] ] } },
{ "type": "Feature", "properties": { "osmid": "28692194", "name": "nan", "highway": "residential", "oneway": "False" }, "geometry": { "type": "LineString", "coordinates": [ [ 746142.773928011651151, 2573738.002208692952991 ], [ 746113.149551968090236, 2573758.740365423262119 ], [ 746084.080950893927366, 2573765.726259130053222 ] ] } },
{ "type": "Feature", "properties": { "osmid": "365240251", "name": "nan", "highway": "residential", "oneway": "False" }, "geometry": { "type": "LineString", "coordinates": [ [ 746084.080950893927366, 2573765.726259130053222 ], [ 746086.154326792457141, 2573788.86273317085579 ] ] } },
{ "type": "Feature", "properties": { "osmid": "365240251", "name": "nan", "highway": "residential", "oneway": "False" }, "geometry": { "type": "LineString", "coordinates": [ [ 746084.080950893927366, 2573765.726259130053222 ], [ 746080.879453600151464, 2573684.677363502327353 ] ] } },
{ "type": "Feature", "properties": { "osmid": "28692194", "name": "nan", "highway": "residential", "oneway": "False" }, "geometry": { "type": "LineString", "coordinates": [ [ 746084.080950893927366, 2573765.726259130053222 ], [ 746113.149551968090236, 2573758.740365423262119 ], [ 746142.773928011651151, 2573738.002208692952991 ] ] } },
{ "type": "Feature", "properties": { "osmid": "365509244", "name": "nan", "highway": "secondary", "oneway": "False" }, "geometry": { "type": "LineString", "coordinates": [ [ 746094.03066877531819, 2573789.890855165198445 ], [ 746086.154326792457141, 2573788.86273317085579 ] ] } },
{ "type": "Feature", "properties": { "osmid": "365241578", "name": "nan", "highway": "residential", "oneway": "False" }, "geometry": { "type": "LineString", "coordinates": [ [ 746094.03066877531819, 2573789.890855165198445 ], [ 746103.679537156131119, 2573817.995001876261085 ], [ 746108.781046579824761, 2573838.178992948960513 ], [ 746112.027739075012505, 2573869.578564847819507 ], [ 746107.487232217332348, 2573888.405971705447882 ], [ 746105.025418001809157, 2573902.270714712329209 ], [ 746103.095156403374858, 2573938.404278895817697 ] ] } },
{ "type": "Feature", "properties": { "osmid": "365509244", "name": "nan", "highway": "secondary", "oneway": "False" }, "geometry": { "type": "LineString", "coordinates": [ [ 746094.03066877531819, 2573789.890855165198445 ], [ 746132.779082168126479, 2573794.943463235162199 ], [ 746158.977930089458823, 2573802.956894655246288 ] ] } },
{ "type": "Feature", "properties": { "osmid": "28692212", "name": "nan", "highway": "residential", "oneway": "False" }, "geometry": { "type": "LineString", "coordinates": [ [ 746191.525147600565106, 2573921.976904914714396 ], [ 746190.80917539622169, 2573930.574300122447312 ] ] } },
{ "type": "Feature", "properties": { "osmid": "365241343", "name": "nan", "highway": "residential", "oneway": "False" }, "geometry": { "type": "LineString", "coordinates": [ [ 746191.525147600565106, 2573921.976904914714396 ], [ 746170.159839202882722, 2573889.833465652540326 ] ] } },
{ "type": "Feature", "properties": { "osmid": "28691618", "name": "nan", "highway": "tertiary", "oneway": "False" }, "geometry": { "type": "LineString", "coordinates": [ [ 746112.701379342470318, 2574129.529898746870458 ], [ 746121.929094116901979, 2574146.591284486930817 ] ] } },
{ "type": "Feature", "properties": { "osmid": "28692212", "name": "nan", "highway": "residential", "oneway": "False" }, "geometry": { "type": "LineString", "coordinates": [ [ 746112.701379342470318, 2574129.529898746870458 ], [ 746147.784320206730627, 2574086.422915722709149 ] ] } },
{ "type": "Feature", "properties": { "osmid": "28691618", "name": "nan", "highway": "tertiary", "oneway": "False" }, "geometry": { "type": "LineString", "coordinates": [ [ 746112.701379342470318, 2574129.529898746870458 ], [ 746076.490115069551393, 2574025.263424554374069 ], [ 746071.126660978421569, 2573972.111677318811417 ] ] } },
{ "type": "Feature", "properties": { "osmid": "28691630", "name": "nan", "highway": "residential", "oneway": "False" }, "geometry": { "type": "LineString", "coordinates": [ [ 746057.491254064720124, 2573930.058015471789986 ], [ 746067.608030625851825, 2573929.328304581809789 ] ] } },
{ "type": "Feature", "properties": { "osmid": "28692217", "name": "nan", "highway": "tertiary", "oneway": "False" }, "geometry": { "type": "LineString", "coordinates": [ [ 746057.491254064720124, 2573930.058015471789986 ], [ 746057.332216982846148, 2573973.600320930592716 ] ] } },
{ "type": "Feature", "properties": { "osmid": "28691630", "name": "nan", "highway": "residential", "oneway": "False" }, "geometry": { "type": "LineString", "coordinates": [ [ 746057.491254064720124, 2573930.058015471789986 ], [ 745995.299551023170352, 2573932.982364523224533 ], [ 745979.129208847414702, 2573933.279358048457652 ] ] } },
{ "type": "Feature", "properties": { "osmid": "28692217", "name": "nan", "highway": "tertiary", "oneway": "False" }, "geometry": { "type": "LineString", "coordinates": [ [ 746057.491254064720124, 2573930.058015471789986 ], [ 746052.89132933318615, 2573891.356372561771423 ], [ 746051.449646649532951, 2573869.63755695335567 ] ] } },
{ "type": "Feature", "properties": { "osmid": "28692222", "name": "nan", "highway": "tertiary", "oneway": "False" }, "geometry": { "type": "LineString", "coordinates": [ [ 746101.010208514751866, 2574220.237463986966759 ], [ 746142.731291379313916, 2574220.674792218953371 ] ] } },
{ "type": "Feature", "properties": { "osmid": "1304613360", "name": "nan", "highway": "tertiary", "oneway": "False" }, "geometry": { "type": "LineString", "coordinates": [ [ 746101.010208514751866, 2574220.237463986966759 ], [ 746103.197858579223976, 2574232.77215947303921 ] ] } },
{ "type": "Feature", "properties": { "osmid": "1304613360", "name": "nan", "highway": "tertiary", "oneway": "False" }, "geometry": { "type": "LineString", "coordinates": [ [ 746101.010208514751866, 2574220.237463986966759 ], [ 746103.968049301067367, 2574206.092865615151823 ] ] } },
{ "type": "Feature", "properties": { "osmid": "495798978", "name": "Berasia Road", "highway": "tertiary", "oneway": "False" }, "geometry": { "type": "LineString", "coordinates": [ [ 745417.419420368503779, 2574616.228435650467873 ], [ 745402.097870145924389, 2574525.051677456591278 ] ] } },
{ "type": "Feature", "properties": { "osmid": "28691785", "name": "nan", "highway": "residential", "oneway": "False" }, "geometry": { "type": "LineString", "coordinates": [ [ 746030.268913002335466, 2574340.591084364335984 ], [ 746049.479066987521946, 2574340.311372333206236 ] ] } },
{ "type": "Feature", "properties": { "osmid": "28691785", "name": "nan", "highway": "residential", "oneway": "False" }, "geometry": { "type": "LineString", "coordinates": [ [ 746030.268913002335466, 2574340.591084364335984 ], [ 745977.749108213, 2574340.684100628364831 ] ] } },
{ "type": "Feature", "properties": { "osmid": "28691791", "name": "nan", "highway": "residential", "oneway": "False" }, "geometry": { "type": "LineString", "coordinates": [ [ 746030.268913002335466, 2574340.591084364335984 ], [ 746030.803805494797416, 2574394.139201187994331 ] ] } },
{ "type": "Feature", "properties": { "osmid": "28691791", "name": "nan", "highway": "residential", "oneway": "False" }, "geometry": { "type": "LineString", "coordinates": [ [ 746030.268913002335466, 2574340.591084364335984 ], [ 746028.464652979164384, 2574287.653487556613982 ] ] } },
{ "type": "Feature", "properties": { "osmid": "28691863", "name": "nan", "highway": "tertiary", "oneway": "False" }, "geometry": { "type": "LineString", "coordinates": [ [ 746095.704943745862693, 2574526.449042630847543 ], [ 746121.553102388163097, 2574514.180055864155293 ] ] } },
{ "type": "Feature", "properties": { "osmid": "328226553", "name": "nan", "highway": "tertiary", "oneway": "False" }, "geometry": { "type": "LineString", "coordinates": [ [ 746095.704943745862693, 2574526.449042630847543 ], [ 746101.412508364301175, 2574489.103912287391722 ] ] } },
{ "type": "Feature", "properties": { "osmid": "28691863", "name": "nan", "highway": "tertiary", "oneway": "False" }, "geometry": { "type": "LineString", "coordinates": [ [ 746095.704943745862693, 2574526.449042630847543 ], [ 746090.871142554562539, 2574530.25797861116007 ], [ 746089.098672930849716, 2574530.959862214513123 ] ] } },
{ "type": "Feature", "properties": { "osmid": "28691806", "name": "nan", "highway": "residential", "oneway": "False" }, "geometry": { "type": "LineString", "coordinates": [ [ 745535.159279335755855, 2574491.841651014517993 ], [ 745614.631665986962616, 2574496.791638105642051 ] ] } },
{ "type": "Feature", "properties": { "osmid": "28691806", "name": "nan", "highway": "residential", "oneway": "False" }, "geometry": { "type": "LineString", "coordinates": [ [ 745535.159279335755855, 2574491.841651014517993 ], [ 745437.510033029830083, 2574489.704830820672214 ], [ 745429.459938615211286, 2574483.732423251029104 ], [ 745422.900654799304903, 2574353.000664733815938 ] ] } },
{ "type": "Feature", "properties": { "osmid": "323202270", "name": "nan", "highway": "residential", "oneway": "False" }, "geometry": { "type": "LineString", "coordinates": [ [ 745535.159279335755855, 2574491.841651014517993 ], [ 745536.156448836321943, 2574481.077215641271323 ], [ 745522.63353177823592, 2574432.178487120196223 ], [ 745521.254210623446852, 2574415.313901845831424 ], [ 745524.977616929914802, 2574376.528691945597529 ] ] } },
{ "type": "Feature", "properties": { "osmid": "28691800", "name": "nan", "highway": "residential", "oneway": "False" }, "geometry": { "type": "LineString", "coordinates": [ [ 745524.977616929914802, 2574376.528691945597529 ], [ 745505.600721721653827, 2574376.994677432347089 ] ] } },
{ "type": "Feature", "properties": { "osmid": "323202270", "name": "nan", "highway": "residential", "oneway": "False" }, "geometry": { "type": "LineString", "coordinates": [ [ 745524.977616929914802, 2574376.528691945597529 ], [ 745526.6635590728838, 2574363.116433137096465 ] ] } },
{ "type": "Feature", "properties": { "osmid": "28691800", "name": "nan", "highway": "residential", "oneway": "False" }, "geometry": { "type": "LineString", "coordinates": [ [ 745524.977616929914802, 2574376.528691945597529 ], [ 745529.747390730539337, 2574388.950872995890677 ], [ 745606.879246969241649, 2574430.182616121135652 ] ] } },
{ "type": "Feature", "properties": { "osmid": "323202270", "name": "nan", "highway": "residential", "oneway": "False" }, "geometry": { "type": "LineString", "coordinates": [ [ 745524.977616929914802, 2574376.528691945597529 ], [ 745521.254210623446852, 2574415.313901845831424 ], [ 745522.63353177823592, 2574432.178487120196223 ], [ 745536.156448836321943, 2574481.077215641271323 ], [ 745535.159279335755855, 2574491.841651014517993 ] ] } },
{ "type": "Feature", "properties": { "osmid": "28691777", "name": "nan", "highway": "residential", "oneway": "False" }, "geometry": { "type": "LineString", "coordinates": [ [ 745540.404323944821954, 2574286.292836729902774 ], [ 745545.936396964592859, 2574285.442594662308693 ], [ 745575.545030954293907, 2574281.002063802909106 ], [ 745654.789481177693233, 2574281.239325148053467 ] ] } },
{ "type": "Feature", "properties": { "osmid": "28691777", "name": "nan", "highway": "residential", "oneway": "False" }, "geometry": { "type": "LineString", "coordinates": [ [ 745540.404323944821954, 2574286.292836729902774 ], [ 745503.829626634600572, 2574267.505063899792731 ], [ 745496.851197352050804, 2574238.215680657885969 ], [ 745485.969016912393272, 2574233.248999201226979 ], [ 745485.098910752800293, 2574228.913363268598914 ], [ 745483.695135010057129, 2574198.054226259700954 ] ] } },
{ "type": "Feature", "properties": { "osmid": "323202270", "name": "nan", "highway": "residential", "oneway": "False" }, "geometry": { "type": "LineString", "coordinates": [ [ 745540.404323944821954, 2574286.292836729902774 ], [ 745537.659419522271492, 2574303.687484025489539 ], [ 745536.835953017929569, 2574309.524148016236722 ] ] } },
{ "type": "Feature", "properties": { "osmid": "328226553", "name": "nan", "highway": "tertiary", "oneway": "False" }, "geometry": { "type": "LineString", "coordinates": [ [ 746101.412508364301175, 2574489.103912287391722 ], [ 746101.820234904880635, 2574393.566555844154209 ] ] } },
{ "type": "Feature", "properties": { "osmid": "328226553", "name": "nan", "highway": "tertiary", "oneway": "False" }, "geometry": { "type": "LineString", "coordinates": [ [ 746101.412508364301175, 2574489.103912287391722 ], [ 746095.704943745862693, 2574526.449042630847543 ] ] } },
{ "type": "Feature", "properties": { "osmid": "1304613614", "name": "nan", "highway": "residential", "oneway": "False" }, "geometry": { "type": "LineString", "coordinates": [ [ 746101.412508364301175, 2574489.103912287391722 ], [ 746121.553102388163097, 2574514.180055864155293 ] ] } },
{ "type": "Feature", "properties": { "osmid": "364473877", "name": "nan", "highway": "secondary", "oneway": "True" }, "geometry": { "type": "LineString", "coordinates": [ [ 745390.362718018470332, 2573869.19328885152936 ], [ 745389.880638225004077, 2573872.343139845412225 ], [ 745390.740985325071961, 2573875.4154720781371 ] ] } },
{ "type": "Feature", "properties": { "osmid": "238505256", "name": "nan", "highway": "secondary", "oneway": "False" }, "geometry": { "type": "LineString", "coordinates": [ [ 745404.859423727961257, 2573874.142088388558477 ], [ 745414.338407431729138, 2573879.78351338300854 ] ] } },
{ "type": "Feature", "properties": { "osmid": "364473877", "name": "nan", "highway": "secondary", "oneway": "True" }, "geometry": { "type": "LineString", "coordinates": [ [ 745404.859423727961257, 2573874.142088388558477 ], [ 745404.939278791891411, 2573869.932976777665317 ], [ 745402.767235942417756, 2573866.318184639327228 ] ] } },
{ "type": "Feature", "properties": { "osmid": "364473876", "name": "Sadar Manzil Road", "highway": "secondary", "oneway": "True" }, "geometry": { "type": "LineString", "coordinates": [ [ 745390.740985325071961, 2573875.4154720781371 ], [ 745374.955365494242869, 2573885.87992653530091 ], [ 745287.301722061936744, 2573935.310302393976599 ] ] } },
{ "type": "Feature", "properties": { "osmid": "364473877", "name": "nan", "highway": "secondary", "oneway": "True" }, "geometry": { "type": "LineString", "coordinates": [ [ 745390.740985325071961, 2573875.4154720781371 ], [ 745392.616997493896633, 2573877.740076528396457 ], [ 745395.244947730796412, 2573879.168550692033023 ], [ 745398.229154477827251, 2573879.483829032164067 ], [ 745401.099543784395792, 2573878.633816577494144 ], [ 745403.434101745253429, 2573876.755574352573603 ], [ 745404.859423727961257, 2573874.142088388558477 ] ] } },
{ "type": "Feature", "properties": { "osmid": "364864001", "name": "nan", "highway": "residential", "oneway": "False" }, "geometry": { "type": "LineString", "coordinates": [ [ 745498.657545687863603, 2573709.55888349423185 ], [ 745522.60964056418743, 2573705.50098874187097 ] ] } },
{ "type": "Feature", "properties": { "osmid": "364863725", "name": "nan", "highway": "residential", "oneway": "False" }, "geometry": { "type": "LineString", "coordinates": [ [ 745498.657545687863603, 2573709.55888349423185 ], [ 745505.72389494208619, 2573742.838509517256171 ], [ 745510.139804706908762, 2573750.058232961688191 ], [ 745519.620533765759319, 2573774.159183497540653 ] ] } },
{ "type": "Feature", "properties": { "osmid": "28691599", "name": "nan", "highway": "residential", "oneway": "False" }, "geometry": { "type": "LineString", "coordinates": [ [ 745519.620533765759319, 2573774.159183497540653 ], [ 745534.131103843217716, 2573769.612691873218864 ] ] } },
{ "type": "Feature", "properties": { "osmid": "28691599", "name": "nan", "highway": "residential", "oneway": "False" }, "geometry": { "type": "LineString", "coordinates": [ [ 745519.620533765759319, 2573774.159183497540653 ], [ 745403.782918027718551, 2573828.430013456847519 ] ] } },
{ "type": "Feature", "properties": { "osmid": "364863725", "name": "nan", "highway": "residential", "oneway": "False" }, "geometry": { "type": "LineString", "coordinates": [ [ 745519.620533765759319, 2573774.159183497540653 ], [ 745510.139804706908762, 2573750.058232961688191 ], [ 745505.72389494208619, 2573742.838509517256171 ], [ 745498.657545687863603, 2573709.55888349423185 ] ] } },
{ "type": "Feature", "properties": { "osmid": "364863421", "name": "nan", "highway": "residential", "oneway": "False" }, "geometry": { "type": "LineString", "coordinates": [ [ 745274.024595865979791, 2574034.323972693644464 ], [ 745294.947544929105788, 2574087.122980841901153 ] ] } },
{ "type": "Feature", "properties": { "osmid": "364863421", "name": "nan", "highway": "residential", "oneway": "False" }, "geometry": { "type": "LineString", "coordinates": [ [ 745294.947544929105788, 2574087.122980841901153 ], [ 745274.024595865979791, 2574034.323972693644464 ] ] } },
{ "type": "Feature", "properties": { "osmid": "1304590472", "name": "nan", "highway": "residential", "oneway": "True" }, "geometry": { "type": "LineString", "coordinates": [ [ 745294.947544929105788, 2574087.122980841901153 ], [ 745300.476779702934437, 2574085.208906714338809 ] ] } },
{ "type": "Feature", "properties": { "osmid": "364863797", "name": "nan", "highway": "residential", "oneway": "False" }, "geometry": { "type": "LineString", "coordinates": [ [ 745382.344249721500091, 2574548.303320808336139 ], [ 745388.428015257930383, 2574533.90012367349118 ], [ 745392.15207061660476, 2574530.327461685519665 ], [ 745402.097870145924389, 2574525.051677456591278 ] ] } },
{ "type": "Feature", "properties": { "osmid": "364862984", "name": "nan", "highway": "residential", "oneway": "False" }, "geometry": { "type": "LineString", "coordinates": [ [ 745485.934248977573588, 2574301.546143020968884 ], [ 745499.158068030839786, 2574303.582115639001131 ] ] } },
{ "type": "Feature", "properties": { "osmid": "364862984", "name": "nan", "highway": "residential", "oneway": "False" }, "geometry": { "type": "LineString", "coordinates": [ [ 745499.158068030839786, 2574303.582115639001131 ], [ 745485.934248977573588, 2574301.546143020968884 ] ] } },
{ "type": "Feature", "properties": { "osmid": "364862984", "name": "nan", "highway": "residential", "oneway": "False" }, "geometry": { "type": "LineString", "coordinates": [ [ 745499.158068030839786, 2574303.582115639001131 ], [ 745536.835953017929569, 2574309.524148016236722 ] ] } },
{ "type": "Feature", "properties": { "osmid": "364863226", "name": "nan", "highway": "residential", "oneway": "False" }, "geometry": { "type": "LineString", "coordinates": [ [ 745499.158068030839786, 2574303.582115639001131 ], [ 745497.616229035775177, 2574352.209314257372171 ] ] } },
{ "type": "Feature", "properties": { "osmid": "28691561", "name": "nan", "highway": "residential", "oneway": "False" }, "geometry": { "type": "LineString", "coordinates": [ [ 745271.079122678842396, 2574190.194135810248554 ], [ 745360.356732343323529, 2574184.235688335262239 ] ] } },
{ "type": "Feature", "properties": { "osmid": "28691561", "name": "nan", "highway": "residential", "oneway": "False" }, "geometry": { "type": "LineString", "coordinates": [ [ 745387.135532521642745, 2574189.343321850523353 ], [ 745360.356732343323529, 2574184.235688335262239 ] ] } },
{ "type": "Feature", "properties": { "osmid": "1338869936", "name": "nan", "highway": "secondary_link", "oneway": "False" }, "geometry": { "type": "LineString", "coordinates": [ [ 745387.135532521642745, 2574189.343321850523353 ], [ 745371.936034867772833, 2574216.382173450198025 ], [ 745356.222099405829795, 2574229.961302306503057 ] ] } },
{ "type": "Feature", "properties": { "osmid": "364863452", "name": "nan", "highway": "residential", "oneway": "False" }, "geometry": { "type": "LineString", "coordinates": [ [ 745336.93240343767684, 2574448.606950616464019 ], [ 745322.303093021735549, 2574483.898839357774705 ], [ 745317.624914825893939, 2574509.261349966283888 ] ] } },
{ "type": "Feature", "properties": { "osmid": "28691806", "name": "nan", "highway": "residential", "oneway": "False" }, "geometry": { "type": "LineString", "coordinates": [ [ 745614.631665986962616, 2574496.791638105642051 ], [ 745688.740998635534197, 2574495.481599702034146 ] ] } },
{ "type": "Feature", "properties": { "osmid": "28691806", "name": "nan", "highway": "residential", "oneway": "False" }, "geometry": { "type": "LineString", "coordinates": [ [ 745614.631665986962616, 2574496.791638105642051 ], [ 745535.159279335755855, 2574491.841651014517993 ] ] } },
{ "type": "Feature", "properties": { "osmid": "364862960", "name": "nan", "highway": "residential", "oneway": "False" }, "geometry": { "type": "LineString", "coordinates": [ [ 745614.631665986962616, 2574496.791638105642051 ], [ 745614.790653645992279, 2574469.260196194518358 ], [ 745607.715350849786773, 2574468.101514059584588 ], [ 745606.666904870420694, 2574451.66343208681792 ], [ 745602.984221535269171, 2574449.64127751160413 ] ] } },
{ "type": "Feature", "properties": { "osmid": "1196732250", "name": "nan", "highway": "tertiary", "oneway": "False" }, "geometry": { "type": "LineString", "coordinates": [ [ 745263.643955612904392, 2574508.003048715181649 ], [ 745317.624914825893939, 2574509.261349966283888 ] ] } },
{ "type": "Feature", "properties": { "osmid": "364862815", "name": "nan", "highway": "residential", "oneway": "False" }, "geometry": { "type": "LineString", "coordinates": [ [ 745263.643955612904392, 2574508.003048715181649 ], [ 745264.162097061052918, 2574492.144937361124903 ], [ 745268.476960637955926, 2574489.368701357394457 ], [ 745270.625093351933174, 2574469.659512604121119 ] ] } },
{ "type": "Feature", "properties": { "osmid": "1196732250", "name": "nan", "highway": "tertiary", "oneway": "False" }, "geometry": { "type": "LineString", "coordinates": [ [ 745317.624914825893939, 2574509.261349966283888 ], [ 745399.501360821421258, 2574509.973033236339688 ] ] } },
{ "type": "Feature", "properties": { "osmid": "1196732250", "name": "nan", "highway": "tertiary", "oneway": "False" }, "geometry": { "type": "LineString", "coordinates": [ [ 745317.624914825893939, 2574509.261349966283888 ], [ 745263.643955612904392, 2574508.003048715181649 ] ] } },
{ "type": "Feature", "properties": { "osmid": "364863452", "name": "nan", "highway": "residential", "oneway": "False" }, "geometry": { "type": "LineString", "coordinates": [ [ 745317.624914825893939, 2574509.261349966283888 ], [ 745322.303093021735549, 2574483.898839357774705 ], [ 745336.93240343767684, 2574448.606950616464019 ] ] } },
{ "type": "Feature", "properties": { "osmid": "323202270", "name": "nan", "highway": "residential", "oneway": "False" }, "geometry": { "type": "LineString", "coordinates": [ [ 745536.835953017929569, 2574309.524148016236722 ], [ 745526.6635590728838, 2574363.116433137096465 ] ] } },
{ "type": "Feature", "properties": { "osmid": "364862984", "name": "nan", "highway": "residential", "oneway": "False" }, "geometry": { "type": "LineString", "coordinates": [ [ 745536.835953017929569, 2574309.524148016236722 ], [ 745499.158068030839786, 2574303.582115639001131 ] ] } },
{ "type": "Feature", "properties": { "osmid": "323202270", "name": "nan", "highway": "residential", "oneway": "False" }, "geometry": { "type": "LineString", "coordinates": [ [ 745536.835953017929569, 2574309.524148016236722 ], [ 745537.659419522271492, 2574303.687484025489539 ], [ 745540.404323944821954, 2574286.292836729902774 ] ] } },
{ "type": "Feature", "properties": { "osmid": "364863226", "name": "nan", "highway": "residential", "oneway": "False" }, "geometry": { "type": "LineString", "coordinates": [ [ 745497.616229035775177, 2574352.209314257372171 ], [ 745499.158068030839786, 2574303.582115639001131 ] ] } },
{ "type": "Feature", "properties": { "osmid": "364863894", "name": "nan", "highway": "residential", "oneway": "False" }, "geometry": { "type": "LineString", "coordinates": [ [ 745497.616229035775177, 2574352.209314257372171 ], [ 745526.6635590728838, 2574363.116433137096465 ] ] } },
{ "type": "Feature", "properties": { "osmid": "364863894", "name": "nan", "highway": "residential", "oneway": "False" }, "geometry": { "type": "LineString", "coordinates": [ [ 745497.616229035775177, 2574352.209314257372171 ], [ 745477.334657782805152, 2574352.28364472836256 ], [ 745422.900654799304903, 2574353.000664733815938 ] ] } },
{ "type": "Feature", "properties": { "osmid": "28691806", "name": "nan", "highway": "residential", "oneway": "False" }, "geometry": { "type": "LineString", "coordinates": [ [ 745422.900654799304903, 2574353.000664733815938 ], [ 745429.459938615211286, 2574483.732423251029104 ], [ 745437.510033029830083, 2574489.704830820672214 ], [ 745535.159279335755855, 2574491.841651014517993 ] ] } },
{ "type": "Feature", "properties": { "osmid": "28691806", "name": "nan", "highway": "residential", "oneway": "False" }, "geometry": { "type": "LineString", "coordinates": [ [ 745422.900654799304903, 2574353.000664733815938 ], [ 745417.204153215745464, 2574238.172066843602806 ], [ 745401.717279963893816, 2574232.453389236237854 ] ] } },
{ "type": "Feature", "properties": { "osmid": "364863894", "name": "nan", "highway": "residential", "oneway": "False" }, "geometry": { "type": "LineString", "coordinates": [ [ 745422.900654799304903, 2574353.000664733815938 ], [ 745477.334657782805152, 2574352.28364472836256 ], [ 745497.616229035775177, 2574352.209314257372171 ] ] } },
{ "type": "Feature", "properties": { "osmid": "364863894", "name": "nan", "highway": "residential", "oneway": "False" }, "geometry": { "type": "LineString", "coordinates": [ [ 745553.920800168300048, 2574362.182590552140027 ], [ 745526.6635590728838, 2574363.116433137096465 ] ] } },
{ "type": "Feature", "properties": { "osmid": "28691800", "name": "nan", "highway": "residential", "oneway": "False" }, "geometry": { "type": "LineString", "coordinates": [ [ 745606.879246969241649, 2574430.182616121135652 ], [ 745652.379653553594835, 2574445.30695516243577 ] ] } },
{ "type": "Feature", "properties": { "osmid": "364862960", "name": "nan", "highway": "residential", "oneway": "False" }, "geometry": { "type": "LineString", "coordinates": [ [ 745606.879246969241649, 2574430.182616121135652 ], [ 745602.984221535269171, 2574449.64127751160413 ] ] } },
{ "type": "Feature", "properties": { "osmid": "28691800", "name": "nan", "highway": "residential", "oneway": "False" }, "geometry": { "type": "LineString", "coordinates": [ [ 745606.879246969241649, 2574430.182616121135652 ], [ 745529.747390730539337, 2574388.950872995890677 ], [ 745524.977616929914802, 2574376.528691945597529 ] ] } },
{ "type": "Feature", "properties": { "osmid": "419824039", "name": "nan", "highway": "residential", "oneway": "False" }, "geometry": { "type": "LineString", "coordinates": [ [ 745590.339253443526104, 2574449.132755281869322 ], [ 745602.984221535269171, 2574449.64127751160413 ] ] } },
{ "type": "Feature", "properties": { "osmid": "364862960", "name": "nan", "highway": "residential", "oneway": "False" }, "geometry": { "type": "LineString", "coordinates": [ [ 745602.984221535269171, 2574449.64127751160413 ], [ 745606.879246969241649, 2574430.182616121135652 ] ] } },
{ "type": "Feature", "properties": { "osmid": "419824039", "name": "nan", "highway": "residential", "oneway": "False" }, "geometry": { "type": "LineString", "coordinates": [ [ 745602.984221535269171, 2574449.64127751160413 ], [ 745590.339253443526104, 2574449.132755281869322 ] ] } },
{ "type": "Feature", "properties": { "osmid": "364862960", "name": "nan", "highway": "residential", "oneway": "False" }, "geometry": { "type": "LineString", "coordinates": [ [ 745602.984221535269171, 2574449.64127751160413 ], [ 745606.666904870420694, 2574451.66343208681792 ], [ 745607.715350849786773, 2574468.101514059584588 ], [ 745614.790653645992279, 2574469.260196194518358 ], [ 745614.631665986962616, 2574496.791638105642051 ] ] } },
{ "type": "Feature", "properties": { "osmid": "28691844", "name": "nan", "highway": "tertiary", "oneway": "False" }, "geometry": { "type": "LineString", "coordinates": [ [ 745507.562786142574623, 2574536.791134512983263 ], [ 745488.285679979017004, 2574530.621791426092386 ] ] } },
{ "type": "Feature", "properties": { "osmid": "364862867", "name": "nan", "highway": "residential", "oneway": "False" }, "geometry": { "type": "LineString", "coordinates": [ [ 745507.562786142574623, 2574536.791134512983263 ], [ 745515.7595755381044, 2574504.827745999209583 ] ] } },
{ "type": "Feature", "properties": { "osmid": "28691844", "name": "nan", "highway": "tertiary", "oneway": "False" }, "geometry": { "type": "LineString", "coordinates": [ [ 745507.562786142574623, 2574536.791134512983263 ], [ 745516.188370399759151, 2574542.00858949823305 ], [ 745556.29617265809793, 2574550.783145155757666 ] ] } },
{ "type": "Feature", "properties": { "osmid": "365241465", "name": "nan", "highway": "residential", "oneway": "False" }, "geometry": { "type": "LineString", "coordinates": [ [ 746174.436453069443814, 2573777.695784364361316 ], [ 746178.342560968594626, 2573810.070294794160873 ] ] } },
{ "type": "Feature", "properties": { "osmid": "419836078", "name": "nan", "highway": "residential", "oneway": "False" }, "geometry": { "type": "LineString", "coordinates": [ [ 746174.436453069443814, 2573777.695784364361316 ], [ 746219.026721636066213, 2573769.416398917790502 ] ] } },
{ "type": "Feature", "properties": { "osmid": "365241465", "name": "nan", "highway": "residential", "oneway": "False" }, "geometry": { "type": "LineString", "coordinates": [ [ 746174.436453069443814, 2573777.695784364361316 ], [ 746164.89661160367541, 2573759.68740159785375 ], [ 746149.615285790874623, 2573734.76949433144182 ] ] } },
{ "type": "Feature", "properties": { "osmid": "365240068", "name": "nan", "highway": "secondary", "oneway": "True" }, "geometry": { "type": "LineString", "coordinates": [ [ 746032.525739589706063, 2573777.292154265101999 ], [ 746031.401201427448541, 2573779.046329447999597 ], [ 746030.794794049463235, 2573781.041778695303947 ], [ 746030.750212520943023, 2573783.113024475052953 ] ] } },
{ "type": "Feature", "properties": { "osmid": "417583217", "name": "nan", "highway": "residential", "oneway": "False" }, "geometry": { "type": "LineString", "coordinates": [ [ 745814.724274975131266, 2573773.660174097400159 ], [ 745819.680227277451195, 2573806.362142418511212 ] ] } },
{ "type": "Feature", "properties": { "osmid": "28691618", "name": "nan", "highway": "tertiary", "oneway": "False" }, "geometry": { "type": "LineString", "coordinates": [ [ 746043.661896282923408, 2573787.947537084575742 ], [ 746049.81794252502732, 2573822.952045192010701 ], [ 746058.140649830456823, 2573862.502106999512762 ], [ 746059.058023734018207, 2573868.301151928026229 ] ] } },
{ "type": "Feature", "properties": { "osmid": "365240068", "name": "nan", "highway": "secondary", "oneway": "True" }, "geometry": { "type": "LineString", "coordinates": [ [ 746043.661896282923408, 2573787.947537084575742 ], [ 746044.9143479866907, 2573786.505727582145482 ], [ 746045.761806328664534, 2573784.791279240977019 ], [ 746046.161310479510576, 2573782.925361101515591 ] ] } },
{ "type": "Feature", "properties": { "osmid": "28691825", "name": "nan", "highway": "residential", "oneway": "False" }, "geometry": { "type": "LineString", "coordinates": [ [ 745922.053739805473015, 2574514.416839648038149 ], [ 746037.990385180688463, 2574516.970987767912447 ] ] } },
{ "type": "Feature", "properties": { "osmid": "28691825", "name": "nan", "highway": "residential", "oneway": "False" }, "geometry": { "type": "LineString", "coordinates": [ [ 745922.053739805473015, 2574514.416839648038149 ], [ 745809.452691111713648, 2574511.974275580141693 ] ] } },
{ "type": "Feature", "properties": { "osmid": "365240519", "name": "nan", "highway": "residential", "oneway": "False" }, "geometry": { "type": "LineString", "coordinates": [ [ 745922.053739805473015, 2574514.416839648038149 ], [ 745922.072165825869888, 2574503.425650997087359 ] ] } },
{ "type": "Feature", "properties": { "osmid": "365241586", "name": "nan", "highway": "residential", "oneway": "False" }, "geometry": { "type": "LineString", "coordinates": [ [ 746046.586861202027649, 2573681.936994288116693 ], [ 746005.745354711194523, 2573687.02150457771495 ] ] } },
{ "type": "Feature", "properties": { "osmid": "419836082", "name": "nan", "highway": "residential", "oneway": "False" }, "geometry": { "type": "LineString", "coordinates": [ [ 746046.586861202027649, 2573681.936994288116693 ], [ 746048.725595270865597, 2573686.936357779894024 ], [ 746052.577152827288955, 2573688.662243710830808 ], [ 746080.879453600151464, 2573684.677363502327353 ] ] } },
{ "type": "Feature", "properties": { "osmid": "365241586", "name": "nan", "highway": "residential", "oneway": "False" }, "geometry": { "type": "LineString", "coordinates": [ [ 746005.745354711194523, 2573687.02150457771495 ], [ 746046.586861202027649, 2573681.936994288116693 ] ] } },
{ "type": "Feature", "properties": { "osmid": "28692132", "name": "nan", "highway": "residential", "oneway": "False" }, "geometry": { "type": "LineString", "coordinates": [ [ 745766.357046723132953, 2573733.701857933308929 ], [ 745753.502603495493531, 2573735.295013291295618 ] ] } },
{ "type": "Feature", "properties": { "osmid": "28692132", "name": "nan", "highway": "residential", "oneway": "False" }, "geometry": { "type": "LineString", "coordinates": [ [ 745766.357046723132953, 2573733.701857933308929 ], [ 745772.717610625666566, 2573733.530206582974643 ], [ 745792.905811589909717, 2573729.875765307340771 ], [ 745821.487829505000263, 2573724.44354550447315 ], [ 745848.538000229629688, 2573717.545582644641399 ] ] } },
{ "type": "Feature", "properties": { "osmid": "28692217", "name": "nan", "highway": "tertiary", "oneway": "False" }, "geometry": { "type": "LineString", "coordinates": [ [ 746034.017492440994829, 2573788.585385664831847 ], [ 746051.449646649532951, 2573869.63755695335567 ] ] } },
{ "type": "Feature", "properties": { "osmid": "365240068", "name": "nan", "highway": "secondary", "oneway": "True" }, "geometry": { "type": "LineString", "coordinates": [ [ 746034.017492440994829, 2573788.585385664831847 ], [ 746035.977243974572048, 2573789.559692677110434 ], [ 746038.130777294514701, 2573789.961046223994344 ], [ 746040.315250311396085, 2573789.731345464475453 ], [ 746042.097668782924302, 2573789.051772767677903 ], [ 746043.661896282923408, 2573787.947537084575742 ] ] } },
{ "type": "Feature", "properties": { "osmid": "365240756", "name": "nan", "highway": "residential", "oneway": "False" }, "geometry": { "type": "LineString", "coordinates": [ [ 745867.141310550738126, 2573794.096129631623626 ], [ 745868.920979998423718, 2573826.944938248489052 ] ] } },
{ "type": "Feature", "properties": { "osmid": "417583218", "name": "nan", "highway": "residential", "oneway": "False" }, "geometry": { "type": "LineString", "coordinates": [ [ 745867.141310550738126, 2573794.096129631623626 ], [ 745866.275676008081064, 2573776.519794694613665 ] ] } },
{ "type": "Feature", "properties": { "osmid": [ 417583217, 365242082, 417583221 ], "name": "nan", "highway": "residential", "oneway": "False" }, "geometry": { "type": "LineString", "coordinates": [ [ 745867.141310550738126, 2573794.096129631623626 ], [ 745843.131842088652775, 2573800.379618339706212 ], [ 745831.67455656605307, 2573804.156473177485168 ], [ 745822.708367251907475, 2573805.880464661866426 ], [ 745819.680227277451195, 2573806.362142418511212 ] ] } },
{ "type": "Feature", "properties": { "osmid": "419836078", "name": "nan", "highway": "residential", "oneway": "False" }, "geometry": { "type": "LineString", "coordinates": [ [ 746219.026721636066213, 2573769.416398917790502 ], [ 746174.436453069443814, 2573777.695784364361316 ] ] } },
{ "type": "Feature", "properties": { "osmid": "365240960", "name": "nan", "highway": "residential", "oneway": "False" }, "geometry": { "type": "LineString", "coordinates": [ [ 745776.713787990272976, 2573814.292863132432103 ], [ 745775.269093384267762, 2573844.030119111295789 ] ] } },
{ "type": "Feature", "properties": { "osmid": "966373003", "name": "nan", "highway": "residential", "oneway": "False" }, "geometry": { "type": "LineString", "coordinates": [ [ 745776.713787990272976, 2573814.292863132432103 ], [ 745819.680227277451195, 2573806.362142418511212 ] ] } },
{ "type": "Feature", "properties": { "osmid": "966373003", "name": "nan", "highway": "residential", "oneway": "False" }, "geometry": { "type": "LineString", "coordinates": [ [ 745776.713787990272976, 2573814.292863132432103 ], [ 745770.028003721963614, 2573816.176539791282266 ], [ 745767.941712815896608, 2573816.042261904571205 ], [ 745766.262843751814216, 2573815.416127590462565 ], [ 745764.693886730354279, 2573813.717043049167842 ], [ 745759.916849377565086, 2573796.78506842488423 ], [ 745758.899898849311285, 2573791.427610583137721 ], [ 745756.180758930277079, 2573781.288591982796788 ], [ 745753.502603495493531, 2573735.295013291295618 ] ] } },
{ "type": "Feature", "properties": { "osmid": "238505256", "name": "nan", "highway": "secondary", "oneway": "False" }, "geometry": { "type": "LineString", "coordinates": [ [ 745775.269093384267762, 2573844.030119111295789 ], [ 745736.801025035558268, 2573849.874833398032933 ] ] } },
{ "type": "Feature", "properties": { "osmid": "238505256", "name": "nan", "highway": "secondary", "oneway": "False" }, "geometry": { "type": "LineString", "coordinates": [ [ 745775.269093384267762, 2573844.030119111295789 ], [ 745816.167259483481757, 2573838.580324375070632 ] ] } },
{ "type": "Feature", "properties": { "osmid": "365240960", "name": "nan", "highway": "residential", "oneway": "False" }, "geometry": { "type": "LineString", "coordinates": [ [ 745775.269093384267762, 2573844.030119111295789 ], [ 745776.713787990272976, 2573814.292863132432103 ] ] } },
{ "type": "Feature", "properties": { "osmid": "28691630", "name": "nan", "highway": "residential", "oneway": "False" }, "geometry": { "type": "LineString", "coordinates": [ [ 745863.951839038636535, 2573927.88006736850366 ], [ 745924.364567307056859, 2573927.895157200749964 ] ] } },
{ "type": "Feature", "properties": { "osmid": "28691630", "name": "nan", "highway": "residential", "oneway": "False" }, "geometry": { "type": "LineString", "coordinates": [ [ 745863.951839038636535, 2573927.88006736850366 ], [ 745817.821192688075826, 2573929.076890178956091 ] ] } },
{ "type": "Feature", "properties": { "osmid": "365240697", "name": "nan", "highway": "residential", "oneway": "False" }, "geometry": { "type": "LineString", "coordinates": [ [ 745863.951839038636535, 2573927.88006736850366 ], [ 745865.605216846917756, 2574015.916884089354426 ] ] } },
{ "type": "Feature", "properties": { "osmid": "365240697", "name": "nan", "highway": "residential", "oneway": "False" }, "geometry": { "type": "LineString", "coordinates": [ [ 745863.951839038636535, 2573927.88006736850366 ], [ 745863.144307333277538, 2573885.174975418485701 ] ] } },
{ "type": "Feature", "properties": { "osmid": "365241578", "name": "nan", "highway": "residential", "oneway": "False" }, "geometry": { "type": "LineString", "coordinates": [ [ 746103.095156403374858, 2573938.404278895817697 ], [ 746068.253636968554929, 2573943.488349036779255 ] ] } },
{ "type": "Feature", "properties": { "osmid": "966373008", "name": "nan", "highway": "residential", "oneway": "False" }, "geometry": { "type": "LineString", "coordinates": [ [ 746103.095156403374858, 2573938.404278895817697 ], [ 746099.093853675061837, 2574027.798974981997162 ] ] } },
{ "type": "Feature", "properties": { "osmid": "365241578", "name": "nan", "highway": "residential", "oneway": "False" }, "geometry": { "type": "LineString", "coordinates": [ [ 746103.095156403374858, 2573938.404278895817697 ], [ 746105.025418001809157, 2573902.270714712329209 ], [ 746107.487232217332348, 2573888.405971705447882 ], [ 746112.027739075012505, 2573869.578564847819507 ], [ 746108.781046579824761, 2573838.178992948960513 ], [ 746103.679537156131119, 2573817.995001876261085 ], [ 746094.03066877531819, 2573789.890855165198445 ] ] } },
{ "type": "Feature", "properties": { "osmid": "365241343", "name": "nan", "highway": "residential", "oneway": "False" }, "geometry": { "type": "LineString", "coordinates": [ [ 746170.159839202882722, 2573889.833465652540326 ], [ 746191.525147600565106, 2573921.976904914714396 ] ] } },
{ "type": "Feature", "properties": { "osmid": "365240697", "name": "nan", "highway": "residential", "oneway": "False" }, "geometry": { "type": "LineString", "coordinates": [ [ 745863.144307333277538, 2573885.174975418485701 ], [ 745863.951839038636535, 2573927.88006736850366 ] ] } },
{ "type": "Feature", "properties": { "osmid": "28692212", "name": "nan", "highway": "residential", "oneway": "False" }, "geometry": { "type": "LineString", "coordinates": [ [ 746190.80917539622169, 2573930.574300122447312 ], [ 746191.525147600565106, 2573921.976904914714396 ] ] } },
{ "type": "Feature", "properties": { "osmid": "28692212", "name": "nan", "highway": "residential", "oneway": "False" }, "geometry": { "type": "LineString", "coordinates": [ [ 746190.80917539622169, 2573930.574300122447312 ], [ 746180.208334046299569, 2574040.069712866097689 ], [ 746171.998582242173143, 2574056.675594631116837 ], [ 746147.784320206730627, 2574086.422915722709149 ] ] } },
{ "type": "Feature", "properties": { "osmid": "28691634", "name": "nan", "highway": "residential", "oneway": "False" }, "geometry": { "type": "LineString", "coordinates": [ [ 745817.446109061827883, 2573959.131038632243872 ], [ 745816.637567097437568, 2574014.728762523271143 ] ] } },
{ "type": "Feature", "properties": { "osmid": "28691634", "name": "nan", "highway": "residential", "oneway": "False" }, "geometry": { "type": "LineString", "coordinates": [ [ 745817.446109061827883, 2573959.131038632243872 ], [ 745817.821192688075826, 2573929.076890178956091 ] ] } },
{ "type": "Feature", "properties": { "osmid": "365241041", "name": "nan", "highway": "residential", "oneway": "False" }, "geometry": { "type": "LineString", "coordinates": [ [ 745817.446109061827883, 2573959.131038632243872 ], [ 745737.110284795286134, 2573960.392992925830185 ] ] } },
{ "type": "Feature", "properties": { "osmid": "365241041", "name": "nan", "highway": "residential", "oneway": "False" }, "geometry": { "type": "LineString", "coordinates": [ [ 745737.110284795286134, 2573960.392992925830185 ], [ 745817.446109061827883, 2573959.131038632243872 ] ] } },
{ "type": "Feature", "properties": { "osmid": "421001885", "name": "nan", "highway": "residential", "oneway": "False" }, "geometry": { "type": "LineString", "coordinates": [ [ 745737.110284795286134, 2573960.392992925830185 ], [ 745735.464265207760036, 2574012.79682555468753 ] ] } },
{ "type": "Feature", "properties": { "osmid": "421001885", "name": "nan", "highway": "residential", "oneway": "False" }, "geometry": { "type": "LineString", "coordinates": [ [ 745737.110284795286134, 2573960.392992925830185 ], [ 745737.829536143690348, 2573927.47481086011976 ] ] } },
{ "type": "Feature", "properties": { "osmid": "28692217", "name": "nan", "highway": "tertiary", "oneway": "False" }, "geometry": { "type": "LineString", "coordinates": [ [ 746057.332216982846148, 2573973.600320930592716 ], [ 746057.491254064720124, 2573930.058015471789986 ] ] } },
{ "type": "Feature", "properties": { "osmid": "365240822", "name": "nan", "highway": "tertiary_link", "oneway": "False" }, "geometry": { "type": "LineString", "coordinates": [ [ 746057.332216982846148, 2573973.600320930592716 ], [ 746071.126660978421569, 2573972.111677318811417 ] ] } },
{ "type": "Feature", "properties": { "osmid": "28692217", "name": "nan", "highway": "tertiary", "oneway": "False" }, "geometry": { "type": "LineString", "coordinates": [ [ 746057.332216982846148, 2573973.600320930592716 ], [ 746059.149884323822334, 2574024.49938379554078 ], [ 746052.892325929016806, 2574148.714771965518594 ] ] } },
{ "type": "Feature", "properties": { "osmid": "28691618", "name": "nan", "highway": "tertiary", "oneway": "False" }, "geometry": { "type": "LineString", "coordinates": [ [ 746071.126660978421569, 2573972.111677318811417 ], [ 746068.253636968554929, 2573943.488349036779255 ] ] } },
{ "type": "Feature", "properties": { "osmid": "365240822", "name": "nan", "highway": "tertiary_link", "oneway": "False" }, "geometry": { "type": "LineString", "coordinates": [ [ 746071.126660978421569, 2573972.111677318811417 ], [ 746057.332216982846148, 2573973.600320930592716 ] ] } },
{ "type": "Feature", "properties": { "osmid": "28691618", "name": "nan", "highway": "tertiary", "oneway": "False" }, "geometry": { "type": "LineString", "coordinates": [ [ 746071.126660978421569, 2573972.111677318811417 ], [ 746076.490115069551393, 2574025.263424554374069 ], [ 746112.701379342470318, 2574129.529898746870458 ] ] } },
{ "type": "Feature", "properties": { "osmid": "28691634", "name": "nan", "highway": "residential", "oneway": "False" }, "geometry": { "type": "LineString", "coordinates": [ [ 745815.846765176393092, 2574069.872498713899404 ], [ 745815.125364136416465, 2574120.208615439478308 ] ] } },
{ "type": "Feature", "properties": { "osmid": "28691634", "name": "nan", "highway": "residential", "oneway": "False" }, "geometry": { "type": "LineString", "coordinates": [ [ 745815.846765176393092, 2574069.872498713899404 ], [ 745816.637567097437568, 2574014.728762523271143 ] ] } },
{ "type": "Feature", "properties": { "osmid": "365240682", "name": "nan", "highway": "residential", "oneway": "False" }, "geometry": { "type": "LineString", "coordinates": [ [ 745815.846765176393092, 2574069.872498713899404 ], [ 745866.626807452645153, 2574069.794297728687525 ] ] } },
{ "type": "Feature", "properties": { "osmid": "365240218", "name": "nan", "highway": "residential", "oneway": "False" }, "geometry": { "type": "LineString", "coordinates": [ [ 746189.849448435474187, 2574140.183730656746775 ], [ 746160.355289132567123, 2574161.134409171994776 ], [ 746135.597281495924108, 2574173.06691392371431 ] ] } },
{ "type": "Feature", "properties": { "osmid": "28691643", "name": "nan", "highway": "residential", "oneway": "False" }, "geometry": { "type": "LineString", "coordinates": [ [ 746030.613794116768986, 2574147.569683071225882 ], [ 746052.892325929016806, 2574148.714771965518594 ] ] } },
{ "type": "Feature", "properties": { "osmid": "28691643", "name": "nan", "highway": "residential", "oneway": "False" }, "geometry": { "type": "LineString", "coordinates": [ [ 746030.613794116768986, 2574147.569683071225882 ], [ 745975.675072307232767, 2574123.711735094897449 ] ] } },
{ "type": "Feature", "properties": { "osmid": "365240824", "name": "nan", "highway": "residential", "oneway": "False" }, "geometry": { "type": "LineString", "coordinates": [ [ 746030.613794116768986, 2574147.569683071225882 ], [ 746029.019081184640527, 2574204.838635812979192 ] ] } },
{ "type": "Feature", "properties": { "osmid": "365241978", "name": "nan", "highway": "residential", "oneway": "False" }, "geometry": { "type": "LineString", "coordinates": [ [ 746135.597281495924108, 2574173.06691392371431 ], [ 746141.841877505648881, 2574205.790475874207914 ] ] } },
{ "type": "Feature", "properties": { "osmid": "365241978", "name": "nan", "highway": "residential", "oneway": "False" }, "geometry": { "type": "LineString", "coordinates": [ [ 746135.597281495924108, 2574173.06691392371431 ], [ 746121.929094116901979, 2574146.591284486930817 ] ] } },
{ "type": "Feature", "properties": { "osmid": "365240218", "name": "nan", "highway": "residential", "oneway": "False" }, "geometry": { "type": "LineString", "coordinates": [ [ 746135.597281495924108, 2574173.06691392371431 ], [ 746160.355289132567123, 2574161.134409171994776 ], [ 746189.849448435474187, 2574140.183730656746775 ] ] } },
{ "type": "Feature", "properties": { "osmid": "365240697", "name": "nan", "highway": "residential", "oneway": "False" }, "geometry": { "type": "LineString", "coordinates": [ [ 745868.676594893797301, 2574178.380257578101009 ], [ 745867.628309514839202, 2574123.028735707048327 ] ] } },
{ "type": "Feature", "properties": { "osmid": "365241978", "name": "nan", "highway": "residential", "oneway": "False" }, "geometry": { "type": "LineString", "coordinates": [ [ 746141.841877505648881, 2574205.790475874207914 ], [ 746142.731291379313916, 2574220.674792218953371 ] ] } },
{ "type": "Feature", "properties": { "osmid": "365241978", "name": "nan", "highway": "residential", "oneway": "False" }, "geometry": { "type": "LineString", "coordinates": [ [ 746141.841877505648881, 2574205.790475874207914 ], [ 746135.597281495924108, 2574173.06691392371431 ] ] } },
{ "type": "Feature", "properties": { "osmid": "28691623", "name": "nan", "highway": "residential", "oneway": "False" }, "geometry": { "type": "LineString", "coordinates": [ [ 745977.424066680250689, 2574203.462303049862385 ], [ 746029.019081184640527, 2574204.838635812979192 ] ] } },
{ "type": "Feature", "properties": { "osmid": "365240615", "name": "nan", "highway": "residential", "oneway": "False" }, "geometry": { "type": "LineString", "coordinates": [ [ 745977.424066680250689, 2574203.462303049862385 ], [ 745973.919680271297693, 2574285.153439273126423 ] ] } },
{ "type": "Feature", "properties": { "osmid": "1069960949", "name": "nan", "highway": "residential", "oneway": "False" }, "geometry": { "type": "LineString", "coordinates": [ [ 745977.424066680250689, 2574203.462303049862385 ], [ 745975.675072307232767, 2574123.711735094897449 ] ] } },
{ "type": "Feature", "properties": { "osmid": "28691623", "name": "nan", "highway": "residential", "oneway": "False" }, "geometry": { "type": "LineString", "coordinates": [ [ 745977.424066680250689, 2574203.462303049862385 ], [ 745926.494224083377048, 2574203.338151606265455 ], [ 745921.79078002483584, 2574203.603666610084474 ] ] } },
{ "type": "Feature", "properties": { "osmid": "28691623", "name": "nan", "highway": "residential", "oneway": "False" }, "geometry": { "type": "LineString", "coordinates": [ [ 746029.019081184640527, 2574204.838635812979192 ], [ 745977.424066680250689, 2574203.462303049862385 ] ] } },
{ "type": "Feature", "properties": { "osmid": "365240824", "name": "nan", "highway": "residential", "oneway": "False" }, "geometry": { "type": "LineString", "coordinates": [ [ 746029.019081184640527, 2574204.838635812979192 ], [ 746030.613794116768986, 2574147.569683071225882 ] ] } },
{ "type": "Feature", "properties": { "osmid": "28691623", "name": "nan", "highway": "residential", "oneway": "False" }, "geometry": { "type": "LineString", "coordinates": [ [ 746029.019081184640527, 2574204.838635812979192 ], [ 746087.110900001134723, 2574205.225981906522065 ], [ 746103.968049301067367, 2574206.092865615151823 ] ] } },
{ "type": "Feature", "properties": { "osmid": "365242315", "name": "nan", "highway": "living_street", "oneway": "False" }, "geometry": { "type": "LineString", "coordinates": [ [ 746177.929003426921554, 2574278.609695827588439 ], [ 746195.085323245846666, 2574275.01635501626879 ], [ 746208.977748872595839, 2574265.141816027462482 ], [ 746215.540582009823993, 2574246.602837583981454 ] ] } },
{ "type": "Feature", "properties": { "osmid": "365242315", "name": "nan", "highway": "living_street", "oneway": "False" }, "geometry": { "type": "LineString", "coordinates": [ [ 746177.929003426921554, 2574278.609695827588439 ], [ 746168.921710124937817, 2574276.654161013662815 ], [ 746157.293480553198606, 2574264.217640061397105 ], [ 746147.408675492973998, 2574249.128661779686809 ] ] } },
{ "type": "Feature", "properties": { "osmid": "28692222", "name": "nan", "highway": "tertiary", "oneway": "False" }, "geometry": { "type": "LineString", "coordinates": [ [ 746142.731291379313916, 2574220.674792218953371 ], [ 746101.010208514751866, 2574220.237463986966759 ] ] } },
{ "type": "Feature", "properties": { "osmid": "365241978", "name": "nan", "highway": "residential", "oneway": "False" }, "geometry": { "type": "LineString", "coordinates": [ [ 746142.731291379313916, 2574220.674792218953371 ], [ 746141.841877505648881, 2574205.790475874207914 ] ] } },
{ "type": "Feature", "properties": { "osmid": "365242315", "name": "nan", "highway": "living_street", "oneway": "False" }, "geometry": { "type": "LineString", "coordinates": [ [ 746142.731291379313916, 2574220.674792218953371 ], [ 746147.408675492973998, 2574249.128661779686809 ] ] } },
{ "type": "Feature", "properties": { "osmid": "365242315", "name": "nan", "highway": "living_street", "oneway": "False" }, "geometry": { "type": "LineString", "coordinates": [ [ 746147.408675492973998, 2574249.128661779686809 ], [ 746142.731291379313916, 2574220.674792218953371 ] ] } },
{ "type": "Feature", "properties": { "osmid": "365242100", "name": "nan", "highway": "living_street", "oneway": "False" }, "geometry": { "type": "LineString", "coordinates": [ [ 746147.408675492973998, 2574249.128661779686809 ], [ 746126.067195266135968, 2574261.239737593568861 ], [ 746112.766280211741105, 2574268.786250722128898 ] ] } },
{ "type": "Feature", "properties": { "osmid": "365242315", "name": "nan", "highway": "living_street", "oneway": "False" }, "geometry": { "type": "LineString", "coordinates": [ [ 746147.408675492973998, 2574249.128661779686809 ], [ 746157.293480553198606, 2574264.217640061397105 ], [ 746168.921710124937817, 2574276.654161013662815 ], [ 746177.929003426921554, 2574278.609695827588439 ] ] } },
{ "type": "Feature", "properties": { "osmid": "365242315", "name": "nan", "highway": "living_street", "oneway": "False" }, "geometry": { "type": "LineString", "coordinates": [ [ 746215.540582009823993, 2574246.602837583981454 ], [ 746208.977748872595839, 2574265.141816027462482 ], [ 746195.085323245846666, 2574275.01635501626879 ], [ 746177.929003426921554, 2574278.609695827588439 ] ] } },
{ "type": "Feature", "properties": { "osmid": "365242628", "name": "nan", "highway": "residential", "oneway": "False" }, "geometry": { "type": "LineString", "coordinates": [ [ 746180.387672369135544, 2574345.751903322059661 ], [ 746184.286038864171132, 2574345.262590685859323 ], [ 746189.2487552218372, 2574347.261817215476185 ], [ 746193.328169741434976, 2574353.135520331095904 ], [ 746217.134976600995287, 2574406.515952601563185 ], [ 746226.050310404389165, 2574464.579921602737159 ] ] } },
{ "type": "Feature", "properties": { "osmid": "365240871", "name": "nan", "highway": "residential", "oneway": "False" }, "geometry": { "type": "LineString", "coordinates": [ [ 746176.347421280574054, 2574388.720170707907528 ], [ 746101.820234904880635, 2574393.566555844154209 ] ] } },
{ "type": "Feature", "properties": { "osmid": "328226553", "name": "nan", "highway": "tertiary", "oneway": "False" }, "geometry": { "type": "LineString", "coordinates": [ [ 746101.820234904880635, 2574393.566555844154209 ], [ 746101.412508364301175, 2574489.103912287391722 ] ] } },
{ "type": "Feature", "properties": { "osmid": "365240871", "name": "nan", "highway": "residential", "oneway": "False" }, "geometry": { "type": "LineString", "coordinates": [ [ 746101.820234904880635, 2574393.566555844154209 ], [ 746176.347421280574054, 2574388.720170707907528 ] ] } },
{ "type": "Feature", "properties": { "osmid": "328226553", "name": "nan", "highway": "tertiary", "oneway": "False" }, "geometry": { "type": "LineString", "coordinates": [ [ 746101.820234904880635, 2574393.566555844154209 ], [ 746097.335687316954136, 2574354.722721053753048 ], [ 746111.638073419919237, 2574276.933601925615221 ], [ 746112.766280211741105, 2574268.786250722128898 ] ] } },
{ "type": "Feature", "properties": { "osmid": "238505281", "name": "nan", "highway": "residential", "oneway": "False" }, "geometry": { "type": "LineString", "coordinates": [ [ 746038.052335218526423, 2574487.930956990923733 ], [ 746044.074723268509842, 2574487.144438383635134 ] ] } },
{ "type": "Feature", "properties": { "osmid": "238505281", "name": "nan", "highway": "residential", "oneway": "False" }, "geometry": { "type": "LineString", "coordinates": [ [ 746038.052335218526423, 2574487.930956990923733 ], [ 746031.860963238868862, 2574492.116279259789735 ] ] } },
{ "type": "Feature", "properties": { "osmid": "28691791", "name": "nan", "highway": "residential", "oneway": "False" }, "geometry": { "type": "LineString", "coordinates": [ [ 746038.052335218526423, 2574487.930956990923733 ], [ 746027.428436232963577, 2574477.904497700277716 ], [ 746028.469668018398806, 2574452.160434931516647 ] ] } },
{ "type": "Feature", "properties": { "osmid": "28691903", "name": "nan", "highway": "residential", "oneway": "False" }, "geometry": { "type": "LineString", "coordinates": [ [ 745684.859294438967481, 2574536.380497142672539 ], [ 745683.977726978831924, 2574558.082924526184797 ] ] } },
{ "type": "Feature", "properties": { "osmid": [ 28691824, 28691903 ], "name": "nan", "highway": "residential", "oneway": "False" }, "geometry": { "type": "LineString", "coordinates": [ [ 745684.859294438967481, 2574536.380497142672539 ], [ 745687.080394966294989, 2574510.445492367725819 ], [ 745684.896499823662452, 2574506.320757171604782 ], [ 745681.059954645927064, 2574504.318192360457033 ], [ 745515.7595755381044, 2574504.827745999209583 ] ] } },
{ "type": "Feature", "properties": { "osmid": "365242009", "name": "nan", "highway": "residential", "oneway": "False" }, "geometry": { "type": "LineString", "coordinates": [ [ 745684.859294438967481, 2574536.380497142672539 ], [ 745765.446834373637103, 2574536.419136872980744 ], [ 745770.468623966444284, 2574534.851403946056962 ], [ 745770.845283166388981, 2574511.50074469530955 ] ] } },
{ "type": "Feature", "properties": { "osmid": "28691634", "name": "nan", "highway": "residential", "oneway": "False" }, "geometry": { "type": "LineString", "coordinates": [ [ 745809.452691111713648, 2574511.974275580141693 ], [ 745809.637262555886991, 2574499.600833194795996 ] ] } },
{ "type": "Feature", "properties": { "osmid": "28691825", "name": "nan", "highway": "residential", "oneway": "False" }, "geometry": { "type": "LineString", "coordinates": [ [ 745809.452691111713648, 2574511.974275580141693 ], [ 745922.053739805473015, 2574514.416839648038149 ] ] } },
{ "type": "Feature", "properties": { "osmid": "28691825", "name": "nan", "highway": "residential", "oneway": "False" }, "geometry": { "type": "LineString", "coordinates": [ [ 745809.452691111713648, 2574511.974275580141693 ], [ 745770.845283166388981, 2574511.50074469530955 ] ] } },
{ "type": "Feature", "properties": { "osmid": "365241206", "name": "nan", "highway": "residential", "oneway": "False" }, "geometry": { "type": "LineString", "coordinates": [ [ 745859.171075251768343, 2574499.269428676459938 ], [ 745860.135422447347082, 2574471.352404889650643 ] ] } },
{ "type": "Feature", "properties": { "osmid": "967840297", "name": "nan", "highway": "residential", "oneway": "False" }, "geometry": { "type": "LineString", "coordinates": [ [ 745859.171075251768343, 2574499.269428676459938 ], [ 745809.637262555886991, 2574499.600833194795996 ] ] } },
{ "type": "Feature", "properties": { "osmid": "967840297", "name": "nan", "highway": "residential", "oneway": "False" }, "geometry": { "type": "LineString", "coordinates": [ [ 745859.171075251768343, 2574499.269428676459938 ], [ 745922.072165825869888, 2574503.425650997087359 ] ] } },
{ "type": "Feature", "properties": { "osmid": "238505292", "name": "nan", "highway": "secondary", "oneway": "True" }, "geometry": { "type": "LineString", "coordinates": [ [ 746038.805908757960424, 2573774.55977426841855 ], [ 746005.745354711194523, 2573687.02150457771495 ] ] } },
{ "type": "Feature", "properties": { "osmid": "365240068", "name": "nan", "highway": "secondary", "oneway": "True" }, "geometry": { "type": "LineString", "coordinates": [ [ 746038.805908757960424, 2573774.55977426841855 ], [ 746036.333749971818179, 2573774.851186024025083 ], [ 746034.074456461705267, 2573775.888496736064553 ], [ 746032.525739589706063, 2573777.292154265101999 ] ] } },
{ "type": "Feature", "properties": { "osmid": "365240251", "name": "nan", "highway": "residential", "oneway": "False" }, "geometry": { "type": "LineString", "coordinates": [ [ 746080.879453600151464, 2573684.677363502327353 ], [ 746084.080950893927366, 2573765.726259130053222 ] ] } },
{ "type": "Feature", "properties": { "osmid": "419836082", "name": "nan", "highway": "residential", "oneway": "False" }, "geometry": { "type": "LineString", "coordinates": [ [ 746080.879453600151464, 2573684.677363502327353 ], [ 746052.577152827288955, 2573688.662243710830808 ], [ 746048.725595270865597, 2573686.936357779894024 ], [ 746046.586861202027649, 2573681.936994288116693 ] ] } },
{ "type": "Feature", "properties": { "osmid": "365240519", "name": "nan", "highway": "residential", "oneway": "False" }, "geometry": { "type": "LineString", "coordinates": [ [ 745917.610551692079753, 2574391.542050200514495 ], [ 745917.610539514571428, 2574394.012919710483402 ] ] } },
{ "type": "Feature", "properties": { "osmid": "365240519", "name": "nan", "highway": "residential", "oneway": "False" }, "geometry": { "type": "LineString", "coordinates": [ [ 745917.610551692079753, 2574391.542050200514495 ], [ 745919.211172579438426, 2574338.21774500887841 ] ] } },
{ "type": "Feature", "properties": { "osmid": "419836081", "name": "nan", "highway": "residential", "oneway": "False" }, "geometry": { "type": "LineString", "coordinates": [ [ 745917.610551692079753, 2574391.542050200514495 ], [ 745931.178490617545322, 2574392.575834520161152 ], [ 745940.731200909009203, 2574393.122015262488276 ], [ 745975.030681155622005, 2574394.111768271774054 ] ] } },
{ "type": "Feature", "properties": { "osmid": "28691824", "name": "nan", "highway": "residential", "oneway": "False" }, "geometry": { "type": "LineString", "coordinates": [ [ 745419.305847913492471, 2574502.832705402746797 ], [ 745515.7595755381044, 2574504.827745999209583 ] ] } },
{ "type": "Feature", "properties": { "osmid": "1196732251", "name": "nan", "highway": "tertiary", "oneway": "True" }, "geometry": { "type": "LineString", "coordinates": [ [ 745419.305847913492471, 2574502.832705402746797 ], [ 745401.717279963893816, 2574232.453389236237854 ] ] } },
{ "type": "Feature", "properties": { "osmid": "364862815", "name": "nan", "highway": "residential", "oneway": "False" }, "geometry": { "type": "LineString", "coordinates": [ [ 745272.483458449947648, 2574452.615832735318691 ], [ 745270.625093351933174, 2574469.659512604121119 ] ] } },
{ "type": "Feature", "properties": { "osmid": "365240251", "name": "nan", "highway": "residential", "oneway": "False" }, "geometry": { "type": "LineString", "coordinates": [ [ 746086.154326792457141, 2573788.86273317085579 ], [ 746084.080950893927366, 2573765.726259130053222 ] ] } },
{ "type": "Feature", "properties": { "osmid": "365509244", "name": "nan", "highway": "secondary", "oneway": "False" }, "geometry": { "type": "LineString", "coordinates": [ [ 746086.154326792457141, 2573788.86273317085579 ], [ 746094.03066877531819, 2573789.890855165198445 ] ] } },
{ "type": "Feature", "properties": { "osmid": "365509244", "name": "nan", "highway": "secondary", "oneway": "False" }, "geometry": { "type": "LineString", "coordinates": [ [ 746086.154326792457141, 2573788.86273317085579 ], [ 746065.634547790046781, 2573785.962916532065719 ], [ 746046.161310479510576, 2573782.925361101515591 ] ] } },
{ "type": "Feature", "properties": { "osmid": "28691777", "name": "nan", "highway": "residential", "oneway": "False" }, "geometry": { "type": "LineString", "coordinates": [ [ 745654.789481177693233, 2574281.239325148053467 ], [ 745732.390104096150026, 2574283.067476453259587 ] ] } },
{ "type": "Feature", "properties": { "osmid": "421001883", "name": "nan", "highway": "residential", "oneway": "False" }, "geometry": { "type": "LineString", "coordinates": [ [ 745654.789481177693233, 2574281.239325148053467 ], [ 745653.230040953145362, 2574331.517205830197781 ] ] } },
{ "type": "Feature", "properties": { "osmid": "28691777", "name": "nan", "highway": "residential", "oneway": "False" }, "geometry": { "type": "LineString", "coordinates": [ [ 745654.789481177693233, 2574281.239325148053467 ], [ 745575.545030954293907, 2574281.002063802909106 ], [ 745545.936396964592859, 2574285.442594662308693 ], [ 745540.404323944821954, 2574286.292836729902774 ] ] } },
{ "type": "Feature", "properties": { "osmid": "28691800", "name": "nan", "highway": "residential", "oneway": "False" }, "geometry": { "type": "LineString", "coordinates": [ [ 745505.600721721653827, 2574376.994677432347089 ], [ 745524.977616929914802, 2574376.528691945597529 ] ] } },
{ "type": "Feature", "properties": { "osmid": "364862815", "name": "nan", "highway": "residential", "oneway": "False" }, "geometry": { "type": "LineString", "coordinates": [ [ 745270.625093351933174, 2574469.659512604121119 ], [ 745272.483458449947648, 2574452.615832735318691 ] ] } },
{ "type": "Feature", "properties": { "osmid": "364862815", "name": "nan", "highway": "residential", "oneway": "False" }, "geometry": { "type": "LineString", "coordinates": [ [ 745270.625093351933174, 2574469.659512604121119 ], [ 745268.476960637955926, 2574489.368701357394457 ], [ 745264.162097061052918, 2574492.144937361124903 ], [ 745263.643955612904392, 2574508.003048715181649 ] ] } },
{ "type": "Feature", "properties": { "osmid": "28691791", "name": "nan", "highway": "residential", "oneway": "False" }, "geometry": { "type": "LineString", "coordinates": [ [ 746028.469668018398806, 2574452.160434931516647 ], [ 746030.803805494797416, 2574394.139201187994331 ] ] } },
{ "type": "Feature", "properties": { "osmid": "966373000", "name": "nan", "highway": "residential", "oneway": "False" }, "geometry": { "type": "LineString", "coordinates": [ [ 746028.469668018398806, 2574452.160434931516647 ], [ 745973.297422437579371, 2574448.630547481589019 ] ] } },
{ "type": "Feature", "properties": { "osmid": "28691791", "name": "nan", "highway": "residential", "oneway": "False" }, "geometry": { "type": "LineString", "coordinates": [ [ 746028.469668018398806, 2574452.160434931516647 ], [ 746027.428436232963577, 2574477.904497700277716 ], [ 746038.052335218526423, 2574487.930956990923733 ] ] } },
{ "type": "Feature", "properties": { "osmid": "419836081", "name": "nan", "highway": "residential", "oneway": "False" }, "geometry": { "type": "LineString", "coordinates": [ [ 745975.030681155622005, 2574394.111768271774054 ], [ 746030.803805494797416, 2574394.139201187994331 ] ] } },
{ "type": "Feature", "properties": { "osmid": "419836081", "name": "nan", "highway": "residential", "oneway": "False" }, "geometry": { "type": "LineString", "coordinates": [ [ 745975.030681155622005, 2574394.111768271774054 ], [ 745940.731200909009203, 2574393.122015262488276 ], [ 745931.178490617545322, 2574392.575834520161152 ], [ 745917.610551692079753, 2574391.542050200514495 ] ] } },
{ "type": "Feature", "properties": { "osmid": "966373001", "name": "nan", "highway": "residential", "oneway": "False" }, "geometry": { "type": "LineString", "coordinates": [ [ 745975.030681155622005, 2574394.111768271774054 ], [ 745975.645015518995933, 2574391.019516466185451 ], [ 745977.749108213, 2574340.684100628364831 ] ] } },
{ "type": "Feature", "properties": { "osmid": "966373001", "name": "nan", "highway": "residential", "oneway": "False" }, "geometry": { "type": "LineString", "coordinates": [ [ 745975.030681155622005, 2574394.111768271774054 ], [ 745974.217834656359628, 2574419.671248173806816 ], [ 745974.141334517975338, 2574434.162800428457558 ], [ 745973.297422437579371, 2574448.630547481589019 ] ] } },
{ "type": "Feature", "properties": { "osmid": "28691785", "name": "nan", "highway": "residential", "oneway": "False" }, "geometry": { "type": "LineString", "coordinates": [ [ 745977.749108213, 2574340.684100628364831 ], [ 746030.268913002335466, 2574340.591084364335984 ] ] } },
{ "type": "Feature", "properties": { "osmid": "28691785", "name": "nan", "highway": "residential", "oneway": "False" }, "geometry": { "type": "LineString", "coordinates": [ [ 745977.749108213, 2574340.684100628364831 ], [ 745926.498201444745064, 2574338.959036083426327 ], [ 745919.211172579438426, 2574338.21774500887841 ] ] } },
{ "type": "Feature", "properties": { "osmid": "966373001", "name": "nan", "highway": "residential", "oneway": "False" }, "geometry": { "type": "LineString", "coordinates": [ [ 745977.749108213, 2574340.684100628364831 ], [ 745975.645015518995933, 2574391.019516466185451 ], [ 745975.030681155622005, 2574394.111768271774054 ] ] } },
{ "type": "Feature", "properties": { "osmid": "28692132", "name": "nan", "highway": "residential", "oneway": "False" }, "geometry": { "type": "LineString", "coordinates": [ [ 745753.502603495493531, 2573735.295013291295618 ], [ 745766.357046723132953, 2573733.701857933308929 ] ] } },
{ "type": "Feature", "properties": { "osmid": "28692132", "name": "nan", "highway": "residential", "oneway": "False" }, "geometry": { "type": "LineString", "coordinates": [ [ 745753.502603495493531, 2573735.295013291295618 ], [ 745699.538137071649544, 2573739.043908179271966 ], [ 745690.137499038130045, 2573728.051906623877585 ] ] } },
{ "type": "Feature", "properties": { "osmid": "966373003", "name": "nan", "highway": "residential", "oneway": "False" }, "geometry": { "type": "LineString", "coordinates": [ [ 745753.502603495493531, 2573735.295013291295618 ], [ 745756.180758930277079, 2573781.288591982796788 ], [ 745758.899898849311285, 2573791.427610583137721 ], [ 745759.916849377565086, 2573796.78506842488423 ], [ 745764.693886730354279, 2573813.717043049167842 ], [ 745766.262843751814216, 2573815.416127590462565 ], [ 745767.941712815896608, 2573816.042261904571205 ], [ 745770.028003721963614, 2573816.176539791282266 ], [ 745776.713787990272976, 2573814.292863132432103 ] ] } },
{ "type": "Feature", "properties": { "osmid": "417583217", "name": "nan", "highway": "residential", "oneway": "False" }, "geometry": { "type": "LineString", "coordinates": [ [ 745819.680227277451195, 2573806.362142418511212 ], [ 745814.724274975131266, 2573773.660174097400159 ] ] } },
{ "type": "Feature", "properties": { "osmid": "966373003", "name": "nan", "highway": "residential", "oneway": "False" }, "geometry": { "type": "LineString", "coordinates": [ [ 745819.680227277451195, 2573806.362142418511212 ], [ 745776.713787990272976, 2573814.292863132432103 ] ] } },
{ "type": "Feature", "properties": { "osmid": [ 417583217, 365242082, 417583221 ], "name": "nan", "highway": "residential", "oneway": "False" }, "geometry": { "type": "LineString", "coordinates": [ [ 745819.680227277451195, 2573806.362142418511212 ], [ 745822.708367251907475, 2573805.880464661866426 ], [ 745831.67455656605307, 2573804.156473177485168 ], [ 745843.131842088652775, 2573800.379618339706212 ], [ 745867.141310550738126, 2573794.096129631623626 ] ] } },
{ "type": "Feature", "properties": { "osmid": "365241465", "name": "nan", "highway": "residential", "oneway": "False" }, "geometry": { "type": "LineString", "coordinates": [ [ 746178.342560968594626, 2573810.070294794160873 ], [ 746174.436453069443814, 2573777.695784364361316 ] ] } },
{ "type": "Feature", "properties": { "osmid": "365509244", "name": "nan", "highway": "secondary", "oneway": "False" }, "geometry": { "type": "LineString", "coordinates": [ [ 746178.342560968594626, 2573810.070294794160873 ], [ 746158.977930089458823, 2573802.956894655246288 ] ] } },
{ "type": "Feature", "properties": { "osmid": "365240068", "name": "nan", "highway": "secondary", "oneway": "True" }, "geometry": { "type": "LineString", "coordinates": [ [ 746046.161310479510576, 2573782.925361101515591 ], [ 746045.976916830171831, 2573780.462513510137796 ], [ 746045.02158773096744, 2573778.186324617359787 ], [ 746043.383764792699367, 2573776.319863832555711 ], [ 746041.23395400471054, 2573775.076481240335852 ], [ 746038.805908757960424, 2573774.55977426841855 ] ] } },
{ "type": "Feature", "properties": { "osmid": "365509244", "name": "nan", "highway": "secondary", "oneway": "False" }, "geometry": { "type": "LineString", "coordinates": [ [ 746046.161310479510576, 2573782.925361101515591 ], [ 746065.634547790046781, 2573785.962916532065719 ], [ 746086.154326792457141, 2573788.86273317085579 ] ] } },
{ "type": "Feature", "properties": { "osmid": "966373008", "name": "nan", "highway": "residential", "oneway": "False" }, "geometry": { "type": "LineString", "coordinates": [ [ 746099.093853675061837, 2574027.798974981997162 ], [ 746103.095156403374858, 2573938.404278895817697 ] ] } },
{ "type": "Feature", "properties": { "osmid": "28692212", "name": "nan", "highway": "residential", "oneway": "False" }, "geometry": { "type": "LineString", "coordinates": [ [ 746147.784320206730627, 2574086.422915722709149 ], [ 746112.701379342470318, 2574129.529898746870458 ] ] } },
{ "type": "Feature", "properties": { "osmid": "28692212", "name": "nan", "highway": "residential", "oneway": "False" }, "geometry": { "type": "LineString", "coordinates": [ [ 746147.784320206730627, 2574086.422915722709149 ], [ 746171.998582242173143, 2574056.675594631116837 ], [ 746180.208334046299569, 2574040.069712866097689 ], [ 746190.80917539622169, 2573930.574300122447312 ] ] } },
{ "type": "Feature", "properties": { "osmid": "966373009", "name": "nan", "highway": "residential", "oneway": "False" }, "geometry": { "type": "LineString", "coordinates": [ [ 746147.784320206730627, 2574086.422915722709149 ], [ 746141.424648234969936, 2574018.052621265407652 ], [ 746141.179093953687698, 2574013.106802457012236 ], [ 746141.763719617854804, 2573969.228045561350882 ], [ 746142.151900312281214, 2573953.234756056219339 ], [ 746141.774431157275103, 2573945.749396125786006 ], [ 746141.376267428975552, 2573940.745645402930677 ], [ 746127.084806102444418, 2573843.823233899194747 ], [ 746127.950534556643106, 2573836.070415027905256 ], [ 746132.746641700156033, 2573828.992202042602003 ], [ 746158.977930089458823, 2573802.956894655246288 ] ] } },
{ "type": "Feature", "properties": { "osmid": "28691863", "name": "nan", "highway": "tertiary", "oneway": "False" }, "geometry": { "type": "LineString", "coordinates": [ [ 746089.098672930849716, 2574530.959862214513123 ], [ 746064.971796647296287, 2574541.296267798636109 ] ] } },
{ "type": "Feature", "properties": { "osmid": "966372997", "name": "nan", "highway": "residential", "oneway": "False" }, "geometry": { "type": "LineString", "coordinates": [ [ 746089.098672930849716, 2574530.959862214513123 ], [ 746057.227775199338794, 2574485.412509996909648 ] ] } },
{ "type": "Feature", "properties": { "osmid": "28691863", "name": "nan", "highway": "tertiary", "oneway": "False" }, "geometry": { "type": "LineString", "coordinates": [ [ 746089.098672930849716, 2574530.959862214513123 ], [ 746090.871142554562539, 2574530.25797861116007 ], [ 746095.704943745862693, 2574526.449042630847543 ] ] } },
{ "type": "Feature", "properties": { "osmid": "967820196", "name": "nan", "highway": "residential", "oneway": "False" }, "geometry": { "type": "LineString", "coordinates": [ [ 745829.962447810452431, 2574577.188319201115519 ], [ 745810.209980819257908, 2574583.03259855043143 ], [ 745804.961850755149499, 2574585.904020997695625 ], [ 745798.443088930100203, 2574590.084004174452275 ], [ 745784.205618276144378, 2574597.95872903522104 ], [ 745767.504881927161478, 2574609.30505046993494 ] ] } },
{ "type": "Feature", "properties": { "osmid": "28691872", "name": "nan", "highway": "tertiary", "oneway": "False" }, "geometry": { "type": "LineString", "coordinates": [ [ 745767.504881927161478, 2574609.30505046993494 ], [ 745753.648628126247786, 2574591.70183430146426 ], [ 745739.273276678868569, 2574558.467063593678176 ] ] } },
{ "type": "Feature", "properties": { "osmid": "967820196", "name": "nan", "highway": "residential", "oneway": "False" }, "geometry": { "type": "LineString", "coordinates": [ [ 745767.504881927161478, 2574609.30505046993494 ], [ 745784.205618276144378, 2574597.95872903522104 ], [ 745798.443088930100203, 2574590.084004174452275 ], [ 745804.961850755149499, 2574585.904020997695625 ], [ 745810.209980819257908, 2574583.03259855043143 ], [ 745829.962447810452431, 2574577.188319201115519 ] ] } },
{ "type": "Feature", "properties": { "osmid": "28691844", "name": "nan", "highway": "tertiary", "oneway": "False" }, "geometry": { "type": "LineString", "coordinates": [ [ 745877.549945755628869, 2574563.329145076684654 ], [ 745892.066314615425654, 2574565.807969254907221 ], [ 745971.597508105798624, 2574565.342705314513296 ], [ 746002.263303554151207, 2574558.250284562353045 ], [ 746037.976428940659389, 2574559.163947836495936 ] ] } },
{ "type": "Feature", "properties": { "osmid": "28691844", "name": "nan", "highway": "tertiary", "oneway": "False" }, "geometry": { "type": "LineString", "coordinates": [ [ 745877.549945755628869, 2574563.329145076684654 ], [ 745847.648776799673215, 2574560.118887700606138 ], [ 745811.6110765542835, 2574557.172640295233577 ], [ 745739.273276678868569, 2574558.467063593678176 ] ] } },
{ "type": "Feature", "properties": { "osmid": [ 364864200, 967820200 ], "name": "nan", "highway": "residential", "oneway": "False" }, "geometry": { "type": "LineString", "coordinates": [ [ 745474.357234706403688, 2574617.569513435475528 ], [ 745495.884478539810516, 2574617.670956103596836 ], [ 745501.801635372801684, 2574617.66917210072279 ], [ 745504.421074426965788, 2574625.169437850825489 ], [ 745505.671197869465686, 2574634.375535763800144 ], [ 745505.444027262739837, 2574641.296840622089803 ], [ 745503.19393924344331, 2574644.262305559590459 ], [ 745500.421778971562162, 2574645.989238069858402 ], [ 745479.278533635428175, 2574646.193302476778626 ], [ 745474.34667500841897, 2574645.424713575746864 ], [ 745474.368617521598935, 2574641.624601886142045 ], [ 745474.357234706403688, 2574617.569513435475528 ] ] } },
{ "type": "Feature", "properties": { "osmid": [ 967820200, 364864200 ], "name": "nan", "highway": "residential", "oneway": "False" }, "geometry": { "type": "LineString", "coordinates": [ [ 745474.357234706403688, 2574617.569513435475528 ], [ 745474.368617521598935, 2574641.624601886142045 ], [ 745474.34667500841897, 2574645.424713575746864 ], [ 745479.278533635428175, 2574646.193302476778626 ], [ 745500.421778971562162, 2574645.989238069858402 ], [ 745503.19393924344331, 2574644.262305559590459 ], [ 745505.444027262739837, 2574641.296840622089803 ], [ 745505.671197869465686, 2574634.375535763800144 ], [ 745504.421074426965788, 2574625.169437850825489 ], [ 745501.801635372801684, 2574617.66917210072279 ], [ 745495.884478539810516, 2574617.670956103596836 ], [ 745474.357234706403688, 2574617.569513435475528 ] ] } },
{ "type": "Feature", "properties": { "osmid": "967820200", "name": "nan", "highway": "residential", "oneway": "False" }, "geometry": { "type": "LineString", "coordinates": [ [ 745474.357234706403688, 2574617.569513435475528 ], [ 745473.618598371278495, 2574587.352934118825942 ], [ 745498.766211489681154, 2574582.727687447331846 ], [ 745500.36713670566678, 2574569.502381791826338 ], [ 745488.285679979017004, 2574530.621791426092386 ] ] } },
{ "type": "Feature", "properties": { "osmid": "967820203", "name": "nan", "highway": "residential", "oneway": "False" }, "geometry": { "type": "LineString", "coordinates": [ [ 745361.6189031584654, 2574288.664222256280482 ], [ 745345.170206422451884, 2574287.250925242435187 ], [ 745342.292068802169524, 2574287.336286110337824 ], [ 745340.873176664346829, 2574290.182562198024243 ], [ 745340.245944384951144, 2574294.681783820036799 ], [ 745337.930447469698265, 2574301.601783447433263 ], [ 745334.132992381928489, 2574307.134423970244825 ], [ 745329.48507688450627, 2574314.569855253212154 ] ] } },
{ "type": "Feature", "properties": { "osmid": "1196732253", "name": "Berasia Road", "highway": "tertiary", "oneway": "True" }, "geometry": { "type": "LineString", "coordinates": [ [ 745361.6189031584654, 2574288.664222256280482 ], [ 745384.434326456626877, 2574421.958365388680249 ], [ 745399.501360821421258, 2574509.973033236339688 ] ] } },
{ "type": "Feature", "properties": { "osmid": "966372993", "name": "nan", "highway": "residential", "oneway": "False" }, "geometry": { "type": "LineString", "coordinates": [ [ 745329.48507688450627, 2574314.569855253212154 ], [ 745329.444408737588674, 2574317.028961667325348 ], [ 745326.375419127289206, 2574328.0361328558065 ] ] } },
{ "type": "Feature", "properties": { "osmid": "967820203", "name": "nan", "highway": "residential", "oneway": "False" }, "geometry": { "type": "LineString", "coordinates": [ [ 745329.48507688450627, 2574314.569855253212154 ], [ 745334.132992381928489, 2574307.134423970244825 ], [ 745337.930447469698265, 2574301.601783447433263 ], [ 745340.245944384951144, 2574294.681783820036799 ], [ 745340.873176664346829, 2574290.182562198024243 ], [ 745342.292068802169524, 2574287.336286110337824 ], [ 745345.170206422451884, 2574287.250925242435187 ], [ 745361.6189031584654, 2574288.664222256280482 ] ] } },
{ "type": "Feature", "properties": { "osmid": "966372993", "name": "nan", "highway": "residential", "oneway": "False" }, "geometry": { "type": "LineString", "coordinates": [ [ 745326.375419127289206, 2574328.0361328558065 ], [ 745329.444408737588674, 2574317.028961667325348 ], [ 745329.48507688450627, 2574314.569855253212154 ] ] } },
{ "type": "Feature", "properties": { "osmid": "28691444", "name": "nan", "highway": "secondary", "oneway": "True" }, "geometry": { "type": "LineString", "coordinates": [ [ 745395.838693455094472, 2573829.650394059251994 ], [ 745390.362718018470332, 2573869.19328885152936 ] ] } },
{ "type": "Feature", "properties": { "osmid": "967840286", "name": "nan", "highway": "residential", "oneway": "False" }, "geometry": { "type": "LineString", "coordinates": [ [ 745395.838693455094472, 2573829.650394059251994 ], [ 745369.05052499671001, 2573837.450956199318171 ], [ 745266.508689104462974, 2573891.355387749150395 ], [ 745287.301722061936744, 2573935.310302393976599 ] ] } },
{ "type": "Feature", "properties": { "osmid": "966373000", "name": "nan", "highway": "residential", "oneway": "False" }, "geometry": { "type": "LineString", "coordinates": [ [ 745973.297422437579371, 2574448.630547481589019 ], [ 746028.469668018398806, 2574452.160434931516647 ] ] } },
{ "type": "Feature", "properties": { "osmid": "966373000", "name": "nan", "highway": "residential", "oneway": "False" }, "geometry": { "type": "LineString", "coordinates": [ [ 745973.297422437579371, 2574448.630547481589019 ], [ 745960.449557029292919, 2574450.478414174169302 ], [ 745948.976904477109201, 2574450.886515223421156 ], [ 745934.897289620246738, 2574449.844225441105664 ], [ 745919.960553860990331, 2574446.161747593432665 ] ] } },
{ "type": "Feature", "properties": { "osmid": "966373001", "name": "nan", "highway": "residential", "oneway": "False" }, "geometry": { "type": "LineString", "coordinates": [ [ 745973.297422437579371, 2574448.630547481589019 ], [ 745974.141334517975338, 2574434.162800428457558 ], [ 745974.217834656359628, 2574419.671248173806816 ], [ 745975.030681155622005, 2574394.111768271774054 ] ] } },
{ "type": "Feature", "properties": { "osmid": "28692194", "name": "nan", "highway": "residential", "oneway": "False" }, "geometry": { "type": "LineString", "coordinates": [ [ 746149.615285790874623, 2573734.76949433144182 ], [ 746142.773928011651151, 2573738.002208692952991 ] ] } },
{ "type": "Feature", "properties": { "osmid": "365241465", "name": "nan", "highway": "residential", "oneway": "False" }, "geometry": { "type": "LineString", "coordinates": [ [ 746149.615285790874623, 2573734.76949433144182 ], [ 746164.89661160367541, 2573759.68740159785375 ], [ 746174.436453069443814, 2573777.695784364361316 ] ] } },
{ "type": "Feature", "properties": { "osmid": "419836081", "name": "nan", "highway": "residential", "oneway": "False" }, "geometry": { "type": "LineString", "coordinates": [ [ 746049.482921383925714, 2574394.393616006243974 ], [ 746030.803805494797416, 2574394.139201187994331 ] ] } },
{ "type": "Feature", "properties": { "osmid": "967840298", "name": "nan", "highway": "residential", "oneway": "True" }, "geometry": { "type": "LineString", "coordinates": [ [ 746049.482921383925714, 2574394.393616006243974 ], [ 746044.074723268509842, 2574487.144438383635134 ] ] } },
{ "type": "Feature", "properties": { "osmid": "28691785", "name": "nan", "highway": "residential", "oneway": "False" }, "geometry": { "type": "LineString", "coordinates": [ [ 746049.479066987521946, 2574340.311372333206236 ], [ 746030.268913002335466, 2574340.591084364335984 ] ] } },
{ "type": "Feature", "properties": { "osmid": "967840298", "name": "nan", "highway": "residential", "oneway": "True" }, "geometry": { "type": "LineString", "coordinates": [ [ 746049.479066987521946, 2574340.311372333206236 ], [ 746049.482921383925714, 2574394.393616006243974 ] ] } },
{ "type": "Feature", "properties": { "osmid": "238505281", "name": "nan", "highway": "residential", "oneway": "False" }, "geometry": { "type": "LineString", "coordinates": [ [ 746044.074723268509842, 2574487.144438383635134 ], [ 746057.227775199338794, 2574485.412509996909648 ] ] } },
{ "type": "Feature", "properties": { "osmid": "238505281", "name": "nan", "highway": "residential", "oneway": "False" }, "geometry": { "type": "LineString", "coordinates": [ [ 746044.074723268509842, 2574487.144438383635134 ], [ 746038.052335218526423, 2574487.930956990923733 ] ] } },
{ "type": "Feature", "properties": { "osmid": "28691777", "name": "nan", "highway": "residential", "oneway": "False" }, "geometry": { "type": "LineString", "coordinates": [ [ 746049.80505515600089, 2574288.561433032620698 ], [ 746028.464652979164384, 2574287.653487556613982 ] ] } },
{ "type": "Feature", "properties": { "osmid": "967840298", "name": "nan", "highway": "residential", "oneway": "True" }, "geometry": { "type": "LineString", "coordinates": [ [ 746049.80505515600089, 2574288.561433032620698 ], [ 746049.479066987521946, 2574340.311372333206236 ] ] } },
{ "type": "Feature", "properties": { "osmid": "365509244", "name": "nan", "highway": "secondary", "oneway": "False" }, "geometry": { "type": "LineString", "coordinates": [ [ 746158.977930089458823, 2573802.956894655246288 ], [ 746178.342560968594626, 2573810.070294794160873 ] ] } },
{ "type": "Feature", "properties": { "osmid": "365509244", "name": "nan", "highway": "secondary", "oneway": "False" }, "geometry": { "type": "LineString", "coordinates": [ [ 746158.977930089458823, 2573802.956894655246288 ], [ 746132.779082168126479, 2573794.943463235162199 ], [ 746094.03066877531819, 2573789.890855165198445 ] ] } },
{ "type": "Feature", "properties": { "osmid": "966373009", "name": "nan", "highway": "residential", "oneway": "False" }, "geometry": { "type": "LineString", "coordinates": [ [ 746158.977930089458823, 2573802.956894655246288 ], [ 746132.746641700156033, 2573828.992202042602003 ], [ 746127.950534556643106, 2573836.070415027905256 ], [ 746127.084806102444418, 2573843.823233899194747 ], [ 746141.376267428975552, 2573940.745645402930677 ], [ 746141.774431157275103, 2573945.749396125786006 ], [ 746142.151900312281214, 2573953.234756056219339 ], [ 746141.763719617854804, 2573969.228045561350882 ], [ 746141.179093953687698, 2574013.106802457012236 ], [ 746141.424648234969936, 2574018.052621265407652 ], [ 746147.784320206730627, 2574086.422915722709149 ] ] } },
{ "type": "Feature", "properties": { "osmid": "28692217", "name": "nan", "highway": "tertiary", "oneway": "False" }, "geometry": { "type": "LineString", "coordinates": [ [ 746051.449646649532951, 2573869.63755695335567 ], [ 746034.017492440994829, 2573788.585385664831847 ] ] } },
{ "type": "Feature", "properties": { "osmid": "967840300", "name": "nan", "highway": "residential", "oneway": "False" }, "geometry": { "type": "LineString", "coordinates": [ [ 746051.449646649532951, 2573869.63755695335567 ], [ 746059.058023734018207, 2573868.301151928026229 ] ] } },
{ "type": "Feature", "properties": { "osmid": "28692217", "name": "nan", "highway": "tertiary", "oneway": "False" }, "geometry": { "type": "LineString", "coordinates": [ [ 746051.449646649532951, 2573869.63755695335567 ], [ 746052.89132933318615, 2573891.356372561771423 ], [ 746057.491254064720124, 2573930.058015471789986 ] ] } },
{ "type": "Feature", "properties": { "osmid": "967840300", "name": "nan", "highway": "residential", "oneway": "False" }, "geometry": { "type": "LineString", "coordinates": [ [ 746051.449646649532951, 2573869.63755695335567 ], [ 745982.794804517179728, 2573877.673548545688391 ], [ 745923.272152755409479, 2573877.06358890235424 ] ] } },
{ "type": "Feature", "properties": { "osmid": "365240519", "name": "nan", "highway": "residential", "oneway": "False" }, "geometry": { "type": "LineString", "coordinates": [ [ 745923.272152755409479, 2573877.06358890235424 ], [ 745924.364567307056859, 2573927.895157200749964 ] ] } },
{ "type": "Feature", "properties": { "osmid": "365240519", "name": "nan", "highway": "residential", "oneway": "False" }, "geometry": { "type": "LineString", "coordinates": [ [ 745923.272152755409479, 2573877.06358890235424 ], [ 745926.323246558662504, 2573814.046081306878477 ] ] } },
{ "type": "Feature", "properties": { "osmid": "967840300", "name": "nan", "highway": "residential", "oneway": "False" }, "geometry": { "type": "LineString", "coordinates": [ [ 745923.272152755409479, 2573877.06358890235424 ], [ 745982.794804517179728, 2573877.673548545688391 ], [ 746051.449646649532951, 2573869.63755695335567 ] ] } },
{ "type": "Feature", "properties": { "osmid": "498204199", "name": "nan", "highway": "primary", "oneway": "True" }, "geometry": { "type": "LineString", "coordinates": [ [ 745391.880688399774954, 2573695.693215255625546 ], [ 745393.60767092439346, 2573715.078678619116545 ] ] } },
{ "type": "Feature", "properties": { "osmid": "474927918", "name": "VIP road", "highway": "primary", "oneway": "True" }, "geometry": { "type": "LineString", "coordinates": [ [ 745391.880688399774954, 2573695.693215255625546 ], [ 745367.137747664819472, 2573706.098206764552742 ], [ 745346.17943373741582, 2573716.709853698499501 ] ] } },
{ "type": "Feature", "properties": { "osmid": [ 28690026, 28691581 ], "name": "VIP road", "highway": "primary", "oneway": "True" }, "geometry": { "type": "LineString", "coordinates": [ [ 745338.242644159588963, 2573744.722022187896073 ], [ 745355.001000729273073, 2573736.112895110156387 ], [ 745393.60767092439346, 2573715.078678619116545 ] ] } },
{ "type": "Feature", "properties": { "osmid": "967840327", "name": "nan", "highway": "primary_link", "oneway": "True" }, "geometry": { "type": "LineString", "coordinates": [ [ 745338.242644159588963, 2573744.722022187896073 ], [ 745360.778973756474443, 2573743.310768148861825 ], [ 745371.887720407918096, 2573746.364204975310713 ], [ 745379.35377488960512, 2573752.393353027757257 ], [ 745396.38218132359907, 2573770.170414159540087 ] ] } },
{ "type": "Feature", "properties": { "osmid": "474927918", "name": "VIP road", "highway": "primary", "oneway": "True" }, "geometry": { "type": "LineString", "coordinates": [ [ 745406.822116869036108, 2573689.857351566664875 ], [ 745391.880688399774954, 2573695.693215255625546 ] ] } },
{ "type": "Feature", "properties": { "osmid": "1196732253", "name": "Berasia Road", "highway": "tertiary", "oneway": "True" }, "geometry": { "type": "LineString", "coordinates": [ [ 745353.206134008010849, 2574239.617577208206058 ], [ 745361.6189031584654, 2574288.664222256280482 ] ] } },
{ "type": "Feature", "properties": { "osmid": "967840324", "name": "Neem road", "highway": "secondary", "oneway": "True" }, "geometry": { "type": "LineString", "coordinates": [ [ 745353.206134008010849, 2574239.617577208206058 ], [ 745377.47698089282494, 2574231.088457350619137 ], [ 745387.433586802100763, 2574220.837863454595208 ] ] } },
{ "type": "Feature", "properties": { "osmid": "421001887", "name": "nan", "highway": "residential", "oneway": "False" }, "geometry": { "type": "LineString", "coordinates": [ [ 745483.695135010057129, 2574198.054226259700954 ], [ 745505.578576177707873, 2574199.557604688685387 ] ] } },
{ "type": "Feature", "properties": { "osmid": "28691777", "name": "nan", "highway": "residential", "oneway": "False" }, "geometry": { "type": "LineString", "coordinates": [ [ 745483.695135010057129, 2574198.054226259700954 ], [ 745485.098910752800293, 2574228.913363268598914 ], [ 745485.969016912393272, 2574233.248999201226979 ], [ 745496.851197352050804, 2574238.215680657885969 ], [ 745503.829626634600572, 2574267.505063899792731 ], [ 745540.404323944821954, 2574286.292836729902774 ] ] } },
{ "type": "Feature", "properties": { "osmid": "421001887", "name": "nan", "highway": "residential", "oneway": "False" }, "geometry": { "type": "LineString", "coordinates": [ [ 745483.695135010057129, 2574198.054226259700954 ], [ 745438.749028754071333, 2574195.781504243612289 ], [ 745399.846779350191355, 2574187.714286043774337 ] ] } },
{ "type": "Feature", "properties": { "osmid": "323202270", "name": "nan", "highway": "residential", "oneway": "False" }, "geometry": { "type": "LineString", "coordinates": [ [ 745526.6635590728838, 2574363.116433137096465 ], [ 745524.977616929914802, 2574376.528691945597529 ] ] } },
{ "type": "Feature", "properties": { "osmid": "323202270", "name": "nan", "highway": "residential", "oneway": "False" }, "geometry": { "type": "LineString", "coordinates": [ [ 745526.6635590728838, 2574363.116433137096465 ], [ 745536.835953017929569, 2574309.524148016236722 ] ] } },
{ "type": "Feature", "properties": { "osmid": "364863894", "name": "nan", "highway": "residential", "oneway": "False" }, "geometry": { "type": "LineString", "coordinates": [ [ 745526.6635590728838, 2574363.116433137096465 ], [ 745497.616229035775177, 2574352.209314257372171 ] ] } },
{ "type": "Feature", "properties": { "osmid": "364863894", "name": "nan", "highway": "residential", "oneway": "False" }, "geometry": { "type": "LineString", "coordinates": [ [ 745526.6635590728838, 2574363.116433137096465 ], [ 745553.920800168300048, 2574362.182590552140027 ] ] } },
{ "type": "Feature", "properties": { "osmid": "1196732251", "name": "nan", "highway": "tertiary", "oneway": "True" }, "geometry": { "type": "LineString", "coordinates": [ [ 745419.61540257697925, 2574507.635508296079934 ], [ 745419.305847913492471, 2574502.832705402746797 ] ] } },
{ "type": "Feature", "properties": { "osmid": "1196732254", "name": "nan", "highway": "tertiary", "oneway": "False" }, "geometry": { "type": "LineString", "coordinates": [ [ 745419.61540257697925, 2574507.635508296079934 ], [ 745399.501360821421258, 2574509.973033236339688 ] ] } },
{ "type": "Feature", "properties": { "osmid": "28691844", "name": "nan", "highway": "tertiary", "oneway": "False" }, "geometry": { "type": "LineString", "coordinates": [ [ 745419.61540257697925, 2574507.635508296079934 ], [ 745437.161336232209578, 2574512.634861173573881 ], [ 745488.285679979017004, 2574530.621791426092386 ] ] } },
{ "type": "Feature", "properties": { "osmid": "495798978", "name": "Berasia Road", "highway": "tertiary", "oneway": "False" }, "geometry": { "type": "LineString", "coordinates": [ [ 745399.501360821421258, 2574509.973033236339688 ], [ 745402.097870145924389, 2574525.051677456591278 ] ] } },
{ "type": "Feature", "properties": { "osmid": "1196732250", "name": "nan", "highway": "tertiary", "oneway": "False" }, "geometry": { "type": "LineString", "coordinates": [ [ 745399.501360821421258, 2574509.973033236339688 ], [ 745317.624914825893939, 2574509.261349966283888 ] ] } },
{ "type": "Feature", "properties": { "osmid": "1196732254", "name": "nan", "highway": "tertiary", "oneway": "False" }, "geometry": { "type": "LineString", "coordinates": [ [ 745399.501360821421258, 2574509.973033236339688 ], [ 745419.61540257697925, 2574507.635508296079934 ] ] } },
{ "type": "Feature", "properties": { "osmid": "495798978", "name": "Berasia Road", "highway": "tertiary", "oneway": "False" }, "geometry": { "type": "LineString", "coordinates": [ [ 745402.097870145924389, 2574525.051677456591278 ], [ 745417.419420368503779, 2574616.228435650467873 ] ] } },
{ "type": "Feature", "properties": { "osmid": "495798978", "name": "Berasia Road", "highway": "tertiary", "oneway": "False" }, "geometry": { "type": "LineString", "coordinates": [ [ 745402.097870145924389, 2574525.051677456591278 ], [ 745399.501360821421258, 2574509.973033236339688 ] ] } },
{ "type": "Feature", "properties": { "osmid": "364863797", "name": "nan", "highway": "residential", "oneway": "False" }, "geometry": { "type": "LineString", "coordinates": [ [ 745402.097870145924389, 2574525.051677456591278 ], [ 745392.15207061660476, 2574530.327461685519665 ], [ 745388.428015257930383, 2574533.90012367349118 ], [ 745382.344249721500091, 2574548.303320808336139 ] ] } },
{ "type": "Feature", "properties": { "osmid": "28691844", "name": "nan", "highway": "tertiary", "oneway": "False" }, "geometry": { "type": "LineString", "coordinates": [ [ 745488.285679979017004, 2574530.621791426092386 ], [ 745507.562786142574623, 2574536.791134512983263 ] ] } },
{ "type": "Feature", "properties": { "osmid": "28691844", "name": "nan", "highway": "tertiary", "oneway": "False" }, "geometry": { "type": "LineString", "coordinates": [ [ 745488.285679979017004, 2574530.621791426092386 ], [ 745437.161336232209578, 2574512.634861173573881 ], [ 745419.61540257697925, 2574507.635508296079934 ] ] } },
{ "type": "Feature", "properties": { "osmid": "967820200", "name": "nan", "highway": "residential", "oneway": "False" }, "geometry": { "type": "LineString", "coordinates": [ [ 745488.285679979017004, 2574530.621791426092386 ], [ 745500.36713670566678, 2574569.502381791826338 ], [ 745498.766211489681154, 2574582.727687447331846 ], [ 745473.618598371278495, 2574587.352934118825942 ], [ 745474.357234706403688, 2574617.569513435475528 ] ] } },
{ "type": "Feature", "properties": { "osmid": "28691844", "name": "nan", "highway": "tertiary", "oneway": "False" }, "geometry": { "type": "LineString", "coordinates": [ [ 745556.29617265809793, 2574550.783145155757666 ], [ 745615.192038161912933, 2574557.542085986118764 ], [ 745683.977726978831924, 2574558.082924526184797 ] ] } },
{ "type": "Feature", "properties": { "osmid": "28691844", "name": "nan", "highway": "tertiary", "oneway": "False" }, "geometry": { "type": "LineString", "coordinates": [ [ 745556.29617265809793, 2574550.783145155757666 ], [ 745516.188370399759151, 2574542.00858949823305 ], [ 745507.562786142574623, 2574536.791134512983263 ] ] } },
{ "type": "Feature", "properties": { "osmid": "238505281", "name": "nan", "highway": "residential", "oneway": "False" }, "geometry": { "type": "LineString", "coordinates": [ [ 746031.860963238868862, 2574492.116279259789735 ], [ 746038.052335218526423, 2574487.930956990923733 ] ] } },
{ "type": "Feature", "properties": { "osmid": "238505281", "name": "nan", "highway": "residential", "oneway": "False" }, "geometry": { "type": "LineString", "coordinates": [ [ 746031.860963238868862, 2574492.116279259789735 ], [ 746037.990385180688463, 2574516.970987767912447 ] ] } },
{ "type": "Feature", "properties": { "osmid": "967840297", "name": "nan", "highway": "residential", "oneway": "False" }, "geometry": { "type": "LineString", "coordinates": [ [ 746031.860963238868862, 2574492.116279259789735 ], [ 745999.798074157675728, 2574502.576007888186723 ], [ 745922.072165825869888, 2574503.425650997087359 ] ] } },
{ "type": "Feature", "properties": { "osmid": "28691795", "name": "nan", "highway": "residential", "oneway": "False" }, "geometry": { "type": "LineString", "coordinates": [ [ 745730.604370671324432, 2574513.8478440977633 ], [ 745731.88629653933458, 2574439.554718251340091 ] ] } },
{ "type": "Feature", "properties": { "osmid": "28691806", "name": "nan", "highway": "residential", "oneway": "False" }, "geometry": { "type": "LineString", "coordinates": [ [ 745730.604370671324432, 2574513.8478440977633 ], [ 745754.258327077841386, 2574512.267457728274167 ], [ 745770.845283166388981, 2574511.50074469530955 ] ] } },
{ "type": "Feature", "properties": { "osmid": "28691806", "name": "nan", "highway": "residential", "oneway": "False" }, "geometry": { "type": "LineString", "coordinates": [ [ 745730.604370671324432, 2574513.8478440977633 ], [ 745719.340868223458529, 2574511.522791806608438 ], [ 745711.989707045489922, 2574503.534134289249778 ], [ 745709.537333901971579, 2574499.548989123199135 ], [ 745705.612022049026564, 2574496.725018715951592 ], [ 745700.308410942321643, 2574495.529156755656004 ], [ 745688.740998635534197, 2574495.481599702034146 ] ] } },
{ "type": "Feature", "properties": { "osmid": "28691609", "name": "nan", "highway": "residential", "oneway": "False" }, "geometry": { "type": "LineString", "coordinates": [ [ 745702.962092210073024, 2574198.714657007250935 ], [ 745705.895901800482534, 2574208.868311057332903 ], [ 745712.449721213313751, 2574218.649799093138427 ], [ 745721.812097772723064, 2574222.040263512637466 ], [ 745731.893447999609634, 2574222.816656000446528 ] ] } },
{ "type": "Feature", "properties": { "osmid": "28691609", "name": "nan", "highway": "residential", "oneway": "False" }, "geometry": { "type": "LineString", "coordinates": [ [ 745702.962092210073024, 2574198.714657007250935 ], [ 745704.834992407821119, 2574164.751888435333967 ], [ 745709.297690271399915, 2574162.332774634007365 ], [ 745737.314857386285439, 2574159.4284733007662 ] ] } },
{ "type": "Feature", "properties": { "osmid": "421001887", "name": "nan", "highway": "residential", "oneway": "False" }, "geometry": { "type": "LineString", "coordinates": [ [ 745702.962092210073024, 2574198.714657007250935 ], [ 745666.954657341935672, 2574197.597577317617834 ], [ 745650.93358279322274, 2574198.174370849039406 ] ] } },
{ "type": "Feature", "properties": { "osmid": "28691634", "name": "nan", "highway": "residential", "oneway": "False" }, "geometry": { "type": "LineString", "coordinates": [ [ 745813.217334119370207, 2574200.762726250104606 ], [ 745812.790915089659393, 2574281.485435258597136 ] ] } },
{ "type": "Feature", "properties": { "osmid": "28691634", "name": "nan", "highway": "residential", "oneway": "False" }, "geometry": { "type": "LineString", "coordinates": [ [ 745813.217334119370207, 2574200.762726250104606 ], [ 745815.125364136416465, 2574120.208615439478308 ] ] } },
{ "type": "Feature", "properties": { "osmid": "419836080", "name": "nan", "highway": "residential", "oneway": "False" }, "geometry": { "type": "LineString", "coordinates": [ [ 745813.217334119370207, 2574200.762726250104606 ], [ 745868.107442980748601, 2574203.456231301650405 ] ] } },
{ "type": "Feature", "properties": { "osmid": "1069960946", "name": "nan", "highway": "residential", "oneway": "False" }, "geometry": { "type": "LineString", "coordinates": [ [ 745813.217334119370207, 2574200.762726250104606 ], [ 745777.393276055459864, 2574198.462843522895128 ] ] } },
{ "type": "Feature", "properties": { "osmid": "1069960946", "name": "nan", "highway": "residential", "oneway": "False" }, "geometry": { "type": "LineString", "coordinates": [ [ 745777.393276055459864, 2574198.462843522895128 ], [ 745813.217334119370207, 2574200.762726250104606 ] ] } },
{ "type": "Feature", "properties": { "osmid": "28691609", "name": "nan", "highway": "residential", "oneway": "False" }, "geometry": { "type": "LineString", "coordinates": [ [ 745777.393276055459864, 2574198.462843522895128 ], [ 745777.729206817457452, 2574179.421683914028108 ], [ 745771.592379722977057, 2574171.043167901225388 ], [ 745763.246077970485203, 2574163.170978946145624 ], [ 745737.314857386285439, 2574159.4284733007662 ] ] } },
{ "type": "Feature", "properties": { "osmid": "28691609", "name": "nan", "highway": "residential", "oneway": "False" }, "geometry": { "type": "LineString", "coordinates": [ [ 745777.393276055459864, 2574198.462843522895128 ], [ 745771.637883419403806, 2574209.081969555467367 ], [ 745767.5867946021026, 2574213.845788375474513 ], [ 745760.185097171226516, 2574218.786783700808883 ], [ 745754.549182193004526, 2574222.194736978970468 ], [ 745731.893447999609634, 2574222.816656000446528 ] ] } },
{ "type": "Feature", "properties": { "osmid": "28691634", "name": "nan", "highway": "residential", "oneway": "False" }, "geometry": { "type": "LineString", "coordinates": [ [ 745815.125364136416465, 2574120.208615439478308 ], [ 745813.217334119370207, 2574200.762726250104606 ] ] } },
{ "type": "Feature", "properties": { "osmid": "28691634", "name": "nan", "highway": "residential", "oneway": "False" }, "geometry": { "type": "LineString", "coordinates": [ [ 745815.125364136416465, 2574120.208615439478308 ], [ 745815.846765176393092, 2574069.872498713899404 ] ] } },
{ "type": "Feature", "properties": { "osmid": "28691643", "name": "nan", "highway": "residential", "oneway": "False" }, "geometry": { "type": "LineString", "coordinates": [ [ 745815.125364136416465, 2574120.208615439478308 ], [ 745867.628309514839202, 2574123.028735707048327 ] ] } },
{ "type": "Feature", "properties": { "osmid": "28691643", "name": "nan", "highway": "residential", "oneway": "False" }, "geometry": { "type": "LineString", "coordinates": [ [ 745815.125364136416465, 2574120.208615439478308 ], [ 745801.484530740184709, 2574120.470131019130349 ], [ 745761.759860661928542, 2574118.781568760983646 ], [ 745735.135083433007821, 2574116.113437615334988 ] ] } },
{ "type": "Feature", "properties": { "osmid": "28691643", "name": "nan", "highway": "residential", "oneway": "False" }, "geometry": { "type": "LineString", "coordinates": [ [ 745922.786531721008942, 2574122.535778649616987 ], [ 745975.675072307232767, 2574123.711735094897449 ] ] } },
{ "type": "Feature", "properties": { "osmid": "365240519", "name": "nan", "highway": "residential", "oneway": "False" }, "geometry": { "type": "LineString", "coordinates": [ [ 745922.786531721008942, 2574122.535778649616987 ], [ 745921.79078002483584, 2574203.603666610084474 ] ] } },
{ "type": "Feature", "properties": { "osmid": "365240519", "name": "nan", "highway": "residential", "oneway": "False" }, "geometry": { "type": "LineString", "coordinates": [ [ 745922.786531721008942, 2574122.535778649616987 ], [ 745924.066717460053042, 2574016.276400128845125 ] ] } },
{ "type": "Feature", "properties": { "osmid": "28691643", "name": "nan", "highway": "residential", "oneway": "False" }, "geometry": { "type": "LineString", "coordinates": [ [ 745922.786531721008942, 2574122.535778649616987 ], [ 745906.540538656525314, 2574123.086417946498841 ], [ 745867.628309514839202, 2574123.028735707048327 ] ] } },
{ "type": "Feature", "properties": { "osmid": "1304613360", "name": "nan", "highway": "tertiary", "oneway": "False" }, "geometry": { "type": "LineString", "coordinates": [ [ 746103.968049301067367, 2574206.092865615151823 ], [ 746101.010208514751866, 2574220.237463986966759 ] ] } },
{ "type": "Feature", "properties": { "osmid": "1304613360", "name": "nan", "highway": "tertiary", "oneway": "False" }, "geometry": { "type": "LineString", "coordinates": [ [ 746103.968049301067367, 2574206.092865615151823 ], [ 746105.464349184767343, 2574185.630499169230461 ] ] } },
{ "type": "Feature", "properties": { "osmid": "28691623", "name": "nan", "highway": "residential", "oneway": "False" }, "geometry": { "type": "LineString", "coordinates": [ [ 746103.968049301067367, 2574206.092865615151823 ], [ 746087.110900001134723, 2574205.225981906522065 ], [ 746029.019081184640527, 2574204.838635812979192 ] ] } },
{ "type": "Feature", "properties": { "osmid": "328226553", "name": "nan", "highway": "tertiary", "oneway": "False" }, "geometry": { "type": "LineString", "coordinates": [ [ 746112.766280211741105, 2574268.786250722128898 ], [ 746112.672355960821733, 2574256.552210306748748 ], [ 746109.389362937421538, 2574244.63090862846002 ], [ 746103.197858579223976, 2574232.77215947303921 ] ] } },
{ "type": "Feature", "properties": { "osmid": "328226553", "name": "nan", "highway": "tertiary", "oneway": "False" }, "geometry": { "type": "LineString", "coordinates": [ [ 746112.766280211741105, 2574268.786250722128898 ], [ 746111.638073419919237, 2574276.933601925615221 ], [ 746097.335687316954136, 2574354.722721053753048 ], [ 746101.820234904880635, 2574393.566555844154209 ] ] } },
{ "type": "Feature", "properties": { "osmid": "365242100", "name": "nan", "highway": "living_street", "oneway": "False" }, "geometry": { "type": "LineString", "coordinates": [ [ 746112.766280211741105, 2574268.786250722128898 ], [ 746126.067195266135968, 2574261.239737593568861 ], [ 746147.408675492973998, 2574249.128661779686809 ] ] } },
{ "type": "Feature", "properties": { "osmid": "421001883", "name": "nan", "highway": "residential", "oneway": "False" }, "geometry": { "type": "LineString", "coordinates": [ [ 745653.230040953145362, 2574331.517205830197781 ], [ 745652.379653553594835, 2574445.30695516243577 ] ] } },
{ "type": "Feature", "properties": { "osmid": "421001883", "name": "nan", "highway": "residential", "oneway": "False" }, "geometry": { "type": "LineString", "coordinates": [ [ 745653.230040953145362, 2574331.517205830197781 ], [ 745654.789481177693233, 2574281.239325148053467 ] ] } },
{ "type": "Feature", "properties": { "osmid": "1069960945", "name": "nan", "highway": "residential", "oneway": "False" }, "geometry": { "type": "LineString", "coordinates": [ [ 745653.230040953145362, 2574331.517205830197781 ], [ 745711.933954762062058, 2574335.702674407977611 ], [ 745720.668451661826111, 2574333.731050039641559 ], [ 745732.12818215333391, 2574333.488751704338938 ] ] } },
{ "type": "Feature", "properties": { "osmid": "1069960948", "name": "nan", "highway": "residential", "oneway": "False" }, "geometry": { "type": "LineString", "coordinates": [ [ 745545.765310633694753, 2574053.932141363620758 ], [ 745546.623621682403609, 2574074.444530285894871 ], [ 745546.685086948331445, 2574091.143257418181747 ] ] } },
{ "type": "Feature", "properties": { "osmid": "28691676", "name": "nan", "highway": "residential", "oneway": "False" }, "geometry": { "type": "LineString", "coordinates": [ [ 745546.685086948331445, 2574091.143257418181747 ], [ 745518.44319413555786, 2574084.116441127378494 ] ] } },
{ "type": "Feature", "properties": { "osmid": "28691676", "name": "nan", "highway": "residential", "oneway": "False" }, "geometry": { "type": "LineString", "coordinates": [ [ 745546.685086948331445, 2574091.143257418181747 ], [ 745549.903702435898595, 2574092.138336879666895 ], [ 745551.588774906238541, 2574117.129692215938121 ] ] } },
{ "type": "Feature", "properties": { "osmid": "1069960948", "name": "nan", "highway": "residential", "oneway": "False" }, "geometry": { "type": "LineString", "coordinates": [ [ 745546.685086948331445, 2574091.143257418181747 ], [ 745546.623621682403609, 2574074.444530285894871 ], [ 745545.765310633694753, 2574053.932141363620758 ] ] } },
{ "type": "Feature", "properties": { "osmid": "28692003", "name": "nan", "highway": "residential", "oneway": "False" }, "geometry": { "type": "LineString", "coordinates": [ [ 746125.838985152193345, 2574580.410757537931204 ], [ 746147.905380166019313, 2574581.962505004834384 ], [ 746168.194279084913433, 2574583.285343137569726 ], [ 746192.268352786777541, 2574576.748721717391163 ], [ 746201.668783279950731, 2574576.594506334513426 ], [ 746219.931678043911234, 2574582.792297306470573 ] ] } },
{ "type": "Feature", "properties": { "osmid": "28692003", "name": "nan", "highway": "residential", "oneway": "False" }, "geometry": { "type": "LineString", "coordinates": [ [ 746125.838985152193345, 2574580.410757537931204 ], [ 746042.768828808912076, 2574572.661497637629509 ], [ 746033.387750958558172, 2574564.860590493306518 ] ] } },
{ "type": "Feature", "properties": { "osmid": "967840300", "name": "nan", "highway": "residential", "oneway": "False" }, "geometry": { "type": "LineString", "coordinates": [ [ 746059.058023734018207, 2573868.301151928026229 ], [ 746051.449646649532951, 2573869.63755695335567 ] ] } },
{ "type": "Feature", "properties": { "osmid": "28691618", "name": "nan", "highway": "tertiary", "oneway": "False" }, "geometry": { "type": "LineString", "coordinates": [ [ 746059.058023734018207, 2573868.301151928026229 ], [ 746058.140649830456823, 2573862.502106999512762 ], [ 746049.81794252502732, 2573822.952045192010701 ], [ 746043.661896282923408, 2573787.947537084575742 ] ] } },
{ "type": "Feature", "properties": { "osmid": "28691618", "name": "nan", "highway": "tertiary", "oneway": "False" }, "geometry": { "type": "LineString", "coordinates": [ [ 746059.058023734018207, 2573868.301151928026229 ], [ 746063.672460337053053, 2573897.48519872687757 ], [ 746067.608030625851825, 2573929.328304581809789 ] ] } },
{ "type": "Feature", "properties": { "osmid": "28691863", "name": "nan", "highway": "tertiary", "oneway": "False" }, "geometry": { "type": "LineString", "coordinates": [ [ 746121.553102388163097, 2574514.180055864155293 ], [ 746095.704943745862693, 2574526.449042630847543 ] ] } },
{ "type": "Feature", "properties": { "osmid": "28691863", "name": "nan", "highway": "tertiary", "oneway": "False" }, "geometry": { "type": "LineString", "coordinates": [ [ 746121.553102388163097, 2574514.180055864155293 ], [ 746226.050310404389165, 2574464.579921602737159 ] ] } },
{ "type": "Feature", "properties": { "osmid": "1304613614", "name": "nan", "highway": "residential", "oneway": "False" }, "geometry": { "type": "LineString", "coordinates": [ [ 746121.553102388163097, 2574514.180055864155293 ], [ 746101.412508364301175, 2574489.103912287391722 ] ] } },
{ "type": "Feature", "properties": { "osmid": "28691530", "name": "nan", "highway": "residential", "oneway": "True" }, "geometry": { "type": "LineString", "coordinates": [ [ 745356.222099405829795, 2574229.961302306503057 ], [ 745353.206134008010849, 2574239.617577208206058 ] ] } },
{ "type": "Feature", "properties": { "osmid": "1338869936", "name": "nan", "highway": "secondary_link", "oneway": "False" }, "geometry": { "type": "LineString", "coordinates": [ [ 745356.222099405829795, 2574229.961302306503057 ], [ 745371.936034867772833, 2574216.382173450198025 ], [ 745387.135532521642745, 2574189.343321850523353 ] ] } }
]
}
