{
"type": "FeatureCollection",
"name": "kerala_osm",
"crs": { "type": "name", "properties": { "name": "urn:ogc:def:crs:EPSG::32643" } },
"features": [
{ "type": "Feature", "properties": { "osmid": "284630294", "name": "MC Road", "highway": "primary", "oneway": "False" }, "geometry": { "type": "LineString", "coordinates": [ [ 710144.807387522887439, 959702.356647399952635 ], [ 710137.917219876428135, 959732.929751091985963 ] ] } },
{ "type": "Feature", "properties": { "osmid": "284630294", "name": "MC Road", "highway": "primary", "oneway": "False" }, "geometry": { "type": "LineString", "coordinates": [ [ 710144.807387522887439, 959702.356647399952635 ], [ 710153.262164873071015, 959647.400330202071927 ] ] } },
{ "type": "Feature", "properties": { "osmid": "175020693", "name": "nan", "highway": "residential", "oneway": "False" }, "geometry": { "type": "LineString", "coordinates": [ [ 710144.807387522887439, 959702.356647399952635 ], [ 710108.35173774312716, 959700.18214760045521 ], [ 710072.69431356783025, 959696.872338539338671 ], [ 710032.647125999093987, 959686.582672931835987 ], [ 710022.345881541259587, 959690.679018250782974 ], [ 710014.258743411512114, 959716.334705583634786 ], [ 710002.276568723609671, 959724.183582923724316 ], [ 709956.599587610806338, 959706.166737239458598 ], [ 709908.9006009362638, 959694.05779980646912 ], [ 709853.431934642838314, 959677.297159839072265 ] ] } },
{ "type": "Feature", "properties": { "osmid": "175020693", "name": "nan", "highway": "residential", "oneway": "False" }, "geometry": { "type": "LineString", "coordinates": [ [ 709853.431934642838314, 959677.297159839072265 ], [ 709908.9006009362638, 959694.05779980646912 ], [ 709956.599587610806338, 959706.166737239458598 ], [ 710002.276568723609671, 959724.183582923724316 ], [ 710014.258743411512114, 959716.334705583634786 ], [ 710022.345881541259587, 959690.679018250782974 ], [ 710032.647125999093987, 959686.582672931835987 ], [ 710072.69431356783025, 959696.872338539338671 ], [ 710108.35173774312716, 959700.18214760045521 ], [ 710144.807387522887439, 959702.356647399952635 ] ] } },
{ "type": "Feature", "properties": { "osmid": "1020193139", "name": "nan", "highway": "residential", "oneway": "False" }, "geometry": { "type": "LineString", "coordinates": [ [ 709853.431934642838314, 959677.297159839072265 ], [ 709850.934606398339383, 959747.150303264497779 ], [ 709844.644316381774843, 959824.871381309698336 ] ] } },
{ "type": "Feature", "properties": { "osmid": "175020718", "name": "Attingal - Nedumangad Road", "highway": "primary", "oneway": "False" }, "geometry": { "type": "LineString", "coordinates": [ [ 709625.349455052986741, 959800.97198867762927 ], [ 709639.518132492550649, 959800.456835185992531 ], [ 709663.638194403611124, 959804.128712355624884 ], [ 709693.11275089182891, 959813.369394187699072 ], [ 709739.461504346458241, 959829.110618876409717 ], [ 709759.530493549304083, 959830.682614358025603 ], [ 709779.520096518099308, 959830.528596592019312 ], [ 709805.552146573318169, 959828.27003485779278 ], [ 709844.644316381774843, 959824.871381309698336 ] ] } },
{ "type": "Feature", "properties": { "osmid": "175020718", "name": "Attingal - Nedumangad Road", "highway": "primary", "oneway": "False" }, "geometry": { "type": "LineString", "coordinates": [ [ 709625.349455052986741, 959800.97198867762927 ], [ 709592.602999176480807, 959809.833979199058376 ], [ 709552.83290399168618, 959825.507932240143418 ], [ 709484.674497036030516, 959852.388795347884297 ] ] } },
{ "type": "Feature", "properties": { "osmid": "175021018", "name": "nan", "highway": "residential", "oneway": "False" }, "geometry": { "type": "LineString", "coordinates": [ [ 709625.349455052986741, 959800.97198867762927 ], [ 709612.357784801046364, 959722.678547932766378 ], [ 709604.995477557298727, 959674.136116481735371 ] ] } },
{ "type": "Feature", "properties": { "osmid": "175021033", "name": "Panavoor-Venjaramood Road", "highway": "secondary", "oneway": "False" }, "geometry": { "type": "LineString", "coordinates": [ [ 710181.931079659378156, 959812.386296812561341 ], [ 710188.34839884750545, 959834.221240734681487 ], [ 710206.276297098374926, 959874.111540801241063 ], [ 710215.226446419837885, 959886.955002390779555 ] ] } },
{ "type": "Feature", "properties": { "osmid": "175021066", "name": "nan", "highway": "residential", "oneway": "False" }, "geometry": { "type": "LineString", "coordinates": [ [ 710181.931079659378156, 959812.386296812561341 ], [ 710272.124771498027258, 959838.315439587226138 ], [ 710305.821088929194957, 959848.529152779257856 ], [ 710320.363583428785205, 959854.664211973082274 ], [ 710330.607401693239808, 959861.972294336184859 ], [ 710340.282738304464146, 959870.693418092327192 ], [ 710346.631835576961748, 959875.459816011600196 ], [ 710357.113690917612985, 959877.028068422805518 ], [ 710382.60459851345513, 959879.512622043373995 ], [ 710400.945511941099539, 959887.635837781941518 ], [ 710414.901808386319317, 959900.880677078734152 ], [ 710428.716565553680994, 959918.184466234524734 ] ] } },
{ "type": "Feature", "properties": { "osmid": "1343678347", "name": "Panavoor-Venjaramood Road", "highway": "secondary", "oneway": "False" }, "geometry": { "type": "LineString", "coordinates": [ [ 710181.931079659378156, 959812.386296812561341 ], [ 710148.96229255432263, 959782.265267256996594 ], [ 710121.053627097280696, 959768.076476251007989 ] ] } },
{ "type": "Feature", "properties": { "osmid": "175020718", "name": "Attingal - Nedumangad Road", "highway": "primary", "oneway": "False" }, "geometry": { "type": "LineString", "coordinates": [ [ 709844.644316381774843, 959824.871381309698336 ], [ 709864.129119687248021, 959824.416201042244211 ] ] } },
{ "type": "Feature", "properties": { "osmid": "175020718", "name": "Attingal - Nedumangad Road", "highway": "primary", "oneway": "False" }, "geometry": { "type": "LineString", "coordinates": [ [ 709844.644316381774843, 959824.871381309698336 ], [ 709805.552146573318169, 959828.27003485779278 ], [ 709779.520096518099308, 959830.528596592019312 ], [ 709759.530493549304083, 959830.682614358025603 ], [ 709739.461504346458241, 959829.110618876409717 ], [ 709693.11275089182891, 959813.369394187699072 ], [ 709663.638194403611124, 959804.128712355624884 ], [ 709639.518132492550649, 959800.456835185992531 ], [ 709625.349455052986741, 959800.97198867762927 ] ] } },
{ "type": "Feature", "properties": { "osmid": "1020193139", "name": "nan", "highway": "residential", "oneway": "False" }, "geometry": { "type": "LineString", "coordinates": [ [ 709844.644316381774843, 959824.871381309698336 ], [ 709850.934606398339383, 959747.150303264497779 ], [ 709853.431934642838314, 959677.297159839072265 ] ] } },
{ "type": "Feature", "properties": { "osmid": "175020718", "name": "Attingal - Nedumangad Road", "highway": "primary", "oneway": "False" }, "geometry": { "type": "LineString", "coordinates": [ [ 709370.511471867677756, 959915.664281111443415 ], [ 709366.198630181956105, 959917.4788960411679 ] ] } },
{ "type": "Feature", "properties": { "osmid": "175020718", "name": "Attingal - Nedumangad Road", "highway": "primary", "oneway": "False" }, "geometry": { "type": "LineString", "coordinates": [ [ 709370.511471867677756, 959915.664281111443415 ], [ 709411.794582860777155, 959894.5554315589834 ], [ 709484.674497036030516, 959852.388795347884297 ] ] } },
{ "type": "Feature", "properties": { "osmid": "175021115", "name": "Kavara Temple Road", "highway": "residential", "oneway": "False" }, "geometry": { "type": "LineString", "coordinates": [ [ 709839.879603822831996, 959958.229409751482308 ], [ 709806.754763305536471, 959998.593029731186107 ], [ 709761.46241926215589, 959980.75526641192846 ], [ 709688.969740899163298, 960059.747749711503275 ], [ 709686.26393633603584, 960063.74955520615913 ] ] } },
{ "type": "Feature", "properties": { "osmid": "175021115", "name": "Kavara Temple Road", "highway": "residential", "oneway": "False" }, "geometry": { "type": "LineString", "coordinates": [ [ 709839.879603822831996, 959958.229409751482308 ], [ 709856.395851214183494, 959935.193453851039521 ], [ 709864.015532481949776, 959919.302896694745868 ], [ 709865.410941988695413, 959895.704239869955927 ], [ 709864.129119687248021, 959824.416201042244211 ] ] } },
{ "type": "Feature", "properties": { "osmid": "1524572704", "name": "nan", "highway": "residential", "oneway": "False" }, "geometry": { "type": "LineString", "coordinates": [ [ 709839.879603822831996, 959958.229409751482308 ], [ 709888.986124646966346, 959988.06625464418903 ], [ 709887.87704297923483, 960002.872299694805406 ], [ 709866.287573411595076, 960030.086189958732575 ] ] } },
{ "type": "Feature", "properties": { "osmid": "1249847801", "name": "Panavoor-Venjaramood Road", "highway": "secondary", "oneway": "False" }, "geometry": { "type": "LineString", "coordinates": [ [ 711581.862857919186354, 960060.015855869627558 ], [ 711555.056587905157357, 960013.000116884941235 ] ] } },
{ "type": "Feature", "properties": { "osmid": "175020949", "name": "nan", "highway": "secondary", "oneway": "False" }, "geometry": { "type": "LineString", "coordinates": [ [ 711581.862857919186354, 960060.015855869627558 ], [ 711612.701272671110928, 960121.520903271855786 ], [ 711631.209216146846302, 960161.791191940195858 ], [ 711660.058208469650708, 960207.501024989644065 ], [ 711719.452689551399089, 960283.409678009571508 ], [ 711789.447682330617681, 960396.008988082758151 ] ] } },
{ "type": "Feature", "properties": { "osmid": "904065650", "name": "Panavoor-Venjaramood Road", "highway": "secondary", "oneway": "False" }, "geometry": { "type": "LineString", "coordinates": [ [ 711581.862857919186354, 960060.015855869627558 ], [ 711541.751249873777851, 960073.38544827234 ], [ 711520.056204410735518, 960090.775305166724138 ], [ 711509.477762422873639, 960116.971365201403387 ], [ 711540.908978362800553, 960170.1055668318877 ], [ 711552.055522423703223, 960190.371958224917762 ], [ 711525.093186023645103, 960221.97164709540084 ], [ 711498.482507658423856, 960234.137545628705993 ], [ 711435.150324584450573, 960259.734526257961988 ], [ 711424.341173165477812, 960259.77933738369029 ], [ 711416.543594570364803, 960254.164702536072582 ], [ 711406.690745983505622, 960241.426928308443166 ], [ 711389.869704796466976, 960224.483577571343631 ], [ 711365.424785816692747, 960204.570262799272314 ], [ 711363.073270990164019, 960192.910291923675686 ], [ 711368.630109965102747, 960175.859019964351319 ], [ 711369.552272684290074, 960152.423753880895674 ], [ 711364.663888394832611, 960135.275354249519296 ], [ 711350.771630509290844, 960120.315858734771609 ], [ 711334.892011876101606, 960108.73121818061918 ], [ 711314.769906628760509, 960102.434771830914542 ], [ 711277.975395984598435, 960102.005208138027228 ], [ 711264.706267290282995, 960103.110614732606336 ] ] } },
{ "type": "Feature", "properties": { "osmid": "175021030", "name": "nan", "highway": "residential", "oneway": "False" }, "geometry": { "type": "LineString", "coordinates": [ [ 710289.103017342160456, 960086.438005019328557 ], [ 710254.301729602739215, 960103.34204686677549 ], [ 710236.236139174317941, 960117.067170312860981 ], [ 710194.891765137203038, 960167.753986984607764 ], [ 710183.608502192422748, 960165.783503590035252 ] ] } },
{ "type": "Feature", "properties": { "osmid": "175021033", "name": "Panavoor-Venjaramood Road", "highway": "secondary", "oneway": "False" }, "geometry": { "type": "LineString", "coordinates": [ [ 710289.103017342160456, 960086.438005019328557 ], [ 710291.768139590509236, 960077.413997133262455 ], [ 710305.488686378579587, 960060.96794350433629 ], [ 710319.565911478362978, 960039.269367799162865 ], [ 710325.669481842080131, 960016.291716380859725 ], [ 710324.581007178057916, 959994.195962418685667 ], [ 710323.488412818987854, 959977.288138687144965 ], [ 710315.811331653152592, 959958.643646439653821 ], [ 710310.566402638098225, 959951.006762787466869 ] ] } },
{ "type": "Feature", "properties": { "osmid": "284622670", "name": "Panavoor-Venjaramood Road", "highway": "secondary", "oneway": "False" }, "geometry": { "type": "LineString", "coordinates": [ [ 710289.103017342160456, 960086.438005019328557 ], [ 710290.004447670653462, 960097.592765583889559 ], [ 710298.761026977095753, 960118.255929150269367 ], [ 710321.64501685986761, 960153.138212711666711 ], [ 710332.045241922372952, 960164.34082957811188 ] ] } },
{ "type": "Feature", "properties": { "osmid": "175021030", "name": "nan", "highway": "residential", "oneway": "False" }, "geometry": { "type": "LineString", "coordinates": [ [ 710183.608502192422748, 960165.783503590035252 ], [ 710194.891765137203038, 960167.753986984607764 ], [ 710236.236139174317941, 960117.067170312860981 ], [ 710254.301729602739215, 960103.34204686677549 ], [ 710289.103017342160456, 960086.438005019328557 ] ] } },
{ "type": "Feature", "properties": { "osmid": [ 285067930, 175021030 ], "name": "MC Road(SH-1)", "highway": [ "primary", "residential" ], "oneway": "False" }, "geometry": { "type": "LineString", "coordinates": [ [ 710183.608502192422748, 960165.783503590035252 ], [ 710116.286544257076457, 960129.228573898784816 ], [ 710045.6143750915071, 960104.404463999671862 ], [ 710044.479544518748298, 960119.9404608795885 ], [ 710041.480447913403623, 960138.47586468886584 ], [ 710037.168691633618437, 960161.949249888421036 ], [ 710030.989835940883495, 960188.98617463442497 ], [ 710027.197071577655151, 960201.190285603399388 ], [ 710025.865738142747432, 960205.464470404782332 ], [ 710022.632548257242888, 960215.83515223255381 ] ] } },
{ "type": "Feature", "properties": { "osmid": "840850818", "name": "nan", "highway": "residential", "oneway": "False" }, "geometry": { "type": "LineString", "coordinates": [ [ 710183.608502192422748, 960165.783503590035252 ], [ 710172.394075026735663, 960200.427664170623757 ], [ 710156.438278293586336, 960221.430978675722145 ], [ 710148.939966802136041, 960243.804275862290524 ], [ 710144.848204578156583, 960276.039651241502725 ], [ 710145.301963761914521, 960297.413177119102329 ], [ 710147.681336097652093, 960305.787815237767063 ], [ 710160.126211827038787, 960319.699741495773196 ] ] } },
{ "type": "Feature", "properties": { "osmid": "904065650", "name": "Panavoor-Venjaramood Road", "highway": "secondary", "oneway": "False" }, "geometry": { "type": "LineString", "coordinates": [ [ 710406.767231001867913, 960195.833996983012185 ], [ 710419.116747151128948, 960198.086462210980244 ], [ 710446.091159674921073, 960192.282274123979732 ], [ 710484.006960806902498, 960182.03113551880233 ], [ 710522.123214415390976, 960173.506669546477497 ], [ 710547.582491489127278, 960175.681478223996237 ] ] } },
{ "type": "Feature", "properties": { "osmid": [ 904065650, 284622670 ], "name": "Panavoor-Venjaramood Road", "highway": "secondary", "oneway": "False" }, "geometry": { "type": "LineString", "coordinates": [ [ 710406.767231001867913, 960195.833996983012185 ], [ 710397.001321723684669, 960187.63228162296582 ], [ 710389.603107535163872, 960181.37830433389172 ], [ 710378.669779646326788, 960175.493675623438321 ], [ 710367.946272517670877, 960171.656528088729829 ], [ 710349.126434865756892, 960171.229850889765657 ], [ 710339.515190782141872, 960169.466858986765146 ], [ 710332.045241922372952, 960164.34082957811188 ] ] } },
{ "type": "Feature", "properties": { "osmid": "1378563919", "name": "nan", "highway": "residential", "oneway": "False" }, "geometry": { "type": "LineString", "coordinates": [ [ 710406.767231001867913, 960195.833996983012185 ], [ 710403.990877434262075, 960202.899514404940419 ], [ 710400.822550608194433, 960206.93214127374813 ], [ 710397.109853102825582, 960209.778419274603948 ], [ 710386.888033355819061, 960211.231301240273751 ], [ 710376.612043064786121, 960214.697147882427089 ], [ 710311.601836462621577, 960248.041498607373796 ] ] } },
{ "type": "Feature", "properties": { "osmid": "175020700", "name": "Venjarammoodu Bypass", "highway": "secondary", "oneway": "False" }, "geometry": { "type": "LineString", "coordinates": [ [ 711789.447682330617681, 960396.008988082758151 ], [ 711812.219999756896868, 960491.68759284063708 ], [ 711824.307367654750124, 960547.743870691861957 ], [ 711821.601542162941769, 960575.561675550998189 ], [ 711756.895498719648458, 960659.358405903214589 ], [ 711728.163426176994108, 960690.495422682375647 ], [ 711724.195294298930094, 960711.127696260926314 ], [ 711731.108869357733056, 960728.242220301413909 ], [ 711761.531548597151414, 960752.201639522449113 ], [ 711804.820862766355276, 960782.752877534832805 ], [ 711833.922668323619291, 960804.53754582547117 ], [ 711846.785836519440636, 960816.15140073641669 ], [ 711859.84379744832404, 960832.755132874473929 ], [ 711864.486486070905812, 960857.037288886262104 ], [ 711863.998054169584066, 960881.691614274750464 ], [ 711854.426100442418829, 960919.905852932366543 ] ] } },
{ "type": "Feature", "properties": { "osmid": "175020949", "name": "nan", "highway": "secondary", "oneway": "False" }, "geometry": { "type": "LineString", "coordinates": [ [ 711789.447682330617681, 960396.008988082758151 ], [ 711719.452689551399089, 960283.409678009571508 ], [ 711660.058208469650708, 960207.501024989644065 ], [ 711631.209216146846302, 960161.791191940195858 ], [ 711612.701272671110928, 960121.520903271855786 ], [ 711581.862857919186354, 960060.015855869627558 ] ] } },
{ "type": "Feature", "properties": { "osmid": "175021022", "name": "nan", "highway": "residential", "oneway": "False" }, "geometry": { "type": "LineString", "coordinates": [ [ 710261.277761830599047, 960398.846937475609593 ], [ 710253.646302978508174, 960351.497492272756062 ], [ 710250.667209791834466, 960317.965457601589151 ], [ 710251.807300995802507, 960277.363605307880789 ], [ 710246.767634985968471, 960266.132695290260017 ], [ 710247.709156709373929, 960245.286085315281525 ], [ 710255.020729339215904, 960229.405086442944594 ], [ 710265.753100262954831, 960224.923832781612873 ], [ 710278.007564395549707, 960211.080965486471541 ], [ 710295.206860637874343, 960190.150317058898509 ], [ 710332.045241922372952, 960164.34082957811188 ] ] } },
{ "type": "Feature", "properties": { "osmid": "840850818", "name": "nan", "highway": "residential", "oneway": "False" }, "geometry": { "type": "LineString", "coordinates": [ [ 710261.277761830599047, 960398.846937475609593 ], [ 710271.057308957213536, 960397.778968274709769 ], [ 710292.241074045887217, 960403.062579893623479 ], [ 710307.816729515907355, 960411.636464752838947 ], [ 710327.064193072612397, 960429.841503522824496 ], [ 710341.883767885854468, 960442.106213310151361 ], [ 710353.750300666783005, 960448.449081871658564 ], [ 710376.041974255116656, 960454.479464123607613 ], [ 710393.488874814240262, 960460.850474385428242 ], [ 710409.825995232677087, 960466.839799269801006 ], [ 710425.410720046376809, 960475.789883636403829 ], [ 710439.502271105768159, 960483.991310023004189 ], [ 710448.745164228836074, 960495.486814519041218 ], [ 710462.080778125324287, 960505.166712323320098 ], [ 710475.786930438596755, 960515.57855934696272 ], [ 710493.59849908540491, 960526.02218047878705 ], [ 710507.671387134352699, 960537.918164491304196 ], [ 710517.247616443550214, 960555.333404992241412 ], [ 710522.360569528886117, 960573.832308057928458 ], [ 710523.764282264281064, 960592.312500465544872 ], [ 710522.187192226527259, 960608.200269410735928 ], [ 710519.261644801008515, 960623.019308156566694 ], [ 710517.954629012849182, 960637.735894593526609 ], [ 710517.911715726484545, 960646.242158609325998 ], [ 710520.175932396203279, 960662.149306720704772 ] ] } },
{ "type": "Feature", "properties": { "osmid": "840850818", "name": "nan", "highway": "residential", "oneway": "False" }, "geometry": { "type": "LineString", "coordinates": [ [ 710261.277761830599047, 960398.846937475609593 ], [ 710251.336960353655741, 960399.150837473804131 ], [ 710232.007555813994259, 960397.20616728044115 ], [ 710217.219136304687709, 960394.045463246526197 ], [ 710204.238463339395821, 960381.624144696281292 ], [ 710200.452405552146956, 960375.001229610759765 ] ] } },
{ "type": "Feature", "properties": { "osmid": "175020701", "name": "nan", "highway": "residential", "oneway": "False" }, "geometry": { "type": "LineString", "coordinates": [ [ 709947.934753607492894, 960435.565294621163048 ], [ 709968.638328690314665, 960440.027755617280491 ], [ 709997.564930360764265, 960442.131208936916664 ], [ 710072.658924905234016, 960454.300892082392238 ] ] } },
{ "type": "Feature", "properties": { "osmid": "285067930", "name": "MC Road(SH-1)", "highway": "primary", "oneway": "False" }, "geometry": { "type": "LineString", "coordinates": [ [ 709947.934753607492894, 960435.565294621163048 ], [ 709951.704771391581744, 960419.124436076381244 ], [ 709957.70173558825627, 960393.225956527632661 ], [ 709962.712302712840028, 960373.052480049431324 ], [ 709969.40468670183327, 960348.949494688422419 ], [ 709975.459213975002058, 960331.303338762023486 ] ] } },
{ "type": "Feature", "properties": { "osmid": "285067930", "name": "MC Road(SH-1)", "highway": "primary", "oneway": "False" }, "geometry": { "type": "LineString", "coordinates": [ [ 709947.934753607492894, 960435.565294621163048 ], [ 709939.724977440200746, 960470.302009245147929 ], [ 709935.082325545372441, 960487.357933403807692 ], [ 709929.091871001059189, 960503.212413376895711 ], [ 709921.453376553254202, 960518.472333214711398 ], [ 709910.820133607136086, 960536.095457236166112 ], [ 709899.797346076695248, 960550.199000252992846 ], [ 709854.616343135945499, 960604.472796295769513 ], [ 709837.651059149764478, 960629.287377858301625 ], [ 709827.729581077350304, 960645.46500605752226 ], [ 709818.024965746561065, 960660.106148884631693 ], [ 709811.145806433400139, 960679.783511902554892 ], [ 709805.18292737705633, 960696.733241701032966 ] ] } },
{ "type": "Feature", "properties": { "osmid": [ 1306062971, 175020701 ], "name": "nan", "highway": "residential", "oneway": "False" }, "geometry": { "type": "LineString", "coordinates": [ [ 710072.658924905234016, 960454.300892082392238 ], [ 710074.350559617974795, 960468.103366458206438 ], [ 710082.737841869122349, 960474.660934570012614 ], [ 710127.334337366046384, 960499.409270725795068 ], [ 710178.623155291075818, 960554.721723976894282 ], [ 710202.022684855735861, 960587.726083927438594 ], [ 710221.488659445894882, 960610.611294061294757 ], [ 710262.329840582679026, 960653.183475661324337 ], [ 710320.66379161097575, 960714.825816595228389 ], [ 710330.518320563365705, 960720.705023243324831 ], [ 710342.844683014322072, 960714.417725322768092 ], [ 710352.609329776256345, 960698.825659403461032 ], [ 710364.245926523115486, 960687.446490614092909 ], [ 710376.534062993247062, 960684.377971614012495 ], [ 710388.144313203636557, 960686.958584895008244 ], [ 710420.439593220828101, 960710.74930319422856 ], [ 710448.464943787781522, 960740.934327285387553 ], [ 710453.352741064038128, 960753.879092762130313 ], [ 710463.163634780561551, 960796.770701320027001 ], [ 710474.381699187797494, 960818.176452588173561 ], [ 710486.200230837450363, 960836.189284210209735 ], [ 710507.892695097951218, 960854.04176914691925 ], [ 710519.059908949071541, 960859.341384968371131 ], [ 710524.922147544799373, 960868.939376037335023 ], [ 710532.788312688469887, 960893.668887359090149 ] ] } },
{ "type": "Feature", "properties": { "osmid": "175020701", "name": "nan", "highway": "residential", "oneway": "False" }, "geometry": { "type": "LineString", "coordinates": [ [ 710072.658924905234016, 960454.300892082392238 ], [ 709997.564930360764265, 960442.131208936916664 ], [ 709968.638328690314665, 960440.027755617280491 ], [ 709947.934753607492894, 960435.565294621163048 ] ] } },
{ "type": "Feature", "properties": { "osmid": "840851300", "name": "nan", "highway": "residential", "oneway": "False" }, "geometry": { "type": "LineString", "coordinates": [ [ 710072.658924905234016, 960454.300892082392238 ], [ 710133.860732430359349, 960455.825769665883854 ], [ 710134.487599396845326, 960444.999502334161662 ], [ 710138.002919340040535, 960411.38957330037374 ], [ 710148.885130097391084, 960403.369306354434229 ], [ 710200.452405552146956, 960375.001229610759765 ] ] } },
{ "type": "Feature", "properties": { "osmid": "175020729", "name": "nan", "highway": "residential", "oneway": "False" }, "geometry": { "type": "LineString", "coordinates": [ [ 709728.619726101285778, 960652.864811880746856 ], [ 709740.901934009161778, 960664.098859337624162 ], [ 709748.224348190939054, 960672.288136921124533 ], [ 709775.791036708746105, 960688.698473952012137 ], [ 709788.47303257510066, 960692.655951680615544 ] ] } },
{ "type": "Feature", "properties": { "osmid": "175020729", "name": "nan", "highway": "residential", "oneway": "False" }, "geometry": { "type": "LineString", "coordinates": [ [ 709728.619726101285778, 960652.864811880746856 ], [ 709711.784011263865978, 960665.058680355781689 ], [ 709701.491651278687641, 960674.011175065534189 ], [ 709693.688501260709018, 960684.82348358433228 ], [ 709679.232561317738146, 960698.754944060579874 ], [ 709665.194935495266691, 960712.677447768975981 ], [ 709651.313741171150468, 960721.755718833650462 ], [ 709636.945092623122036, 960727.081630568369292 ], [ 709631.547613182687201, 960732.286692677414976 ], [ 709630.367760020541027, 960743.663245486677624 ], [ 709633.594966990989633, 960754.17700518714264 ], [ 709636.824390486232005, 960759.86787896847818 ], [ 709645.865759260253981, 960761.107970467070118 ], [ 709646.40653891582042, 960780.53501995827537 ], [ 709640.687436851905659, 960797.176253619138151 ], [ 709634.372542562778108, 960816.292312580044381 ], [ 709630.935849774396047, 960827.757080771843903 ], [ 709624.806508694775403, 960838.42293931171298 ], [ 709614.417655756929889, 960853.447826259653084 ], [ 709607.487744266400114, 960870.105099745327607 ], [ 709598.032169253798202, 960879.017562247347087 ], [ 709584.893311588093638, 960887.137203276972286 ], [ 709572.470484959892929, 960890.758336981409229 ], [ 709564.461043274379335, 960894.445890674600378 ], [ 709559.571673218510114, 960901.489748427877203 ], [ 709542.285716097801924, 960931.037179255741648 ] ] } },
{ "type": "Feature", "properties": { "osmid": "175021132", "name": "nan", "highway": "tertiary", "oneway": "False" }, "geometry": { "type": "LineString", "coordinates": [ [ 709542.285716097801924, 960931.037179255741648 ], [ 709530.501456529018469, 960936.818558304337785 ] ] } },
{ "type": "Feature", "properties": { "osmid": "175020729", "name": "nan", "highway": "residential", "oneway": "False" }, "geometry": { "type": "LineString", "coordinates": [ [ 709542.285716097801924, 960931.037179255741648 ], [ 709559.571673218510114, 960901.489748427877203 ], [ 709564.461043274379335, 960894.445890674600378 ], [ 709572.470484959892929, 960890.758336981409229 ], [ 709584.893311588093638, 960887.137203276972286 ], [ 709598.032169253798202, 960879.017562247347087 ], [ 709607.487744266400114, 960870.105099745327607 ], [ 709614.417655756929889, 960853.447826259653084 ], [ 709624.806508694775403, 960838.42293931171298 ], [ 709630.935849774396047, 960827.757080771843903 ], [ 709634.372542562778108, 960816.292312580044381 ], [ 709640.687436851905659, 960797.176253619138151 ], [ 709646.40653891582042, 960780.53501995827537 ], [ 709645.865759260253981, 960761.107970467070118 ], [ 709636.824390486232005, 960759.86787896847818 ], [ 709633.594966990989633, 960754.17700518714264 ], [ 709630.367760020541027, 960743.663245486677624 ], [ 709631.547613182687201, 960732.286692677414976 ], [ 709636.945092623122036, 960727.081630568369292 ], [ 709651.313741171150468, 960721.755718833650462 ], [ 709665.194935495266691, 960712.677447768975981 ], [ 709679.232561317738146, 960698.754944060579874 ], [ 709693.688501260709018, 960684.82348358433228 ], [ 709701.491651278687641, 960674.011175065534189 ], [ 709711.784011263865978, 960665.058680355781689 ], [ 709728.619726101285778, 960652.864811880746856 ] ] } },
{ "type": "Feature", "properties": { "osmid": "843991667", "name": "nan", "highway": "tertiary", "oneway": "False" }, "geometry": { "type": "LineString", "coordinates": [ [ 709542.285716097801924, 960931.037179255741648 ], [ 709560.648596520419233, 960934.702346791280434 ], [ 709616.062711536302231, 960977.302791374735534 ], [ 709659.6889777231263, 961000.098958687623963 ], [ 709723.404340276145376, 961024.721808485570364 ] ] } },
{ "type": "Feature", "properties": { "osmid": "175020746", "name": "Alanthara-Kottukunnam Road", "highway": "tertiary", "oneway": "False" }, "geometry": { "type": "LineString", "coordinates": [ [ 709570.711798788513988, 961129.073602561024018 ], [ 709666.006064031855203, 961136.012577014393173 ], [ 709691.954238126054406, 961137.138582594692707 ] ] } },
{ "type": "Feature", "properties": { "osmid": "175020746", "name": "Alanthara-Kottukunnam Road", "highway": "tertiary", "oneway": "False" }, "geometry": { "type": "LineString", "coordinates": [ [ 709570.711798788513988, 961129.073602561024018 ], [ 709469.190779237775132, 961191.659450440783985 ], [ 709450.069851928506978, 961242.524592265137471 ], [ 709424.397756231017411, 961239.043971915729344 ], [ 709378.368806200684048, 961304.618777663912624 ] ] } },
{ "type": "Feature", "properties": { "osmid": "1305865164", "name": "nan", "highway": "residential", "oneway": "False" }, "geometry": { "type": "LineString", "coordinates": [ [ 709570.711798788513988, 961129.073602561024018 ], [ 709548.884108278434724, 961092.106381335877813 ], [ 709395.448738812236115, 961044.224097839440219 ] ] } },
{ "type": "Feature", "properties": { "osmid": "175020700", "name": "Venjarammoodu Bypass", "highway": "secondary", "oneway": "False" }, "geometry": { "type": "LineString", "coordinates": [ [ 711963.441622602520511, 961200.865973918931559 ], [ 711953.709711389034055, 961188.239210391999222 ], [ 711948.363632999360561, 961163.776456680265255 ], [ 711935.383010686025955, 961108.15798268886283 ], [ 711912.090188048197888, 961078.28331254015211 ], [ 711895.870003178017214, 961068.842601223383099 ] ] } },
{ "type": "Feature", "properties": { "osmid": "843986204", "name": "nan", "highway": "secondary", "oneway": "False" }, "geometry": { "type": "LineString", "coordinates": [ [ 711963.441622602520511, 961200.865973918931559 ], [ 711996.119189901044592, 961281.318861838779412 ], [ 711988.427988731884398, 961328.447422002675012 ], [ 711948.459132422343828, 961437.33603352191858 ], [ 711902.859593297820538, 961504.172129734768532 ] ] } },
{ "type": "Feature", "properties": { "osmid": "175020706", "name": "nan", "highway": "residential", "oneway": "False" }, "geometry": { "type": "LineString", "coordinates": [ [ 710193.995308413752355, 961204.432156149297953 ], [ 710137.657089110696688, 961212.134806328685954 ], [ 710062.972962834872305, 961223.760518214548938 ], [ 710037.998600024380721, 961201.931636352208443 ], [ 710012.300905743613839, 961179.479676879476756 ], [ 709979.52445401600562, 961142.003476359997876 ], [ 709952.213488639565185, 961070.495814898051322 ], [ 709941.904479331686161, 960999.66003281972371 ], [ 709939.869586033048108, 960988.455339592066593 ], [ 709919.892066853004508, 960966.629601336433552 ], [ 709887.110632980358787, 960925.713316627079621 ], [ 709832.183030743268318, 960908.955055752885528 ], [ 709759.429763588821515, 960886.753381744143553 ] ] } },
{ "type": "Feature", "properties": { "osmid": [ 175021064, 175021093, 175021078 ], "name": "nan", "highway": [ "unclassified", "residential" ], "oneway": "False" }, "geometry": { "type": "LineString", "coordinates": [ [ 710193.995308413752355, 961204.432156149297953 ], [ 710275.615098911337554, 961214.378824313404039 ], [ 710302.897094859508798, 961223.841434657922946 ], [ 710330.545347128761932, 961230.518355524749495 ], [ 710423.588960767025128, 961295.223259964492172 ], [ 710432.067352934391238, 961301.128766991081648 ], [ 710472.133573685772717, 961331.308301666402258 ], [ 710533.606584739522077, 961405.323058654903434 ], [ 710553.4217836225871, 961424.316585461609066 ], [ 710574.243910827906802, 961442.253283276222646 ], [ 710584.352431498584338, 961452.28203769295942 ], [ 710589.422920049866661, 961459.530972097534686 ], [ 710607.916181060951203, 961480.918259884230793 ], [ 710620.72235273104161, 961505.993578348658048 ], [ 710626.171610009507276, 961525.412363673211075 ], [ 710631.903271314688027, 961552.111212592571974 ], [ 710635.141672180150636, 961577.76872325479053 ], [ 710646.725215964834206, 961613.899639561655931 ], [ 710655.575419322703965, 961626.798123411252163 ], [ 710682.140741836628877, 961649.509427369222976 ], [ 710697.779667269787751, 961662.873645791434683 ], [ 710700.245474108960479, 961664.987843997310847 ], [ 710719.573714846861549, 961686.644919283920899 ], [ 710750.501860214979388, 961725.926737038535066 ], [ 710771.297697182628326, 961764.250286779832095 ], [ 710786.396521560614929, 961801.693286985042505 ], [ 710793.205303300637752, 961841.71600701706484 ] ] } },
{ "type": "Feature", "properties": { "osmid": "1306062972", "name": "nan", "highway": "residential", "oneway": "False" }, "geometry": { "type": "LineString", "coordinates": [ [ 710193.995308413752355, 961204.432156149297953 ], [ 710187.685916751041077, 961152.520858187228441 ], [ 710176.960085696424358, 961098.961236876086332 ], [ 710166.842331069405191, 961038.303062472958118 ], [ 710133.480760788428597, 960970.581040423247032 ], [ 710145.302238472970203, 960944.324753182125278 ], [ 710186.239081567968242, 960858.614577579894103 ], [ 710173.989578572567552, 960845.289857804193161 ], [ 710156.875029373448342, 960825.41422007267829 ], [ 710140.521370058064349, 960809.624200931633823 ], [ 710107.138257321203128, 960785.463201259612106 ], [ 710076.607603620621376, 960765.332002655835822 ], [ 710043.462762975599617, 960744.114686520304531 ], [ 709987.353848333703354, 960747.703866587136872 ], [ 709932.785196417011321, 960753.623828558484092 ], [ 709894.523762052878737, 960762.712106557213701 ], [ 709883.515300700091757, 960767.413262462359853 ], [ 709872.761995936161838, 960771.717482788371854 ], [ 709856.599520623218268, 960739.778476260369644 ] ] } },
{ "type": "Feature", "properties": { "osmid": "1305865158", "name": "nan", "highway": "residential", "oneway": "False" }, "geometry": { "type": "LineString", "coordinates": [ [ 709378.368806200684048, 961304.618777663912624 ], [ 709376.055379746714607, 961364.207492930581793 ] ] } },
{ "type": "Feature", "properties": { "osmid": "175020746", "name": "Alanthara-Kottukunnam Road", "highway": "tertiary", "oneway": "False" }, "geometry": { "type": "LineString", "coordinates": [ [ 709378.368806200684048, 961304.618777663912624 ], [ 709424.397756231017411, 961239.043971915729344 ], [ 709450.069851928506978, 961242.524592265137471 ], [ 709469.190779237775132, 961191.659450440783985 ], [ 709570.711798788513988, 961129.073602561024018 ] ] } },
{ "type": "Feature", "properties": { "osmid": "175020755", "name": "nan", "highway": "residential", "oneway": "False" }, "geometry": { "type": "LineString", "coordinates": [ [ 709739.197595208650455, 961677.087619884405285 ], [ 709819.496449653059244, 961630.003830286557786 ], [ 709878.878659849986434, 961616.564123667078093 ], [ 709990.36053688521497, 961632.656211071531288 ], [ 710085.454216938233003, 961681.375533136771992 ], [ 710144.576593400444835, 961712.945058770477772 ], [ 710174.309849086217582, 961714.245394239551388 ], [ 710244.44190250756219, 961703.725402411771938 ], [ 710258.01319750235416, 961703.694302741088904 ], [ 710268.421925626927987, 961710.936936480342411 ], [ 710268.696528789470904, 961748.138934926129878 ], [ 710273.712139117531478, 961753.175204032449983 ], [ 710312.349442001548596, 961756.710790749406442 ], [ 710347.602011796669103, 961763.558916071313433 ], [ 710382.829227348905988, 961775.428976400522515 ], [ 710401.193403787561692, 961800.565462790429592 ], [ 710407.758094362332486, 961832.323683178517967 ], [ 710425.96795828291215, 961885.832785808946937 ], [ 710430.444004066172056, 961997.711754721938632 ], [ 710416.853603483526967, 962027.697885597823188 ], [ 710364.60932356165722, 962057.488844374660403 ], [ 710365.00052465905901, 962089.00572267442476 ], [ 710367.662794756004587, 962117.602706825127825 ] ] } },
{ "type": "Feature", "properties": { "osmid": "175021073", "name": "nan", "highway": "residential", "oneway": "False" }, "geometry": { "type": "LineString", "coordinates": [ [ 709739.197595208650455, 961677.087619884405285 ], [ 709749.978502721874975, 961691.311910670134239 ], [ 709753.658730145078152, 961705.821262374287471 ], [ 709755.664495268487372, 961720.620854529668577 ], [ 709759.39930200856179, 961735.218976267729886 ], [ 709762.780663195648231, 961752.248895311029628 ], [ 709764.081339246127754, 961775.927490033442155 ], [ 709763.001049644313753, 961791.5633040611865 ], [ 709756.288747835671529, 961810.909628809662536 ] ] } },
{ "type": "Feature", "properties": { "osmid": "175021073", "name": "nan", "highway": "residential", "oneway": "False" }, "geometry": { "type": "LineString", "coordinates": [ [ 709739.197595208650455, 961677.087619884405285 ], [ 709723.657826390815899, 961665.848173025413416 ], [ 709713.759335566894151, 961664.371412212378345 ] ] } },
{ "type": "Feature", "properties": { "osmid": "175021029", "name": "nan", "highway": "residential", "oneway": "False" }, "geometry": { "type": "LineString", "coordinates": [ [ 710793.205303300637752, 961841.71600701706484 ], [ 710773.074850159464404, 961852.476847176905721 ], [ 710760.569290307350457, 961859.415699235280044 ], [ 710757.358427675440907, 961865.339628641842864 ], [ 710741.338447997579351, 961864.229872032534331 ], [ 710734.544002814684063, 961860.545132895815186 ], [ 710729.108596738660708, 961864.53306835249532 ], [ 710724.33137652638834, 961871.134908200940117 ], [ 710715.539218654856086, 961875.072686598519795 ], [ 710703.78909727872815, 961880.632651675143279 ], [ 710654.557847340591252, 961899.996266503701918 ] ] } },
{ "type": "Feature", "properties": { "osmid": [ 175021064, 175021093, 175021078 ], "name": "nan", "highway": [ "residential", "unclassified" ], "oneway": "False" }, "geometry": { "type": "LineString", "coordinates": [ [ 710793.205303300637752, 961841.71600701706484 ], [ 710786.396521560614929, 961801.693286985042505 ], [ 710771.297697182628326, 961764.250286779832095 ], [ 710750.501860214979388, 961725.926737038535066 ], [ 710719.573714846861549, 961686.644919283920899 ], [ 710700.245474108960479, 961664.987843997310847 ], [ 710697.779667269787751, 961662.873645791434683 ], [ 710682.140741836628877, 961649.509427369222976 ], [ 710655.575419322703965, 961626.798123411252163 ], [ 710646.725215964834206, 961613.899639561655931 ], [ 710635.141672180150636, 961577.76872325479053 ], [ 710631.903271314688027, 961552.111212592571974 ], [ 710626.171610009507276, 961525.412363673211075 ], [ 710620.72235273104161, 961505.993578348658048 ], [ 710607.916181060951203, 961480.918259884230793 ], [ 710589.422920049866661, 961459.530972097534686 ], [ 710584.352431498584338, 961452.28203769295942 ], [ 710574.243910827906802, 961442.253283276222646 ], [ 710553.4217836225871, 961424.316585461609066 ], [ 710533.606584739522077, 961405.323058654903434 ], [ 710472.133573685772717, 961331.308301666402258 ], [ 710432.067352934391238, 961301.128766991081648 ], [ 710423.588960767025128, 961295.223259964492172 ], [ 710330.545347128761932, 961230.518355524749495 ], [ 710302.897094859508798, 961223.841434657922946 ], [ 710275.615098911337554, 961214.378824313404039 ], [ 710193.995308413752355, 961204.432156149297953 ] ] } },
{ "type": "Feature", "properties": { "osmid": "175021093", "name": "nan", "highway": "unclassified", "oneway": "False" }, "geometry": { "type": "LineString", "coordinates": [ [ 710793.205303300637752, 961841.71600701706484 ], [ 710800.07911051181145, 961916.749552651657723 ], [ 710789.898253129329532, 961936.288442546734586 ], [ 710784.343630919465795, 961961.669222621945664 ], [ 710785.452940036309883, 961988.245196630363353 ], [ 710793.595093829324469, 962040.995704424683936 ], [ 710794.973680564202368, 962060.028918468975462 ], [ 710800.110506616998464, 962102.001130008022301 ], [ 710802.023054883931763, 962111.214197518653236 ], [ 710807.583201356930658, 962119.549717819551006 ], [ 710823.005389854311943, 962121.320203480310738 ], [ 710851.62288862792775, 962123.389769119326957 ], [ 710868.018082969007082, 962126.459423690801486 ], [ 710873.397800755570643, 962146.519521808600985 ], [ 710874.56626693578437, 962165.739734969451092 ], [ 710863.249374954611994, 962194.443062500446104 ], [ 710858.775959279737435, 962212.782962116063572 ], [ 710855.794408225687221, 962232.114910221192986 ], [ 710854.561348064569756, 962245.22793056932278 ], [ 710857.120334572624415, 962259.366766003891826 ], [ 710864.167626819224097, 962267.44434629031457 ], [ 710883.695398104260676, 962280.043002409976907 ], [ 710890.495095852995291, 962300.066051965462975 ], [ 710884.836147625697777, 962330.822320189676248 ], [ 710877.458382121520117, 962353.240370172890835 ], [ 710875.453335174475797, 962364.480043295188807 ], [ 710858.741194829693995, 962413.166795644559897 ], [ 710833.55264501797501, 962449.100661377655342 ], [ 710826.867039833567105, 962469.597466473584063 ], [ 710822.774354591383599, 962510.571674037026241 ], [ 710834.689642140176147, 962544.104916075360961 ], [ 710844.918107331730425, 962569.49922253517434 ], [ 710855.359314646222629, 962598.522873641340993 ], [ 710862.160308008431457, 962633.490394174936228 ], [ 710841.294329856522381, 962687.410440058447421 ] ] } },
{ "type": "Feature", "properties": { "osmid": "175021029", "name": "nan", "highway": "residential", "oneway": "False" }, "geometry": { "type": "LineString", "coordinates": [ [ 710654.557847340591252, 961899.996266503701918 ], [ 710703.78909727872815, 961880.632651675143279 ], [ 710715.539218654856086, 961875.072686598519795 ], [ 710724.33137652638834, 961871.134908200940117 ], [ 710729.108596738660708, 961864.53306835249532 ], [ 710734.544002814684063, 961860.545132895815186 ], [ 710741.338447997579351, 961864.229872032534331 ], [ 710757.358427675440907, 961865.339628641842864 ], [ 710760.569290307350457, 961859.415699235280044 ], [ 710773.074850159464404, 961852.476847176905721 ], [ 710793.205303300637752, 961841.71600701706484 ] ] } },
{ "type": "Feature", "properties": { "osmid": "175020755", "name": "nan", "highway": "residential", "oneway": "False" }, "geometry": { "type": "LineString", "coordinates": [ [ 710367.662794756004587, 962117.602706825127825 ], [ 710365.00052465905901, 962089.00572267442476 ], [ 710364.60932356165722, 962057.488844374660403 ], [ 710416.853603483526967, 962027.697885597823188 ], [ 710430.444004066172056, 961997.711754721938632 ], [ 710425.96795828291215, 961885.832785808946937 ], [ 710407.758094362332486, 961832.323683178517967 ], [ 710401.193403787561692, 961800.565462790429592 ], [ 710382.829227348905988, 961775.428976400522515 ], [ 710347.602011796669103, 961763.558916071313433 ], [ 710312.349442001548596, 961756.710790749406442 ], [ 710273.712139117531478, 961753.175204032449983 ], [ 710268.696528789470904, 961748.138934926129878 ], [ 710268.421925626927987, 961710.936936480342411 ], [ 710258.01319750235416, 961703.694302741088904 ], [ 710244.44190250756219, 961703.725402411771938 ], [ 710174.309849086217582, 961714.245394239551388 ], [ 710144.576593400444835, 961712.945058770477772 ], [ 710085.454216938233003, 961681.375533136771992 ], [ 709990.36053688521497, 961632.656211071531288 ], [ 709878.878659849986434, 961616.564123667078093 ], [ 709819.496449653059244, 961630.003830286557786 ], [ 709739.197595208650455, 961677.087619884405285 ] ] } },
{ "type": "Feature", "properties": { "osmid": "175021093", "name": "nan", "highway": "unclassified", "oneway": "False" }, "geometry": { "type": "LineString", "coordinates": [ [ 710841.294329856522381, 962687.410440058447421 ], [ 710862.160308008431457, 962633.490394174936228 ], [ 710855.359314646222629, 962598.522873641340993 ], [ 710844.918107331730425, 962569.49922253517434 ], [ 710834.689642140176147, 962544.104916075360961 ], [ 710822.774354591383599, 962510.571674037026241 ], [ 710826.867039833567105, 962469.597466473584063 ], [ 710833.55264501797501, 962449.100661377655342 ], [ 710858.741194829693995, 962413.166795644559897 ], [ 710875.453335174475797, 962364.480043295188807 ], [ 710877.458382121520117, 962353.240370172890835 ], [ 710884.836147625697777, 962330.822320189676248 ], [ 710890.495095852995291, 962300.066051965462975 ], [ 710883.695398104260676, 962280.043002409976907 ], [ 710864.167626819224097, 962267.44434629031457 ], [ 710857.120334572624415, 962259.366766003891826 ], [ 710854.561348064569756, 962245.22793056932278 ], [ 710855.794408225687221, 962232.114910221192986 ], [ 710858.775959279737435, 962212.782962116063572 ], [ 710863.249374954611994, 962194.443062500446104 ], [ 710874.56626693578437, 962165.739734969451092 ], [ 710873.397800755570643, 962146.519521808600985 ], [ 710868.018082969007082, 962126.459423690801486 ], [ 710851.62288862792775, 962123.389769119326957 ], [ 710823.005389854311943, 962121.320203480310738 ], [ 710807.583201356930658, 962119.549717819551006 ], [ 710802.023054883931763, 962111.214197518653236 ], [ 710800.110506616998464, 962102.001130008022301 ], [ 710794.973680564202368, 962060.028918468975462 ], [ 710793.595093829324469, 962040.995704424683936 ], [ 710785.452940036309883, 961988.245196630363353 ], [ 710784.343630919465795, 961961.669222621945664 ], [ 710789.898253129329532, 961936.288442546734586 ], [ 710800.07911051181145, 961916.749552651657723 ], [ 710793.205303300637752, 961841.71600701706484 ] ] } },
{ "type": "Feature", "properties": { "osmid": "175021093", "name": "nan", "highway": "unclassified", "oneway": "False" }, "geometry": { "type": "LineString", "coordinates": [ [ 710841.294329856522381, 962687.410440058447421 ], [ 710835.687075725290924, 962692.747007745550945 ], [ 710832.527068126830272, 962699.500812424579635 ], [ 710823.87205746723339, 962715.507621468626894 ], [ 710809.125736712245271, 962738.983471385436133 ] ] } },
{ "type": "Feature", "properties": { "osmid": "175398464", "name": "nan", "highway": "tertiary", "oneway": "False" }, "geometry": { "type": "LineString", "coordinates": [ [ 710841.294329856522381, 962687.410440058447421 ], [ 710884.020946111762896, 962711.343259301967919 ], [ 710895.915834394516423, 962716.28174895234406 ], [ 710916.712965672370046, 962721.597189880441874 ], [ 710930.117440395988524, 962717.505864337319508 ], [ 710950.390088931191713, 962722.066465141717345 ], [ 710986.842613680404611, 962741.730962045141496 ], [ 710995.79629841260612, 962736.300751909497194 ], [ 711060.007754837861285, 962692.821520362049341 ] ] } },
{ "type": "Feature", "properties": { "osmid": "175398464", "name": "nan", "highway": "tertiary", "oneway": "False" }, "geometry": { "type": "LineString", "coordinates": [ [ 711060.007754837861285, 962692.821520362049341 ], [ 710995.79629841260612, 962736.300751909497194 ], [ 710986.842613680404611, 962741.730962045141496 ], [ 710950.390088931191713, 962722.066465141717345 ], [ 710930.117440395988524, 962717.505864337319508 ], [ 710916.712965672370046, 962721.597189880441874 ], [ 710895.915834394516423, 962716.28174895234406 ], [ 710884.020946111762896, 962711.343259301967919 ], [ 710841.294329856522381, 962687.410440058447421 ] ] } },
{ "type": "Feature", "properties": { "osmid": "175398464", "name": "nan", "highway": "tertiary", "oneway": "False" }, "geometry": { "type": "LineString", "coordinates": [ [ 711060.007754837861285, 962692.821520362049341 ], [ 711069.467357848538086, 962711.35371703421697 ], [ 711067.975421012146398, 962727.750784515519626 ], [ 711061.924012864357792, 962755.562626663828269 ], [ 711075.405321709346026, 962792.765390638145618 ], [ 711077.583337139571086, 962816.891130943899043 ], [ 711079.836820176802576, 962823.959977017133497 ], [ 711072.904383983579464, 962830.163678424549289 ], [ 711044.81853529298678, 962847.067508604493923 ], [ 711032.17474785563536, 962868.286291152820922 ], [ 711036.383367141941562, 962889.170154056046158 ], [ 711056.070996712194756, 962939.634280408499762 ], [ 711057.677328322315589, 962959.288159814779647 ], [ 711055.912360760383308, 962983.946997951599769 ], [ 711053.973065123776905, 963032.133375141071156 ], [ 711062.845831111888401, 963053.50549408630468 ] ] } },
{ "type": "Feature", "properties": { "osmid": "957105653", "name": "nan", "highway": "residential", "oneway": "False" }, "geometry": { "type": "LineString", "coordinates": [ [ 711060.007754837861285, 962692.821520362049341 ], [ 711078.374169015092775, 962658.722635741345584 ], [ 711084.51894776627887, 962627.692284858319908 ], [ 711092.9001859202981, 962607.093474419903941 ], [ 711099.700678334804252, 962598.698865142185241 ], [ 711107.643425562069751, 962586.438420909689739 ], [ 711112.975953025510535, 962570.171438846969977 ], [ 711121.30498546268791, 962525.13687180459965 ], [ 711126.903040120378137, 962504.258468932705 ], [ 711133.116647881455719, 962490.053445506026037 ] ] } },
{ "type": "Feature", "properties": { "osmid": "175021142", "name": "Vamanapuram Aramthanam Road - Venjarammoodu Bypass", "highway": "secondary", "oneway": "False" }, "geometry": { "type": "LineString", "coordinates": [ [ 711600.073590800631791, 962878.359094786108471 ], [ 711579.30926337861456, 962808.132694088038988 ], [ 711575.988266562926583, 962790.22885800874792 ], [ 711585.799292413285002, 962763.387436542892829 ], [ 711612.959142114385031, 962714.355679804342799 ], [ 711632.862730886787176, 962685.419560498790815 ] ] } },
{ "type": "Feature", "properties": { "osmid": [ 175020825, 175021142 ], "name": [ "Vamanapuram Aramthanam Road - Venjarammoodu Bypass", "Vamanapuram Aramthanam Road" ], "highway": "secondary", "oneway": "False" }, "geometry": { "type": "LineString", "coordinates": [ [ 711600.073590800631791, 962878.359094786108471 ], [ 711612.538130399654619, 962890.302846442442387 ], [ 711629.95520365331322, 962952.105286264559254 ], [ 711615.593077320838347, 962982.186796765308827 ], [ 711601.773883756017312, 963000.733589460491203 ], [ 711561.534110461361706, 963011.679362538969144 ], [ 711547.345287156640552, 963031.496396261849441 ], [ 711526.30246944387909, 963050.736570728477091 ], [ 711475.478363837813959, 963082.623945027939044 ], [ 711448.186138603603467, 963105.781460221041925 ], [ 711418.298051431076601, 963109.12516023311764 ], [ 711388.376781681901775, 963114.670011918991804 ], [ 711365.582859600428492, 963125.483313426142558 ], [ 711341.724831093568355, 963148.614072818076238 ], [ 711323.247042448609136, 963195.95326460886281 ], [ 711314.838232807582244, 963204.627268595155329 ], [ 711193.902824740041979, 963202.177112015080638 ], [ 711044.817964923218824, 963198.843408768065274 ] ] } },
{ "type": "Feature", "properties": { "osmid": "843986203", "name": "nan", "highway": "unclassified", "oneway": "False" }, "geometry": { "type": "LineString", "coordinates": [ [ 711600.073590800631791, 962878.359094786108471 ], [ 711636.808177114813589, 962874.95073361042887 ], [ 711676.257762350840494, 962883.071566848200746 ], [ 711761.567227260442451, 962904.899001273093745 ], [ 711851.730404803296551, 962915.921795007889159 ] ] } },
{ "type": "Feature", "properties": { "osmid": "1306062976", "name": "nan", "highway": "unclassified", "oneway": "False" }, "geometry": { "type": "LineString", "coordinates": [ [ 711600.073590800631791, 962878.359094786108471 ], [ 711469.959971356205642, 962905.806020328309387 ], [ 711373.262252308777533, 962922.339044896769337 ], [ 711278.052065260475501, 962955.914999764529057 ], [ 711218.674631561618298, 962988.113233592361212 ], [ 711156.182541862595826, 963020.306793353636749 ], [ 711062.845831111888401, 963053.50549408630468 ] ] } },
{ "type": "Feature", "properties": { "osmid": "175020790", "name": "Vamanapuram Aramthanam Road", "highway": "secondary", "oneway": "False" }, "geometry": { "type": "LineString", "coordinates": [ [ 711044.817964923218824, 963198.843408768065274 ], [ 710973.51946117519401, 963192.331549739115871 ], [ 710937.077755768084899, 963185.819487307569943 ], [ 710907.081431889208034, 963177.979523572954349 ], [ 710894.260844178963453, 963179.817179831210524 ], [ 710878.476703280699439, 963184.394205901771784 ], [ 710856.321243388578296, 963195.233106979634613 ], [ 710843.186400590813719, 963204.790305082336999 ] ] } },
{ "type": "Feature", "properties": { "osmid": [ 175020825, 175021142 ], "name": [ "Vamanapuram Aramthanam Road - Venjarammoodu Bypass", "Vamanapuram Aramthanam Road" ], "highway": "secondary", "oneway": "False" }, "geometry": { "type": "LineString", "coordinates": [ [ 711044.817964923218824, 963198.843408768065274 ], [ 711193.902824740041979, 963202.177112015080638 ], [ 711314.838232807582244, 963204.627268595155329 ], [ 711323.247042448609136, 963195.95326460886281 ], [ 711341.724831093568355, 963148.614072818076238 ], [ 711365.582859600428492, 963125.483313426142558 ], [ 711388.376781681901775, 963114.670011918991804 ], [ 711418.298051431076601, 963109.12516023311764 ], [ 711448.186138603603467, 963105.781460221041925 ], [ 711475.478363837813959, 963082.623945027939044 ], [ 711526.30246944387909, 963050.736570728477091 ], [ 711547.345287156640552, 963031.496396261849441 ], [ 711561.534110461361706, 963011.679362538969144 ], [ 711601.773883756017312, 963000.733589460491203 ], [ 711615.593077320838347, 962982.186796765308827 ], [ 711629.95520365331322, 962952.105286264559254 ], [ 711612.538130399654619, 962890.302846442442387 ], [ 711600.073590800631791, 962878.359094786108471 ] ] } },
{ "type": "Feature", "properties": { "osmid": "175398464", "name": "nan", "highway": "tertiary", "oneway": "False" }, "geometry": { "type": "LineString", "coordinates": [ [ 711044.817964923218824, 963198.843408768065274 ], [ 711055.676721763447858, 963158.478700099396519 ], [ 711067.817493409151211, 963112.733400458935648 ], [ 711071.210033224662766, 963090.516408307361417 ], [ 711067.934605124057271, 963065.765637444215827 ], [ 711062.845831111888401, 963053.50549408630468 ] ] } },
{ "type": "Feature", "properties": { "osmid": [ 175020996, 175020790 ], "name": [ "Vamanapuram Aramthanam Road - Venjarammoodu Bypass", "Vamanapuram Aramthanam Road" ], "highway": "secondary", "oneway": "False" }, "geometry": { "type": "LineString", "coordinates": [ [ 710677.912941026967019, 963253.377270212862641 ], [ 710690.136388532817364, 963249.910451353527606 ], [ 710719.910082524875179, 963245.194025965291075 ], [ 710729.86662194004748, 963243.828536854474805 ], [ 710749.998956634663045, 963239.096495121368207 ], [ 710798.895110657787882, 963229.123070537461899 ], [ 710815.359123639995232, 963225.036182151525281 ], [ 710843.186400590813719, 963204.790305082336999 ] ] } },
{ "type": "Feature", "properties": { "osmid": "175020996", "name": "Vamanapuram Aramthanam Road - Venjarammoodu Bypass", "highway": "secondary", "oneway": "False" }, "geometry": { "type": "LineString", "coordinates": [ [ 710677.912941026967019, 963253.377270212862641 ], [ 710662.91794545063749, 963267.316616025753319 ], [ 710646.52508867601864, 963296.492001758888364 ], [ 710632.915970349917188, 963330.183618668583222 ], [ 710625.292124747065827, 963349.071706442395225 ], [ 710600.86554929218255, 963395.49596783274319 ], [ 710585.350372434477322, 963405.671693236799911 ] ] } },
{ "type": "Feature", "properties": { "osmid": "843986200", "name": "nan", "highway": "unclassified", "oneway": "False" }, "geometry": { "type": "LineString", "coordinates": [ [ 710677.912941026967019, 963253.377270212862641 ], [ 710661.423957048566081, 963236.313984323525801 ], [ 710622.971582585596479, 963196.507173634599894 ], [ 710519.389437422971241, 963146.968422103556804 ], [ 710439.195585550623946, 963149.626960659632459 ], [ 710365.077380647882819, 963169.672243615961634 ], [ 710321.901085859397426, 963169.454022337333299 ], [ 710298.193205018294975, 963182.619372073793784 ] ] } },
{ "type": "Feature", "properties": { "osmid": "175020996", "name": "Vamanapuram Aramthanam Road - Venjarammoodu Bypass", "highway": "secondary", "oneway": "False" }, "geometry": { "type": "LineString", "coordinates": [ [ 709429.544015509542078, 963562.478018485475332 ], [ 709505.418407846125774, 963556.200921264244244 ], [ 709566.072372312657535, 963556.296253814711235 ], [ 709644.48537998017855, 963579.179791742935777 ], [ 709725.886518083629198, 963611.879239255096763 ], [ 709734.176980079617351, 963615.670959086506628 ] ] } },
{ "type": "Feature", "properties": { "osmid": "285067930", "name": "MC Road(SH-1)", "highway": "primary", "oneway": "False" }, "geometry": { "type": "LineString", "coordinates": [ [ 709429.544015509542078, 963562.478018485475332 ], [ 709431.410809520166367, 963528.339962992700748 ], [ 709431.964081287616864, 963505.887506934348494 ], [ 709431.077263466897421, 963476.53636566712521 ], [ 709429.482206952758133, 963450.135132535477169 ], [ 709425.882815421093255, 963382.43050673045218 ], [ 709424.687504905508831, 963342.204171177349053 ], [ 709423.279586978838779, 963307.043022615136579 ], [ 709424.256597218103707, 963279.117163539165631 ], [ 709429.197094426606782, 963237.815540416049771 ] ] } },
{ "type": "Feature", "properties": { "osmid": "1343676297", "name": "MC Road(SH-1)", "highway": "primary", "oneway": "False" }, "geometry": { "type": "LineString", "coordinates": [ [ 709429.544015509542078, 963562.478018485475332 ], [ 709428.011306241969578, 963576.164681127178483 ], [ 709423.953237302484922, 963599.58398356824182 ], [ 709422.096956191817299, 963620.702476149890572 ] ] } },
{ "type": "Feature", "properties": { "osmid": "175020996", "name": "Vamanapuram Aramthanam Road - Venjarammoodu Bypass", "highway": "secondary", "oneway": "False" }, "geometry": { "type": "LineString", "coordinates": [ [ 709923.842830147361383, 963642.191319763078354 ], [ 709973.433643058990128, 963644.87519586016424 ], [ 710055.720002159941941, 963656.971834840020165 ], [ 710119.292873258469626, 963663.155638820840977 ], [ 710155.105093603953719, 963643.856835899059661 ], [ 710177.286520617431961, 963623.427256086608395 ], [ 710198.815725439693779, 963601.390435355133377 ], [ 710223.77298648096621, 963589.226956726168282 ], [ 710246.370281081879511, 963573.633483759826049 ], [ 710270.005832184455357, 963557.315192116773687 ], [ 710315.246005905559286, 963534.546510177780874 ], [ 710372.98770676611457, 963512.073378290049732 ], [ 710397.307910256786272, 963501.853627929463983 ], [ 710416.698404647526331, 963482.726368417148478 ], [ 710458.54841139819473, 963451.345677653094754 ], [ 710495.389578088419512, 963433.235906748101115 ], [ 710520.732852303306572, 963429.658443106687628 ], [ 710569.349321445915848, 963416.165754893096164 ], [ 710585.350372434477322, 963405.671693236799911 ] ] } },
{ "type": "Feature", "properties": { "osmid": "175020996", "name": "Vamanapuram Aramthanam Road - Venjarammoodu Bypass", "highway": "secondary", "oneway": "False" }, "geometry": { "type": "LineString", "coordinates": [ [ 709923.842830147361383, 963642.191319763078354 ], [ 709875.509250185568817, 963660.818723999429494 ], [ 709855.887063225498423, 963671.405346020357683 ], [ 709734.176980079617351, 963615.670959086506628 ] ] } },
{ "type": "Feature", "properties": { "osmid": "843986200", "name": "nan", "highway": "unclassified", "oneway": "False" }, "geometry": { "type": "LineString", "coordinates": [ [ 709923.842830147361383, 963642.191319763078354 ], [ 709894.578363065607846, 963515.54178183991462 ], [ 709900.906480989186093, 963482.897380486014299 ], [ 709910.653616050025448, 963470.656983782770112 ] ] } },
{ "type": "Feature", "properties": { "osmid": "175021073", "name": "nan", "highway": "residential", "oneway": "False" }, "geometry": { "type": "LineString", "coordinates": [ [ 709718.950225083855912, 961899.259595312178135 ], [ 709735.71644612995442, 961870.174260299885646 ], [ 709756.288747835671529, 961810.909628809662536 ] ] } },
{ "type": "Feature", "properties": { "osmid": "285067930", "name": "MC Road(SH-1)", "highway": "primary", "oneway": "False" }, "geometry": { "type": "LineString", "coordinates": [ [ 709718.950225083855912, 961899.259595312178135 ], [ 709718.293672880390659, 961837.25544639932923 ], [ 709717.094813110656105, 961771.465468900278211 ], [ 709716.36166256677825, 961737.801020173821598 ], [ 709714.578857570537366, 961702.748578418861143 ], [ 709714.035697075305507, 961677.259684944641776 ] ] } },
{ "type": "Feature", "properties": { "osmid": "285067930", "name": "MC Road(SH-1)", "highway": "primary", "oneway": "False" }, "geometry": { "type": "LineString", "coordinates": [ [ 709718.950225083855912, 961899.259595312178135 ], [ 709719.495005710516125, 961963.785252467729151 ], [ 709719.996665827464312, 962001.884284603409469 ], [ 709718.126960724475794, 962021.288164379191585 ], [ 709713.575044127530418, 962037.835686373175122 ], [ 709710.610060333739966, 962049.612539413850754 ], [ 709704.725618656026199, 962066.308218349702656 ], [ 709699.669684324297123, 962078.030300701153465 ] ] } },
{ "type": "Feature", "properties": { "osmid": "175021093", "name": "nan", "highway": "unclassified", "oneway": "False" }, "geometry": { "type": "LineString", "coordinates": [ [ 709561.06374414509628, 962620.882571693393402 ], [ 709581.056895056506619, 962626.314930819673464 ], [ 709597.927316565299407, 962633.324467333615758 ], [ 709653.725648200372234, 962651.547445411444642 ], [ 709673.758291083504446, 962625.08915951102972 ], [ 709713.318216925603338, 962637.566865819855593 ], [ 709755.512025139527395, 962649.372056586667895 ], [ 709808.603127134265378, 962674.074849966797046 ], [ 709827.042827328317799, 962684.178617441211827 ], [ 709889.01392576424405, 962724.567551848827861 ], [ 709935.92165034241043, 962753.177349224337377 ], [ 709977.838991615455598, 962771.762247705832124 ], [ 709977.73796188691631, 962791.79451893386431 ], [ 709957.255020032753237, 962855.130197369609959 ], [ 710019.337865885696374, 962875.476128757349215 ], [ 710047.805783865391277, 962893.982223041122779 ], [ 710093.158213887480088, 962899.222043142421171 ], [ 710131.707580489572138, 962917.779086474562064 ], [ 710182.01646143454127, 962939.736190516268834 ], [ 710230.750989191932604, 962939.982284133788198 ], [ 710255.527377729769796, 962946.268808211199939 ] ] } },
{ "type": "Feature", "properties": { "osmid": "285067930", "name": "MC Road(SH-1)", "highway": "primary", "oneway": "False" }, "geometry": { "type": "LineString", "coordinates": [ [ 709561.06374414509628, 962620.882571693393402 ], [ 709575.334674078272656, 962577.99075524113141 ], [ 709580.114914366509765, 962555.426823903806508 ], [ 709585.830243374453858, 962530.765875385841355 ], [ 709585.967168366536498, 962505.745001913397573 ], [ 709586.242929585743695, 962475.005929247010499 ], [ 709588.209189606597647, 962458.279474178794771 ], [ 709589.674285035114735, 962449.28262431116309 ], [ 709592.769178212038241, 962431.367185144918039 ], [ 709596.221469138283283, 962416.794177318923175 ], [ 709618.581209304509684, 962360.967686575371772 ], [ 709627.422156716231257, 962340.725021258112974 ], [ 709632.166479376377538, 962323.116547316662036 ], [ 709640.571235415758565, 962282.385417097131722 ], [ 709649.144908812362701, 962236.522506637033075 ], [ 709655.32359007850755, 962205.094123584334739 ], [ 709661.353095853002742, 962179.251148295472376 ], [ 709666.581318250158802, 962161.72253957146313 ], [ 709672.176254236721434, 962143.498889006208628 ], [ 709678.378282111836597, 962129.30475309677422 ], [ 709684.056637287023477, 962114.189860465587117 ], [ 709698.22189995739609, 962081.396833507460542 ], [ 709699.669684324297123, 962078.030300701153465 ] ] } },
{ "type": "Feature", "properties": { "osmid": "285067930", "name": "MC Road(SH-1)", "highway": "primary", "oneway": "False" }, "geometry": { "type": "LineString", "coordinates": [ [ 709561.06374414509628, 962620.882571693393402 ], [ 709556.27329534268938, 962634.54178401210811 ], [ 709552.035519777215086, 962643.358754073386081 ], [ 709511.937508830567822, 962726.882956253713928 ], [ 709502.585278175771236, 962754.70030795421917 ] ] } },
{ "type": "Feature", "properties": { "osmid": "285067930", "name": "MC Road(SH-1)", "highway": "primary", "oneway": "False" }, "geometry": { "type": "LineString", "coordinates": [ [ 709713.759335566894151, 961664.371412212378345 ], [ 709714.035697075305507, 961677.259684944641776 ] ] } },
{ "type": "Feature", "properties": { "osmid": "175021073", "name": "nan", "highway": "residential", "oneway": "False" }, "geometry": { "type": "LineString", "coordinates": [ [ 709713.759335566894151, 961664.371412212378345 ], [ 709723.657826390815899, 961665.848173025413416 ], [ 709739.197595208650455, 961677.087619884405285 ] ] } },
{ "type": "Feature", "properties": { "osmid": "285067930", "name": "MC Road(SH-1)", "highway": "primary", "oneway": "False" }, "geometry": { "type": "LineString", "coordinates": [ [ 709713.759335566894151, 961664.371412212378345 ], [ 709711.899888145620935, 961633.610527536016889 ], [ 709710.257697840686888, 961607.795317313401029 ], [ 709705.647434263839386, 961576.865733138984069 ], [ 709698.125641183112748, 961536.142963426886126 ], [ 709683.441325404099189, 961477.35360599134583 ], [ 709676.958121484844014, 961453.339238319080323 ] ] } },
{ "type": "Feature", "properties": { "osmid": "175020706", "name": "nan", "highway": "residential", "oneway": "False" }, "geometry": { "type": "LineString", "coordinates": [ [ 709759.429763588821515, 960886.753381744143553 ], [ 709832.183030743268318, 960908.955055752885528 ], [ 709887.110632980358787, 960925.713316627079621 ], [ 709919.892066853004508, 960966.629601336433552 ], [ 709939.869586033048108, 960988.455339592066593 ], [ 709941.904479331686161, 960999.66003281972371 ], [ 709952.213488639565185, 961070.495814898051322 ], [ 709979.52445401600562, 961142.003476359997876 ], [ 710012.300905743613839, 961179.479676879476756 ], [ 710037.998600024380721, 961201.931636352208443 ], [ 710062.972962834872305, 961223.760518214548938 ], [ 710137.657089110696688, 961212.134806328685954 ], [ 710193.995308413752355, 961204.432156149297953 ] ] } },
{ "type": "Feature", "properties": { "osmid": "285067930", "name": "MC Road(SH-1)", "highway": "primary", "oneway": "False" }, "geometry": { "type": "LineString", "coordinates": [ [ 709759.429763588821515, 960886.753381744143553 ], [ 709763.234440932632424, 960872.160006170393899 ], [ 709766.804084019851871, 960860.529984342283569 ], [ 709780.53773817687761, 960812.934171434957534 ], [ 709786.904751725960523, 960787.845063175424002 ], [ 709791.358343650354072, 960766.783854399574921 ], [ 709792.66580998734571, 960758.494152700528502 ] ] } },
{ "type": "Feature", "properties": { "osmid": "285067930", "name": "MC Road(SH-1)", "highway": "primary", "oneway": "False" }, "geometry": { "type": "LineString", "coordinates": [ [ 709759.429763588821515, 960886.753381744143553 ], [ 709735.750095581519417, 960983.888781848014332 ], [ 709723.404340276145376, 961024.721808485570364 ] ] } },
{ "type": "Feature", "properties": { "osmid": "175020746", "name": "Alanthara-Kottukunnam Road", "highway": "tertiary", "oneway": "False" }, "geometry": { "type": "LineString", "coordinates": [ [ 709691.954238126054406, 961137.138582594692707 ], [ 709666.006064031855203, 961136.012577014393173 ], [ 709570.711798788513988, 961129.073602561024018 ] ] } },
{ "type": "Feature", "properties": { "osmid": "285067930", "name": "MC Road(SH-1)", "highway": "primary", "oneway": "False" }, "geometry": { "type": "LineString", "coordinates": [ [ 709691.954238126054406, 961137.138582594692707 ], [ 709707.049544470733963, 961081.397152398596518 ], [ 709714.3044763058424, 961054.830245205084793 ], [ 709723.404340276145376, 961024.721808485570364 ] ] } },
{ "type": "Feature", "properties": { "osmid": "285067930", "name": "MC Road(SH-1)", "highway": "primary", "oneway": "False" }, "geometry": { "type": "LineString", "coordinates": [ [ 709691.954238126054406, 961137.138582594692707 ], [ 709686.819914958905429, 961155.685358190909028 ], [ 709683.658429961884394, 961167.14044298324734 ] ] } },
{ "type": "Feature", "properties": { "osmid": "1343678348", "name": "MC Road", "highway": "primary", "oneway": "False" }, "geometry": { "type": "LineString", "coordinates": [ [ 710121.053627097280696, 959768.076476251007989 ], [ 710137.917219876428135, 959732.929751091985963 ] ] } },
{ "type": "Feature", "properties": { "osmid": "397259070", "name": "nan", "highway": "primary_link", "oneway": "True" }, "geometry": { "type": "LineString", "coordinates": [ [ 710121.053627097280696, 959768.076476251007989 ], [ 710109.644449739600532, 959777.985685715335421 ], [ 710101.415045001776889, 959783.773811488295905 ], [ 710086.499720345134847, 959790.479614753625356 ], [ 710082.666501344880089, 959793.214700177777559 ] ] } },
{ "type": "Feature", "properties": { "osmid": "1343678347", "name": "Panavoor-Venjaramood Road", "highway": "secondary", "oneway": "False" }, "geometry": { "type": "LineString", "coordinates": [ [ 710121.053627097280696, 959768.076476251007989 ], [ 710148.96229255432263, 959782.265267256996594 ], [ 710181.931079659378156, 959812.386296812561341 ] ] } },
{ "type": "Feature", "properties": { "osmid": "175020967", "name": "Aaraamam Quarry Road", "highway": "unclassified", "oneway": "False" }, "geometry": { "type": "LineString", "coordinates": [ [ 709464.295174467377365, 962977.67732445418369 ], [ 709418.087489508092403, 962974.015705765224993 ] ] } },
{ "type": "Feature", "properties": { "osmid": "285067930", "name": "MC Road(SH-1)", "highway": "primary", "oneway": "False" }, "geometry": { "type": "LineString", "coordinates": [ [ 709464.295174467377365, 962977.67732445418369 ], [ 709470.843098478857428, 962920.963782384176739 ], [ 709478.58115823706612, 962857.397977035492659 ], [ 709484.914470832794905, 962825.837645482970402 ], [ 709488.213055114261806, 962806.806005070451647 ], [ 709491.305851896293461, 962789.299842838896438 ], [ 709502.585278175771236, 962754.70030795421917 ] ] } },
{ "type": "Feature", "properties": { "osmid": "285067930", "name": "MC Road(SH-1)", "highway": "primary", "oneway": "False" }, "geometry": { "type": "LineString", "coordinates": [ [ 709464.295174467377365, 962977.67732445418369 ], [ 709453.005320277996361, 963064.664982672431506 ], [ 709448.564154552761465, 963111.721202815300785 ], [ 709429.197094426606782, 963237.815540416049771 ] ] } },
{ "type": "Feature", "properties": { "osmid": "175020718", "name": "Attingal - Nedumangad Road", "highway": "primary", "oneway": "False" }, "geometry": { "type": "LineString", "coordinates": [ [ 709484.674497036030516, 959852.388795347884297 ], [ 709552.83290399168618, 959825.507932240143418 ], [ 709592.602999176480807, 959809.833979199058376 ], [ 709625.349455052986741, 959800.97198867762927 ] ] } },
{ "type": "Feature", "properties": { "osmid": "175020718", "name": "Attingal - Nedumangad Road", "highway": "primary", "oneway": "False" }, "geometry": { "type": "LineString", "coordinates": [ [ 709484.674497036030516, 959852.388795347884297 ], [ 709411.794582860777155, 959894.5554315589834 ], [ 709370.511471867677756, 959915.664281111443415 ] ] } },
{ "type": "Feature", "properties": { "osmid": "1378573163", "name": "nan", "highway": "tertiary", "oneway": "False" }, "geometry": { "type": "LineString", "coordinates": [ [ 709484.674497036030516, 959852.388795347884297 ], [ 709511.199752322398126, 959929.522207042551599 ], [ 709525.825880733085796, 959949.705725108855404 ] ] } },
{ "type": "Feature", "properties": { "osmid": "284630294", "name": "MC Road", "highway": "primary", "oneway": "False" }, "geometry": { "type": "LineString", "coordinates": [ [ 710137.917219876428135, 959732.929751091985963 ], [ 710144.807387522887439, 959702.356647399952635 ] ] } },
{ "type": "Feature", "properties": { "osmid": "1343678348", "name": "MC Road", "highway": "primary", "oneway": "False" }, "geometry": { "type": "LineString", "coordinates": [ [ 710137.917219876428135, 959732.929751091985963 ], [ 710121.053627097280696, 959768.076476251007989 ] ] } },
{ "type": "Feature", "properties": { "osmid": [ 1343678345, 284622669 ], "name": "Kottaraveedu Bhagavathy Tenple Road", "highway": "tertiary", "oneway": "False" }, "geometry": { "type": "LineString", "coordinates": [ [ 710137.917219876428135, 959732.929751091985963 ], [ 710155.20226525713224, 959736.534341093967669 ], [ 710165.166998898377642, 959738.066748965531588 ], [ 710235.120202598627657, 959726.538498391746543 ], [ 710321.489266600925475, 959729.484317402006127 ], [ 710369.055548754753545, 959737.334326703334227 ], [ 710372.515893397387117, 959729.962519568158314 ], [ 710369.183736499398947, 959696.583561546634883 ], [ 710375.028313575661741, 959692.254675595322624 ] ] } },
{ "type": "Feature", "properties": { "osmid": "284628667", "name": "nan", "highway": "primary_link", "oneway": "False" }, "geometry": { "type": "LineString", "coordinates": [ [ 710093.250648761750199, 959820.402322782436386 ], [ 710089.870765183935873, 959811.790369554422796 ], [ 710081.262133641634136, 959805.441890656715259 ], [ 710070.628793424577452, 959801.162832281086594 ] ] } },
{ "type": "Feature", "properties": { "osmid": "284630294", "name": "MC Road", "highway": "primary", "oneway": "False" }, "geometry": { "type": "LineString", "coordinates": [ [ 710153.262164873071015, 959647.400330202071927 ], [ 710144.807387522887439, 959702.356647399952635 ] ] } },
{ "type": "Feature", "properties": { "osmid": "175020718", "name": "Attingal - Nedumangad Road", "highway": "primary", "oneway": "False" }, "geometry": { "type": "LineString", "coordinates": [ [ 710070.628793424577452, 959801.162832281086594 ], [ 710058.339936688891612, 959808.711482100887224 ], [ 710033.135372922755778, 959817.135426103486679 ], [ 710011.139759443583898, 959822.201697718468495 ], [ 709986.027120835497044, 959825.48243454482872 ], [ 709953.513590315240435, 959825.208357825991698 ], [ 709881.70952751475852, 959823.995706318411976 ], [ 709864.129119687248021, 959824.416201042244211 ] ] } },
{ "type": "Feature", "properties": { "osmid": "284628667", "name": "nan", "highway": "primary_link", "oneway": "False" }, "geometry": { "type": "LineString", "coordinates": [ [ 710070.628793424577452, 959801.162832281086594 ], [ 710081.262133641634136, 959805.441890656715259 ], [ 710089.870765183935873, 959811.790369554422796 ], [ 710093.250648761750199, 959820.402322782436386 ] ] } },
{ "type": "Feature", "properties": { "osmid": "285067930", "name": "MC Road(SH-1)", "highway": "primary", "oneway": "False" }, "geometry": { "type": "LineString", "coordinates": [ [ 709429.197094426606782, 963237.815540416049771 ], [ 709448.564154552761465, 963111.721202815300785 ], [ 709453.005320277996361, 963064.664982672431506 ], [ 709464.295174467377365, 962977.67732445418369 ] ] } },
{ "type": "Feature", "properties": { "osmid": "285067930", "name": "MC Road(SH-1)", "highway": "primary", "oneway": "False" }, "geometry": { "type": "LineString", "coordinates": [ [ 709429.197094426606782, 963237.815540416049771 ], [ 709424.256597218103707, 963279.117163539165631 ], [ 709423.279586978838779, 963307.043022615136579 ], [ 709424.687504905508831, 963342.204171177349053 ], [ 709425.882815421093255, 963382.43050673045218 ], [ 709429.482206952758133, 963450.135132535477169 ], [ 709431.077263466897421, 963476.53636566712521 ], [ 709431.964081287616864, 963505.887506934348494 ], [ 709431.410809520166367, 963528.339962992700748 ], [ 709429.544015509542078, 963562.478018485475332 ] ] } },
{ "type": "Feature", "properties": { "osmid": "958728813", "name": "nan", "highway": "residential", "oneway": "False" }, "geometry": { "type": "LineString", "coordinates": [ [ 709429.197094426606782, 963237.815540416049771 ], [ 709510.015694503556006, 963226.795612390036695 ], [ 709577.336281333817169, 963214.491065680165775 ], [ 709636.49056141381152, 963202.145481293904595 ], [ 709714.674491910962388, 963200.736338900635019 ], [ 709803.74255381221883, 963203.89539153536316 ], [ 709861.988070357823744, 963190.638466671924107 ], [ 709897.614764346391894, 963177.610443612211384 ], [ 709991.266078609391116, 963164.598637919174507 ], [ 710041.561880352208391, 963143.293136375024915 ], [ 710125.848683121497743, 963105.987026508315466 ], [ 710200.580435079988092, 963082.117056596209295 ], [ 710246.64777685853187, 963091.774338868097402 ] ] } },
{ "type": "Feature", "properties": { "osmid": "285067930", "name": "MC Road(SH-1)", "highway": "primary", "oneway": "False" }, "geometry": { "type": "LineString", "coordinates": [ [ 709502.585278175771236, 962754.70030795421917 ], [ 709511.937508830567822, 962726.882956253713928 ], [ 709552.035519777215086, 962643.358754073386081 ], [ 709556.27329534268938, 962634.54178401210811 ], [ 709561.06374414509628, 962620.882571693393402 ] ] } },
{ "type": "Feature", "properties": { "osmid": "285067930", "name": "MC Road(SH-1)", "highway": "primary", "oneway": "False" }, "geometry": { "type": "LineString", "coordinates": [ [ 709502.585278175771236, 962754.70030795421917 ], [ 709491.305851896293461, 962789.299842838896438 ], [ 709488.213055114261806, 962806.806005070451647 ], [ 709484.914470832794905, 962825.837645482970402 ], [ 709478.58115823706612, 962857.397977035492659 ], [ 709470.843098478857428, 962920.963782384176739 ], [ 709464.295174467377365, 962977.67732445418369 ] ] } },
{ "type": "Feature", "properties": { "osmid": "285067930", "name": "MC Road(SH-1)", "highway": "primary", "oneway": "False" }, "geometry": { "type": "LineString", "coordinates": [ [ 709975.459213975002058, 960331.303338762023486 ], [ 709982.176026440807618, 960315.47463465097826 ], [ 710007.582486786879599, 960251.544076153892092 ], [ 710022.632548257242888, 960215.83515223255381 ] ] } },
{ "type": "Feature", "properties": { "osmid": "285067930", "name": "MC Road(SH-1)", "highway": "primary", "oneway": "False" }, "geometry": { "type": "LineString", "coordinates": [ [ 709975.459213975002058, 960331.303338762023486 ], [ 709969.40468670183327, 960348.949494688422419 ], [ 709962.712302712840028, 960373.052480049431324 ], [ 709957.70173558825627, 960393.225956527632661 ], [ 709951.704771391581744, 960419.124436076381244 ], [ 709947.934753607492894, 960435.565294621163048 ] ] } },
{ "type": "Feature", "properties": { "osmid": "285077398", "name": "nan", "highway": "residential", "oneway": "False" }, "geometry": { "type": "LineString", "coordinates": [ [ 709975.459213975002058, 960331.303338762023486 ], [ 709986.767490523983724, 960334.855724306427874 ], [ 710002.766998515697196, 960337.956060862867162 ], [ 710111.943677530973218, 960342.576178241288289 ], [ 710160.126211827038787, 960319.699741495773196 ] ] } },
{ "type": "Feature", "properties": { "osmid": "175020729", "name": "nan", "highway": "residential", "oneway": "False" }, "geometry": { "type": "LineString", "coordinates": [ [ 709805.18292737705633, 960696.733241701032966 ], [ 709788.47303257510066, 960692.655951680615544 ] ] } },
{ "type": "Feature", "properties": { "osmid": "285067930", "name": "MC Road(SH-1)", "highway": "primary", "oneway": "False" }, "geometry": { "type": "LineString", "coordinates": [ [ 709805.18292737705633, 960696.733241701032966 ], [ 709811.145806433400139, 960679.783511902554892 ], [ 709818.024965746561065, 960660.106148884631693 ], [ 709827.729581077350304, 960645.46500605752226 ], [ 709837.651059149764478, 960629.287377858301625 ], [ 709854.616343135945499, 960604.472796295769513 ], [ 709899.797346076695248, 960550.199000252992846 ], [ 709910.820133607136086, 960536.095457236166112 ], [ 709921.453376553254202, 960518.472333214711398 ], [ 709929.091871001059189, 960503.212413376895711 ], [ 709935.082325545372441, 960487.357933403807692 ], [ 709939.724977440200746, 960470.302009245147929 ], [ 709947.934753607492894, 960435.565294621163048 ] ] } },
{ "type": "Feature", "properties": { "osmid": "285067930", "name": "MC Road(SH-1)", "highway": "primary", "oneway": "False" }, "geometry": { "type": "LineString", "coordinates": [ [ 709805.18292737705633, 960696.733241701032966 ], [ 709797.74725237430539, 960726.396522540948354 ], [ 709796.997404769062996, 960731.049728456302546 ], [ 709795.906070243567228, 960737.946742670843378 ], [ 709792.66580998734571, 960758.494152700528502 ] ] } },
{ "type": "Feature", "properties": { "osmid": "285077398", "name": "nan", "highway": "residential", "oneway": "False" }, "geometry": { "type": "LineString", "coordinates": [ [ 710160.126211827038787, 960319.699741495773196 ], [ 710111.943677530973218, 960342.576178241288289 ], [ 710002.766998515697196, 960337.956060862867162 ], [ 709986.767490523983724, 960334.855724306427874 ], [ 709975.459213975002058, 960331.303338762023486 ] ] } },
{ "type": "Feature", "properties": { "osmid": "840850818", "name": "nan", "highway": "residential", "oneway": "False" }, "geometry": { "type": "LineString", "coordinates": [ [ 710160.126211827038787, 960319.699741495773196 ], [ 710171.578409388544969, 960323.086978559964336 ], [ 710185.97468462632969, 960336.367160987923853 ], [ 710193.839870977215469, 960350.433029582491145 ], [ 710196.986164175439626, 960361.698645133641548 ], [ 710200.452405552146956, 960375.001229610759765 ] ] } },
{ "type": "Feature", "properties": { "osmid": "840850818", "name": "nan", "highway": "residential", "oneway": "False" }, "geometry": { "type": "LineString", "coordinates": [ [ 710160.126211827038787, 960319.699741495773196 ], [ 710147.681336097652093, 960305.787815237767063 ], [ 710145.301963761914521, 960297.413177119102329 ], [ 710144.848204578156583, 960276.039651241502725 ], [ 710148.939966802136041, 960243.804275862290524 ], [ 710156.438278293586336, 960221.430978675722145 ], [ 710172.394075026735663, 960200.427664170623757 ], [ 710183.608502192422748, 960165.783503590035252 ] ] } },
{ "type": "Feature", "properties": { "osmid": [ 285067930, 175021030 ], "name": "MC Road(SH-1)", "highway": [ "primary", "residential" ], "oneway": "False" }, "geometry": { "type": "LineString", "coordinates": [ [ 710022.632548257242888, 960215.83515223255381 ], [ 710025.865738142747432, 960205.464470404782332 ], [ 710027.197071577655151, 960201.190285603399388 ], [ 710030.989835940883495, 960188.98617463442497 ], [ 710037.168691633618437, 960161.949249888421036 ], [ 710041.480447913403623, 960138.47586468886584 ], [ 710044.479544518748298, 960119.9404608795885 ], [ 710045.6143750915071, 960104.404463999671862 ], [ 710116.286544257076457, 960129.228573898784816 ], [ 710183.608502192422748, 960165.783503590035252 ] ] } },
{ "type": "Feature", "properties": { "osmid": "285067930", "name": "MC Road(SH-1)", "highway": "primary", "oneway": "False" }, "geometry": { "type": "LineString", "coordinates": [ [ 710022.632548257242888, 960215.83515223255381 ], [ 710007.582486786879599, 960251.544076153892092 ], [ 709982.176026440807618, 960315.47463465097826 ], [ 709975.459213975002058, 960331.303338762023486 ] ] } },
{ "type": "Feature", "properties": { "osmid": "1378573163", "name": "nan", "highway": "tertiary", "oneway": "False" }, "geometry": { "type": "LineString", "coordinates": [ [ 710022.632548257242888, 960215.83515223255381 ], [ 710003.607703253510408, 960201.469840267905965 ], [ 709976.110892323544249, 960190.800786838168278 ], [ 709897.770309434854425, 960160.92740262800362 ], [ 709889.411714512738399, 960161.781378649757244 ], [ 709885.916912807733752, 960165.082320381188765 ], [ 709882.62050309125334, 960172.709385583526455 ], [ 709878.367386698839255, 960188.915522843250073 ] ] } },
{ "type": "Feature", "properties": { "osmid": "1343676297", "name": "MC Road(SH-1)", "highway": "primary", "oneway": "False" }, "geometry": { "type": "LineString", "coordinates": [ [ 709422.096956191817299, 963620.702476149890572 ], [ 709423.953237302484922, 963599.58398356824182 ], [ 709428.011306241969578, 963576.164681127178483 ], [ 709429.544015509542078, 963562.478018485475332 ] ] } },
{ "type": "Feature", "properties": { "osmid": "1343676297", "name": "MC Road(SH-1)", "highway": "primary", "oneway": "False" }, "geometry": { "type": "LineString", "coordinates": [ [ 709422.096956191817299, 963620.702476149890572 ], [ 709416.7250478946371, 963642.754575018188916 ], [ 709410.237669001449831, 963659.015791449928656 ], [ 709406.583657257957384, 963669.948473552125506 ] ] } },
{ "type": "Feature", "properties": { "osmid": "957105652", "name": "nan", "highway": "residential", "oneway": "False" }, "geometry": { "type": "LineString", "coordinates": [ [ 711498.708143777679652, 961093.021185215562582 ], [ 711476.652147311484441, 961103.539741419488564 ], [ 711449.688871218124405, 961113.712635669857264 ], [ 711410.434104313491844, 961129.785548258107156 ], [ 711381.176595108932815, 961143.088400516891852 ], [ 711367.445731912041083, 961157.1779103128938 ], [ 711363.303130339365453, 961171.006284390576184 ], [ 711360.424673662520945, 961206.876162661705166 ], [ 711356.050973269506358, 961251.101180265308358 ], [ 711358.743551188381389, 961295.339888730552047 ], [ 711362.582125535234809, 961367.548631350276992 ], [ 711352.079601786332205, 961441.786421671160497 ], [ 711327.371991081396118, 961530.321474364958704 ], [ 711317.276113395695575, 961565.601673682453111 ], [ 711317.287027220940217, 961582.990871611167677 ], [ 711316.89873719390016, 961616.163228547666222 ], [ 711316.657412120955996, 961635.542271451442502 ], [ 711318.770245102467015, 961650.829322495847009 ], [ 711320.830143833532929, 961661.359533362556249 ], [ 711326.656581747811288, 961671.444244524464011 ], [ 711330.305463034659624, 961685.52228756796103 ], [ 711330.437415921012871, 961700.74398921628017 ], [ 711320.205006218282506, 961723.877637311001308 ], [ 711302.295558303478174, 961748.078544987598434 ], [ 711273.956234239856713, 961784.438805775018409 ], [ 711269.718027406022884, 961795.423806966166012 ], [ 711266.689744942588732, 961815.253314616740681 ], [ 711267.629442292731255, 961838.321918571135029 ], [ 711260.793471198063344, 961858.032567629124969 ], [ 711249.290892508579418, 961879.876610805862583 ], [ 711233.877871699398383, 961915.362147014122456 ], [ 711231.480158498045057, 961934.564326834282838 ], [ 711231.769891660893336, 961953.404028158285655 ], [ 711238.023510477389209, 961970.404518781928346 ], [ 711243.397597159957513, 961982.865217532264069 ] ] } },
{ "type": "Feature", "properties": { "osmid": "957105652", "name": "nan", "highway": "residential", "oneway": "False" }, "geometry": { "type": "LineString", "coordinates": [ [ 711498.708143777679652, 961093.021185215562582 ], [ 711504.144620700390078, 961097.539845300838351 ], [ 711514.047480127192102, 961106.870917538646609 ], [ 711522.136218125699088, 961115.805629634764045 ], [ 711533.600810130010359, 961123.208812850760296 ], [ 711552.520701587083749, 961129.886550292605534 ], [ 711586.563743907841854, 961134.439716867054813 ], [ 711603.563634112826549, 961133.386596604017541 ], [ 711640.523668892215937, 961127.05872360651847 ], [ 711669.606164501863532, 961115.735208548489027 ] ] } },
{ "type": "Feature", "properties": { "osmid": "958726783", "name": "nan", "highway": "residential", "oneway": "False" }, "geometry": { "type": "LineString", "coordinates": [ [ 711498.708143777679652, 961093.021185215562582 ], [ 711503.411910313996486, 961042.337728905840777 ], [ 711503.722858250024728, 960981.01266714988742 ], [ 711482.634089636150748, 960926.658668992458843 ], [ 711466.009549943148158, 960864.50663053675089 ] ] } },
{ "type": "Feature", "properties": { "osmid": "840850818", "name": "nan", "highway": "residential", "oneway": "False" }, "geometry": { "type": "LineString", "coordinates": [ [ 710520.175932396203279, 960662.149306720704772 ], [ 710531.749953712220304, 960741.719518270809203 ], [ 710578.838335397304036, 960756.790945064160042 ], [ 710603.446270886692218, 960755.289070872939192 ] ] } },
{ "type": "Feature", "properties": { "osmid": "840850818", "name": "nan", "highway": "residential", "oneway": "False" }, "geometry": { "type": "LineString", "coordinates": [ [ 710520.175932396203279, 960662.149306720704772 ], [ 710517.911715726484545, 960646.242158609325998 ], [ 710517.954629012849182, 960637.735894593526609 ], [ 710519.261644801008515, 960623.019308156566694 ], [ 710522.187192226527259, 960608.200269410735928 ], [ 710523.764282264281064, 960592.312500465544872 ], [ 710522.360569528886117, 960573.832308057928458 ], [ 710517.247616443550214, 960555.333404992241412 ], [ 710507.671387134352699, 960537.918164491304196 ], [ 710493.59849908540491, 960526.02218047878705 ], [ 710475.786930438596755, 960515.57855934696272 ], [ 710462.080778125324287, 960505.166712323320098 ], [ 710448.745164228836074, 960495.486814519041218 ], [ 710439.502271105768159, 960483.991310023004189 ], [ 710425.410720046376809, 960475.789883636403829 ], [ 710409.825995232677087, 960466.839799269801006 ], [ 710393.488874814240262, 960460.850474385428242 ], [ 710376.041974255116656, 960454.479464123607613 ], [ 710353.750300666783005, 960448.449081871658564 ], [ 710341.883767885854468, 960442.106213310151361 ], [ 710327.064193072612397, 960429.841503522824496 ], [ 710307.816729515907355, 960411.636464752838947 ], [ 710292.241074045887217, 960403.062579893623479 ], [ 710271.057308957213536, 960397.778968274709769 ], [ 710261.277761830599047, 960398.846937475609593 ] ] } },
{ "type": "Feature", "properties": { "osmid": "871409719", "name": "nan", "highway": "residential", "oneway": "False" }, "geometry": { "type": "LineString", "coordinates": [ [ 710520.175932396203279, 960662.149306720704772 ], [ 710554.323174655903131, 960659.202183552784845 ], [ 710594.048632283927873, 960663.25214008637704 ], [ 710622.797152342507616, 960670.089597632060759 ], [ 710645.691432764520869, 960676.643103306996636 ] ] } },
{ "type": "Feature", "properties": { "osmid": "1306062973", "name": "nan", "highway": "residential", "oneway": "False" }, "geometry": { "type": "LineString", "coordinates": [ [ 710603.446270886692218, 960755.289070872939192 ], [ 710645.691432764520869, 960676.643103306996636 ] ] } },
{ "type": "Feature", "properties": { "osmid": "840850818", "name": "nan", "highway": "residential", "oneway": "False" }, "geometry": { "type": "LineString", "coordinates": [ [ 710603.446270886692218, 960755.289070872939192 ], [ 710614.550364737864584, 960757.834014529362321 ], [ 710624.817466833279468, 960764.832621530047618 ], [ 710666.740238681202754, 960802.366627493640408 ] ] } },
{ "type": "Feature", "properties": { "osmid": "840850818", "name": "nan", "highway": "residential", "oneway": "False" }, "geometry": { "type": "LineString", "coordinates": [ [ 710603.446270886692218, 960755.289070872939192 ], [ 710578.838335397304036, 960756.790945064160042 ], [ 710531.749953712220304, 960741.719518270809203 ], [ 710520.175932396203279, 960662.149306720704772 ] ] } },
{ "type": "Feature", "properties": { "osmid": "840855218", "name": "nan", "highway": "residential", "oneway": "False" }, "geometry": { "type": "LineString", "coordinates": [ [ 711206.677608914440498, 960129.088765380205587 ], [ 711210.982164810528047, 960135.460003320476972 ], [ 711216.285581662785262, 960151.083944678888656 ], [ 711222.280873834621161, 960171.368398356484249 ], [ 711225.009868702036329, 960186.747020843322389 ], [ 711226.348107843310572, 960200.713761113933288 ], [ 711225.598901727120392, 960209.559396550292149 ], [ 711226.045105147408321, 960214.915556923951954 ], [ 711226.255035926005803, 960219.109034713008441 ], [ 711230.22538208134938, 960221.916692576138303 ], [ 711251.306065735174343, 960223.66050419176463 ], [ 711258.801675091264769, 960223.698434357880615 ], [ 711264.647871948895045, 960225.586398782557808 ], [ 711270.01997260726057, 960229.806001585209742 ], [ 711275.592592763598077, 960240.077416902175173 ], [ 711279.516972615034319, 960251.966574316145852 ], [ 711286.232733235112391, 960266.900790025712922 ], [ 711292.473271084367298, 960284.387875427375548 ], [ 711298.017600850667804, 960300.245356289902702 ], [ 711305.898075236938894, 960317.751809133216739 ], [ 711312.337659436510876, 960330.704575838288292 ] ] } },
{ "type": "Feature", "properties": { "osmid": "904065650", "name": "Panavoor-Venjaramood Road", "highway": "secondary", "oneway": "False" }, "geometry": { "type": "LineString", "coordinates": [ [ 711206.677608914440498, 960129.088765380205587 ], [ 711230.451339185005054, 960114.165011189877987 ], [ 711253.529383649816737, 960104.038561016786844 ], [ 711264.706267290282995, 960103.110614732606336 ] ] } },
{ "type": "Feature", "properties": { "osmid": "904065650", "name": "Panavoor-Venjaramood Road", "highway": "secondary", "oneway": "False" }, "geometry": { "type": "LineString", "coordinates": [ [ 711206.677608914440498, 960129.088765380205587 ], [ 711186.582592046353966, 960132.670689166057855 ], [ 711168.755273164948449, 960134.029611990554258 ], [ 711157.194286856334656, 960134.734403439913876 ], [ 711128.446004787809215, 960136.480582677060738 ] ] } },
{ "type": "Feature", "properties": { "osmid": "840850818", "name": "nan", "highway": "residential", "oneway": "False" }, "geometry": { "type": "LineString", "coordinates": [ [ 710200.452405552146956, 960375.001229610759765 ], [ 710204.238463339395821, 960381.624144696281292 ], [ 710217.219136304687709, 960394.045463246526197 ], [ 710232.007555813994259, 960397.20616728044115 ], [ 710251.336960353655741, 960399.150837473804131 ], [ 710261.277761830599047, 960398.846937475609593 ] ] } },
{ "type": "Feature", "properties": { "osmid": "840850818", "name": "nan", "highway": "residential", "oneway": "False" }, "geometry": { "type": "LineString", "coordinates": [ [ 710200.452405552146956, 960375.001229610759765 ], [ 710196.986164175439626, 960361.698645133641548 ], [ 710193.839870977215469, 960350.433029582491145 ], [ 710185.97468462632969, 960336.367160987923853 ], [ 710171.578409388544969, 960323.086978559964336 ], [ 710160.126211827038787, 960319.699741495773196 ] ] } },
{ "type": "Feature", "properties": { "osmid": "840851300", "name": "nan", "highway": "residential", "oneway": "False" }, "geometry": { "type": "LineString", "coordinates": [ [ 710200.452405552146956, 960375.001229610759765 ], [ 710148.885130097391084, 960403.369306354434229 ], [ 710138.002919340040535, 960411.38957330037374 ], [ 710134.487599396845326, 960444.999502334161662 ], [ 710133.860732430359349, 960455.825769665883854 ], [ 710072.658924905234016, 960454.300892082392238 ] ] } },
{ "type": "Feature", "properties": { "osmid": "840855218", "name": "nan", "highway": "residential", "oneway": "False" }, "geometry": { "type": "LineString", "coordinates": [ [ 711275.362080773920752, 960659.616640204796568 ], [ 711273.682045158697292, 960667.517312360927463 ], [ 711271.749587912694551, 960679.620185829466209 ], [ 711268.858043492306024, 960696.364154077251442 ], [ 711269.427742090076208, 960720.802528104395606 ] ] } },
{ "type": "Feature", "properties": { "osmid": "840855218", "name": "nan", "highway": "residential", "oneway": "False" }, "geometry": { "type": "LineString", "coordinates": [ [ 711275.362080773920752, 960659.616640204796568 ], [ 711280.589057883364148, 960646.833554596873 ], [ 711289.114420220023021, 960628.259730639285408 ], [ 711296.703101596096531, 960609.902399895712733 ], [ 711303.117967452621087, 960592.943972889566794 ], [ 711308.834346769494005, 960574.809459372307174 ], [ 711312.913029900519177, 960556.2131198332645 ], [ 711317.603410306503065, 960532.022611727006733 ], [ 711322.74125900818035, 960508.586570678977296 ], [ 711325.333709256956354, 960494.396359055070207 ] ] } },
{ "type": "Feature", "properties": { "osmid": "871408513", "name": "nan", "highway": "residential", "oneway": "False" }, "geometry": { "type": "LineString", "coordinates": [ [ 711275.362080773920752, 960659.616640204796568 ], [ 711263.23170951299835, 960657.586226105922833 ], [ 711244.567448218702339, 960656.894399750512093 ], [ 711229.26319276203867, 960659.980597122339532 ] ] } },
{ "type": "Feature", "properties": { "osmid": "840855218", "name": "nan", "highway": "residential", "oneway": "False" }, "geometry": { "type": "LineString", "coordinates": [ [ 711269.427742090076208, 960720.802528104395606 ], [ 711269.621274777106009, 960734.75242275185883 ] ] } },
{ "type": "Feature", "properties": { "osmid": "840855218", "name": "nan", "highway": "residential", "oneway": "False" }, "geometry": { "type": "LineString", "coordinates": [ [ 711269.427742090076208, 960720.802528104395606 ], [ 711268.858043492306024, 960696.364154077251442 ], [ 711271.749587912694551, 960679.620185829466209 ], [ 711273.682045158697292, 960667.517312360927463 ], [ 711275.362080773920752, 960659.616640204796568 ] ] } },
{ "type": "Feature", "properties": { "osmid": "871409222", "name": "nan", "highway": "residential", "oneway": "False" }, "geometry": { "type": "LineString", "coordinates": [ [ 711269.427742090076208, 960720.802528104395606 ], [ 711257.712393347173929, 960719.415796693763696 ], [ 711242.848693192237988, 960713.754341793362983 ], [ 711234.311623712070286, 960708.556330279447138 ], [ 711227.025533101870678, 960706.284965045750141 ], [ 711224.242861869861372, 960701.525372756295837 ], [ 711216.244137763860635, 960698.697313135955483 ], [ 711202.218756551039405, 960694.854251692304388 ], [ 711192.402535037253983, 960692.293542514904402 ] ] } },
{ "type": "Feature", "properties": { "osmid": "840855218", "name": "nan", "highway": "residential", "oneway": "False" }, "geometry": { "type": "LineString", "coordinates": [ [ 711466.009549943148158, 960864.50663053675089 ], [ 711472.577788959839381, 960862.902777618612163 ], [ 711479.61296042939648, 960860.383163049118593 ], [ 711491.104690413805656, 960858.107377197709866 ], [ 711511.741686659283005, 960856.121318006655201 ], [ 711528.156856897752732, 960853.184671176481061 ], [ 711555.343205622048117, 960853.322521001566201 ], [ 711570.098371145897545, 960854.326537020388059 ], [ 711585.790277988882735, 960855.103011235594749 ], [ 711601.253402876202017, 960855.413735138950869 ], [ 711619.542472204775549, 960854.112713131355122 ], [ 711628.451599993626587, 960853.217651080805808 ], [ 711646.513342556310818, 960848.995169213274494 ], [ 711665.039452311932109, 960846.533878415473737 ] ] } },
{ "type": "Feature", "properties": { "osmid": "840855218", "name": "nan", "highway": "residential", "oneway": "False" }, "geometry": { "type": "LineString", "coordinates": [ [ 711466.009549943148158, 960864.50663053675089 ], [ 711461.569589575054124, 960860.988596656359732 ], [ 711456.912618180038407, 960854.681889930623583 ], [ 711447.114024077658542, 960846.479680592776276 ], [ 711441.738852987298742, 960845.05865156755317 ], [ 711433.509026267565787, 960848.74476874480024 ], [ 711421.5137653775746, 960859.159501705318689 ], [ 711411.162847357103601, 960866.551637088879943 ], [ 711395.908459593076259, 960870.666759120183997 ], [ 711379.979547537630424, 960871.050643331604078 ], [ 711363.105246074963361, 960871.197446161531843 ], [ 711346.246244400623254, 960868.324463696684688 ], [ 711331.966373225441203, 960864.756598581909202 ], [ 711317.478134631528519, 960858.864707230823115 ], [ 711309.771138384006917, 960852.774870629305951 ], [ 711295.785283179138787, 960838.965291210566647 ], [ 711286.235446220496669, 960827.279923667083494 ], [ 711280.341171177569777, 960817.515699241077527 ] ] } },
{ "type": "Feature", "properties": { "osmid": "958726783", "name": "nan", "highway": "residential", "oneway": "False" }, "geometry": { "type": "LineString", "coordinates": [ [ 711466.009549943148158, 960864.50663053675089 ], [ 711482.634089636150748, 960926.658668992458843 ], [ 711503.722858250024728, 960981.01266714988742 ], [ 711503.411910313996486, 961042.337728905840777 ], [ 711498.708143777679652, 961093.021185215562582 ] ] } },
{ "type": "Feature", "properties": { "osmid": "840855218", "name": "nan", "highway": "residential", "oneway": "False" }, "geometry": { "type": "LineString", "coordinates": [ [ 711665.039452311932109, 960846.533878415473737 ], [ 711646.513342556310818, 960848.995169213274494 ], [ 711628.451599993626587, 960853.217651080805808 ], [ 711619.542472204775549, 960854.112713131355122 ], [ 711601.253402876202017, 960855.413735138950869 ], [ 711585.790277988882735, 960855.103011235594749 ], [ 711570.098371145897545, 960854.326537020388059 ], [ 711555.343205622048117, 960853.322521001566201 ], [ 711528.156856897752732, 960853.184671176481061 ], [ 711511.741686659283005, 960856.121318006655201 ], [ 711491.104690413805656, 960858.107377197709866 ], [ 711479.61296042939648, 960860.383163049118593 ], [ 711472.577788959839381, 960862.902777618612163 ], [ 711466.009549943148158, 960864.50663053675089 ] ] } },
{ "type": "Feature", "properties": { "osmid": "284622669", "name": "Kottaraveedu Bhagavathy Tenple Road", "highway": "tertiary", "oneway": "False" }, "geometry": { "type": "LineString", "coordinates": [ [ 710375.028313575661741, 959692.254675595322624 ], [ 710423.102155235596001, 959697.684775908943266 ] ] } },
{ "type": "Feature", "properties": { "osmid": [ 1343678345, 284622669 ], "name": "Kottaraveedu Bhagavathy Tenple Road", "highway": "tertiary", "oneway": "False" }, "geometry": { "type": "LineString", "coordinates": [ [ 710375.028313575661741, 959692.254675595322624 ], [ 710369.183736499398947, 959696.583561546634883 ], [ 710372.515893397387117, 959729.962519568158314 ], [ 710369.055548754753545, 959737.334326703334227 ], [ 710321.489266600925475, 959729.484317402006127 ], [ 710235.120202598627657, 959726.538498391746543 ], [ 710165.166998898377642, 959738.066748965531588 ], [ 710155.20226525713224, 959736.534341093967669 ], [ 710137.917219876428135, 959732.929751091985963 ] ] } },
{ "type": "Feature", "properties": { "osmid": "284622669", "name": "Kottaraveedu Bhagavathy Tenple Road", "highway": "tertiary", "oneway": "False" }, "geometry": { "type": "LineString", "coordinates": [ [ 710530.815689611015841, 959621.713487327215262 ], [ 710520.138665633508936, 959630.464822127483785 ], [ 710504.996969661442563, 959647.113863487611525 ], [ 710501.392502961447462, 959654.684051087475382 ] ] } },
{ "type": "Feature", "properties": { "osmid": "1020201050", "name": "nan", "highway": "residential", "oneway": "False" }, "geometry": { "type": "LineString", "coordinates": [ [ 710530.815689611015841, 959621.713487327215262 ], [ 710551.58802549156826, 959621.353587289107963 ], [ 710586.417409297544509, 959623.000362870749086 ], [ 710610.299220911576413, 959628.109606635756791 ], [ 710619.722440318553708, 959632.261023697210476 ], [ 710623.837382629979402, 959636.971950656035915 ] ] } },
{ "type": "Feature", "properties": { "osmid": "843986200", "name": "nan", "highway": "unclassified", "oneway": "False" }, "geometry": { "type": "LineString", "coordinates": [ [ 710298.193205018294975, 963182.619372073793784 ], [ 710280.33912303368561, 963257.074245249852538 ], [ 710266.89019669406116, 963274.373224469600245 ], [ 710110.252685423358344, 963350.1734898830764 ], [ 709919.525770087260753, 963459.50728402857203 ], [ 709910.653616050025448, 963470.656983782770112 ] ] } },
{ "type": "Feature", "properties": { "osmid": "843986200", "name": "nan", "highway": "unclassified", "oneway": "False" }, "geometry": { "type": "LineString", "coordinates": [ [ 710298.193205018294975, 963182.619372073793784 ], [ 710321.901085859397426, 963169.454022337333299 ], [ 710365.077380647882819, 963169.672243615961634 ], [ 710439.195585550623946, 963149.626960659632459 ], [ 710519.389437422971241, 963146.968422103556804 ], [ 710622.971582585596479, 963196.507173634599894 ], [ 710661.423957048566081, 963236.313984323525801 ], [ 710677.912941026967019, 963253.377270212862641 ] ] } },
{ "type": "Feature", "properties": { "osmid": "958728813", "name": "nan", "highway": "residential", "oneway": "False" }, "geometry": { "type": "LineString", "coordinates": [ [ 710298.193205018294975, 963182.619372073793784 ], [ 710269.589515653904527, 963114.799102337099612 ], [ 710246.64777685853187, 963091.774338868097402 ] ] } },
{ "type": "Feature", "properties": { "osmid": "175020996", "name": "Vamanapuram Aramthanam Road - Venjarammoodu Bypass", "highway": "secondary", "oneway": "False" }, "geometry": { "type": "LineString", "coordinates": [ [ 710585.350372434477322, 963405.671693236799911 ], [ 710600.86554929218255, 963395.49596783274319 ], [ 710625.292124747065827, 963349.071706442395225 ], [ 710632.915970349917188, 963330.183618668583222 ], [ 710646.52508867601864, 963296.492001758888364 ], [ 710662.91794545063749, 963267.316616025753319 ], [ 710677.912941026967019, 963253.377270212862641 ] ] } },
{ "type": "Feature", "properties": { "osmid": "175020996", "name": "Vamanapuram Aramthanam Road - Venjarammoodu Bypass", "highway": "secondary", "oneway": "False" }, "geometry": { "type": "LineString", "coordinates": [ [ 710585.350372434477322, 963405.671693236799911 ], [ 710569.349321445915848, 963416.165754893096164 ], [ 710520.732852303306572, 963429.658443106687628 ], [ 710495.389578088419512, 963433.235906748101115 ], [ 710458.54841139819473, 963451.345677653094754 ], [ 710416.698404647526331, 963482.726368417148478 ], [ 710397.307910256786272, 963501.853627929463983 ], [ 710372.98770676611457, 963512.073378290049732 ], [ 710315.246005905559286, 963534.546510177780874 ], [ 710270.005832184455357, 963557.315192116773687 ], [ 710246.370281081879511, 963573.633483759826049 ], [ 710223.77298648096621, 963589.226956726168282 ], [ 710198.815725439693779, 963601.390435355133377 ], [ 710177.286520617431961, 963623.427256086608395 ], [ 710155.105093603953719, 963643.856835899059661 ], [ 710119.292873258469626, 963663.155638820840977 ], [ 710055.720002159941941, 963656.971834840020165 ], [ 709973.433643058990128, 963644.87519586016424 ], [ 709923.842830147361383, 963642.191319763078354 ] ] } },
{ "type": "Feature", "properties": { "osmid": "843986201", "name": "nan", "highway": "unclassified", "oneway": "False" }, "geometry": { "type": "LineString", "coordinates": [ [ 710585.350372434477322, 963405.671693236799911 ], [ 710576.264713269891217, 963452.439086356316693 ], [ 710579.33898663893342, 963462.609344132244587 ] ] } },
{ "type": "Feature", "properties": { "osmid": "175020790", "name": "Vamanapuram Aramthanam Road", "highway": "secondary", "oneway": "False" }, "geometry": { "type": "LineString", "coordinates": [ [ 710843.186400590813719, 963204.790305082336999 ], [ 710856.321243388578296, 963195.233106979634613 ], [ 710878.476703280699439, 963184.394205901771784 ], [ 710894.260844178963453, 963179.817179831210524 ], [ 710907.081431889208034, 963177.979523572954349 ], [ 710937.077755768084899, 963185.819487307569943 ], [ 710973.51946117519401, 963192.331549739115871 ], [ 711044.817964923218824, 963198.843408768065274 ] ] } },
{ "type": "Feature", "properties": { "osmid": [ 175020996, 175020790 ], "name": [ "Vamanapuram Aramthanam Road - Venjarammoodu Bypass", "Vamanapuram Aramthanam Road" ], "highway": "secondary", "oneway": "False" }, "geometry": { "type": "LineString", "coordinates": [ [ 710843.186400590813719, 963204.790305082336999 ], [ 710815.359123639995232, 963225.036182151525281 ], [ 710798.895110657787882, 963229.123070537461899 ], [ 710749.998956634663045, 963239.096495121368207 ], [ 710729.86662194004748, 963243.828536854474805 ], [ 710719.910082524875179, 963245.194025965291075 ], [ 710690.136388532817364, 963249.910451353527606 ], [ 710677.912941026967019, 963253.377270212862641 ] ] } },
{ "type": "Feature", "properties": { "osmid": "843986202", "name": "nan", "highway": "unclassified", "oneway": "False" }, "geometry": { "type": "LineString", "coordinates": [ [ 710843.186400590813719, 963204.790305082336999 ], [ 710862.277042795787565, 963242.740433475817554 ], [ 710865.804427631897852, 963252.536918890546076 ], [ 710871.146309871226549, 963303.901702050003223 ] ] } },
{ "type": "Feature", "properties": { "osmid": "843986202", "name": "nan", "highway": "unclassified", "oneway": "False" }, "geometry": { "type": "LineString", "coordinates": [ [ 710871.146309871226549, 963303.901702050003223 ], [ 710865.804427631897852, 963252.536918890546076 ], [ 710862.277042795787565, 963242.740433475817554 ], [ 710843.186400590813719, 963204.790305082336999 ] ] } },
{ "type": "Feature", "properties": { "osmid": "843986203", "name": "nan", "highway": "unclassified", "oneway": "False" }, "geometry": { "type": "LineString", "coordinates": [ [ 711867.892077244119719, 962919.400029158685356 ], [ 711851.730404803296551, 962915.921795007889159 ] ] } },
{ "type": "Feature", "properties": { "osmid": [ 843986203, 960729373 ], "name": "nan", "highway": [ "residential", "unclassified" ], "oneway": "False" }, "geometry": { "type": "LineString", "coordinates": [ [ 711867.892077244119719, 962919.400029158685356 ], [ 711906.369616765761748, 962934.684223489137366 ], [ 711936.279635532991961, 962953.022154574748129 ], [ 711952.213985505397432, 962960.072243488975801 ], [ 711965.377422348712571, 962975.238683655974455 ], [ 711978.550763492356054, 962988.458296378841624 ], [ 712014.711849046638235, 963002.569324203534052 ], [ 712052.736020792974159, 963020.406660888344049 ], [ 712073.096320292213932, 963022.85550186841283 ], [ 712065.53401243139524, 963029.520452961325645 ], [ 712064.469798109959811, 963035.333563035819679 ], [ 712071.324770143721253, 963042.204710553167388 ], [ 712078.179683549562469, 963049.086921276524663 ], [ 712089.171129100141115, 963056.333128473372199 ], [ 712096.019104282022454, 963064.575915549648926 ], [ 712109.75629582547117, 963070.807369426824152 ], [ 712119.725394147913903, 963075.647955520194955 ], [ 712125.598040689481422, 963072.259772714460269 ] ] } },
{ "type": "Feature", "properties": { "osmid": "175021142", "name": "Vamanapuram Aramthanam Road - Venjarammoodu Bypass", "highway": "secondary", "oneway": "False" }, "geometry": { "type": "LineString", "coordinates": [ [ 711844.047311710310169, 961890.296064271708019 ], [ 711853.315410422277637, 961920.508786437334493 ], [ 711840.61840906238649, 961991.040830658515915 ], [ 711823.58325086790137, 962077.037376743974164 ] ] } },
{ "type": "Feature", "properties": { "osmid": "843986204", "name": "nan", "highway": "secondary", "oneway": "False" }, "geometry": { "type": "LineString", "coordinates": [ [ 711844.047311710310169, 961890.296064271708019 ], [ 711837.327173556317575, 961833.028006121632643 ], [ 711844.099318778025918, 961700.331556621240452 ], [ 711839.038415236631408, 961665.250905732973479 ], [ 711836.386093938490376, 961654.363650916726328 ] ] } },
{ "type": "Feature", "properties": { "osmid": "843986204", "name": "nan", "highway": "secondary", "oneway": "False" }, "geometry": { "type": "LineString", "coordinates": [ [ 711902.859593297820538, 961504.172129734768532 ], [ 711855.056795498356223, 961564.913043393054977 ] ] } },
{ "type": "Feature", "properties": { "osmid": "1306062979", "name": "nan", "highway": "residential", "oneway": "False" }, "geometry": { "type": "LineString", "coordinates": [ [ 711902.859593297820538, 961504.172129734768532 ], [ 712064.118905955925584, 961582.203714505652897 ] ] } },
{ "type": "Feature", "properties": { "osmid": "843986204", "name": "nan", "highway": "secondary", "oneway": "False" }, "geometry": { "type": "LineString", "coordinates": [ [ 711902.859593297820538, 961504.172129734768532 ], [ 711948.459132422343828, 961437.33603352191858 ], [ 711988.427988731884398, 961328.447422002675012 ], [ 711996.119189901044592, 961281.318861838779412 ], [ 711963.441622602520511, 961200.865973918931559 ] ] } },
{ "type": "Feature", "properties": { "osmid": "175020700", "name": "Venjarammoodu Bypass", "highway": "secondary", "oneway": "False" }, "geometry": { "type": "LineString", "coordinates": [ [ 711854.426100442418829, 960919.905852932366543 ], [ 711841.416952531319112, 960956.55398012092337 ], [ 711834.866619499283843, 960991.476076520862989 ], [ 711837.479583809152246, 961012.296635503997095 ], [ 711844.889233887428418, 961029.236732679069974 ], [ 711889.702398095512763, 961065.249360876972787 ], [ 711895.870003178017214, 961068.842601223383099 ] ] } },
{ "type": "Feature", "properties": { "osmid": "175020700", "name": "Venjarammoodu Bypass", "highway": "secondary", "oneway": "False" }, "geometry": { "type": "LineString", "coordinates": [ [ 711854.426100442418829, 960919.905852932366543 ], [ 711863.998054169584066, 960881.691614274750464 ], [ 711864.486486070905812, 960857.037288886262104 ], [ 711859.84379744832404, 960832.755132874473929 ], [ 711846.785836519440636, 960816.15140073641669 ], [ 711833.922668323619291, 960804.53754582547117 ], [ 711804.820862766355276, 960782.752877534832805 ], [ 711761.531548597151414, 960752.201639522449113 ], [ 711731.108869357733056, 960728.242220301413909 ], [ 711724.195294298930094, 960711.127696260926314 ], [ 711728.163426176994108, 960690.495422682375647 ], [ 711756.895498719648458, 960659.358405903214589 ], [ 711821.601542162941769, 960575.561675550998189 ], [ 711824.307367654750124, 960547.743870691861957 ], [ 711812.219999756896868, 960491.68759284063708 ], [ 711789.447682330617681, 960396.008988082758151 ] ] } },
{ "type": "Feature", "properties": { "osmid": "175020729", "name": "nan", "highway": "residential", "oneway": "False" }, "geometry": { "type": "LineString", "coordinates": [ [ 709788.47303257510066, 960692.655951680615544 ], [ 709805.18292737705633, 960696.733241701032966 ] ] } },
{ "type": "Feature", "properties": { "osmid": "175020729", "name": "nan", "highway": "residential", "oneway": "False" }, "geometry": { "type": "LineString", "coordinates": [ [ 709788.47303257510066, 960692.655951680615544 ], [ 709775.791036708746105, 960688.698473952012137 ], [ 709748.224348190939054, 960672.288136921124533 ], [ 709740.901934009161778, 960664.098859337624162 ], [ 709728.619726101285778, 960652.864811880746856 ] ] } },
{ "type": "Feature", "properties": { "osmid": "843991666", "name": "nan", "highway": "residential", "oneway": "False" }, "geometry": { "type": "LineString", "coordinates": [ [ 709788.47303257510066, 960692.655951680615544 ], [ 709785.560528419213369, 960632.686893469188362 ], [ 709784.819888467201963, 960547.928426482947543 ], [ 709792.161824845825322, 960482.170343665056862 ], [ 709802.300184915889986, 960400.950997492298484 ], [ 709799.276710570091382, 960382.750366150983609 ], [ 709800.192394941579551, 960356.052026226068847 ], [ 709788.007770021096803, 960299.100470315199345 ], [ 709766.128207203233615, 960235.131341990199871 ], [ 709750.258607622701675, 960214.930379907367751 ], [ 709755.766552673303522, 960205.279069615993649 ], [ 709774.424971528584138, 960169.909019547980279 ] ] } },
{ "type": "Feature", "properties": { "osmid": "1378573163", "name": "nan", "highway": "tertiary", "oneway": "False" }, "geometry": { "type": "LineString", "coordinates": [ [ 709785.308849894907326, 960139.643595480825752 ], [ 709778.970174571382813, 960161.281610474106856 ], [ 709774.424971528584138, 960169.909019547980279 ] ] } },
{ "type": "Feature", "properties": { "osmid": "1378573163", "name": "nan", "highway": "tertiary", "oneway": "False" }, "geometry": { "type": "LineString", "coordinates": [ [ 709785.308849894907326, 960139.643595480825752 ], [ 709776.700020352844149, 960113.627475756802596 ], [ 709772.849048936390318, 960104.570721360738389 ], [ 709765.674720529699698, 960099.7449623279972 ], [ 709686.26393633603584, 960063.74955520615913 ] ] } },
{ "type": "Feature", "properties": { "osmid": "1524572704", "name": "nan", "highway": "residential", "oneway": "False" }, "geometry": { "type": "LineString", "coordinates": [ [ 709785.308849894907326, 960139.643595480825752 ], [ 709844.36898407083936, 960061.468692467664368 ], [ 709862.576743560493924, 960034.757700647227466 ], [ 709866.287573411595076, 960030.086189958732575 ] ] } },
{ "type": "Feature", "properties": { "osmid": "285067930", "name": "MC Road(SH-1)", "highway": "primary", "oneway": "False" }, "geometry": { "type": "LineString", "coordinates": [ [ 709723.404340276145376, 961024.721808485570364 ], [ 709735.750095581519417, 960983.888781848014332 ], [ 709759.429763588821515, 960886.753381744143553 ] ] } },
{ "type": "Feature", "properties": { "osmid": "285067930", "name": "MC Road(SH-1)", "highway": "primary", "oneway": "False" }, "geometry": { "type": "LineString", "coordinates": [ [ 709723.404340276145376, 961024.721808485570364 ], [ 709714.3044763058424, 961054.830245205084793 ], [ 709707.049544470733963, 961081.397152398596518 ], [ 709691.954238126054406, 961137.138582594692707 ] ] } },
{ "type": "Feature", "properties": { "osmid": "843991667", "name": "nan", "highway": "tertiary", "oneway": "False" }, "geometry": { "type": "LineString", "coordinates": [ [ 709723.404340276145376, 961024.721808485570364 ], [ 709659.6889777231263, 961000.098958687623963 ], [ 709616.062711536302231, 960977.302791374735534 ], [ 709560.648596520419233, 960934.702346791280434 ], [ 709542.285716097801924, 960931.037179255741648 ] ] } },
{ "type": "Feature", "properties": { "osmid": "285067930", "name": "MC Road(SH-1)", "highway": "primary", "oneway": "False" }, "geometry": { "type": "LineString", "coordinates": [ [ 709676.958121484844014, 961453.339238319080323 ], [ 709667.708731865510345, 961419.078892937628552 ], [ 709666.826512893661857, 961415.03693700756412 ], [ 709657.529817605274729, 961372.668136753956787 ], [ 709653.817513509420678, 961347.00845871749334 ], [ 709651.956422133487649, 961329.687546892091632 ], [ 709650.747262784047052, 961311.861075343331322 ], [ 709651.759162848815322, 961296.678454420063645 ], [ 709652.415238081943244, 961284.403270535287447 ], [ 709657.017893252312206, 961268.707740961806849 ], [ 709658.049729032558389, 961262.695365997729823 ] ] } },
{ "type": "Feature", "properties": { "osmid": "285067930", "name": "MC Road(SH-1)", "highway": "primary", "oneway": "False" }, "geometry": { "type": "LineString", "coordinates": [ [ 709676.958121484844014, 961453.339238319080323 ], [ 709683.441325404099189, 961477.35360599134583 ], [ 709698.125641183112748, 961536.142963426886126 ], [ 709705.647434263839386, 961576.865733138984069 ], [ 709710.257697840686888, 961607.795317313401029 ], [ 709711.899888145620935, 961633.610527536016889 ], [ 709713.759335566894151, 961664.371412212378345 ] ] } },
{ "type": "Feature", "properties": { "osmid": "843991668", "name": "nan", "highway": "residential", "oneway": "False" }, "geometry": { "type": "LineString", "coordinates": [ [ 709676.958121484844014, 961453.339238319080323 ], [ 709729.132005902938545, 961457.229895303142257 ], [ 709744.862179539748468, 961461.269115862785839 ], [ 709753.308290142682381, 961469.220724396058358 ], [ 709762.419915622333065, 961482.717597131500952 ], [ 709771.620294008636847, 961489.511527210241184 ], [ 709793.814714138861746, 961497.255781758343801 ], [ 709805.19792003033217, 961501.162538513774052 ], [ 709813.578705616644584, 961500.220222956966609 ], [ 709823.11058699095156, 961493.631169954547659 ], [ 709833.881012044497766, 961488.077090878621675 ], [ 709856.354724100208841, 961486.254408505279571 ], [ 709877.212509503820911, 961490.58497567451559 ], [ 709908.567862586351112, 961482.346993156475946 ], [ 709926.35982954967767, 961474.748685050522909 ] ] } },
{ "type": "Feature", "properties": { "osmid": "1343676297", "name": "MC Road(SH-1)", "highway": "primary", "oneway": "False" }, "geometry": { "type": "LineString", "coordinates": [ [ 709406.583657257957384, 963669.948473552125506 ], [ 709410.237669001449831, 963659.015791449928656 ], [ 709416.7250478946371, 963642.754575018188916 ], [ 709422.096956191817299, 963620.702476149890572 ] ] } },
{ "type": "Feature", "properties": { "osmid": "868422078", "name": "nan", "highway": "residential", "oneway": "False" }, "geometry": { "type": "LineString", "coordinates": [ [ 710310.566402638098225, 959951.006762787466869 ], [ 710394.403549983398989, 959964.846953559899703 ] ] } },
{ "type": "Feature", "properties": { "osmid": "175021033", "name": "Panavoor-Venjaramood Road", "highway": "secondary", "oneway": "False" }, "geometry": { "type": "LineString", "coordinates": [ [ 710310.566402638098225, 959951.006762787466869 ], [ 710315.811331653152592, 959958.643646439653821 ], [ 710323.488412818987854, 959977.288138687144965 ], [ 710324.581007178057916, 959994.195962418685667 ], [ 710325.669481842080131, 960016.291716380859725 ], [ 710319.565911478362978, 960039.269367799162865 ], [ 710305.488686378579587, 960060.96794350433629 ], [ 710291.768139590509236, 960077.413997133262455 ], [ 710289.103017342160456, 960086.438005019328557 ] ] } },
{ "type": "Feature", "properties": { "osmid": "175021033", "name": "Panavoor-Venjaramood Road", "highway": "secondary", "oneway": "False" }, "geometry": { "type": "LineString", "coordinates": [ [ 710310.566402638098225, 959951.006762787466869 ], [ 710302.952561095706187, 959943.844666227814741 ], [ 710278.429736513178796, 959930.546660870080814 ] ] } },
{ "type": "Feature", "properties": { "osmid": "868422078", "name": "nan", "highway": "residential", "oneway": "False" }, "geometry": { "type": "LineString", "coordinates": [ [ 710412.407114536734298, 959967.824777860078029 ], [ 710394.403549983398989, 959964.846953559899703 ] ] } },
{ "type": "Feature", "properties": { "osmid": "868422078", "name": "nan", "highway": "residential", "oneway": "False" }, "geometry": { "type": "LineString", "coordinates": [ [ 710394.403549983398989, 959964.846953559899703 ], [ 710412.407114536734298, 959967.824777860078029 ] ] } },
{ "type": "Feature", "properties": { "osmid": "868422078", "name": "nan", "highway": "residential", "oneway": "False" }, "geometry": { "type": "LineString", "coordinates": [ [ 710394.403549983398989, 959964.846953559899703 ], [ 710310.566402638098225, 959951.006762787466869 ] ] } },
{ "type": "Feature", "properties": { "osmid": "868422649", "name": "nan", "highway": "residential", "oneway": "False" }, "geometry": { "type": "LineString", "coordinates": [ [ 710394.403549983398989, 959964.846953559899703 ], [ 710392.197845138376579, 959974.437423960538581 ], [ 710391.140552101889625, 959985.482767299399711 ], [ 710393.085072595626116, 959994.961407343973406 ], [ 710399.787473388714716, 960003.877749043051153 ], [ 710409.080476499046199, 960012.010701516759582 ], [ 710420.970993377268314, 960017.988646511221305 ], [ 710435.03884182497859, 960024.375790995196439 ], [ 710464.174114217865281, 960035.374195727170445 ], [ 710470.955424333107658, 960037.366304142982699 ], [ 710473.703103026142344, 960038.176599144353531 ], [ 710474.504757446004078, 960038.545677322777919 ] ] } },
{ "type": "Feature", "properties": { "osmid": "868422649", "name": "nan", "highway": "residential", "oneway": "False" }, "geometry": { "type": "LineString", "coordinates": [ [ 710650.498347922926769, 960070.925965914037079 ], [ 710656.137258865288459, 960076.817141325795092 ], [ 710664.819822164950892, 960088.121807717136107 ], [ 710670.89646719628945, 960101.061528962687589 ], [ 710678.141398722305894, 960115.876582783763297 ], [ 710686.054028197890148, 960137.973640141193755 ], [ 710691.71790356375277, 960169.450779144652188 ] ] } },
{ "type": "Feature", "properties": { "osmid": "868422649", "name": "nan", "highway": "residential", "oneway": "False" }, "geometry": { "type": "LineString", "coordinates": [ [ 710650.498347922926769, 960070.925965914037079 ], [ 710641.763712782878429, 960069.941651789471507 ], [ 710629.011898551485501, 960071.06093004019931 ], [ 710604.00988403626252, 960072.052050654659979 ], [ 710580.914293331326917, 960074.789494492346421 ], [ 710558.810098429443315, 960077.377085487474687 ], [ 710552.561824731295928, 960076.63762521429453 ], [ 710523.772487741429359, 960064.711705116555095 ], [ 710487.769936174387112, 960044.762870900915004 ], [ 710474.504757446004078, 960038.545677322777919 ] ] } },
{ "type": "Feature", "properties": { "osmid": "868428732", "name": "nan", "highway": "residential", "oneway": "False" }, "geometry": { "type": "LineString", "coordinates": [ [ 710650.498347922926769, 960070.925965914037079 ], [ 710647.094007237115875, 960060.643489256151952 ], [ 710644.900954439304769, 960048.077342264004983 ], [ 710646.949961429112591, 960032.468491672188975 ], [ 710647.848152176127769, 960022.428956138319336 ], [ 710650.39967666589655, 960016.302558024530299 ], [ 710663.073263599304482, 960011.05685570940841 ] ] } },
{ "type": "Feature", "properties": { "osmid": "868422649", "name": "nan", "highway": "residential", "oneway": "False" }, "geometry": { "type": "LineString", "coordinates": [ [ 710691.71790356375277, 960169.450779144652188 ], [ 710686.054028197890148, 960137.973640141193755 ], [ 710678.141398722305894, 960115.876582783763297 ], [ 710670.89646719628945, 960101.061528962687589 ], [ 710664.819822164950892, 960088.121807717136107 ], [ 710656.137258865288459, 960076.817141325795092 ], [ 710650.498347922926769, 960070.925965914037079 ] ] } },
{ "type": "Feature", "properties": { "osmid": "904065650", "name": "Panavoor-Venjaramood Road", "highway": "secondary", "oneway": "False" }, "geometry": { "type": "LineString", "coordinates": [ [ 710691.71790356375277, 960169.450779144652188 ], [ 710694.880301992059685, 960168.780909886118025 ], [ 710783.40425123705063, 960139.372070353361778 ], [ 710790.140334850293584, 960139.417140299221501 ] ] } },
{ "type": "Feature", "properties": { "osmid": "904065650", "name": "Panavoor-Venjaramood Road", "highway": "secondary", "oneway": "False" }, "geometry": { "type": "LineString", "coordinates": [ [ 710691.71790356375277, 960169.450779144652188 ], [ 710614.22945889737457, 960188.88245158479549 ], [ 710595.280609427252784, 960190.025778324576095 ], [ 710547.582491489127278, 960175.681478223996237 ] ] } },
{ "type": "Feature", "properties": { "osmid": "868423799", "name": "nan", "highway": "residential", "oneway": "False" }, "geometry": { "type": "LineString", "coordinates": [ [ 710831.891128861811012, 960147.924269292270765 ], [ 710835.15112618857529, 960134.467509082751349 ], [ 710839.749365122057498, 960117.566237723571248 ], [ 710842.844705072115175, 960099.661818483145908 ], [ 710847.097548302146606, 960083.588434497942217 ], [ 710846.478026525466703, 960073.308931507519446 ], [ 710844.188156383577734, 960064.669196105794981 ], [ 710834.723418848356232, 960053.504336271667853 ], [ 710828.894109064247459, 960046.085647949017584 ], [ 710829.085100539727136, 960027.878958306391723 ], [ 710836.008965835440904, 959986.377015061676502 ], [ 710816.365157480118796, 959900.582406765548512 ], [ 710797.217588642728515, 959856.01749559736345 ], [ 710785.324440917233005, 959826.566386069520377 ], [ 710777.212763682473451, 959795.91757458425127 ], [ 710763.93630746868439, 959759.20298835542053 ], [ 710760.68363405414857, 959736.310870923800394 ], [ 710760.192933165235445, 959720.125051109935157 ], [ 710777.275103060295805, 959676.683248451445252 ], [ 710798.592171617900021, 959646.901958823902532 ] ] } },
{ "type": "Feature", "properties": { "osmid": "904065650", "name": "Panavoor-Venjaramood Road", "highway": "secondary", "oneway": "False" }, "geometry": { "type": "LineString", "coordinates": [ [ 710831.891128861811012, 960147.924269292270765 ], [ 710871.27076902706176, 960163.88615648355335 ], [ 710904.14059203164652, 960169.870676253107376 ], [ 710926.719039876479656, 960169.276787406182848 ], [ 710938.772958858171478, 960166.859852123889141 ] ] } },
{ "type": "Feature", "properties": { "osmid": "904065650", "name": "Panavoor-Venjaramood Road", "highway": "secondary", "oneway": "False" }, "geometry": { "type": "LineString", "coordinates": [ [ 710831.891128861811012, 960147.924269292270765 ], [ 710811.262148561421782, 960139.556969459052198 ], [ 710790.140334850293584, 960139.417140299221501 ] ] } },
{ "type": "Feature", "properties": { "osmid": "868423799", "name": "nan", "highway": "residential", "oneway": "False" }, "geometry": { "type": "LineString", "coordinates": [ [ 710798.592171617900021, 959646.901958823902532 ], [ 710777.275103060295805, 959676.683248451445252 ], [ 710760.192933165235445, 959720.125051109935157 ], [ 710760.68363405414857, 959736.310870923800394 ], [ 710763.93630746868439, 959759.20298835542053 ], [ 710777.212763682473451, 959795.91757458425127 ], [ 710785.324440917233005, 959826.566386069520377 ], [ 710797.217588642728515, 959856.01749559736345 ], [ 710816.365157480118796, 959900.582406765548512 ], [ 710836.008965835440904, 959986.377015061676502 ], [ 710829.085100539727136, 960027.878958306391723 ], [ 710828.894109064247459, 960046.085647949017584 ], [ 710834.723418848356232, 960053.504336271667853 ], [ 710844.188156383577734, 960064.669196105794981 ], [ 710846.478026525466703, 960073.308931507519446 ], [ 710847.097548302146606, 960083.588434497942217 ], [ 710842.844705072115175, 960099.661818483145908 ], [ 710839.749365122057498, 960117.566237723571248 ], [ 710835.15112618857529, 960134.467509082751349 ], [ 710831.891128861811012, 960147.924269292270765 ] ] } },
{ "type": "Feature", "properties": { "osmid": "868426569", "name": "nan", "highway": "residential", "oneway": "False" }, "geometry": { "type": "LineString", "coordinates": [ [ 711264.706267290282995, 960103.110614732606336 ], [ 711266.59580479550641, 960084.259833312942646 ], [ 711269.054897801717743, 960065.965022829594091 ], [ 711276.266754550742917, 960041.59921698924154 ], [ 711282.988700192770921, 960020.516282035619952 ], [ 711283.543560641002841, 960002.222897333791479 ], [ 711283.282924834406003, 959988.471780049847439 ], [ 711282.8161610532552, 959982.827908140723594 ], [ 711280.325072125880979, 959979.16491516539827 ], [ 711265.296452394686639, 959977.761464810930192 ], [ 711260.983172575593926, 959977.463098498992622 ] ] } },
{ "type": "Feature", "properties": { "osmid": "904065650", "name": "Panavoor-Venjaramood Road", "highway": "secondary", "oneway": "False" }, "geometry": { "type": "LineString", "coordinates": [ [ 711264.706267290282995, 960103.110614732606336 ], [ 711277.975395984598435, 960102.005208138027228 ], [ 711314.769906628760509, 960102.434771830914542 ], [ 711334.892011876101606, 960108.73121818061918 ], [ 711350.771630509290844, 960120.315858734771609 ], [ 711364.663888394832611, 960135.275354249519296 ], [ 711369.552272684290074, 960152.423753880895674 ], [ 711368.630109965102747, 960175.859019964351319 ], [ 711363.073270990164019, 960192.910291923675686 ], [ 711365.424785816692747, 960204.570262799272314 ], [ 711389.869704796466976, 960224.483577571343631 ], [ 711406.690745983505622, 960241.426928308443166 ], [ 711416.543594570364803, 960254.164702536072582 ], [ 711424.341173165477812, 960259.77933738369029 ], [ 711435.150324584450573, 960259.734526257961988 ], [ 711498.482507658423856, 960234.137545628705993 ], [ 711525.093186023645103, 960221.97164709540084 ], [ 711552.055522423703223, 960190.371958224917762 ], [ 711540.908978362800553, 960170.1055668318877 ], [ 711509.477762422873639, 960116.971365201403387 ], [ 711520.056204410735518, 960090.775305166724138 ], [ 711541.751249873777851, 960073.38544827234 ], [ 711581.862857919186354, 960060.015855869627558 ] ] } },
{ "type": "Feature", "properties": { "osmid": "904065650", "name": "Panavoor-Venjaramood Road", "highway": "secondary", "oneway": "False" }, "geometry": { "type": "LineString", "coordinates": [ [ 711264.706267290282995, 960103.110614732606336 ], [ 711253.529383649816737, 960104.038561016786844 ], [ 711230.451339185005054, 960114.165011189877987 ], [ 711206.677608914440498, 960129.088765380205587 ] ] } },
{ "type": "Feature", "properties": { "osmid": "958726724", "name": "nan", "highway": "residential", "oneway": "False" }, "geometry": { "type": "LineString", "coordinates": [ [ 711264.706267290282995, 960103.110614732606336 ], [ 711277.0764793677954, 960149.134926003287546 ], [ 711285.039730621967465, 960191.619296784629114 ], [ 711291.351376310922205, 960201.584723827661946 ] ] } },
{ "type": "Feature", "properties": { "osmid": "868425689", "name": "nan", "highway": "residential", "oneway": "False" }, "geometry": { "type": "LineString", "coordinates": [ [ 711123.155312881339341, 959976.832405912689865 ], [ 711122.456451154313982, 959990.965821333113126 ], [ 711121.295439967070706, 960022.486010972992517 ], [ 711124.21305148222018, 960039.757132570142858 ], [ 711130.192423857050017, 960102.385957278427668 ], [ 711128.446004787809215, 960136.480582677060738 ] ] } },
{ "type": "Feature", "properties": { "osmid": "868425689", "name": "nan", "highway": "residential", "oneway": "False" }, "geometry": { "type": "LineString", "coordinates": [ [ 711123.155312881339341, 959976.832405912689865 ], [ 711123.940952659700997, 959960.774680344387889 ], [ 711123.263916847296059, 959931.402244592667557 ], [ 711116.975043118582107, 959919.091881242347881 ] ] } },
{ "type": "Feature", "properties": { "osmid": "868426569", "name": "nan", "highway": "residential", "oneway": "False" }, "geometry": { "type": "LineString", "coordinates": [ [ 711123.155312881339341, 959976.832405912689865 ], [ 711143.556611542357132, 959975.818317199475132 ], [ 711154.085011870134622, 959974.710066936677322 ], [ 711176.810658713802695, 959973.331646857783198 ], [ 711182.674585053580813, 959969.54498810810037 ], [ 711192.549195419531316, 959964.948980115004815 ], [ 711209.923014160245657, 959964.041290514636785 ], [ 711220.93665941467043, 959964.926630891975947 ], [ 711231.944525656639598, 959969.130479526473209 ], [ 711242.436843038653024, 959975.156917637796141 ], [ 711252.279565214412287, 959976.865977472974919 ], [ 711260.983172575593926, 959977.463098498992622 ] ] } },
{ "type": "Feature", "properties": { "osmid": "868428894", "name": "nan", "highway": "residential", "oneway": "False" }, "geometry": { "type": "LineString", "coordinates": [ [ 710722.955360083957203, 959942.720835975254886 ], [ 710705.804817688418552, 959947.379787380225025 ], [ 710697.081576523720287, 959950.676421939511783 ], [ 710679.651897078612819, 959953.94019395543728 ], [ 710670.375683972728439, 959955.574781263596378 ], [ 710667.814598694909364, 959961.413525764481165 ], [ 710664.974047081777826, 959968.102615025942214 ], [ 710663.522989296587184, 959976.457976251957007 ], [ 710664.316996975336224, 959987.070198394358158 ], [ 710664.820641619618982, 959998.510586942313239 ], [ 710663.073263599304482, 960011.05685570940841 ] ] } },
{ "type": "Feature", "properties": { "osmid": "868425689", "name": "nan", "highway": "residential", "oneway": "False" }, "geometry": { "type": "LineString", "coordinates": [ [ 711098.224491867935285, 959767.727348095620982 ], [ 711098.891872860258445, 959772.885507188853808 ], [ 711096.645123494206928, 959810.163387382868677 ], [ 711096.510494544985704, 959836.799455860862508 ], [ 711095.183248449815437, 959868.551097362069413 ], [ 711096.486666619544849, 959876.356235654326156 ], [ 711101.089885741937906, 959888.978863557102159 ], [ 711116.975043118582107, 959919.091881242347881 ] ] } },
{ "type": "Feature", "properties": { "osmid": "868427643", "name": "nan", "highway": "residential", "oneway": "False" }, "geometry": { "type": "LineString", "coordinates": [ [ 711098.224491867935285, 959767.727348095620982 ], [ 711107.982520984602161, 959764.424950277549215 ], [ 711122.87232355796732, 959762.818821437540464 ], [ 711138.901429124525748, 959760.112279379158281 ], [ 711150.178937069489621, 959752.359675785410218 ], [ 711155.54435200302396, 959744.853730463655666 ], [ 711152.496310001937672, 959738.134885521256365 ], [ 711141.586782267550007, 959729.705972712254152 ], [ 711136.310503744520247, 959717.400731843546964 ], [ 711132.434893075260334, 959704.549483501934446 ], [ 711131.48329057416413, 959699.002724657417275 ] ] } },
{ "type": "Feature", "properties": { "osmid": "868425689", "name": "nan", "highway": "residential", "oneway": "False" }, "geometry": { "type": "LineString", "coordinates": [ [ 711116.975043118582107, 959919.091881242347881 ], [ 711123.263916847296059, 959931.402244592667557 ], [ 711123.940952659700997, 959960.774680344387889 ], [ 711123.155312881339341, 959976.832405912689865 ] ] } },
{ "type": "Feature", "properties": { "osmid": "868425689", "name": "nan", "highway": "residential", "oneway": "False" }, "geometry": { "type": "LineString", "coordinates": [ [ 711116.975043118582107, 959919.091881242347881 ], [ 711101.089885741937906, 959888.978863557102159 ], [ 711096.486666619544849, 959876.356235654326156 ], [ 711095.183248449815437, 959868.551097362069413 ], [ 711096.510494544985704, 959836.799455860862508 ], [ 711096.645123494206928, 959810.163387382868677 ], [ 711098.891872860258445, 959772.885507188853808 ], [ 711098.224491867935285, 959767.727348095620982 ] ] } },
{ "type": "Feature", "properties": { "osmid": "868427047", "name": "nan", "highway": "residential", "oneway": "False" }, "geometry": { "type": "LineString", "coordinates": [ [ 711116.975043118582107, 959919.091881242347881 ], [ 711107.484844938851893, 959921.676607933361083 ], [ 711086.584000044385903, 959930.055335550685413 ], [ 711069.890697246766649, 959933.521787748206407 ], [ 711058.954929115949199, 959934.650125665939413 ], [ 711045.507486006245017, 959934.00695132825058 ], [ 711035.028361186850816, 959936.254841842455789 ], [ 711024.62874532432761, 959938.016418669256382 ], [ 711015.215446048881859, 959938.455569553538226 ], [ 711006.726613213075325, 959936.742348906700499 ], [ 710994.22838781774044, 959935.58408426551614 ], [ 710977.456327532534488, 959935.034752018866129 ], [ 710965.420780711807311, 959933.80140143178869 ], [ 710950.090003392775543, 959929.022705644951202 ] ] } },
{ "type": "Feature", "properties": { "osmid": "868427048", "name": "nan", "highway": "residential", "oneway": "False" }, "geometry": { "type": "LineString", "coordinates": [ [ 711116.975043118582107, 959919.091881242347881 ], [ 711122.99724885658361, 959916.655550438677892 ], [ 711138.299734201864339, 959913.96747124614194 ], [ 711154.828870934667066, 959905.96488484297879 ], [ 711169.166701194480993, 959898.139273362699896 ], [ 711181.718407002743334, 959890.901969574973918 ], [ 711187.288837881176732, 959888.562917796778493 ], [ 711194.446214341558516, 959885.844729613163508 ], [ 711204.387375364778563, 959883.328670996823348 ], [ 711215.327197001548484, 959881.403939573443495 ], [ 711225.850759125198238, 959881.258052141987719 ], [ 711234.38609390007332, 959882.484833519440144 ], [ 711237.556053546140902, 959884.680038242135197 ] ] } },
{ "type": "Feature", "properties": { "osmid": "868425689", "name": "nan", "highway": "residential", "oneway": "False" }, "geometry": { "type": "LineString", "coordinates": [ [ 711128.446004787809215, 960136.480582677060738 ], [ 711130.192423857050017, 960102.385957278427668 ], [ 711124.21305148222018, 960039.757132570142858 ], [ 711121.295439967070706, 960022.486010972992517 ], [ 711122.456451154313982, 959990.965821333113126 ], [ 711123.155312881339341, 959976.832405912689865 ] ] } },
{ "type": "Feature", "properties": { "osmid": "904065650", "name": "Panavoor-Venjaramood Road", "highway": "secondary", "oneway": "False" }, "geometry": { "type": "LineString", "coordinates": [ [ 711128.446004787809215, 960136.480582677060738 ], [ 711157.194286856334656, 960134.734403439913876 ], [ 711168.755273164948449, 960134.029611990554258 ], [ 711186.582592046353966, 960132.670689166057855 ], [ 711206.677608914440498, 960129.088765380205587 ] ] } },
{ "type": "Feature", "properties": { "osmid": "904065650", "name": "Panavoor-Venjaramood Road", "highway": "secondary", "oneway": "False" }, "geometry": { "type": "LineString", "coordinates": [ [ 711128.446004787809215, 960136.480582677060738 ], [ 711078.627200621063821, 960132.290696272626519 ], [ 711056.946132954093628, 960131.727558300830424 ], [ 711034.982118382467888, 960134.879756543901749 ], [ 710988.894358890131116, 960148.186432215734385 ], [ 710944.392221699235961, 960165.737819877453148 ], [ 710938.772958858171478, 960166.859852123889141 ] ] } },
{ "type": "Feature", "properties": { "osmid": "868427643", "name": "nan", "highway": "residential", "oneway": "False" }, "geometry": { "type": "LineString", "coordinates": [ [ 711119.092263209167868, 959622.171389024937525 ], [ 711124.36437185225077, 959635.306235251831822 ], [ 711129.900299974484369, 959650.687956463545561 ], [ 711129.873520142864436, 959655.986410783953033 ] ] } },
{ "type": "Feature", "properties": { "osmid": "868427643", "name": "nan", "highway": "residential", "oneway": "False" }, "geometry": { "type": "LineString", "coordinates": [ [ 711131.48329057416413, 959699.002724657417275 ], [ 711131.382692959508859, 959690.595267816679552 ], [ 711130.469030355336145, 959684.075264785322361 ] ] } },
{ "type": "Feature", "properties": { "osmid": "868427643", "name": "nan", "highway": "residential", "oneway": "False" }, "geometry": { "type": "LineString", "coordinates": [ [ 711131.48329057416413, 959699.002724657417275 ], [ 711132.434893075260334, 959704.549483501934446 ], [ 711136.310503744520247, 959717.400731843546964 ], [ 711141.586782267550007, 959729.705972712254152 ], [ 711152.496310001937672, 959738.134885521256365 ], [ 711155.54435200302396, 959744.853730463655666 ], [ 711150.178937069489621, 959752.359675785410218 ], [ 711138.901429124525748, 959760.112279379158281 ], [ 711122.87232355796732, 959762.818821437540464 ], [ 711107.982520984602161, 959764.424950277549215 ], [ 711098.224491867935285, 959767.727348095620982 ] ] } },
{ "type": "Feature", "properties": { "osmid": "868427644", "name": "nan", "highway": "residential", "oneway": "False" }, "geometry": { "type": "LineString", "coordinates": [ [ 711131.48329057416413, 959699.002724657417275 ], [ 711146.939765816088766, 959700.706934059970081 ], [ 711158.637920255307108, 959701.197478349669836 ], [ 711169.469335549976677, 959698.951385399210267 ] ] } },
{ "type": "Feature", "properties": { "osmid": "868427644", "name": "nan", "highway": "residential", "oneway": "False" }, "geometry": { "type": "LineString", "coordinates": [ [ 711169.469335549976677, 959698.951385399210267 ], [ 711158.637920255307108, 959701.197478349669836 ], [ 711146.939765816088766, 959700.706934059970081 ], [ 711131.48329057416413, 959699.002724657417275 ] ] } },
{ "type": "Feature", "properties": { "osmid": "868427643", "name": "nan", "highway": "residential", "oneway": "False" }, "geometry": { "type": "LineString", "coordinates": [ [ 711129.873520142864436, 959655.986410783953033 ], [ 711129.900299974484369, 959650.687956463545561 ], [ 711124.36437185225077, 959635.306235251831822 ], [ 711119.092263209167868, 959622.171389024937525 ] ] } },
{ "type": "Feature", "properties": { "osmid": "868427643", "name": "nan", "highway": "residential", "oneway": "False" }, "geometry": { "type": "LineString", "coordinates": [ [ 711129.873520142864436, 959655.986410783953033 ], [ 711129.848137870780192, 959661.008327832911164 ], [ 711129.214887151727453, 959675.230568411410786 ], [ 711130.469030355336145, 959684.075264785322361 ] ] } },
{ "type": "Feature", "properties": { "osmid": "868427645", "name": "nan", "highway": "residential", "oneway": "False" }, "geometry": { "type": "LineString", "coordinates": [ [ 711129.873520142864436, 959655.986410783953033 ], [ 711121.45183577015996, 959656.220390363712795 ], [ 711109.914910946274176, 959658.673105746856891 ], [ 711102.587702766992152, 959664.498815282946452 ], [ 711096.946006639394909, 959670.045437418855727 ], [ 711091.570987952058204, 959677.274796942947432 ], [ 711092.432803257135674, 959685.343183754361235 ], [ 711092.642935201991349, 959687.324302824097686 ] ] } },
{ "type": "Feature", "properties": { "osmid": "868427645", "name": "nan", "highway": "residential", "oneway": "False" }, "geometry": { "type": "LineString", "coordinates": [ [ 711092.642935201991349, 959687.324302824097686 ], [ 711092.432803257135674, 959685.343183754361235 ], [ 711091.570987952058204, 959677.274796942947432 ], [ 711096.946006639394909, 959670.045437418855727 ], [ 711102.587702766992152, 959664.498815282946452 ], [ 711109.914910946274176, 959658.673105746856891 ], [ 711121.45183577015996, 959656.220390363712795 ], [ 711129.873520142864436, 959655.986410783953033 ] ] } },
{ "type": "Feature", "properties": { "osmid": "868427643", "name": "nan", "highway": "residential", "oneway": "False" }, "geometry": { "type": "LineString", "coordinates": [ [ 711130.469030355336145, 959684.075264785322361 ], [ 711129.214887151727453, 959675.230568411410786 ], [ 711129.848137870780192, 959661.008327832911164 ], [ 711129.873520142864436, 959655.986410783953033 ] ] } },
{ "type": "Feature", "properties": { "osmid": "868427643", "name": "nan", "highway": "residential", "oneway": "False" }, "geometry": { "type": "LineString", "coordinates": [ [ 711130.469030355336145, 959684.075264785322361 ], [ 711131.382692959508859, 959690.595267816679552 ], [ 711131.48329057416413, 959699.002724657417275 ] ] } },
{ "type": "Feature", "properties": { "osmid": "868427646", "name": "nan", "highway": "residential", "oneway": "False" }, "geometry": { "type": "LineString", "coordinates": [ [ 711130.469030355336145, 959684.075264785322361 ], [ 711139.56727467989549, 959682.82702477753628 ], [ 711148.565563203883357, 959681.755269764689729 ], [ 711151.68813859927468, 959675.908313201507553 ], [ 711152.572638471610844, 959666.421781086246483 ], [ 711151.221281358390115, 959657.211553224828094 ], [ 711151.537382846232504, 959649.115931664826348 ] ] } },
{ "type": "Feature", "properties": { "osmid": "868427646", "name": "nan", "highway": "residential", "oneway": "False" }, "geometry": { "type": "LineString", "coordinates": [ [ 711151.537382846232504, 959649.115931664826348 ], [ 711151.221281358390115, 959657.211553224828094 ], [ 711152.572638471610844, 959666.421781086246483 ], [ 711151.68813859927468, 959675.908313201507553 ], [ 711148.565563203883357, 959681.755269764689729 ], [ 711139.56727467989549, 959682.82702477753628 ], [ 711130.469030355336145, 959684.075264785322361 ] ] } },
{ "type": "Feature", "properties": { "osmid": "868426569", "name": "nan", "highway": "residential", "oneway": "False" }, "geometry": { "type": "LineString", "coordinates": [ [ 711260.983172575593926, 959977.463098498992622 ], [ 711252.279565214412287, 959976.865977472974919 ], [ 711242.436843038653024, 959975.156917637796141 ], [ 711231.944525656639598, 959969.130479526473209 ], [ 711220.93665941467043, 959964.926630891975947 ], [ 711209.923014160245657, 959964.041290514636785 ], [ 711192.549195419531316, 959964.948980115004815 ], [ 711182.674585053580813, 959969.54498810810037 ], [ 711176.810658713802695, 959973.331646857783198 ], [ 711154.085011870134622, 959974.710066936677322 ], [ 711143.556611542357132, 959975.818317199475132 ], [ 711123.155312881339341, 959976.832405912689865 ] ] } },
{ "type": "Feature", "properties": { "osmid": "868426569", "name": "nan", "highway": "residential", "oneway": "False" }, "geometry": { "type": "LineString", "coordinates": [ [ 711260.983172575593926, 959977.463098498992622 ], [ 711265.296452394686639, 959977.761464810930192 ], [ 711280.325072125880979, 959979.16491516539827 ], [ 711282.8161610532552, 959982.827908140723594 ], [ 711283.282924834406003, 959988.471780049847439 ], [ 711283.543560641002841, 960002.222897333791479 ], [ 711282.988700192770921, 960020.516282035619952 ], [ 711276.266754550742917, 960041.59921698924154 ], [ 711269.054897801717743, 960065.965022829594091 ], [ 711266.59580479550641, 960084.259833312942646 ], [ 711264.706267290282995, 960103.110614732606336 ] ] } },
{ "type": "Feature", "properties": { "osmid": "868426644", "name": "nan", "highway": "residential", "oneway": "False" }, "geometry": { "type": "LineString", "coordinates": [ [ 711260.983172575593926, 959977.463098498992622 ], [ 711255.664158117957413, 959995.378401413443498 ], [ 711252.017927704844624, 960024.231208617449738 ] ] } },
{ "type": "Feature", "properties": { "osmid": "868426644", "name": "nan", "highway": "residential", "oneway": "False" }, "geometry": { "type": "LineString", "coordinates": [ [ 711252.017927704844624, 960024.231208617449738 ], [ 711255.664158117957413, 959995.378401413443498 ], [ 711260.983172575593926, 959977.463098498992622 ] ] } },
{ "type": "Feature", "properties": { "osmid": "868427047", "name": "nan", "highway": "residential", "oneway": "False" }, "geometry": { "type": "LineString", "coordinates": [ [ 710950.090003392775543, 959929.022705644951202 ], [ 710965.420780711807311, 959933.80140143178869 ], [ 710977.456327532534488, 959935.034752018866129 ], [ 710994.22838781774044, 959935.58408426551614 ], [ 711006.726613213075325, 959936.742348906700499 ], [ 711015.215446048881859, 959938.455569553538226 ], [ 711024.62874532432761, 959938.016418669256382 ], [ 711035.028361186850816, 959936.254841842455789 ], [ 711045.507486006245017, 959934.00695132825058 ], [ 711058.954929115949199, 959934.650125665939413 ], [ 711069.890697246766649, 959933.521787748206407 ], [ 711086.584000044385903, 959930.055335550685413 ], [ 711107.484844938851893, 959921.676607933361083 ], [ 711116.975043118582107, 959919.091881242347881 ] ] } },
{ "type": "Feature", "properties": { "osmid": "868427048", "name": "nan", "highway": "residential", "oneway": "False" }, "geometry": { "type": "LineString", "coordinates": [ [ 711237.556053546140902, 959884.680038242135197 ], [ 711234.38609390007332, 959882.484833519440144 ], [ 711225.850759125198238, 959881.258052141987719 ], [ 711215.327197001548484, 959881.403939573443495 ], [ 711204.387375364778563, 959883.328670996823348 ], [ 711194.446214341558516, 959885.844729613163508 ], [ 711187.288837881176732, 959888.562917796778493 ], [ 711181.718407002743334, 959890.901969574973918 ], [ 711169.166701194480993, 959898.139273362699896 ], [ 711154.828870934667066, 959905.96488484297879 ], [ 711138.299734201864339, 959913.96747124614194 ], [ 711122.99724885658361, 959916.655550438677892 ], [ 711116.975043118582107, 959919.091881242347881 ] ] } },
{ "type": "Feature", "properties": { "osmid": "868428732", "name": "nan", "highway": "residential", "oneway": "False" }, "geometry": { "type": "LineString", "coordinates": [ [ 710663.073263599304482, 960011.05685570940841 ], [ 710683.285650950972922, 960012.563674555975012 ], [ 710704.902777981362306, 960014.89616138569545 ] ] } },
{ "type": "Feature", "properties": { "osmid": "868428732", "name": "nan", "highway": "residential", "oneway": "False" }, "geometry": { "type": "LineString", "coordinates": [ [ 710663.073263599304482, 960011.05685570940841 ], [ 710650.39967666589655, 960016.302558024530299 ], [ 710647.848152176127769, 960022.428956138319336 ], [ 710646.949961429112591, 960032.468491672188975 ], [ 710644.900954439304769, 960048.077342264004983 ], [ 710647.094007237115875, 960060.643489256151952 ], [ 710650.498347922926769, 960070.925965914037079 ] ] } },
{ "type": "Feature", "properties": { "osmid": "868428894", "name": "nan", "highway": "residential", "oneway": "False" }, "geometry": { "type": "LineString", "coordinates": [ [ 710663.073263599304482, 960011.05685570940841 ], [ 710664.820641619618982, 959998.510586942313239 ], [ 710664.316996975336224, 959987.070198394358158 ], [ 710663.522989296587184, 959976.457976251957007 ], [ 710664.974047081777826, 959968.102615025942214 ], [ 710667.814598694909364, 959961.413525764481165 ], [ 710670.375683972728439, 959955.574781263596378 ], [ 710679.651897078612819, 959953.94019395543728 ], [ 710697.081576523720287, 959950.676421939511783 ], [ 710705.804817688418552, 959947.379787380225025 ], [ 710722.955360083957203, 959942.720835975254886 ] ] } },
{ "type": "Feature", "properties": { "osmid": "868428732", "name": "nan", "highway": "residential", "oneway": "False" }, "geometry": { "type": "LineString", "coordinates": [ [ 710704.902777981362306, 960014.89616138569545 ], [ 710683.285650950972922, 960012.563674555975012 ], [ 710663.073263599304482, 960011.05685570940841 ] ] } },
{ "type": "Feature", "properties": { "osmid": "868432995", "name": "nan", "highway": "residential", "oneway": "False" }, "geometry": { "type": "LineString", "coordinates": [ [ 710547.582491489127278, 960175.681478223996237 ], [ 710548.146916209021583, 960183.803643624065444 ], [ 710550.526219266001135, 960198.72687200224027 ] ] } },
{ "type": "Feature", "properties": { "osmid": "904065650", "name": "Panavoor-Venjaramood Road", "highway": "secondary", "oneway": "False" }, "geometry": { "type": "LineString", "coordinates": [ [ 710547.582491489127278, 960175.681478223996237 ], [ 710595.280609427252784, 960190.025778324576095 ], [ 710614.22945889737457, 960188.88245158479549 ], [ 710691.71790356375277, 960169.450779144652188 ] ] } },
{ "type": "Feature", "properties": { "osmid": "904065650", "name": "Panavoor-Venjaramood Road", "highway": "secondary", "oneway": "False" }, "geometry": { "type": "LineString", "coordinates": [ [ 710547.582491489127278, 960175.681478223996237 ], [ 710522.123214415390976, 960173.506669546477497 ], [ 710484.006960806902498, 960182.03113551880233 ], [ 710446.091159674921073, 960192.282274123979732 ], [ 710419.116747151128948, 960198.086462210980244 ], [ 710406.767231001867913, 960195.833996983012185 ] ] } },
{ "type": "Feature", "properties": { "osmid": "868422649", "name": "nan", "highway": "residential", "oneway": "False" }, "geometry": { "type": "LineString", "coordinates": [ [ 710474.504757446004078, 960038.545677322777919 ], [ 710487.769936174387112, 960044.762870900915004 ], [ 710523.772487741429359, 960064.711705116555095 ], [ 710552.561824731295928, 960076.63762521429453 ], [ 710558.810098429443315, 960077.377085487474687 ], [ 710580.914293331326917, 960074.789494492346421 ], [ 710604.00988403626252, 960072.052050654659979 ], [ 710629.011898551485501, 960071.06093004019931 ], [ 710641.763712782878429, 960069.941651789471507 ], [ 710650.498347922926769, 960070.925965914037079 ] ] } },
{ "type": "Feature", "properties": { "osmid": "868422649", "name": "nan", "highway": "residential", "oneway": "False" }, "geometry": { "type": "LineString", "coordinates": [ [ 710474.504757446004078, 960038.545677322777919 ], [ 710473.703103026142344, 960038.176599144353531 ], [ 710470.955424333107658, 960037.366304142982699 ], [ 710464.174114217865281, 960035.374195727170445 ], [ 710435.03884182497859, 960024.375790995196439 ], [ 710420.970993377268314, 960017.988646511221305 ], [ 710409.080476499046199, 960012.010701516759582 ], [ 710399.787473388714716, 960003.877749043051153 ], [ 710393.085072595626116, 959994.961407343973406 ], [ 710391.140552101889625, 959985.482767299399711 ], [ 710392.197845138376579, 959974.437423960538581 ], [ 710394.403549983398989, 959964.846953559899703 ] ] } },
{ "type": "Feature", "properties": { "osmid": "868428640", "name": "nan", "highway": "residential", "oneway": "False" }, "geometry": { "type": "LineString", "coordinates": [ [ 710474.504757446004078, 960038.545677322777919 ], [ 710478.116852134815417, 960036.00862341420725 ], [ 710484.957478576223366, 960030.600730624981225 ], [ 710499.29683591471985, 960018.062633627327159 ], [ 710506.671202869736589, 960011.584445130429231 ], [ 710508.283078974229284, 960008.439975420129485 ], [ 710507.309343606699258, 960002.904197021853179 ], [ 710507.345143638551235, 959995.802741054212674 ], [ 710508.402468404965475, 959984.757393976091407 ], [ 710518.20106062060222, 959971.200851891306229 ], [ 710530.562367001548409, 959960.212492747348733 ], [ 710540.353128363844007, 959950.394782004063018 ], [ 710550.13087974966038, 959940.975229663657956 ], [ 710553.331680747796781, 959934.87422504008282 ], [ 710556.757562675746158, 959925.610697259777226 ], [ 710561.613025489379652, 959907.881083339801989 ], [ 710564.263318620854989, 959895.261937131755985 ], [ 710568.301419842988253, 959882.461738590965979 ], [ 710575.110286055132747, 959870.261782846413553 ], [ 710585.702417262364179, 959856.510136275668629 ], [ 710598.28684722376056, 959842.757475434453227 ], [ 710606.678777259308845, 959833.131828902987763 ] ] } },
{ "type": "Feature", "properties": { "osmid": "868428640", "name": "nan", "highway": "residential", "oneway": "False" }, "geometry": { "type": "LineString", "coordinates": [ [ 710606.678777259308845, 959833.131828902987763 ], [ 710598.28684722376056, 959842.757475434453227 ], [ 710585.702417262364179, 959856.510136275668629 ], [ 710575.110286055132747, 959870.261782846413553 ], [ 710568.301419842988253, 959882.461738590965979 ], [ 710564.263318620854989, 959895.261937131755985 ], [ 710561.613025489379652, 959907.881083339801989 ], [ 710556.757562675746158, 959925.610697259777226 ], [ 710553.331680747796781, 959934.87422504008282 ], [ 710550.13087974966038, 959940.975229663657956 ], [ 710540.353128363844007, 959950.394782004063018 ], [ 710530.562367001548409, 959960.212492747348733 ], [ 710518.20106062060222, 959971.200851891306229 ], [ 710508.402468404965475, 959984.757393976091407 ], [ 710507.345143638551235, 959995.802741054212674 ], [ 710507.309343606699258, 960002.904197021853179 ], [ 710508.283078974229284, 960008.439975420129485 ], [ 710506.671202869736589, 960011.584445130429231 ], [ 710499.29683591471985, 960018.062633627327159 ], [ 710484.957478576223366, 960030.600730624981225 ], [ 710478.116852134815417, 960036.00862341420725 ], [ 710474.504757446004078, 960038.545677322777919 ] ] } },
{ "type": "Feature", "properties": { "osmid": "868432995", "name": "nan", "highway": "residential", "oneway": "False" }, "geometry": { "type": "LineString", "coordinates": [ [ 710577.056457781349309, 960440.261139652808197 ], [ 710578.459420009981841, 960426.164492323878221 ], [ 710579.522136326297186, 960385.694927130476572 ], [ 710580.662071344209835, 960356.099447482032701 ], [ 710579.129771808627993, 960343.470265992218629 ], [ 710570.59653440490365, 960304.755359693081118 ], [ 710559.697675161762163, 960259.31404904415831 ], [ 710553.297866435255855, 960223.154116954421625 ], [ 710550.899628203827888, 960201.073844674276188 ], [ 710550.526219266001135, 960198.72687200224027 ] ] } },
{ "type": "Feature", "properties": { "osmid": "868430193", "name": "nan", "highway": "residential", "oneway": "False" }, "geometry": { "type": "LineString", "coordinates": [ [ 710790.140334850293584, 960139.417140299221501 ], [ 710788.220940600847825, 960177.305027435999364 ] ] } },
{ "type": "Feature", "properties": { "osmid": "904065650", "name": "Panavoor-Venjaramood Road", "highway": "secondary", "oneway": "False" }, "geometry": { "type": "LineString", "coordinates": [ [ 710790.140334850293584, 960139.417140299221501 ], [ 710811.262148561421782, 960139.556969459052198 ], [ 710831.891128861811012, 960147.924269292270765 ] ] } },
{ "type": "Feature", "properties": { "osmid": "904065650", "name": "Panavoor-Venjaramood Road", "highway": "secondary", "oneway": "False" }, "geometry": { "type": "LineString", "coordinates": [ [ 710790.140334850293584, 960139.417140299221501 ], [ 710783.40425123705063, 960139.372070353361778 ], [ 710694.880301992059685, 960168.780909886118025 ], [ 710691.71790356375277, 960169.450779144652188 ] ] } },
{ "type": "Feature", "properties": { "osmid": "868430193", "name": "nan", "highway": "residential", "oneway": "False" }, "geometry": { "type": "LineString", "coordinates": [ [ 710788.220940600847825, 960177.305027435999364 ], [ 710790.140334850293584, 960139.417140299221501 ] ] } },
{ "type": "Feature", "properties": { "osmid": "868430193", "name": "nan", "highway": "residential", "oneway": "False" }, "geometry": { "type": "LineString", "coordinates": [ [ 710788.220940600847825, 960177.305027435999364 ], [ 710781.668344058445655, 960228.122838343377225 ], [ 710779.898141239886172, 960247.361356748500839 ], [ 710783.770548006985337, 960273.929125202121213 ], [ 710783.73876768082846, 960280.223104379256256 ], [ 710780.693717525573447, 960288.172193830716424 ], [ 710770.562589890905656, 960304.359697943553329 ], [ 710762.943290002993308, 960320.106353184324689 ], [ 710760.505015045171604, 960329.961128395632841 ], [ 710759.175826406339183, 960357.774733031634241 ], [ 710757.638270835857838, 960374.536591479438357 ], [ 710755.848573859315366, 960395.456396916997619 ], [ 710748.693879138911143, 960421.647693735081702 ], [ 710744.115799076622352, 960438.925163471605629 ], [ 710737.844089231453836, 960455.91753766243346 ], [ 710732.425537857227027, 960471.796982262516394 ], [ 710729.259167622192763, 960488.517429902916774 ], [ 710729.726118382066488, 960507.214153353474103 ], [ 710733.040594020625576, 960517.839112317888066 ], [ 710743.686054907971993, 960524.032141274772584 ], [ 710749.549258222454228, 960529.083786309231073 ] ] } },
{ "type": "Feature", "properties": { "osmid": "959026990", "name": "nan", "highway": "residential", "oneway": "False" }, "geometry": { "type": "LineString", "coordinates": [ [ 710788.220940600847825, 960177.305027435999364 ], [ 710813.710208222037181, 960195.342714271624573 ], [ 710824.327934413333423, 960204.865196466096677 ] ] } },
{ "type": "Feature", "properties": { "osmid": "868430193", "name": "nan", "highway": "residential", "oneway": "False" }, "geometry": { "type": "LineString", "coordinates": [ [ 710749.549258222454228, 960529.083786309231073 ], [ 710753.102026679669507, 960549.189877181197517 ], [ 710756.100489210453816, 960567.899388588615693 ], [ 710755.158568585873581, 960586.589000723790377 ], [ 710742.31720384710934, 960627.264598269714043 ], [ 710734.035603401251137, 960654.290892107062973 ], [ 710728.03740191005636, 960673.795661314856261 ], [ 710719.799339375691488, 960703.100895980605856 ] ] } },
{ "type": "Feature", "properties": { "osmid": "868430193", "name": "nan", "highway": "residential", "oneway": "False" }, "geometry": { "type": "LineString", "coordinates": [ [ 710749.549258222454228, 960529.083786309231073 ], [ 710743.686054907971993, 960524.032141274772584 ], [ 710733.040594020625576, 960517.839112317888066 ], [ 710729.726118382066488, 960507.214153353474103 ], [ 710729.259167622192763, 960488.517429902916774 ], [ 710732.425537857227027, 960471.796982262516394 ], [ 710737.844089231453836, 960455.91753766243346 ], [ 710744.115799076622352, 960438.925163471605629 ], [ 710748.693879138911143, 960421.647693735081702 ], [ 710755.848573859315366, 960395.456396916997619 ], [ 710757.638270835857838, 960374.536591479438357 ], [ 710759.175826406339183, 960357.774733031634241 ], [ 710760.505015045171604, 960329.961128395632841 ], [ 710762.943290002993308, 960320.106353184324689 ], [ 710770.562589890905656, 960304.359697943553329 ], [ 710780.693717525573447, 960288.172193830716424 ], [ 710783.73876768082846, 960280.223104379256256 ], [ 710783.770548006985337, 960273.929125202121213 ], [ 710779.898141239886172, 960247.361356748500839 ], [ 710781.668344058445655, 960228.122838343377225 ], [ 710788.220940600847825, 960177.305027435999364 ] ] } },
{ "type": "Feature", "properties": { "osmid": "868432167", "name": "nan", "highway": "residential", "oneway": "False" }, "geometry": { "type": "LineString", "coordinates": [ [ 710749.549258222454228, 960529.083786309231073 ], [ 710765.258830158039927, 960524.196391263976693 ], [ 710796.339743665419519, 960520.37113439082168 ], [ 710815.059454483678564, 960518.806426382157952 ], [ 710817.699824910843745, 960519.06312265584711 ] ] } },
{ "type": "Feature", "properties": { "osmid": "868430193", "name": "nan", "highway": "residential", "oneway": "False" }, "geometry": { "type": "LineString", "coordinates": [ [ 710719.799339375691488, 960703.100895980605856 ], [ 710728.03740191005636, 960673.795661314856261 ], [ 710734.035603401251137, 960654.290892107062973 ], [ 710742.31720384710934, 960627.264598269714043 ], [ 710755.158568585873581, 960586.589000723790377 ], [ 710756.100489210453816, 960567.899388588615693 ], [ 710753.102026679669507, 960549.189877181197517 ], [ 710749.549258222454228, 960529.083786309231073 ] ] } },
{ "type": "Feature", "properties": { "osmid": "871409719", "name": "nan", "highway": "residential", "oneway": "False" }, "geometry": { "type": "LineString", "coordinates": [ [ 710719.799339375691488, 960703.100895980605856 ], [ 710765.987611854681745, 960700.259006537147798 ], [ 710796.186751181143336, 960696.650559642235748 ], [ 710811.093905720626935, 960693.717072222614661 ], [ 710842.068223568843678, 960687.004217631649226 ], [ 710855.849494891706854, 960673.810801148181781 ], [ 710858.43456731387414, 960663.226694673066959 ], [ 710857.926832600962371, 960652.615897971088998 ], [ 710854.646220365888439, 960635.298723404295743 ], [ 710849.944066555704921, 960620.485387286869809 ], [ 710837.965628511738032, 960601.453943428699858 ], [ 710830.453917238744907, 960587.190567194251344 ], [ 710820.375465573044494, 960579.883136091055349 ], [ 710811.116360327228904, 960578.154974290984683 ] ] } },
{ "type": "Feature", "properties": { "osmid": "871409719", "name": "nan", "highway": "residential", "oneway": "False" }, "geometry": { "type": "LineString", "coordinates": [ [ 710719.799339375691488, 960703.100895980605856 ], [ 710704.669486196013168, 960695.646301732049324 ], [ 710675.451103486120701, 960685.95247638609726 ], [ 710645.691432764520869, 960676.643103306996636 ] ] } },
{ "type": "Feature", "properties": { "osmid": "871405378", "name": "nan", "highway": "residential", "oneway": "False" }, "geometry": { "type": "LineString", "coordinates": [ [ 710938.772958858171478, 960166.859852123889141 ], [ 710940.785566492937505, 960173.728315387386829 ], [ 710942.606527775176801, 960183.670981469214894 ], [ 710942.651643969700672, 960200.883316947612911 ], [ 710938.797447209828533, 960257.865121801383793 ], [ 710936.913678798940964, 960284.315347223076969 ], [ 710947.553999695228413, 960311.13858965691179 ], [ 710950.924568564048968, 960334.61763045436237 ], [ 710952.147409418364987, 960343.119247415452264 ], [ 710955.618203533464111, 960346.765047628665343 ], [ 710961.634126961464062, 960347.735701642581262 ], [ 710989.545722282258794, 960345.985212424304336 ], [ 711000.479366446612403, 960345.255093559273519 ], [ 711004.286070678150281, 960345.595127480220981 ], [ 711007.282182846567594, 960347.335909023066051 ], [ 711008.219078443245962, 960351.43350017152261 ], [ 711007.653899545315653, 960400.091372076189145 ], [ 711007.238038531970233, 960414.856733731343411 ] ] } },
{ "type": "Feature", "properties": { "osmid": "904065650", "name": "Panavoor-Venjaramood Road", "highway": "secondary", "oneway": "False" }, "geometry": { "type": "LineString", "coordinates": [ [ 710938.772958858171478, 960166.859852123889141 ], [ 710944.392221699235961, 960165.737819877453148 ], [ 710988.894358890131116, 960148.186432215734385 ], [ 711034.982118382467888, 960134.879756543901749 ], [ 711056.946132954093628, 960131.727558300830424 ], [ 711078.627200621063821, 960132.290696272626519 ], [ 711128.446004787809215, 960136.480582677060738 ] ] } },
{ "type": "Feature", "properties": { "osmid": "904065650", "name": "Panavoor-Venjaramood Road", "highway": "secondary", "oneway": "False" }, "geometry": { "type": "LineString", "coordinates": [ [ 710938.772958858171478, 960166.859852123889141 ], [ 710926.719039876479656, 960169.276787406182848 ], [ 710904.14059203164652, 960169.870676253107376 ], [ 710871.27076902706176, 960163.88615648355335 ], [ 710831.891128861811012, 960147.924269292270765 ] ] } },
{ "type": "Feature", "properties": { "osmid": "871407817", "name": "nan", "highway": "residential", "oneway": "False" }, "geometry": { "type": "LineString", "coordinates": [ [ 711521.343458574498072, 960490.588482959661633 ], [ 711523.648888390045613, 960493.951893162215129 ], [ 711527.960509509197436, 960503.25459745968692 ], [ 711529.512528126477264, 960511.934916594997048 ], [ 711532.824588933843188, 960525.170557633042336 ], [ 711538.714177348068915, 960538.032101264223456 ], [ 711548.210992977721617, 960544.982805115170777 ], [ 711561.270964128780179, 960554.717025872436352 ] ] } },
{ "type": "Feature", "properties": { "osmid": "871407817", "name": "nan", "highway": "residential", "oneway": "False" }, "geometry": { "type": "LineString", "coordinates": [ [ 711521.343458574498072, 960490.588482959661633 ], [ 711514.973522309795953, 960481.286410400294699 ], [ 711513.042297911131755, 960469.241383602609858 ], [ 711512.940129833878018, 960454.650350341340527 ] ] } },
{ "type": "Feature", "properties": { "osmid": "871407912", "name": "nan", "highway": "residential", "oneway": "False" }, "geometry": { "type": "LineString", "coordinates": [ [ 711521.343458574498072, 960490.588482959661633 ], [ 711511.13022024743259, 960494.684897667146288 ], [ 711497.012629320845008, 960498.164191403659061 ], [ 711492.422871529823169, 960502.477158284280449 ], [ 711491.001028461498208, 960507.204403494251892 ], [ 711467.896004799287766, 960520.505287253879942 ], [ 711455.532504444359802, 960531.891604067059234 ], [ 711448.946563485194929, 960536.979847442940809 ] ] } },
{ "type": "Feature", "properties": { "osmid": "871407912", "name": "nan", "highway": "residential", "oneway": "False" }, "geometry": { "type": "LineString", "coordinates": [ [ 711448.946563485194929, 960536.979847442940809 ], [ 711455.532504444359802, 960531.891604067059234 ], [ 711467.896004799287766, 960520.505287253879942 ], [ 711491.001028461498208, 960507.204403494251892 ], [ 711492.422871529823169, 960502.477158284280449 ], [ 711497.012629320845008, 960498.164191403659061 ], [ 711511.13022024743259, 960494.684897667146288 ], [ 711521.343458574498072, 960490.588482959661633 ] ] } },
{ "type": "Feature", "properties": { "osmid": "840855218", "name": "nan", "highway": "residential", "oneway": "False" }, "geometry": { "type": "LineString", "coordinates": [ [ 711312.337659436510876, 960330.704575838288292 ], [ 711313.547032721573487, 960333.155353269074112 ], [ 711316.993394083110616, 960345.971289470908232 ], [ 711319.313405592925847, 960366.026996034896001 ], [ 711323.887134345015511, 960388.793190171592869 ], [ 711326.393745813053101, 960408.94939968327526 ], [ 711327.161505452124402, 960416.010708704940043 ] ] } },
{ "type": "Feature", "properties": { "osmid": "840855218", "name": "nan", "highway": "residential", "oneway": "False" }, "geometry": { "type": "LineString", "coordinates": [ [ 711312.337659436510876, 960330.704575838288292 ], [ 711305.898075236938894, 960317.751809133216739 ], [ 711298.017600850667804, 960300.245356289902702 ], [ 711292.473271084367298, 960284.387875427375548 ], [ 711286.232733235112391, 960266.900790025712922 ], [ 711279.516972615034319, 960251.966574316145852 ], [ 711275.592592763598077, 960240.077416902175173 ], [ 711270.01997260726057, 960229.806001585209742 ], [ 711264.647871948895045, 960225.586398782557808 ], [ 711258.801675091264769, 960223.698434357880615 ], [ 711251.306065735174343, 960223.66050419176463 ], [ 711230.22538208134938, 960221.916692576138303 ], [ 711226.255035926005803, 960219.109034713008441 ], [ 711226.045105147408321, 960214.915556923951954 ], [ 711225.598901727120392, 960209.559396550292149 ], [ 711226.348107843310572, 960200.713761113933288 ], [ 711225.009868702036329, 960186.747020843322389 ], [ 711222.280873834621161, 960171.368398356484249 ], [ 711216.285581662785262, 960151.083944678888656 ], [ 711210.982164810528047, 960135.460003320476972 ], [ 711206.677608914440498, 960129.088765380205587 ] ] } },
{ "type": "Feature", "properties": { "osmid": "871407817", "name": "nan", "highway": "residential", "oneway": "False" }, "geometry": { "type": "LineString", "coordinates": [ [ 711312.337659436510876, 960330.704575838288292 ], [ 711324.702203079592437, 960325.634500085609034 ], [ 711343.80486625188496, 960318.032206301344559 ], [ 711364.486517333891243, 960311.621526413247921 ], [ 711376.008570183999836, 960312.078093372285366 ], [ 711390.70157657796517, 960312.351609006873332 ], [ 711404.779267836362123, 960316.759124520467594 ], [ 711417.255962020484731, 960324.322210050188005 ], [ 711428.087705618003383, 960341.544977630488575 ], [ 711438.131012623780407, 960360.135419090162031 ], [ 711443.827527776826173, 960372.011458681430668 ], [ 711450.302571216714568, 960386.645831158268265 ], [ 711453.460542957531288, 960391.197165925288573 ], [ 711468.284678569063544, 960404.690228049294092 ], [ 711481.74796218785923, 960413.043727814452723 ], [ 711494.400764395366423, 960424.94396404386498 ], [ 711506.245043697184883, 960440.003783539053984 ], [ 711512.92618855368346, 960453.057380355661735 ], [ 711512.940129833878018, 960454.650350341340527 ] ] } },
{ "type": "Feature", "properties": { "osmid": "840855218", "name": "nan", "highway": "residential", "oneway": "False" }, "geometry": { "type": "LineString", "coordinates": [ [ 711327.161505452124402, 960416.010708704940043 ], [ 711328.749704459914938, 960430.598188942414708 ], [ 711329.397319014300592, 960448.344579087453894 ], [ 711329.300816757138819, 960467.40355478762649 ], [ 711326.997846193378791, 960485.289870296022855 ], [ 711325.333709256956354, 960494.396359055070207 ] ] } },
{ "type": "Feature", "properties": { "osmid": "840855218", "name": "nan", "highway": "residential", "oneway": "False" }, "geometry": { "type": "LineString", "coordinates": [ [ 711327.161505452124402, 960416.010708704940043 ], [ 711326.393745813053101, 960408.94939968327526 ], [ 711323.887134345015511, 960388.793190171592869 ], [ 711319.313405592925847, 960366.026996034896001 ], [ 711316.993394083110616, 960345.971289470908232 ], [ 711313.547032721573487, 960333.155353269074112 ], [ 711312.337659436510876, 960330.704575838288292 ] ] } },
{ "type": "Feature", "properties": { "osmid": "871406963", "name": "nan", "highway": "residential", "oneway": "False" }, "geometry": { "type": "LineString", "coordinates": [ [ 711327.161505452124402, 960416.010708704940043 ], [ 711266.636512389173731, 960419.863541731494479 ], [ 711194.726114499848336, 960420.196511073620059 ], [ 711183.043701491784304, 960418.80998682952486 ], [ 711179.722845564130694, 960413.815383179695345 ], [ 711178.779998255660757, 960402.195742871495895 ], [ 711170.483915487769991, 960392.861874604946934 ], [ 711142.62581096868962, 960353.573309844126925 ] ] } },
{ "type": "Feature", "properties": { "osmid": "871406963", "name": "nan", "highway": "residential", "oneway": "False" }, "geometry": { "type": "LineString", "coordinates": [ [ 711142.62581096868962, 960353.573309844126925 ], [ 711170.483915487769991, 960392.861874604946934 ], [ 711178.779998255660757, 960402.195742871495895 ], [ 711179.722845564130694, 960413.815383179695345 ], [ 711183.043701491784304, 960418.80998682952486 ], [ 711194.726114499848336, 960420.196511073620059 ], [ 711266.636512389173731, 960419.863541731494479 ], [ 711327.161505452124402, 960416.010708704940043 ] ] } },
{ "type": "Feature", "properties": { "osmid": "871405378", "name": "nan", "highway": "residential", "oneway": "False" }, "geometry": { "type": "LineString", "coordinates": [ [ 711071.978750783368014, 960443.623897441197187 ], [ 711081.603571773157455, 960444.867244083201513 ], [ 711103.281580096227117, 960452.532076423289254 ], [ 711119.233565573231317, 960462.844907493214123 ], [ 711132.484745822264813, 960476.141825744998641 ], [ 711140.187107317149639, 960487.519114163238555 ], [ 711145.33402979944367, 960503.606856363127008 ], [ 711148.293339482159354, 960514.794225634541363 ], [ 711149.528831721516326, 960520.784899265738204 ], [ 711144.060491598444059, 960537.770250118803233 ], [ 711140.192467865068465, 960549.553599241771735 ], [ 711139.367304499843158, 960556.009503648616374 ], [ 711140.918798922328278, 960562.632297337520868 ], [ 711147.351396437967196, 960574.788553718128242 ], [ 711154.727241398417391, 960589.781400490319356 ], [ 711163.621878957608715, 960617.856960476608947 ], [ 711165.004942482104525, 960627.310720341512933 ], [ 711161.636453010025434, 960633.908619952155277 ], [ 711150.747035088366829, 960656.364241358591244 ], [ 711141.796813900116831, 960671.905001204577275 ], [ 711139.386691935476847, 960678.352885600179434 ], [ 711141.246363305021077, 960684.97724010294769 ], [ 711146.235960263293236, 960701.694714928977191 ], [ 711149.211140602361411, 960709.740623113233596 ], [ 711149.909366669715382, 960715.319293976295739 ] ] } },
{ "type": "Feature", "properties": { "osmid": "871405378", "name": "nan", "highway": "residential", "oneway": "False" }, "geometry": { "type": "LineString", "coordinates": [ [ 711071.978750783368014, 960443.623897441197187 ], [ 711061.330977868405171, 960442.242638927069493 ], [ 711020.777791576692834, 960438.575252734241076 ], [ 711010.799647665116936, 960435.372201068094 ], [ 711007.651192354387604, 960431.108563810237683 ], [ 711007.077159048174508, 960420.552732388488948 ], [ 711007.238038531970233, 960414.856733731343411 ] ] } },
{ "type": "Feature", "properties": { "osmid": "871410622", "name": "nan", "highway": "residential", "oneway": "False" }, "geometry": { "type": "LineString", "coordinates": [ [ 711071.978750783368014, 960443.623897441197187 ], [ 711065.819619251531549, 960455.738578838063404 ], [ 711058.202168432530016, 960471.09804739349056 ], [ 711047.173798678908497, 960490.566309454850852 ], [ 711039.12819225282874, 960510.060716866631992 ] ] } },
{ "type": "Feature", "properties": { "osmid": "871410622", "name": "nan", "highway": "residential", "oneway": "False" }, "geometry": { "type": "LineString", "coordinates": [ [ 711039.12819225282874, 960510.060716866631992 ], [ 711047.173798678908497, 960490.566309454850852 ], [ 711058.202168432530016, 960471.09804739349056 ], [ 711065.819619251531549, 960455.738578838063404 ], [ 711071.978750783368014, 960443.623897441197187 ] ] } },
{ "type": "Feature", "properties": { "osmid": "868432167", "name": "nan", "highway": "residential", "oneway": "False" }, "geometry": { "type": "LineString", "coordinates": [ [ 711037.470577155938372, 961046.681144357658923 ], [ 711040.810016052564606, 961054.518716257414781 ], [ 711048.401964179123752, 961072.46614607819356 ], [ 711052.594162262161262, 961079.268227813299745 ], [ 711053.162376034539193, 961084.436952960095368 ], [ 711050.762724976055324, 961090.995506184641272 ], [ 711047.64679084229283, 961099.895531702786684 ], [ 711046.775012922007591, 961109.039210025803186 ], [ 711048.279711934388615, 961116.203793703811243 ], [ 711054.140584942535497, 961123.866077405982651 ], [ 711067.183708476019092, 961134.728377448162064 ], [ 711071.794164564809762, 961139.353409699280746 ], [ 711075.97646327293478, 961145.934210678562522 ], [ 711087.975140183814801, 961171.779945705784485 ], [ 711098.203808957594447, 961203.733893046504818 ], [ 711098.130540035432205, 961231.255232344730757 ], [ 711098.763620134443045, 961245.351145667140372 ], [ 711099.429175557917915, 961253.031390662305057 ], [ 711104.000079570920207, 961265.465847766492516 ], [ 711108.290106261381879, 961279.027185847866349 ], [ 711110.32385723059997, 961292.566040691221133 ], [ 711111.663775652064942, 961304.010706587112509 ], [ 711119.88663191604428, 961316.895066322176717 ], [ 711126.859364285832271, 961326.686861853930168 ], [ 711138.031356109888293, 961341.875948781264015 ], [ 711142.524739658809267, 961345.703954927856103 ], [ 711146.159282054752111, 961349.593983504106291 ], [ 711146.191349206143059, 961354.129477405804209 ], [ 711138.890032498864457, 961367.930797509266995 ], [ 711131.05158872960601, 961385.64526949019637 ], [ 711126.407960757380351, 961400.621534546487965 ], [ 711121.945479994174093, 961418.950437015038915 ], [ 711125.039468915201724, 961436.122929617064074 ], [ 711125.004558547865599, 961516.918020529090427 ], [ 711117.497228768537752, 961584.445377440541051 ], [ 711126.14823218609672, 961643.171956208301708 ], [ 711111.389671065495349, 961732.000767344492488 ], [ 711094.835055678151548, 961819.05059113970492 ], [ 711083.786634424352087, 961879.458339538541622 ], [ 711094.294649096205831, 961925.738760781940073 ], [ 711072.145830504829064, 962058.98743057413958 ], [ 711064.377235257881694, 962178.083486982388422 ], [ 711069.846509981434792, 962395.497391899698414 ], [ 711078.329348457278684, 962426.524442230002023 ], [ 711087.193260610220022, 962440.993934130761772 ] ] } },
{ "type": "Feature", "properties": { "osmid": "868432167", "name": "nan", "highway": "residential", "oneway": "False" }, "geometry": { "type": "LineString", "coordinates": [ [ 711037.470577155938372, 961046.681144357658923 ], [ 711031.890428034472279, 961033.566831243457273 ], [ 711025.291720155975781, 961017.272637277841568 ], [ 711016.002561277942732, 961006.274487028596923 ], [ 711007.353646615170874, 960999.261817325372249 ], [ 711003.402656599297188, 960988.290675255702808 ], [ 711000.239625454414636, 960952.102676338865422 ], [ 711000.533423190820031, 960924.482914461754262 ], [ 711002.438114541582763, 960909.14986881474033 ], [ 711008.598847351036966, 960883.650456500356086 ], [ 711009.964639424346387, 960863.878913599299267 ], [ 711004.988814965938218, 960848.787611829582602 ], [ 710995.262976584024727, 960828.362638021004386 ], [ 710987.475100838928483, 960812.1398806264624 ], [ 710984.014226957107894, 960773.892896544653922 ], [ 710979.558769469847903, 960766.901450742734596 ], [ 710969.243309759534895, 960752.059703482780606 ], [ 710957.262173580937088, 960733.581278494442813 ], [ 710954.784227820462547, 960722.971575164119713 ], [ 710956.055045938468538, 960693.675373030710034 ], [ 710953.830402415245771, 960661.264204321312718 ], [ 710951.425580105278641, 960638.365247279871255 ], [ 710946.840432024444453, 960628.718329841853119 ], [ 710941.915903298882768, 960623.062996157095768 ], [ 710928.542364633642137, 960596.955995577503927 ], [ 710898.059548437944613, 960547.776187944575213 ], [ 710887.194716325146146, 960534.90069893328473 ], [ 710863.450224926462397, 960526.683510141447186 ], [ 710837.095747785642743, 960520.908862532000057 ], [ 710817.699824910843745, 960519.06312265584711 ] ] } },
{ "type": "Feature", "properties": { "osmid": "871405378", "name": "nan", "highway": "residential", "oneway": "False" }, "geometry": { "type": "LineString", "coordinates": [ [ 711037.470577155938372, 961046.681144357658923 ], [ 711041.32501141121611, 961044.101128646056168 ], [ 711053.074718037154526, 961040.853107644477859 ], [ 711062.613027525134385, 961035.237741068587638 ], [ 711065.168432649574243, 961030.527292568585835 ], [ 711066.003946392680518, 961022.025013328180648 ], [ 711066.884852797724307, 961004.551862106658518 ], [ 711066.652472962043248, 960987.393869319697842 ], [ 711075.365353227825835, 960957.836638748180121 ], [ 711077.820066706975922, 960942.572744195815176 ], [ 711084.21643765445333, 960931.421651999582537 ], [ 711100.673020441550761, 960905.056211900315247 ], [ 711110.725343329831958, 960891.401535615557805 ], [ 711122.567520247539505, 960869.890992456697859 ], [ 711134.865602946374565, 960849.643800404155627 ], [ 711140.016113752033561, 960834.55947349849157 ], [ 711142.500350103480741, 960813.466167605249211 ], [ 711141.855266427621245, 960784.337233914760873 ], [ 711140.863948745536618, 960760.549388795159757 ], [ 711142.864485027967021, 960741.511126136290841 ], [ 711144.976124965935014, 960730.968873125384562 ], [ 711150.279821119271219, 960718.24147880228702 ], [ 711149.909366669715382, 960715.319293976295739 ] ] } },
{ "type": "Feature", "properties": { "osmid": [ 871408369, 871406746 ], "name": "nan", "highway": "residential", "oneway": "False" }, "geometry": { "type": "LineString", "coordinates": [ [ 711251.481583769316785, 960547.827004240709357 ], [ 711258.782767979893833, 960516.680787577060983 ], [ 711266.242483361740597, 960489.008773690205999 ], [ 711298.636128015583381, 960491.163884988287464 ], [ 711325.333709256956354, 960494.396359055070207 ] ] } },
{ "type": "Feature", "properties": { "osmid": "871408513", "name": "nan", "highway": "residential", "oneway": "False" }, "geometry": { "type": "LineString", "coordinates": [ [ 711229.26319276203867, 960659.980597122339532 ], [ 711244.567448218702339, 960656.894399750512093 ], [ 711263.23170951299835, 960657.586226105922833 ], [ 711275.362080773920752, 960659.616640204796568 ] ] } },
{ "type": "Feature", "properties": { "osmid": "868432167", "name": "nan", "highway": "residential", "oneway": "False" }, "geometry": { "type": "LineString", "coordinates": [ [ 710817.699824910843745, 960519.06312265584711 ], [ 710837.095747785642743, 960520.908862532000057 ], [ 710863.450224926462397, 960526.683510141447186 ], [ 710887.194716325146146, 960534.90069893328473 ], [ 710898.059548437944613, 960547.776187944575213 ], [ 710928.542364633642137, 960596.955995577503927 ], [ 710941.915903298882768, 960623.062996157095768 ], [ 710946.840432024444453, 960628.718329841853119 ], [ 710951.425580105278641, 960638.365247279871255 ], [ 710953.830402415245771, 960661.264204321312718 ], [ 710956.055045938468538, 960693.675373030710034 ], [ 710954.784227820462547, 960722.971575164119713 ], [ 710957.262173580937088, 960733.581278494442813 ], [ 710969.243309759534895, 960752.059703482780606 ], [ 710979.558769469847903, 960766.901450742734596 ], [ 710984.014226957107894, 960773.892896544653922 ], [ 710987.475100838928483, 960812.1398806264624 ], [ 710995.262976584024727, 960828.362638021004386 ], [ 711004.988814965938218, 960848.787611829582602 ], [ 711009.964639424346387, 960863.878913599299267 ], [ 711008.598847351036966, 960883.650456500356086 ], [ 711002.438114541582763, 960909.14986881474033 ], [ 711000.533423190820031, 960924.482914461754262 ], [ 711000.239625454414636, 960952.102676338865422 ], [ 711003.402656599297188, 960988.290675255702808 ], [ 711007.353646615170874, 960999.261817325372249 ], [ 711016.002561277942732, 961006.274487028596923 ], [ 711025.291720155975781, 961017.272637277841568 ], [ 711031.890428034472279, 961033.566831243457273 ], [ 711037.470577155938372, 961046.681144357658923 ] ] } },
{ "type": "Feature", "properties": { "osmid": "868432167", "name": "nan", "highway": "residential", "oneway": "False" }, "geometry": { "type": "LineString", "coordinates": [ [ 710817.699824910843745, 960519.06312265584711 ], [ 710815.059454483678564, 960518.806426382157952 ], [ 710796.339743665419519, 960520.37113439082168 ], [ 710765.258830158039927, 960524.196391263976693 ], [ 710749.549258222454228, 960529.083786309231073 ] ] } },
{ "type": "Feature", "properties": { "osmid": "871409939", "name": "nan", "highway": "residential", "oneway": "False" }, "geometry": { "type": "LineString", "coordinates": [ [ 710817.699824910843745, 960519.06312265584711 ], [ 710824.012729718349874, 960526.605947742471471 ], [ 710822.562748975702561, 960536.919245607801713 ], [ 710817.706902866950259, 960552.524983260431327 ], [ 710810.595867733820342, 960570.066198368440382 ], [ 710811.116360327228904, 960578.154974290984683 ] ] } },
{ "type": "Feature", "properties": { "osmid": "840855218", "name": "nan", "highway": "residential", "oneway": "False" }, "geometry": { "type": "LineString", "coordinates": [ [ 711325.333709256956354, 960494.396359055070207 ], [ 711322.74125900818035, 960508.586570678977296 ], [ 711317.603410306503065, 960532.022611727006733 ], [ 711312.913029900519177, 960556.2131198332645 ], [ 711308.834346769494005, 960574.809459372307174 ], [ 711303.117967452621087, 960592.943972889566794 ], [ 711296.703101596096531, 960609.902399895712733 ], [ 711289.114420220023021, 960628.259730639285408 ], [ 711280.589057883364148, 960646.833554596873 ], [ 711275.362080773920752, 960659.616640204796568 ] ] } },
{ "type": "Feature", "properties": { "osmid": "840855218", "name": "nan", "highway": "residential", "oneway": "False" }, "geometry": { "type": "LineString", "coordinates": [ [ 711325.333709256956354, 960494.396359055070207 ], [ 711326.997846193378791, 960485.289870296022855 ], [ 711329.300816757138819, 960467.40355478762649 ], [ 711329.397319014300592, 960448.344579087453894 ], [ 711328.749704459914938, 960430.598188942414708 ], [ 711327.161505452124402, 960416.010708704940043 ] ] } },
{ "type": "Feature", "properties": { "osmid": [ 871408369, 871406746 ], "name": "nan", "highway": "residential", "oneway": "False" }, "geometry": { "type": "LineString", "coordinates": [ [ 711325.333709256956354, 960494.396359055070207 ], [ 711298.636128015583381, 960491.163884988287464 ], [ 711266.242483361740597, 960489.008773690205999 ], [ 711258.782767979893833, 960516.680787577060983 ], [ 711251.481583769316785, 960547.827004240709357 ] ] } },
{ "type": "Feature", "properties": { "osmid": "871409222", "name": "nan", "highway": "residential", "oneway": "False" }, "geometry": { "type": "LineString", "coordinates": [ [ 711192.402535037253983, 960692.293542514904402 ], [ 711202.218756551039405, 960694.854251692304388 ], [ 711216.244137763860635, 960698.697313135955483 ], [ 711224.242861869861372, 960701.525372756295837 ], [ 711227.025533101870678, 960706.284965045750141 ], [ 711234.311623712070286, 960708.556330279447138 ], [ 711242.848693192237988, 960713.754341793362983 ], [ 711257.712393347173929, 960719.415796693763696 ], [ 711269.427742090076208, 960720.802528104395606 ] ] } },
{ "type": "Feature", "properties": { "osmid": "871407817", "name": "nan", "highway": "residential", "oneway": "False" }, "geometry": { "type": "LineString", "coordinates": [ [ 711561.270964128780179, 960554.717025872436352 ], [ 711548.210992977721617, 960544.982805115170777 ], [ 711538.714177348068915, 960538.032101264223456 ], [ 711532.824588933843188, 960525.170557633042336 ], [ 711529.512528126477264, 960511.934916594997048 ], [ 711527.960509509197436, 960503.25459745968692 ], [ 711523.648888390045613, 960493.951893162215129 ], [ 711521.343458574498072, 960490.588482959661633 ] ] } },
{ "type": "Feature", "properties": { "osmid": "871407817", "name": "nan", "highway": "residential", "oneway": "False" }, "geometry": { "type": "LineString", "coordinates": [ [ 711512.940129833878018, 960454.650350341340527 ], [ 711513.042297911131755, 960469.241383602609858 ], [ 711514.973522309795953, 960481.286410400294699 ], [ 711521.343458574498072, 960490.588482959661633 ] ] } },
{ "type": "Feature", "properties": { "osmid": "871407817", "name": "nan", "highway": "residential", "oneway": "False" }, "geometry": { "type": "LineString", "coordinates": [ [ 711512.940129833878018, 960454.650350341340527 ], [ 711512.92618855368346, 960453.057380355661735 ], [ 711506.245043697184883, 960440.003783539053984 ], [ 711494.400764395366423, 960424.94396404386498 ], [ 711481.74796218785923, 960413.043727814452723 ], [ 711468.284678569063544, 960404.690228049294092 ], [ 711453.460542957531288, 960391.197165925288573 ], [ 711450.302571216714568, 960386.645831158268265 ], [ 711443.827527776826173, 960372.011458681430668 ], [ 711438.131012623780407, 960360.135419090162031 ], [ 711428.087705618003383, 960341.544977630488575 ], [ 711417.255962020484731, 960324.322210050188005 ], [ 711404.779267836362123, 960316.759124520467594 ], [ 711390.70157657796517, 960312.351609006873332 ], [ 711376.008570183999836, 960312.078093372285366 ], [ 711364.486517333891243, 960311.621526413247921 ], [ 711343.80486625188496, 960318.032206301344559 ], [ 711324.702203079592437, 960325.634500085609034 ], [ 711312.337659436510876, 960330.704575838288292 ] ] } },
{ "type": "Feature", "properties": { "osmid": "871408074", "name": "nan", "highway": "residential", "oneway": "False" }, "geometry": { "type": "LineString", "coordinates": [ [ 711512.940129833878018, 960454.650350341340527 ], [ 711527.036788866855204, 960450.96077815478202 ], [ 711539.772541798418388, 960446.489986451808363 ], [ 711547.544319994398393, 960441.982976080616936 ], [ 711553.554970183642581, 960430.96269998291973 ], [ 711559.357465852168389, 960421.921431863796897 ] ] } },
{ "type": "Feature", "properties": { "osmid": "871408074", "name": "nan", "highway": "residential", "oneway": "False" }, "geometry": { "type": "LineString", "coordinates": [ [ 711559.357465852168389, 960421.921431863796897 ], [ 711553.554970183642581, 960430.96269998291973 ], [ 711547.544319994398393, 960441.982976080616936 ], [ 711539.772541798418388, 960446.489986451808363 ], [ 711527.036788866855204, 960450.96077815478202 ], [ 711512.940129833878018, 960454.650350341340527 ] ] } },
{ "type": "Feature", "properties": { "osmid": "871405378", "name": "nan", "highway": "residential", "oneway": "False" }, "geometry": { "type": "LineString", "coordinates": [ [ 711007.238038531970233, 960414.856733731343411 ], [ 711007.077159048174508, 960420.552732388488948 ], [ 711007.651192354387604, 960431.108563810237683 ], [ 711010.799647665116936, 960435.372201068094 ], [ 711020.777791576692834, 960438.575252734241076 ], [ 711061.330977868405171, 960442.242638927069493 ], [ 711071.978750783368014, 960443.623897441197187 ] ] } },
{ "type": "Feature", "properties": { "osmid": "871405378", "name": "nan", "highway": "residential", "oneway": "False" }, "geometry": { "type": "LineString", "coordinates": [ [ 711007.238038531970233, 960414.856733731343411 ], [ 711007.653899545315653, 960400.091372076189145 ], [ 711008.219078443245962, 960351.43350017152261 ], [ 711007.282182846567594, 960347.335909023066051 ], [ 711004.286070678150281, 960345.595127480220981 ], [ 711000.479366446612403, 960345.255093559273519 ], [ 710989.545722282258794, 960345.985212424304336 ], [ 710961.634126961464062, 960347.735701642581262 ], [ 710955.618203533464111, 960346.765047628665343 ], [ 710952.147409418364987, 960343.119247415452264 ], [ 710950.924568564048968, 960334.61763045436237 ], [ 710947.553999695228413, 960311.13858965691179 ], [ 710936.913678798940964, 960284.315347223076969 ], [ 710938.797447209828533, 960257.865121801383793 ], [ 710942.651643969700672, 960200.883316947612911 ], [ 710942.606527775176801, 960183.670981469214894 ], [ 710940.785566492937505, 960173.728315387386829 ], [ 710938.772958858171478, 960166.859852123889141 ] ] } },
{ "type": "Feature", "properties": { "osmid": "871411032", "name": "nan", "highway": "residential", "oneway": "False" }, "geometry": { "type": "LineString", "coordinates": [ [ 711007.238038531970233, 960414.856733731343411 ], [ 710992.744502700516023, 960414.329932948108763 ], [ 710977.059951358358376, 960414.250649580964819 ], [ 710968.70988246309571, 960415.591164540033787 ] ] } },
{ "type": "Feature", "properties": { "osmid": "871411032", "name": "nan", "highway": "residential", "oneway": "False" }, "geometry": { "type": "LineString", "coordinates": [ [ 710968.70988246309571, 960415.591164540033787 ], [ 710977.059951358358376, 960414.250649580964819 ], [ 710992.744502700516023, 960414.329932948108763 ], [ 711007.238038531970233, 960414.856733731343411 ] ] } },
{ "type": "Feature", "properties": { "osmid": "840855218", "name": "nan", "highway": "residential", "oneway": "False" }, "geometry": { "type": "LineString", "coordinates": [ [ 711269.621274777106009, 960734.75242275185883 ], [ 711269.427742090076208, 960720.802528104395606 ] ] } },
{ "type": "Feature", "properties": { "osmid": "840855218", "name": "nan", "highway": "residential", "oneway": "False" }, "geometry": { "type": "LineString", "coordinates": [ [ 711269.621274777106009, 960734.75242275185883 ], [ 711269.772543310653418, 960746.180015820544213 ], [ 711270.827225253684446, 960768.308932744781487 ], [ 711271.212123587960377, 960785.766383839421906 ], [ 711274.189036340918392, 960799.984794837189838 ], [ 711277.63416145008523, 960813.03302800108213 ], [ 711280.341171177569777, 960817.515699241077527 ] ] } },
{ "type": "Feature", "properties": { "osmid": "871408980", "name": "nan", "highway": "residential", "oneway": "False" }, "geometry": { "type": "LineString", "coordinates": [ [ 711269.621274777106009, 960734.75242275185883 ], [ 711248.170237238402478, 960730.119542259490117 ], [ 711212.655766537645832, 960722.638974615721963 ], [ 711183.895388237200677, 960715.978010157356039 ], [ 711149.909366669715382, 960715.319293976295739 ] ] } },
{ "type": "Feature", "properties": { "osmid": "871405378", "name": "nan", "highway": "residential", "oneway": "False" }, "geometry": { "type": "LineString", "coordinates": [ [ 711149.909366669715382, 960715.319293976295739 ], [ 711150.279821119271219, 960718.24147880228702 ], [ 711144.976124965935014, 960730.968873125384562 ], [ 711142.864485027967021, 960741.511126136290841 ], [ 711140.863948745536618, 960760.549388795159757 ], [ 711141.855266427621245, 960784.337233914760873 ], [ 711142.500350103480741, 960813.466167605249211 ], [ 711140.016113752033561, 960834.55947349849157 ], [ 711134.865602946374565, 960849.643800404155627 ], [ 711122.567520247539505, 960869.890992456697859 ], [ 711110.725343329831958, 960891.401535615557805 ], [ 711100.673020441550761, 960905.056211900315247 ], [ 711084.21643765445333, 960931.421651999582537 ], [ 711077.820066706975922, 960942.572744195815176 ], [ 711075.365353227825835, 960957.836638748180121 ], [ 711066.652472962043248, 960987.393869319697842 ], [ 711066.884852797724307, 961004.551862106658518 ], [ 711066.003946392680518, 961022.025013328180648 ], [ 711065.168432649574243, 961030.527292568585835 ], [ 711062.613027525134385, 961035.237741068587638 ], [ 711053.074718037154526, 961040.853107644477859 ], [ 711041.32501141121611, 961044.101128646056168 ], [ 711037.470577155938372, 961046.681144357658923 ] ] } },
{ "type": "Feature", "properties": { "osmid": "871405378", "name": "nan", "highway": "residential", "oneway": "False" }, "geometry": { "type": "LineString", "coordinates": [ [ 711149.909366669715382, 960715.319293976295739 ], [ 711149.211140602361411, 960709.740623113233596 ], [ 711146.235960263293236, 960701.694714928977191 ], [ 711141.246363305021077, 960684.97724010294769 ], [ 711139.386691935476847, 960678.352885600179434 ], [ 711141.796813900116831, 960671.905001204577275 ], [ 711150.747035088366829, 960656.364241358591244 ], [ 711161.636453010025434, 960633.908619952155277 ], [ 711165.004942482104525, 960627.310720341512933 ], [ 711163.621878957608715, 960617.856960476608947 ], [ 711154.727241398417391, 960589.781400490319356 ], [ 711147.351396437967196, 960574.788553718128242 ], [ 711140.918798922328278, 960562.632297337520868 ], [ 711139.367304499843158, 960556.009503648616374 ], [ 711140.192467865068465, 960549.553599241771735 ], [ 711144.060491598444059, 960537.770250118803233 ], [ 711149.528831721516326, 960520.784899265738204 ], [ 711148.293339482159354, 960514.794225634541363 ], [ 711145.33402979944367, 960503.606856363127008 ], [ 711140.187107317149639, 960487.519114163238555 ], [ 711132.484745822264813, 960476.141825744998641 ], [ 711119.233565573231317, 960462.844907493214123 ], [ 711103.281580096227117, 960452.532076423289254 ], [ 711081.603571773157455, 960444.867244083201513 ], [ 711071.978750783368014, 960443.623897441197187 ] ] } },
{ "type": "Feature", "properties": { "osmid": "871408980", "name": "nan", "highway": "residential", "oneway": "False" }, "geometry": { "type": "LineString", "coordinates": [ [ 711149.909366669715382, 960715.319293976295739 ], [ 711183.895388237200677, 960715.978010157356039 ], [ 711212.655766537645832, 960722.638974615721963 ], [ 711248.170237238402478, 960730.119542259490117 ], [ 711269.621274777106009, 960734.75242275185883 ] ] } },
{ "type": "Feature", "properties": { "osmid": "1306062973", "name": "nan", "highway": "residential", "oneway": "False" }, "geometry": { "type": "LineString", "coordinates": [ [ 710645.691432764520869, 960676.643103306996636 ], [ 710603.446270886692218, 960755.289070872939192 ] ] } },
{ "type": "Feature", "properties": { "osmid": "871409719", "name": "nan", "highway": "residential", "oneway": "False" }, "geometry": { "type": "LineString", "coordinates": [ [ 710645.691432764520869, 960676.643103306996636 ], [ 710675.451103486120701, 960685.95247638609726 ], [ 710704.669486196013168, 960695.646301732049324 ], [ 710719.799339375691488, 960703.100895980605856 ] ] } },
{ "type": "Feature", "properties": { "osmid": "871409719", "name": "nan", "highway": "residential", "oneway": "False" }, "geometry": { "type": "LineString", "coordinates": [ [ 710645.691432764520869, 960676.643103306996636 ], [ 710622.797152342507616, 960670.089597632060759 ], [ 710594.048632283927873, 960663.25214008637704 ], [ 710554.323174655903131, 960659.202183552784845 ], [ 710520.175932396203279, 960662.149306720704772 ] ] } },
{ "type": "Feature", "properties": { "osmid": "871409719", "name": "nan", "highway": "residential", "oneway": "False" }, "geometry": { "type": "LineString", "coordinates": [ [ 710811.116360327228904, 960578.154974290984683 ], [ 710801.263451992999762, 960582.850697509478778 ], [ 710793.354196298401803, 960590.631409357651137 ], [ 710792.462767020333558, 960601.500615776167251 ], [ 710789.28251348354388, 960618.785142701584846 ], [ 710786.408157238387503, 960632.166413691476919 ], [ 710785.25447024195455, 960638.299862308078445 ] ] } },
{ "type": "Feature", "properties": { "osmid": "871409719", "name": "nan", "highway": "residential", "oneway": "False" }, "geometry": { "type": "LineString", "coordinates": [ [ 710811.116360327228904, 960578.154974290984683 ], [ 710820.375465573044494, 960579.883136091055349 ], [ 710830.453917238744907, 960587.190567194251344 ], [ 710837.965628511738032, 960601.453943428699858 ], [ 710849.944066555704921, 960620.485387286869809 ], [ 710854.646220365888439, 960635.298723404295743 ], [ 710857.926832600962371, 960652.615897971088998 ], [ 710858.43456731387414, 960663.226694673066959 ], [ 710855.849494891706854, 960673.810801148181781 ], [ 710842.068223568843678, 960687.004217631649226 ], [ 710811.093905720626935, 960693.717072222614661 ], [ 710796.186751181143336, 960696.650559642235748 ], [ 710765.987611854681745, 960700.259006537147798 ], [ 710719.799339375691488, 960703.100895980605856 ] ] } },
{ "type": "Feature", "properties": { "osmid": "871409939", "name": "nan", "highway": "residential", "oneway": "False" }, "geometry": { "type": "LineString", "coordinates": [ [ 710811.116360327228904, 960578.154974290984683 ], [ 710810.595867733820342, 960570.066198368440382 ], [ 710817.706902866950259, 960552.524983260431327 ], [ 710822.562748975702561, 960536.919245607801713 ], [ 710824.012729718349874, 960526.605947742471471 ], [ 710817.699824910843745, 960519.06312265584711 ] ] } },
{ "type": "Feature", "properties": { "osmid": "871409719", "name": "nan", "highway": "residential", "oneway": "False" }, "geometry": { "type": "LineString", "coordinates": [ [ 710785.25447024195455, 960638.299862308078445 ], [ 710786.408157238387503, 960632.166413691476919 ], [ 710789.28251348354388, 960618.785142701584846 ], [ 710792.462767020333558, 960601.500615776167251 ], [ 710793.354196298401803, 960590.631409357651137 ], [ 710801.263451992999762, 960582.850697509478778 ], [ 710811.116360327228904, 960578.154974290984683 ] ] } },
{ "type": "Feature", "properties": { "osmid": "840855218", "name": "nan", "highway": "residential", "oneway": "False" }, "geometry": { "type": "LineString", "coordinates": [ [ 711280.341171177569777, 960817.515699241077527 ], [ 711286.235446220496669, 960827.279923667083494 ], [ 711295.785283179138787, 960838.965291210566647 ], [ 711309.771138384006917, 960852.774870629305951 ], [ 711317.478134631528519, 960858.864707230823115 ], [ 711331.966373225441203, 960864.756598581909202 ], [ 711346.246244400623254, 960868.324463696684688 ], [ 711363.105246074963361, 960871.197446161531843 ], [ 711379.979547537630424, 960871.050643331604078 ], [ 711395.908459593076259, 960870.666759120183997 ], [ 711411.162847357103601, 960866.551637088879943 ], [ 711421.5137653775746, 960859.159501705318689 ], [ 711433.509026267565787, 960848.74476874480024 ], [ 711441.738852987298742, 960845.05865156755317 ], [ 711447.114024077658542, 960846.479680592776276 ], [ 711456.912618180038407, 960854.681889930623583 ], [ 711461.569589575054124, 960860.988596656359732 ], [ 711466.009549943148158, 960864.50663053675089 ] ] } },
{ "type": "Feature", "properties": { "osmid": "840855218", "name": "nan", "highway": "residential", "oneway": "False" }, "geometry": { "type": "LineString", "coordinates": [ [ 711280.341171177569777, 960817.515699241077527 ], [ 711277.63416145008523, 960813.03302800108213 ], [ 711274.189036340918392, 960799.984794837189838 ], [ 711271.212123587960377, 960785.766383839421906 ], [ 711270.827225253684446, 960768.308932744781487 ], [ 711269.772543310653418, 960746.180015820544213 ], [ 711269.621274777106009, 960734.75242275185883 ] ] } },
{ "type": "Feature", "properties": { "osmid": "871411454", "name": "nan", "highway": "residential", "oneway": "False" }, "geometry": { "type": "LineString", "coordinates": [ [ 711280.341171177569777, 960817.515699241077527 ], [ 711270.508315739571117, 960829.113969256985001 ], [ 711265.237129426444881, 960844.109185321372934 ], [ 711262.770079666515812, 960866.142836722894572 ], [ 711257.919919857173227, 960891.460832832497545 ], [ 711254.502356053330004, 960912.095884980983101 ], [ 711252.96994240838103, 960936.490429543773644 ], [ 711257.575303416000679, 960959.511210124590434 ], [ 711265.998710684478283, 960974.100122502772138 ], [ 711271.586308281635866, 960990.079522356623784 ], [ 711279.047979919938371, 961009.829424982424825 ], [ 711287.05753253842704, 961012.679689750424586 ], [ 711306.930886960821226, 961007.149907069047913 ], [ 711331.534057368291542, 960997.894147234037519 ], [ 711341.951909921481274, 960994.661575657431968 ] ] } },
{ "type": "Feature", "properties": { "osmid": "871411454", "name": "nan", "highway": "residential", "oneway": "False" }, "geometry": { "type": "LineString", "coordinates": [ [ 711341.951909921481274, 960994.661575657431968 ], [ 711331.534057368291542, 960997.894147234037519 ], [ 711306.930886960821226, 961007.149907069047913 ], [ 711287.05753253842704, 961012.679689750424586 ], [ 711279.047979919938371, 961009.829424982424825 ], [ 711271.586308281635866, 960990.079522356623784 ], [ 711265.998710684478283, 960974.100122502772138 ], [ 711257.575303416000679, 960959.511210124590434 ], [ 711252.96994240838103, 960936.490429543773644 ], [ 711254.502356053330004, 960912.095884980983101 ], [ 711257.919919857173227, 960891.460832832497545 ], [ 711262.770079666515812, 960866.142836722894572 ], [ 711265.237129426444881, 960844.109185321372934 ], [ 711270.508315739571117, 960829.113969256985001 ], [ 711280.341171177569777, 960817.515699241077527 ] ] } },
{ "type": "Feature", "properties": { "osmid": "175020718", "name": "Attingal - Nedumangad Road", "highway": "primary", "oneway": "False" }, "geometry": { "type": "LineString", "coordinates": [ [ 709366.198630181956105, 959917.4788960411679 ], [ 709370.511471867677756, 959915.664281111443415 ] ] } },
{ "type": "Feature", "properties": { "osmid": "886989532", "name": "nan", "highway": "residential", "oneway": "False" }, "geometry": { "type": "LineString", "coordinates": [ [ 709366.198630181956105, 959917.4788960411679 ], [ 709376.493488734588027, 959940.970193678746 ], [ 709380.435907530831173, 959955.956403444404714 ], [ 709382.639406276401132, 959964.319014776148833 ], [ 709387.687759052147157, 959998.016061034519225 ], [ 709395.359641946735792, 960026.549403289332986 ], [ 709401.944097758503631, 960052.433555980445817 ] ] } },
{ "type": "Feature", "properties": { "osmid": "886989532", "name": "nan", "highway": "residential", "oneway": "False" }, "geometry": { "type": "LineString", "coordinates": [ [ 709369.660163242486306, 960160.078725189436227 ], [ 709382.931737590814009, 960114.54906338523142 ], [ 709390.767234959290363, 960110.451292495825328 ], [ 709403.268861959921196, 960113.102423077914864 ], [ 709411.604167193640023, 960114.692863384960219 ], [ 709413.734385596704669, 960106.938251708867028 ], [ 709411.182942340616137, 960095.531929321936332 ], [ 709403.541636659880169, 960058.71353715530131 ], [ 709401.944097758503631, 960052.433555980445817 ] ] } },
{ "type": "Feature", "properties": { "osmid": "1176939231", "name": "nan", "highway": "primary", "oneway": "True" }, "geometry": { "type": "LineString", "coordinates": [ [ 710082.666501344880089, 959793.214700177777559 ], [ 710070.628793424577452, 959801.162832281086594 ] ] } },
{ "type": "Feature", "properties": { "osmid": "961376176", "name": "nan", "highway": "residential", "oneway": "False" }, "geometry": { "type": "LineString", "coordinates": [ [ 710082.666501344880089, 959793.214700177777559 ], [ 710084.734747955808416, 959762.794331240002066 ], [ 710088.764202175545506, 959734.175824096775614 ], [ 710092.345428535714746, 959720.267140335869044 ] ] } },
{ "type": "Feature", "properties": { "osmid": "1306276365", "name": "nan", "highway": "residential", "oneway": "False" }, "geometry": { "type": "LineString", "coordinates": [ [ 711831.503836461575702, 959645.622782334801741 ], [ 711912.091336728422903, 959621.06499263108708 ], [ 711943.610100514953956, 959598.382231232011691 ] ] } },
{ "type": "Feature", "properties": { "osmid": "1378573159", "name": "nan", "highway": "residential", "oneway": "False" }, "geometry": { "type": "LineString", "coordinates": [ [ 711831.503836461575702, 959645.622782334801741 ], [ 711832.97759699204471, 959656.714194920728914 ], [ 711838.347415174124762, 959676.586323876748793 ] ] } },
{ "type": "Feature", "properties": { "osmid": "1378573158", "name": "nan", "highway": "residential", "oneway": "False" }, "geometry": { "type": "LineString", "coordinates": [ [ 711707.77245297213085, 960027.61243576684501 ], [ 711643.912095918087289, 959994.44620328466408 ] ] } },
{ "type": "Feature", "properties": { "osmid": "1306276366", "name": "nan", "highway": "unclassified", "oneway": "False" }, "geometry": { "type": "LineString", "coordinates": [ [ 711707.77245297213085, 960027.61243576684501 ], [ 711730.751335216453299, 959993.669630115153268 ], [ 711749.748239074484445, 959978.755078282905743 ], [ 711791.503218175144866, 959966.942639545421116 ], [ 711826.798925474868156, 959952.586439294973388 ], [ 711845.850499474443495, 959944.265040283207782 ], [ 711866.01654586486984, 959924.555628889938816 ], [ 711894.60542484454345, 959891.371414403198287 ], [ 711907.931526266154833, 959874.724619250860997 ], [ 711919.458993909647688, 959848.113059786846861 ], [ 711935.875364532810636, 959832.012916566804051 ], [ 711959.939481658278964, 959818.528993678977713 ], [ 711983.617038146359846, 959813.981074072071351 ] ] } },
{ "type": "Feature", "properties": { "osmid": "1306276367", "name": "nan", "highway": "residential", "oneway": "False" }, "geometry": { "type": "LineString", "coordinates": [ [ 711707.77245297213085, 960027.61243576684501 ], [ 711729.8831967090955, 960047.657929677283391 ], [ 711769.889403750188649, 960044.243596762651578 ], [ 711830.819149318849668, 960043.203115594922565 ], [ 711889.754376015858725, 960042.606135846232064 ], [ 711918.825722147128545, 960042.311196727096103 ], [ 711994.832172435941175, 960005.031494968920015 ], [ 712007.397864405298606, 959995.07327507447917 ] ] } },
{ "type": "Feature", "properties": { "osmid": "1378573158", "name": "nan", "highway": "residential", "oneway": "False" }, "geometry": { "type": "LineString", "coordinates": [ [ 711643.912095918087289, 959994.44620328466408 ], [ 711707.77245297213085, 960027.61243576684501 ] ] } },
{ "type": "Feature", "properties": { "osmid": "1306276344", "name": "nan", "highway": "residential", "oneway": "False" }, "geometry": { "type": "LineString", "coordinates": [ [ 711643.912095918087289, 959994.44620328466408 ], [ 711660.541648471727967, 959905.847985883941874 ], [ 711666.85730343637988, 959717.37575147068128 ] ] } },
{ "type": "Feature", "properties": { "osmid": "1378573158", "name": "nan", "highway": "residential", "oneway": "False" }, "geometry": { "type": "LineString", "coordinates": [ [ 711643.912095918087289, 959994.44620328466408 ], [ 711619.536650047404692, 959995.561588092707098 ], [ 711555.056587905157357, 960013.000116884941235 ] ] } },
{ "type": "Feature", "properties": { "osmid": "1249847801", "name": "Panavoor-Venjaramood Road", "highway": "secondary", "oneway": "False" }, "geometry": { "type": "LineString", "coordinates": [ [ 711555.056587905157357, 960013.000116884941235 ], [ 711581.862857919186354, 960060.015855869627558 ] ] } },
{ "type": "Feature", "properties": { "osmid": "1249847801", "name": "Panavoor-Venjaramood Road", "highway": "secondary", "oneway": "False" }, "geometry": { "type": "LineString", "coordinates": [ [ 711555.056587905157357, 960013.000116884941235 ], [ 711511.942752568749711, 959932.384559068712406 ], [ 711489.477812113123946, 959923.565148334717378 ], [ 711468.464563176268712, 959899.775432022521272 ], [ 711456.872708502807654, 959854.385502491262741 ], [ 711462.632936280686408, 959803.696340109221637 ] ] } },
{ "type": "Feature", "properties": { "osmid": "1378573158", "name": "nan", "highway": "residential", "oneway": "False" }, "geometry": { "type": "LineString", "coordinates": [ [ 711555.056587905157357, 960013.000116884941235 ], [ 711619.536650047404692, 959995.561588092707098 ], [ 711643.912095918087289, 959994.44620328466408 ] ] } },
{ "type": "Feature", "properties": { "osmid": "958726724", "name": "nan", "highway": "residential", "oneway": "False" }, "geometry": { "type": "LineString", "coordinates": [ [ 711291.351376310922205, 960201.584723827661946 ], [ 711285.039730621967465, 960191.619296784629114 ], [ 711277.0764793677954, 960149.134926003287546 ], [ 711264.706267290282995, 960103.110614732606336 ] ] } },
{ "type": "Feature", "properties": { "osmid": "175020967", "name": "Aaraamam Quarry Road", "highway": "unclassified", "oneway": "False" }, "geometry": { "type": "LineString", "coordinates": [ [ 709418.087489508092403, 962974.015705765224993 ], [ 709464.295174467377365, 962977.67732445418369 ] ] } },
{ "type": "Feature", "properties": { "osmid": "958728831", "name": "nan", "highway": "residential", "oneway": "False" }, "geometry": { "type": "LineString", "coordinates": [ [ 709418.087489508092403, 962974.015705765224993 ], [ 709409.116701766382903, 963033.228054278413765 ], [ 709404.108141969307326, 963085.878629239043221 ], [ 709395.113750615040772, 963143.221429829136468 ], [ 709402.092138946289197, 963171.563409185619093 ] ] } },
{ "type": "Feature", "properties": { "osmid": "958728831", "name": "nan", "highway": "residential", "oneway": "False" }, "geometry": { "type": "LineString", "coordinates": [ [ 709402.092138946289197, 963171.563409185619093 ], [ 709395.113750615040772, 963143.221429829136468 ], [ 709404.108141969307326, 963085.878629239043221 ], [ 709409.116701766382903, 963033.228054278413765 ], [ 709418.087489508092403, 962974.015705765224993 ] ] } },
{ "type": "Feature", "properties": { "osmid": "843986201", "name": "nan", "highway": "unclassified", "oneway": "False" }, "geometry": { "type": "LineString", "coordinates": [ [ 710579.33898663893342, 963462.609344132244587 ], [ 710576.264713269891217, 963452.439086356316693 ], [ 710585.350372434477322, 963405.671693236799911 ] ] } },
{ "type": "Feature", "properties": { "osmid": "958728976", "name": "nan", "highway": "residential", "oneway": "False" }, "geometry": { "type": "LineString", "coordinates": [ [ 710579.33898663893342, 963462.609344132244587 ], [ 710646.69502136320807, 963443.370989295886829 ], [ 710699.702412137296051, 963445.21016720123589 ], [ 710751.208563675405458, 963430.537644600495696 ], [ 710785.310515952878632, 963416.551326573942788 ], [ 710845.522425266681239, 963401.923010789789259 ], [ 710866.84011488663964, 963413.037513552349992 ], [ 710868.28155958885327, 963441.340850282344036 ], [ 710909.353810801170766, 963454.922728975419886 ], [ 710936.151622886885889, 963477.071533002192155 ], [ 710968.533215128467418, 963489.812972511979751 ], [ 710988.466297752573155, 963459.250783625873737 ], [ 711009.162951299222186, 963436.557401722762734 ], [ 710958.629372453433461, 963413.502808157820255 ], [ 710947.780629030661657, 963369.421904160408303 ], [ 710943.922129355487414, 963348.960166981210932 ] ] } },
{ "type": "Feature", "properties": { "osmid": "958728976", "name": "nan", "highway": "residential", "oneway": "False" }, "geometry": { "type": "LineString", "coordinates": [ [ 710943.922129355487414, 963348.960166981210932 ], [ 710947.780629030661657, 963369.421904160408303 ], [ 710958.629372453433461, 963413.502808157820255 ], [ 711009.162951299222186, 963436.557401722762734 ], [ 710988.466297752573155, 963459.250783625873737 ], [ 710968.533215128467418, 963489.812972511979751 ], [ 710936.151622886885889, 963477.071533002192155 ], [ 710909.353810801170766, 963454.922728975419886 ], [ 710868.28155958885327, 963441.340850282344036 ], [ 710866.84011488663964, 963413.037513552349992 ], [ 710845.522425266681239, 963401.923010789789259 ], [ 710785.310515952878632, 963416.551326573942788 ], [ 710751.208563675405458, 963430.537644600495696 ], [ 710699.702412137296051, 963445.21016720123589 ], [ 710646.69502136320807, 963443.370989295886829 ], [ 710579.33898663893342, 963462.609344132244587 ] ] } },
{ "type": "Feature", "properties": { "osmid": "175021093", "name": "nan", "highway": "unclassified", "oneway": "False" }, "geometry": { "type": "LineString", "coordinates": [ [ 710809.125736712245271, 962738.983471385436133 ], [ 710823.87205746723339, 962715.507621468626894 ], [ 710832.527068126830272, 962699.500812424579635 ], [ 710835.687075725290924, 962692.747007745550945 ], [ 710841.294329856522381, 962687.410440058447421 ] ] } },
{ "type": "Feature", "properties": { "osmid": "175021093", "name": "nan", "highway": "unclassified", "oneway": "False" }, "geometry": { "type": "LineString", "coordinates": [ [ 710809.125736712245271, 962738.983471385436133 ], [ 710804.78730140987318, 962745.886174898245372 ], [ 710745.886349550215527, 962762.280209096730687 ], [ 710703.789107949472964, 962777.100087511935271 ], [ 710685.217011433560401, 962795.368632703553885 ], [ 710658.253211425500922, 962810.254068535286933 ], [ 710622.841120062046684, 962835.118732242146507 ], [ 710602.506561006652191, 962866.740991143509746 ], [ 710593.872540269978344, 962913.433250722591765 ], [ 710558.297547940863296, 962968.35191583854612 ], [ 710524.493592049926519, 963008.246622053673491 ], [ 710492.489195801434107, 963023.117691238410771 ], [ 710477.838156188721769, 963014.747288194019347 ] ] } },
{ "type": "Feature", "properties": { "osmid": "959025912", "name": "nan", "highway": "residential", "oneway": "False" }, "geometry": { "type": "LineString", "coordinates": [ [ 710809.125736712245271, 962738.983471385436133 ], [ 710826.638509321259335, 962758.22007267549634 ], [ 710838.870052943122573, 962792.308026659302413 ], [ 710846.386836569523439, 962822.843405293533579 ], [ 710842.090216640033759, 962856.26138986821752 ], [ 710848.203546216594987, 962931.368619032320566 ], [ 710853.980971005279571, 962955.446182785788551 ], [ 710863.405392518383451, 962961.367724691401236 ] ] } },
{ "type": "Feature", "properties": { "osmid": "959025912", "name": "nan", "highway": "residential", "oneway": "False" }, "geometry": { "type": "LineString", "coordinates": [ [ 710863.405392518383451, 962961.367724691401236 ], [ 710853.980971005279571, 962955.446182785788551 ], [ 710848.203546216594987, 962931.368619032320566 ], [ 710842.090216640033759, 962856.26138986821752 ], [ 710846.386836569523439, 962822.843405293533579 ], [ 710838.870052943122573, 962792.308026659302413 ], [ 710826.638509321259335, 962758.22007267549634 ], [ 710809.125736712245271, 962738.983471385436133 ] ] } },
{ "type": "Feature", "properties": { "osmid": "959026990", "name": "nan", "highway": "residential", "oneway": "False" }, "geometry": { "type": "LineString", "coordinates": [ [ 710824.327934413333423, 960204.865196466096677 ], [ 710813.710208222037181, 960195.342714271624573 ], [ 710788.220940600847825, 960177.305027435999364 ] ] } },
{ "type": "Feature", "properties": { "osmid": "284622669", "name": "Kottaraveedu Bhagavathy Tenple Road", "highway": "tertiary", "oneway": "False" }, "geometry": { "type": "LineString", "coordinates": [ [ 710423.102155235596001, 959697.684775908943266 ], [ 710375.028313575661741, 959692.254675595322624 ] ] } },
{ "type": "Feature", "properties": { "osmid": "284622669", "name": "Kottaraveedu Bhagavathy Tenple Road", "highway": "tertiary", "oneway": "False" }, "geometry": { "type": "LineString", "coordinates": [ [ 710423.102155235596001, 959697.684775908943266 ], [ 710481.701650804374367, 959700.36935285537038 ], [ 710489.97666721243877, 959698.652235549641773 ], [ 710490.857944878283888, 959694.143488061614335 ] ] } },
{ "type": "Feature", "properties": { "osmid": "959027449", "name": "nan", "highway": "residential", "oneway": "False" }, "geometry": { "type": "LineString", "coordinates": [ [ 710423.102155235596001, 959697.684775908943266 ], [ 710426.539709010161459, 959723.24363377073314 ], [ 710430.471087858779356, 959755.652193887042813 ], [ 710444.596825622371398, 959763.676749700447544 ], [ 710470.86141108465381, 959765.545783692970872 ], [ 710505.354348122840747, 959770.58677603630349 ], [ 710523.82015948172193, 959782.327857927768491 ], [ 710541.030747110024095, 959789.781729504582472 ] ] } },
{ "type": "Feature", "properties": { "osmid": "959027449", "name": "nan", "highway": "residential", "oneway": "False" }, "geometry": { "type": "LineString", "coordinates": [ [ 710541.030747110024095, 959789.781729504582472 ], [ 710523.82015948172193, 959782.327857927768491 ], [ 710505.354348122840747, 959770.58677603630349 ], [ 710470.86141108465381, 959765.545783692970872 ], [ 710444.596825622371398, 959763.676749700447544 ], [ 710430.471087858779356, 959755.652193887042813 ], [ 710426.539709010161459, 959723.24363377073314 ], [ 710423.102155235596001, 959697.684775908943266 ] ] } },
{ "type": "Feature", "properties": { "osmid": "175021093", "name": "nan", "highway": "unclassified", "oneway": "False" }, "geometry": { "type": "LineString", "coordinates": [ [ 710477.838156188721769, 963014.747288194019347 ], [ 710492.489195801434107, 963023.117691238410771 ], [ 710524.493592049926519, 963008.246622053673491 ], [ 710558.297547940863296, 962968.35191583854612 ], [ 710593.872540269978344, 962913.433250722591765 ], [ 710602.506561006652191, 962866.740991143509746 ], [ 710622.841120062046684, 962835.118732242146507 ], [ 710658.253211425500922, 962810.254068535286933 ], [ 710685.217011433560401, 962795.368632703553885 ], [ 710703.789107949472964, 962777.100087511935271 ], [ 710745.886349550215527, 962762.280209096730687 ], [ 710804.78730140987318, 962745.886174898245372 ], [ 710809.125736712245271, 962738.983471385436133 ] ] } },
{ "type": "Feature", "properties": { "osmid": "175021093", "name": "nan", "highway": "unclassified", "oneway": "False" }, "geometry": { "type": "LineString", "coordinates": [ [ 710477.838156188721769, 963014.747288194019347 ], [ 710418.762030795449391, 962980.997873109998181 ], [ 710386.850478047621436, 962977.506986363790929 ], [ 710364.961436895886436, 962985.73691764450632 ], [ 710318.172342598438263, 962933.742583301849663 ], [ 710284.458774223574437, 962953.616141762933694 ], [ 710255.527377729769796, 962946.268808211199939 ] ] } },
{ "type": "Feature", "properties": { "osmid": "959833040", "name": "nan", "highway": "residential", "oneway": "False" }, "geometry": { "type": "LineString", "coordinates": [ [ 710477.838156188721769, 963014.747288194019347 ], [ 710499.045764630893245, 962967.156243967823684 ], [ 710511.662341839401051, 962912.077194676850922 ], [ 710538.632884770515375, 962863.187883317819797 ], [ 710555.148174958303571, 962848.979617583681829 ] ] } },
{ "type": "Feature", "properties": { "osmid": "959833040", "name": "nan", "highway": "residential", "oneway": "False" }, "geometry": { "type": "LineString", "coordinates": [ [ 710555.148174958303571, 962848.979617583681829 ], [ 710538.632884770515375, 962863.187883317819797 ], [ 710511.662341839401051, 962912.077194676850922 ], [ 710499.045764630893245, 962967.156243967823684 ], [ 710477.838156188721769, 963014.747288194019347 ] ] } },
{ "type": "Feature", "properties": { "osmid": "868432995", "name": "nan", "highway": "residential", "oneway": "False" }, "geometry": { "type": "LineString", "coordinates": [ [ 710550.526219266001135, 960198.72687200224027 ], [ 710550.899628203827888, 960201.073844674276188 ], [ 710553.297866435255855, 960223.154116954421625 ], [ 710559.697675161762163, 960259.31404904415831 ], [ 710570.59653440490365, 960304.755359693081118 ], [ 710579.129771808627993, 960343.470265992218629 ], [ 710580.662071344209835, 960356.099447482032701 ], [ 710579.522136326297186, 960385.694927130476572 ], [ 710578.459420009981841, 960426.164492323878221 ], [ 710577.056457781349309, 960440.261139652808197 ] ] } },
{ "type": "Feature", "properties": { "osmid": "868432995", "name": "nan", "highway": "residential", "oneway": "False" }, "geometry": { "type": "LineString", "coordinates": [ [ 710550.526219266001135, 960198.72687200224027 ], [ 710548.146916209021583, 960183.803643624065444 ], [ 710547.582491489127278, 960175.681478223996237 ] ] } },
{ "type": "Feature", "properties": { "osmid": "959833545", "name": "nan", "highway": "residential", "oneway": "False" }, "geometry": { "type": "LineString", "coordinates": [ [ 710550.526219266001135, 960198.72687200224027 ], [ 710532.433993259677663, 960198.071482198662125 ], [ 710519.453652127180248, 960198.680792046012357 ], [ 710506.464388281106949, 960201.059939257567748 ], [ 710492.584697076235898, 960203.213365883682854 ], [ 710484.523309260024689, 960204.057660586084239 ] ] } },
{ "type": "Feature", "properties": { "osmid": "959833545", "name": "nan", "highway": "residential", "oneway": "False" }, "geometry": { "type": "LineString", "coordinates": [ [ 710484.523309260024689, 960204.057660586084239 ], [ 710492.584697076235898, 960203.213365883682854 ], [ 710506.464388281106949, 960201.059939257567748 ], [ 710519.453652127180248, 960198.680792046012357 ], [ 710532.433993259677663, 960198.071482198662125 ], [ 710550.526219266001135, 960198.72687200224027 ] ] } },
{ "type": "Feature", "properties": { "osmid": "175021033", "name": "Panavoor-Venjaramood Road", "highway": "secondary", "oneway": "False" }, "geometry": { "type": "LineString", "coordinates": [ [ 710215.226446419837885, 959886.955002390779555 ], [ 710219.892773593659513, 959893.64870929310564 ], [ 710237.518029948929325, 959908.372093693353236 ], [ 710278.429736513178796, 959930.546660870080814 ] ] } },
{ "type": "Feature", "properties": { "osmid": "175021033", "name": "Panavoor-Venjaramood Road", "highway": "secondary", "oneway": "False" }, "geometry": { "type": "LineString", "coordinates": [ [ 710215.226446419837885, 959886.955002390779555 ], [ 710206.276297098374926, 959874.111540801241063 ], [ 710188.34839884750545, 959834.221240734681487 ], [ 710181.931079659378156, 959812.386296812561341 ] ] } },
{ "type": "Feature", "properties": { "osmid": "959833100", "name": "nan", "highway": "residential", "oneway": "False" }, "geometry": { "type": "LineString", "coordinates": [ [ 710215.226446419837885, 959886.955002390779555 ], [ 710179.4044373142533, 959894.506844465387985 ], [ 710151.743702583713457, 959877.000745785189793 ], [ 710098.386423281161115, 959856.312358253053389 ] ] } },
{ "type": "Feature", "properties": { "osmid": "959833100", "name": "nan", "highway": "residential", "oneway": "False" }, "geometry": { "type": "LineString", "coordinates": [ [ 710098.386423281161115, 959856.312358253053389 ], [ 710151.743702583713457, 959877.000745785189793 ], [ 710179.4044373142533, 959894.506844465387985 ], [ 710215.226446419837885, 959886.955002390779555 ] ] } },
{ "type": "Feature", "properties": { "osmid": "175021033", "name": "Panavoor-Venjaramood Road", "highway": "secondary", "oneway": "False" }, "geometry": { "type": "LineString", "coordinates": [ [ 710278.429736513178796, 959930.546660870080814 ], [ 710302.952561095706187, 959943.844666227814741 ], [ 710310.566402638098225, 959951.006762787466869 ] ] } },
{ "type": "Feature", "properties": { "osmid": "175021033", "name": "Panavoor-Venjaramood Road", "highway": "secondary", "oneway": "False" }, "geometry": { "type": "LineString", "coordinates": [ [ 710278.429736513178796, 959930.546660870080814 ], [ 710237.518029948929325, 959908.372093693353236 ], [ 710219.892773593659513, 959893.64870929310564 ], [ 710215.226446419837885, 959886.955002390779555 ] ] } },
{ "type": "Feature", "properties": { "osmid": "959833300", "name": "nan", "highway": "residential", "oneway": "False" }, "geometry": { "type": "LineString", "coordinates": [ [ 710278.429736513178796, 959930.546660870080814 ], [ 710276.45607503503561, 959953.080518516129814 ], [ 710276.358600138337351, 959972.438046786817722 ], [ 710276.80900012946222, 959998.84465322131291 ], [ 710274.889242449076846, 960028.159619952668436 ], [ 710275.403839557548054, 960044.002602358348668 ] ] } },
{ "type": "Feature", "properties": { "osmid": "959833300", "name": "nan", "highway": "residential", "oneway": "False" }, "geometry": { "type": "LineString", "coordinates": [ [ 710275.403839557548054, 960044.002602358348668 ], [ 710274.889242449076846, 960028.159619952668436 ], [ 710276.80900012946222, 959998.84465322131291 ], [ 710276.358600138337351, 959972.438046786817722 ], [ 710276.45607503503561, 959953.080518516129814 ], [ 710278.429736513178796, 959930.546660870080814 ] ] } },
{ "type": "Feature", "properties": { "osmid": "843986203", "name": "nan", "highway": "unclassified", "oneway": "False" }, "geometry": { "type": "LineString", "coordinates": [ [ 711851.730404803296551, 962915.921795007889159 ], [ 711867.892077244119719, 962919.400029158685356 ] ] } },
{ "type": "Feature", "properties": { "osmid": "843986203", "name": "nan", "highway": "unclassified", "oneway": "False" }, "geometry": { "type": "LineString", "coordinates": [ [ 711851.730404803296551, 962915.921795007889159 ], [ 711761.567227260442451, 962904.899001273093745 ], [ 711676.257762350840494, 962883.071566848200746 ], [ 711636.808177114813589, 962874.95073361042887 ], [ 711600.073590800631791, 962878.359094786108471 ] ] } },
{ "type": "Feature", "properties": { "osmid": "960729107", "name": "nan", "highway": "residential", "oneway": "False" }, "geometry": { "type": "LineString", "coordinates": [ [ 711851.730404803296551, 962915.921795007889159 ], [ 711855.43540019064676, 962903.76156990788877 ], [ 711861.456009519984946, 962882.111012845765799 ], [ 711866.742988001322374, 962868.365934162633494 ], [ 711858.399790505995043, 962855.45856140635442 ], [ 711852.533839767798781, 962848.88010476611089 ] ] } },
{ "type": "Feature", "properties": { "osmid": "960729107", "name": "nan", "highway": "residential", "oneway": "False" }, "geometry": { "type": "LineString", "coordinates": [ [ 711852.533839767798781, 962848.88010476611089 ], [ 711858.399790505995043, 962855.45856140635442 ], [ 711866.742988001322374, 962868.365934162633494 ], [ 711861.456009519984946, 962882.111012845765799 ], [ 711855.43540019064676, 962903.76156990788877 ], [ 711851.730404803296551, 962915.921795007889159 ] ] } },
{ "type": "Feature", "properties": { "osmid": "175021073", "name": "nan", "highway": "residential", "oneway": "False" }, "geometry": { "type": "LineString", "coordinates": [ [ 709756.288747835671529, 961810.909628809662536 ], [ 709735.71644612995442, 961870.174260299885646 ], [ 709718.950225083855912, 961899.259595312178135 ] ] } },
{ "type": "Feature", "properties": { "osmid": "175021073", "name": "nan", "highway": "residential", "oneway": "False" }, "geometry": { "type": "LineString", "coordinates": [ [ 709756.288747835671529, 961810.909628809662536 ], [ 709763.001049644313753, 961791.5633040611865 ], [ 709764.081339246127754, 961775.927490033442155 ], [ 709762.780663195648231, 961752.248895311029628 ], [ 709759.39930200856179, 961735.218976267729886 ], [ 709755.664495268487372, 961720.620854529668577 ], [ 709753.658730145078152, 961705.821262374287471 ], [ 709749.978502721874975, 961691.311910670134239 ], [ 709739.197595208650455, 961677.087619884405285 ] ] } },
{ "type": "Feature", "properties": { "osmid": "960728820", "name": "nan", "highway": "residential", "oneway": "False" }, "geometry": { "type": "LineString", "coordinates": [ [ 709756.288747835671529, 961810.909628809662536 ], [ 709775.242577785858884, 961819.544662379194051 ], [ 709781.476411270210519, 961825.283880556351505 ], [ 709780.336831055465154, 961843.950304794125259 ], [ 709778.656459258287214, 961867.28204695309978 ], [ 709773.857570002786815, 961886.969851512578316 ], [ 709765.368086536414921, 961913.895557752344757 ], [ 709761.083880219957791, 961934.105852619512007 ], [ 709753.18796206836123, 961948.070227124495432 ], [ 709749.497370412806049, 961955.308129206998274 ] ] } },
{ "type": "Feature", "properties": { "osmid": "960728820", "name": "nan", "highway": "residential", "oneway": "False" }, "geometry": { "type": "LineString", "coordinates": [ [ 709749.497370412806049, 961955.308129206998274 ], [ 709753.18796206836123, 961948.070227124495432 ], [ 709761.083880219957791, 961934.105852619512007 ], [ 709765.368086536414921, 961913.895557752344757 ], [ 709773.857570002786815, 961886.969851512578316 ], [ 709778.656459258287214, 961867.28204695309978 ], [ 709780.336831055465154, 961843.950304794125259 ], [ 709781.476411270210519, 961825.283880556351505 ], [ 709775.242577785858884, 961819.544662379194051 ], [ 709756.288747835671529, 961810.909628809662536 ] ] } },
{ "type": "Feature", "properties": { "osmid": [ 843986203, 960729373 ], "name": "nan", "highway": [ "unclassified", "residential" ], "oneway": "False" }, "geometry": { "type": "LineString", "coordinates": [ [ 712125.598040689481422, 963072.259772714460269 ], [ 712119.725394147913903, 963075.647955520194955 ], [ 712109.75629582547117, 963070.807369426824152 ], [ 712096.019104282022454, 963064.575915549648926 ], [ 712089.171129100141115, 963056.333128473372199 ], [ 712078.179683549562469, 963049.086921276524663 ], [ 712071.324770143721253, 963042.204710553167388 ], [ 712064.469798109959811, 963035.333563035819679 ], [ 712065.53401243139524, 963029.520452961325645 ], [ 712073.096320292213932, 963022.85550186841283 ], [ 712052.736020792974159, 963020.406660888344049 ], [ 712014.711849046638235, 963002.569324203534052 ], [ 711978.550763492356054, 962988.458296378841624 ], [ 711965.377422348712571, 962975.238683655974455 ], [ 711952.213985505397432, 962960.072243488975801 ], [ 711936.279635532991961, 962953.022154574748129 ], [ 711906.369616765761748, 962934.684223489137366 ], [ 711867.892077244119719, 962919.400029158685356 ] ] } },
{ "type": "Feature", "properties": { "osmid": "961375668", "name": "nan", "highway": "residential", "oneway": "False" }, "geometry": { "type": "LineString", "coordinates": [ [ 709535.623350691748783, 960388.085127561469562 ], [ 709514.327852012589574, 960473.031509458902292 ] ] } },
{ "type": "Feature", "properties": { "osmid": "961375668", "name": "nan", "highway": "residential", "oneway": "False" }, "geometry": { "type": "LineString", "coordinates": [ [ 709535.623350691748783, 960388.085127561469562 ], [ 709450.798190451227129, 960358.567173004848883 ] ] } },
{ "type": "Feature", "properties": { "osmid": "1020193135", "name": "nan", "highway": "residential", "oneway": "False" }, "geometry": { "type": "LineString", "coordinates": [ [ 709535.623350691748783, 960388.085127561469562 ], [ 709567.691372468369082, 960398.068899522884749 ], [ 709591.054792302893475, 960403.296709934598766 ], [ 709599.59856155642774, 960407.200141907786019 ], [ 709614.007519746548496, 960409.208296903641894 ], [ 709656.188746922067367, 960408.656896585365757 ], [ 709682.184514756896533, 960409.163579731597565 ] ] } },
{ "type": "Feature", "properties": { "osmid": "961376176", "name": "nan", "highway": "residential", "oneway": "False" }, "geometry": { "type": "LineString", "coordinates": [ [ 710092.345428535714746, 959720.267140335869044 ], [ 710088.764202175545506, 959734.175824096775614 ], [ 710084.734747955808416, 959762.794331240002066 ], [ 710082.666501344880089, 959793.214700177777559 ] ] } },
{ "type": "Feature", "properties": { "osmid": "961375668", "name": "nan", "highway": "residential", "oneway": "False" }, "geometry": { "type": "LineString", "coordinates": [ [ 709514.327852012589574, 960473.031509458902292 ], [ 709535.623350691748783, 960388.085127561469562 ] ] } },
{ "type": "Feature", "properties": { "osmid": "1020193135", "name": "nan", "highway": "residential", "oneway": "False" }, "geometry": { "type": "LineString", "coordinates": [ [ 709682.184514756896533, 960409.163579731597565 ], [ 709656.188746922067367, 960408.656896585365757 ], [ 709614.007519746548496, 960409.208296903641894 ], [ 709599.59856155642774, 960407.200141907786019 ], [ 709591.054792302893475, 960403.296709934598766 ], [ 709567.691372468369082, 960398.068899522884749 ], [ 709535.623350691748783, 960388.085127561469562 ] ] } },
{ "type": "Feature", "properties": { "osmid": "284622669", "name": "Kottaraveedu Bhagavathy Tenple Road", "highway": "tertiary", "oneway": "False" }, "geometry": { "type": "LineString", "coordinates": [ [ 710501.392502961447462, 959654.684051087475382 ], [ 710504.996969661442563, 959647.113863487611525 ], [ 710520.138665633508936, 959630.464822127483785 ], [ 710530.815689611015841, 959621.713487327215262 ] ] } },
{ "type": "Feature", "properties": { "osmid": "284622669", "name": "Kottaraveedu Bhagavathy Tenple Road", "highway": "tertiary", "oneway": "False" }, "geometry": { "type": "LineString", "coordinates": [ [ 710501.392502961447462, 959654.684051087475382 ], [ 710496.64217794383876, 959664.659923106082715 ], [ 710490.857944878283888, 959694.143488061614335 ] ] } },
{ "type": "Feature", "properties": { "osmid": "1020201041", "name": "nan", "highway": "residential", "oneway": "False" }, "geometry": { "type": "LineString", "coordinates": [ [ 710501.392502961447462, 959654.684051087475382 ], [ 710511.48164700937923, 959662.113072800333612 ], [ 710531.216679093195125, 959671.006614837679081 ], [ 710566.576822809060104, 959685.266442483756691 ], [ 710598.682559954933822, 959700.970047295326367 ] ] } },
{ "type": "Feature", "properties": { "osmid": "1020201041", "name": "nan", "highway": "residential", "oneway": "False" }, "geometry": { "type": "LineString", "coordinates": [ [ 710598.682559954933822, 959700.970047295326367 ], [ 710566.576822809060104, 959685.266442483756691 ], [ 710531.216679093195125, 959671.006614837679081 ], [ 710511.48164700937923, 959662.113072800333612 ], [ 710501.392502961447462, 959654.684051087475382 ] ] } },
{ "type": "Feature", "properties": { "osmid": "1020201050", "name": "nan", "highway": "residential", "oneway": "False" }, "geometry": { "type": "LineString", "coordinates": [ [ 710623.837382629979402, 959636.971950656035915 ], [ 710619.722440318553708, 959632.261023697210476 ], [ 710610.299220911576413, 959628.109606635756791 ], [ 710586.417409297544509, 959623.000362870749086 ], [ 710551.58802549156826, 959621.353587289107963 ], [ 710530.815689611015841, 959621.713487327215262 ] ] } },
{ "type": "Feature", "properties": { "osmid": "1305865157", "name": "nan", "highway": "residential", "oneway": "False" }, "geometry": { "type": "LineString", "coordinates": [ [ 709533.323910598293878, 961573.333362806588411 ], [ 709603.996725939679891, 961558.113777332473546 ], [ 709617.148242599447258, 961551.819428903865628 ], [ 709626.468937321798876, 961550.007931029191241 ], [ 709633.157549968687817, 961552.873358648968861 ], [ 709644.2336417643819, 961567.508373296819627 ], [ 709669.277075752033852, 961608.407742267707363 ], [ 709680.712086243322119, 961630.455916935112327 ], [ 709687.321614966145717, 961649.039634700980969 ], [ 709691.708575922297314, 961669.658588705118746 ], [ 709692.692708683083765, 961677.506285011069849 ], [ 709714.035697075305507, 961677.259684944641776 ] ] } },
{ "type": "Feature", "properties": { "osmid": "1305865158", "name": "nan", "highway": "residential", "oneway": "False" }, "geometry": { "type": "LineString", "coordinates": [ [ 709533.323910598293878, 961573.333362806588411 ], [ 709531.409446261241101, 961544.729270976502448 ], [ 709496.412295356625691, 961552.727975060930476 ], [ 709453.286594867589884, 961544.336693269549869 ], [ 709447.532720930408686, 961460.57082959858235 ], [ 709438.411940799211152, 961420.393221313715912 ] ] } },
{ "type": "Feature", "properties": { "osmid": "1305865158", "name": "nan", "highway": "residential", "oneway": "False" }, "geometry": { "type": "LineString", "coordinates": [ [ 709376.055379746714607, 961364.207492930581793 ], [ 709378.368806200684048, 961304.618777663912624 ] ] } },
{ "type": "Feature", "properties": { "osmid": "1305865158", "name": "nan", "highway": "residential", "oneway": "False" }, "geometry": { "type": "LineString", "coordinates": [ [ 709376.055379746714607, 961364.207492930581793 ], [ 709423.401047369698063, 961354.224265934783034 ], [ 709430.992692466476001, 961387.679740713443607 ] ] } },
{ "type": "Feature", "properties": { "osmid": "1305865159", "name": "nan", "highway": "residential", "oneway": "False" }, "geometry": { "type": "LineString", "coordinates": [ [ 709376.055379746714607, 961364.207492930581793 ], [ 709349.239637266146019, 961382.45735899079591 ], [ 709352.183353953296319, 961399.009348834282719 ] ] } },
{ "type": "Feature", "properties": { "osmid": "1305865158", "name": "nan", "highway": "residential", "oneway": "False" }, "geometry": { "type": "LineString", "coordinates": [ [ 709438.411940799211152, 961420.393221313715912 ], [ 709430.992692466476001, 961387.679740713443607 ] ] } },
{ "type": "Feature", "properties": { "osmid": "1305865158", "name": "nan", "highway": "residential", "oneway": "False" }, "geometry": { "type": "LineString", "coordinates": [ [ 709438.411940799211152, 961420.393221313715912 ], [ 709447.532720930408686, 961460.57082959858235 ], [ 709453.286594867589884, 961544.336693269549869 ], [ 709496.412295356625691, 961552.727975060930476 ], [ 709531.409446261241101, 961544.729270976502448 ], [ 709533.323910598293878, 961573.333362806588411 ] ] } },
{ "type": "Feature", "properties": { "osmid": "1305865159", "name": "nan", "highway": "residential", "oneway": "False" }, "geometry": { "type": "LineString", "coordinates": [ [ 709438.411940799211152, 961420.393221313715912 ], [ 709357.235775866196491, 961427.430047906702384 ], [ 709352.183353953296319, 961399.009348834282719 ] ] } },
{ "type": "Feature", "properties": { "osmid": "1305865160", "name": "nan", "highway": "residential", "oneway": "False" }, "geometry": { "type": "LineString", "coordinates": [ [ 709352.183353953296319, 961399.009348834282719 ], [ 709430.992692466476001, 961387.679740713443607 ] ] } },
{ "type": "Feature", "properties": { "osmid": "1305865159", "name": "nan", "highway": "residential", "oneway": "False" }, "geometry": { "type": "LineString", "coordinates": [ [ 709352.183353953296319, 961399.009348834282719 ], [ 709349.239637266146019, 961382.45735899079591 ], [ 709376.055379746714607, 961364.207492930581793 ] ] } },
{ "type": "Feature", "properties": { "osmid": "1305865159", "name": "nan", "highway": "residential", "oneway": "False" }, "geometry": { "type": "LineString", "coordinates": [ [ 709352.183353953296319, 961399.009348834282719 ], [ 709357.235775866196491, 961427.430047906702384 ], [ 709438.411940799211152, 961420.393221313715912 ] ] } },
{ "type": "Feature", "properties": { "osmid": "1305865158", "name": "nan", "highway": "residential", "oneway": "False" }, "geometry": { "type": "LineString", "coordinates": [ [ 709430.992692466476001, 961387.679740713443607 ], [ 709438.411940799211152, 961420.393221313715912 ] ] } },
{ "type": "Feature", "properties": { "osmid": "1305865160", "name": "nan", "highway": "residential", "oneway": "False" }, "geometry": { "type": "LineString", "coordinates": [ [ 709430.992692466476001, 961387.679740713443607 ], [ 709352.183353953296319, 961399.009348834282719 ] ] } },
{ "type": "Feature", "properties": { "osmid": "1305865158", "name": "nan", "highway": "residential", "oneway": "False" }, "geometry": { "type": "LineString", "coordinates": [ [ 709430.992692466476001, 961387.679740713443607 ], [ 709423.401047369698063, 961354.224265934783034 ], [ 709376.055379746714607, 961364.207492930581793 ] ] } },
{ "type": "Feature", "properties": { "osmid": "1305865164", "name": "nan", "highway": "residential", "oneway": "False" }, "geometry": { "type": "LineString", "coordinates": [ [ 709395.448738812236115, 961044.224097839440219 ], [ 709548.884108278434724, 961092.106381335877813 ], [ 709570.711798788513988, 961129.073602561024018 ] ] } },
{ "type": "Feature", "properties": { "osmid": "1305865165", "name": "nan", "highway": "residential", "oneway": "False" }, "geometry": { "type": "LineString", "coordinates": [ [ 709395.448738812236115, 961044.224097839440219 ], [ 709410.91870516014751, 961036.547524475841783 ], [ 709468.528218393097632, 961014.569622991839424 ], [ 709479.668738514301367, 961009.846921826363541 ], [ 709488.225187623524107, 961004.624531230423599 ], [ 709512.995007024146616, 960983.975090445484966 ], [ 709525.808042394113727, 960964.017794967978261 ], [ 709530.312041058088653, 960948.23326764581725 ], [ 709530.501456529018469, 960936.818558304337785 ] ] } },
{ "type": "Feature", "properties": { "osmid": "175020996", "name": "Vamanapuram Aramthanam Road - Venjarammoodu Bypass", "highway": "secondary", "oneway": "False" }, "geometry": { "type": "LineString", "coordinates": [ [ 709734.176980079617351, 963615.670959086506628 ], [ 709855.887063225498423, 963671.405346020357683 ], [ 709875.509250185568817, 963660.818723999429494 ], [ 709923.842830147361383, 963642.191319763078354 ] ] } },
{ "type": "Feature", "properties": { "osmid": "175020996", "name": "Vamanapuram Aramthanam Road - Venjarammoodu Bypass", "highway": "secondary", "oneway": "False" }, "geometry": { "type": "LineString", "coordinates": [ [ 709734.176980079617351, 963615.670959086506628 ], [ 709725.886518083629198, 963611.879239255096763 ], [ 709644.48537998017855, 963579.179791742935777 ], [ 709566.072372312657535, 963556.296253814711235 ], [ 709505.418407846125774, 963556.200921264244244 ], [ 709429.544015509542078, 963562.478018485475332 ] ] } },
{ "type": "Feature", "properties": { "osmid": "1306062964", "name": "nan", "highway": "residential", "oneway": "False" }, "geometry": { "type": "LineString", "coordinates": [ [ 709734.176980079617351, 963615.670959086506628 ], [ 709749.101907797390595, 963578.423988183261827 ], [ 709768.392670937697403, 963517.880935949622653 ], [ 709814.64292682078667, 963491.16782211093232 ], [ 709883.893508278066292, 963478.043947593308985 ], [ 709910.653616050025448, 963470.656983782770112 ] ] } },
{ "type": "Feature", "properties": { "osmid": "843986200", "name": "nan", "highway": "unclassified", "oneway": "False" }, "geometry": { "type": "LineString", "coordinates": [ [ 709910.653616050025448, 963470.656983782770112 ], [ 709900.906480989186093, 963482.897380486014299 ], [ 709894.578363065607846, 963515.54178183991462 ], [ 709923.842830147361383, 963642.191319763078354 ] ] } },
{ "type": "Feature", "properties": { "osmid": "843986200", "name": "nan", "highway": "unclassified", "oneway": "False" }, "geometry": { "type": "LineString", "coordinates": [ [ 709910.653616050025448, 963470.656983782770112 ], [ 709919.525770087260753, 963459.50728402857203 ], [ 710110.252685423358344, 963350.1734898830764 ], [ 710266.89019669406116, 963274.373224469600245 ], [ 710280.33912303368561, 963257.074245249852538 ], [ 710298.193205018294975, 963182.619372073793784 ] ] } },
{ "type": "Feature", "properties": { "osmid": "1306062964", "name": "nan", "highway": "residential", "oneway": "False" }, "geometry": { "type": "LineString", "coordinates": [ [ 709910.653616050025448, 963470.656983782770112 ], [ 709883.893508278066292, 963478.043947593308985 ], [ 709814.64292682078667, 963491.16782211093232 ], [ 709768.392670937697403, 963517.880935949622653 ], [ 709749.101907797390595, 963578.423988183261827 ], [ 709734.176980079617351, 963615.670959086506628 ] ] } },
{ "type": "Feature", "properties": { "osmid": "958728813", "name": "nan", "highway": "residential", "oneway": "False" }, "geometry": { "type": "LineString", "coordinates": [ [ 710246.64777685853187, 963091.774338868097402 ], [ 710269.589515653904527, 963114.799102337099612 ], [ 710298.193205018294975, 963182.619372073793784 ] ] } },
{ "type": "Feature", "properties": { "osmid": "958728813", "name": "nan", "highway": "residential", "oneway": "False" }, "geometry": { "type": "LineString", "coordinates": [ [ 710246.64777685853187, 963091.774338868097402 ], [ 710200.580435079988092, 963082.117056596209295 ], [ 710125.848683121497743, 963105.987026508315466 ], [ 710041.561880352208391, 963143.293136375024915 ], [ 709991.266078609391116, 963164.598637919174507 ], [ 709897.614764346391894, 963177.610443612211384 ], [ 709861.988070357823744, 963190.638466671924107 ], [ 709803.74255381221883, 963203.89539153536316 ], [ 709714.674491910962388, 963200.736338900635019 ], [ 709636.49056141381152, 963202.145481293904595 ], [ 709577.336281333817169, 963214.491065680165775 ], [ 709510.015694503556006, 963226.795612390036695 ], [ 709429.197094426606782, 963237.815540416049771 ] ] } },
{ "type": "Feature", "properties": { "osmid": "1306062965", "name": "nan", "highway": "residential", "oneway": "False" }, "geometry": { "type": "LineString", "coordinates": [ [ 710246.64777685853187, 963091.774338868097402 ], [ 710251.005840553669259, 963035.204487412702292 ], [ 710213.146756339236163, 963010.75487639720086 ], [ 710202.410552116343752, 962987.791798967984505 ], [ 710217.42314428568352, 962970.345819166395813 ], [ 710255.527377729769796, 962946.268808211199939 ] ] } },
{ "type": "Feature", "properties": { "osmid": "175021093", "name": "nan", "highway": "unclassified", "oneway": "False" }, "geometry": { "type": "LineString", "coordinates": [ [ 710255.527377729769796, 962946.268808211199939 ], [ 710284.458774223574437, 962953.616141762933694 ], [ 710318.172342598438263, 962933.742583301849663 ], [ 710364.961436895886436, 962985.73691764450632 ], [ 710386.850478047621436, 962977.506986363790929 ], [ 710418.762030795449391, 962980.997873109998181 ], [ 710477.838156188721769, 963014.747288194019347 ] ] } },
{ "type": "Feature", "properties": { "osmid": "175021093", "name": "nan", "highway": "unclassified", "oneway": "False" }, "geometry": { "type": "LineString", "coordinates": [ [ 710255.527377729769796, 962946.268808211199939 ], [ 710230.750989191932604, 962939.982284133788198 ], [ 710182.01646143454127, 962939.736190516268834 ], [ 710131.707580489572138, 962917.779086474562064 ], [ 710093.158213887480088, 962899.222043142421171 ], [ 710047.805783865391277, 962893.982223041122779 ], [ 710019.337865885696374, 962875.476128757349215 ], [ 709957.255020032753237, 962855.130197369609959 ], [ 709977.73796188691631, 962791.79451893386431 ], [ 709977.838991615455598, 962771.762247705832124 ], [ 709935.92165034241043, 962753.177349224337377 ], [ 709889.01392576424405, 962724.567551848827861 ], [ 709827.042827328317799, 962684.178617441211827 ], [ 709808.603127134265378, 962674.074849966797046 ], [ 709755.512025139527395, 962649.372056586667895 ], [ 709713.318216925603338, 962637.566865819855593 ], [ 709673.758291083504446, 962625.08915951102972 ], [ 709653.725648200372234, 962651.547445411444642 ], [ 709597.927316565299407, 962633.324467333615758 ], [ 709581.056895056506619, 962626.314930819673464 ], [ 709561.06374414509628, 962620.882571693393402 ] ] } },
{ "type": "Feature", "properties": { "osmid": "1306062965", "name": "nan", "highway": "residential", "oneway": "False" }, "geometry": { "type": "LineString", "coordinates": [ [ 710255.527377729769796, 962946.268808211199939 ], [ 710217.42314428568352, 962970.345819166395813 ], [ 710202.410552116343752, 962987.791798967984505 ], [ 710213.146756339236163, 963010.75487639720086 ], [ 710251.005840553669259, 963035.204487412702292 ], [ 710246.64777685853187, 963091.774338868097402 ] ] } },
{ "type": "Feature", "properties": { "osmid": "958726808", "name": "nan", "highway": "residential", "oneway": "False" }, "geometry": { "type": "LineString", "coordinates": [ [ 711508.859498283360153, 961654.415058241342194 ], [ 711519.704002177575603, 961731.924866247689351 ], [ 711513.77377492771484, 961807.369490146054886 ], [ 711491.171137435012497, 961895.306774756754749 ], [ 711441.025173282250762, 961951.666635033441707 ], [ 711345.185539423488081, 961970.040820706402883 ], [ 711262.048023328883573, 961977.484180824365467 ], [ 711243.397597159957513, 961982.865217532264069 ] ] } },
{ "type": "Feature", "properties": { "osmid": "958726808", "name": "nan", "highway": "residential", "oneway": "False" }, "geometry": { "type": "LineString", "coordinates": [ [ 711508.859498283360153, 961654.415058241342194 ], [ 711505.949371187831275, 961633.581971219740808 ], [ 711514.998479210305959, 961566.018119437736459 ], [ 711536.688119332538918, 961504.016118733910844 ], [ 711598.046755629358813, 961420.202415725216269 ], [ 711636.253554547089152, 961376.370312844286673 ], [ 711674.636070269043557, 961297.937761718523689 ], [ 711698.49713472451549, 961174.675391621422023 ], [ 711690.954599683638662, 961151.385170180583373 ], [ 711676.989526862394996, 961144.367470145807602 ], [ 711670.99021448858548, 961135.808363281772472 ], [ 711669.606164501863532, 961115.735208548489027 ] ] } },
{ "type": "Feature", "properties": { "osmid": "1306062970", "name": "nan", "highway": "unclassified", "oneway": "False" }, "geometry": { "type": "LineString", "coordinates": [ [ 711508.859498283360153, 961654.415058241342194 ], [ 711555.698760660365224, 961642.429449511691928 ], [ 711589.600264874636196, 961663.9397529164562 ], [ 711637.821069744764827, 961685.522793025942519 ], [ 711723.744169110781513, 961682.397234153817408 ], [ 711836.386093938490376, 961654.363650916726328 ] ] } },
{ "type": "Feature", "properties": { "osmid": "843986204", "name": "nan", "highway": "secondary", "oneway": "False" }, "geometry": { "type": "LineString", "coordinates": [ [ 711836.386093938490376, 961654.363650916726328 ], [ 711835.202623687684536, 961599.18124593468383 ], [ 711841.497955801198259, 961579.788668993976898 ], [ 711855.056795498356223, 961564.913043393054977 ] ] } },
{ "type": "Feature", "properties": { "osmid": "843986204", "name": "nan", "highway": "secondary", "oneway": "False" }, "geometry": { "type": "LineString", "coordinates": [ [ 711836.386093938490376, 961654.363650916726328 ], [ 711839.038415236631408, 961665.250905732973479 ], [ 711844.099318778025918, 961700.331556621240452 ], [ 711837.327173556317575, 961833.028006121632643 ], [ 711844.047311710310169, 961890.296064271708019 ] ] } },
{ "type": "Feature", "properties": { "osmid": "1306062970", "name": "nan", "highway": "unclassified", "oneway": "False" }, "geometry": { "type": "LineString", "coordinates": [ [ 711836.386093938490376, 961654.363650916726328 ], [ 711723.744169110781513, 961682.397234153817408 ], [ 711637.821069744764827, 961685.522793025942519 ], [ 711589.600264874636196, 961663.9397529164562 ], [ 711555.698760660365224, 961642.429449511691928 ], [ 711508.859498283360153, 961654.415058241342194 ] ] } },
{ "type": "Feature", "properties": { "osmid": "843986204", "name": "nan", "highway": "secondary", "oneway": "False" }, "geometry": { "type": "LineString", "coordinates": [ [ 711855.056795498356223, 961564.913043393054977 ], [ 711902.859593297820538, 961504.172129734768532 ] ] } },
{ "type": "Feature", "properties": { "osmid": "843986204", "name": "nan", "highway": "secondary", "oneway": "False" }, "geometry": { "type": "LineString", "coordinates": [ [ 711855.056795498356223, 961564.913043393054977 ], [ 711841.497955801198259, 961579.788668993976898 ], [ 711835.202623687684536, 961599.18124593468383 ], [ 711836.386093938490376, 961654.363650916726328 ] ] } },
{ "type": "Feature", "properties": { "osmid": "1306062975", "name": "nan", "highway": "residential", "oneway": "False" }, "geometry": { "type": "LineString", "coordinates": [ [ 711855.056795498356223, 961564.913043393054977 ], [ 711936.203332773293369, 961609.417962572188117 ], [ 711996.662866311147809, 961670.100888183456846 ], [ 712024.478923331713304, 961715.13130444556009 ], [ 712047.667532824678347, 961752.405985052580945 ], [ 712074.254462882876396, 961733.968422888079658 ], [ 712089.639532521599904, 961771.192372073070146 ], [ 712108.06369063758757, 961825.46703974949196 ] ] } },
{ "type": "Feature", "properties": { "osmid": "1306062975", "name": "nan", "highway": "residential", "oneway": "False" }, "geometry": { "type": "LineString", "coordinates": [ [ 712108.06369063758757, 961825.46703974949196 ], [ 712089.639532521599904, 961771.192372073070146 ], [ 712074.254462882876396, 961733.968422888079658 ], [ 712047.667532824678347, 961752.405985052580945 ], [ 712024.478923331713304, 961715.13130444556009 ], [ 711996.662866311147809, 961670.100888183456846 ], [ 711936.203332773293369, 961609.417962572188117 ], [ 711855.056795498356223, 961564.913043393054977 ] ] } },
{ "type": "Feature", "properties": { "osmid": "175398464", "name": "nan", "highway": "tertiary", "oneway": "False" }, "geometry": { "type": "LineString", "coordinates": [ [ 711062.845831111888401, 963053.50549408630468 ], [ 711053.973065123776905, 963032.133375141071156 ], [ 711055.912360760383308, 962983.946997951599769 ], [ 711057.677328322315589, 962959.288159814779647 ], [ 711056.070996712194756, 962939.634280408499762 ], [ 711036.383367141941562, 962889.170154056046158 ], [ 711032.17474785563536, 962868.286291152820922 ], [ 711044.81853529298678, 962847.067508604493923 ], [ 711072.904383983579464, 962830.163678424549289 ], [ 711079.836820176802576, 962823.959977017133497 ], [ 711077.583337139571086, 962816.891130943899043 ], [ 711075.405321709346026, 962792.765390638145618 ], [ 711061.924012864357792, 962755.562626663828269 ], [ 711067.975421012146398, 962727.750784515519626 ], [ 711069.467357848538086, 962711.35371703421697 ], [ 711060.007754837861285, 962692.821520362049341 ] ] } },
{ "type": "Feature", "properties": { "osmid": "175398464", "name": "nan", "highway": "tertiary", "oneway": "False" }, "geometry": { "type": "LineString", "coordinates": [ [ 711062.845831111888401, 963053.50549408630468 ], [ 711067.934605124057271, 963065.765637444215827 ], [ 711071.210033224662766, 963090.516408307361417 ], [ 711067.817493409151211, 963112.733400458935648 ], [ 711055.676721763447858, 963158.478700099396519 ], [ 711044.817964923218824, 963198.843408768065274 ] ] } },
{ "type": "Feature", "properties": { "osmid": "1306062976", "name": "nan", "highway": "unclassified", "oneway": "False" }, "geometry": { "type": "LineString", "coordinates": [ [ 711062.845831111888401, 963053.50549408630468 ], [ 711156.182541862595826, 963020.306793353636749 ], [ 711218.674631561618298, 962988.113233592361212 ], [ 711278.052065260475501, 962955.914999764529057 ], [ 711373.262252308777533, 962922.339044896769337 ], [ 711469.959971356205642, 962905.806020328309387 ], [ 711600.073590800631791, 962878.359094786108471 ] ] } },
{ "type": "Feature", "properties": { "osmid": "175021142", "name": "Vamanapuram Aramthanam Road - Venjarammoodu Bypass", "highway": "secondary", "oneway": "False" }, "geometry": { "type": "LineString", "coordinates": [ [ 711632.862730886787176, 962685.419560498790815 ], [ 711673.339709231862798, 962647.362462002434768 ], [ 711694.149942043470219, 962582.98888236284256 ], [ 711712.81668757123407, 962552.719070324674249 ], [ 711775.935413975734264, 962505.76174589979928 ], [ 711799.044779368909076, 962480.625108008156531 ], [ 711812.951612268574536, 962451.381983653060161 ], [ 711837.691268233116716, 962417.337811129284091 ], [ 711867.483670067740604, 962393.971890486311167 ], [ 711877.8015022194013, 962367.077748936018907 ], [ 711874.182774500222877, 962325.48897386866156 ], [ 711867.587919455487281, 962299.902597729465924 ], [ 711865.043205009307712, 962211.605175650911406 ], [ 711838.361631380394101, 962177.299500355846249 ], [ 711826.025413880124688, 962144.405267172842287 ], [ 711822.144365480635315, 962119.750842802692205 ], [ 711823.58325086790137, 962077.037376743974164 ] ] } },
{ "type": "Feature", "properties": { "osmid": "175021142", "name": "Vamanapuram Aramthanam Road - Venjarammoodu Bypass", "highway": "secondary", "oneway": "False" }, "geometry": { "type": "LineString", "coordinates": [ [ 711632.862730886787176, 962685.419560498790815 ], [ 711612.959142114385031, 962714.355679804342799 ], [ 711585.799292413285002, 962763.387436542892829 ], [ 711575.988266562926583, 962790.22885800874792 ], [ 711579.30926337861456, 962808.132694088038988 ], [ 711600.073590800631791, 962878.359094786108471 ] ] } },
{ "type": "Feature", "properties": { "osmid": "1306062977", "name": "nan", "highway": "unclassified", "oneway": "False" }, "geometry": { "type": "LineString", "coordinates": [ [ 711632.862730886787176, 962685.419560498790815 ], [ 711606.753822946571745, 962661.92430744599551 ], [ 711583.329615323804319, 962671.086141582811251 ], [ 711522.202950862469152, 962741.991542375530116 ], [ 711478.488234005519189, 962758.793613755842671 ], [ 711448.688427774119191, 962798.885128718218766 ], [ 711375.375231675105169, 962813.999382514622994 ], [ 711308.381165258702822, 962813.65930322452914 ], [ 711260.083311042515561, 962811.865545802866109 ], [ 711222.716063661151566, 962805.481344270287082 ], [ 711185.281265391386114, 962814.583348533604294 ], [ 711156.020373894250952, 962746.316413402906619 ] ] } },
{ "type": "Feature", "properties": { "osmid": "1306062977", "name": "nan", "highway": "unclassified", "oneway": "False" }, "geometry": { "type": "LineString", "coordinates": [ [ 711156.020373894250952, 962746.316413402906619 ], [ 711185.281265391386114, 962814.583348533604294 ], [ 711222.716063661151566, 962805.481344270287082 ], [ 711260.083311042515561, 962811.865545802866109 ], [ 711308.381165258702822, 962813.65930322452914 ], [ 711375.375231675105169, 962813.999382514622994 ], [ 711448.688427774119191, 962798.885128718218766 ], [ 711478.488234005519189, 962758.793613755842671 ], [ 711522.202950862469152, 962741.991542375530116 ], [ 711583.329615323804319, 962671.086141582811251 ], [ 711606.753822946571745, 962661.92430744599551 ], [ 711632.862730886787176, 962685.419560498790815 ] ] } },
{ "type": "Feature", "properties": { "osmid": "1306062979", "name": "nan", "highway": "residential", "oneway": "False" }, "geometry": { "type": "LineString", "coordinates": [ [ 712064.118905955925584, 961582.203714505652897 ], [ 711902.859593297820538, 961504.172129734768532 ] ] } },
{ "type": "Feature", "properties": { "osmid": "175021018", "name": "nan", "highway": "residential", "oneway": "False" }, "geometry": { "type": "LineString", "coordinates": [ [ 709604.995477557298727, 959674.136116481735371 ], [ 709612.357784801046364, 959722.678547932766378 ], [ 709625.349455052986741, 959800.97198867762927 ] ] } },
{ "type": "Feature", "properties": { "osmid": "1306276343", "name": "nan", "highway": "residential", "oneway": "False" }, "geometry": { "type": "LineString", "coordinates": [ [ 711462.632936280686408, 959803.696340109221637 ], [ 711394.34731486113742, 959803.129427487845533 ] ] } },
{ "type": "Feature", "properties": { "osmid": "1249847801", "name": "Panavoor-Venjaramood Road", "highway": "secondary", "oneway": "False" }, "geometry": { "type": "LineString", "coordinates": [ [ 711462.632936280686408, 959803.696340109221637 ], [ 711456.872708502807654, 959854.385502491262741 ], [ 711468.464563176268712, 959899.775432022521272 ], [ 711489.477812113123946, 959923.565148334717378 ], [ 711511.942752568749711, 959932.384559068712406 ], [ 711555.056587905157357, 960013.000116884941235 ] ] } },
{ "type": "Feature", "properties": { "osmid": "1306276343", "name": "nan", "highway": "residential", "oneway": "False" }, "geometry": { "type": "LineString", "coordinates": [ [ 711394.34731486113742, 959803.129427487845533 ], [ 711462.632936280686408, 959803.696340109221637 ] ] } },
{ "type": "Feature", "properties": { "osmid": "1306276344", "name": "nan", "highway": "residential", "oneway": "False" }, "geometry": { "type": "LineString", "coordinates": [ [ 711666.85730343637988, 959717.37575147068128 ], [ 711660.541648471727967, 959905.847985883941874 ], [ 711643.912095918087289, 959994.44620328466408 ] ] } },
{ "type": "Feature", "properties": { "osmid": "1306276364", "name": "nan", "highway": "residential", "oneway": "False" }, "geometry": { "type": "LineString", "coordinates": [ [ 711728.393841213313863, 959683.573010199586861 ], [ 711733.446173334261402, 959653.167581146815792 ] ] } },
{ "type": "Feature", "properties": { "osmid": "1306276364", "name": "nan", "highway": "residential", "oneway": "False" }, "geometry": { "type": "LineString", "coordinates": [ [ 711733.446173334261402, 959653.167581146815792 ], [ 711728.393841213313863, 959683.573010199586861 ] ] } },
{ "type": "Feature", "properties": { "osmid": "1306276364", "name": "nan", "highway": "residential", "oneway": "False" }, "geometry": { "type": "LineString", "coordinates": [ [ 711733.446173334261402, 959653.167581146815792 ], [ 711769.036757732392289, 959678.391936471802182 ], [ 711790.941906395368278, 959684.752919095102698 ], [ 711818.561677169171162, 959682.061142909689806 ], [ 711838.347415174124762, 959676.586323876748793 ] ] } },
{ "type": "Feature", "properties": { "osmid": "1306276364", "name": "nan", "highway": "residential", "oneway": "False" }, "geometry": { "type": "LineString", "coordinates": [ [ 711838.347415174124762, 959676.586323876748793 ], [ 711818.561677169171162, 959682.061142909689806 ], [ 711790.941906395368278, 959684.752919095102698 ], [ 711769.036757732392289, 959678.391936471802182 ], [ 711733.446173334261402, 959653.167581146815792 ] ] } },
{ "type": "Feature", "properties": { "osmid": "1378573159", "name": "nan", "highway": "residential", "oneway": "False" }, "geometry": { "type": "LineString", "coordinates": [ [ 711838.347415174124762, 959676.586323876748793 ], [ 711832.97759699204471, 959656.714194920728914 ], [ 711831.503836461575702, 959645.622782334801741 ] ] } },
{ "type": "Feature", "properties": { "osmid": "1378573159", "name": "nan", "highway": "residential", "oneway": "False" }, "geometry": { "type": "LineString", "coordinates": [ [ 711838.347415174124762, 959676.586323876748793 ], [ 711843.652138279983774, 959696.270073850173503 ], [ 711852.972379571408965, 959707.688891022349708 ], [ 711874.619682700838894, 959712.798630611621775 ], [ 711906.906877060420811, 959718.714563386281952 ], [ 711938.788949899375439, 959726.376235448289663 ], [ 711958.247131410520524, 959746.408376796520315 ], [ 711973.788627079688013, 959768.234793160809204 ], [ 711976.860525909927674, 959774.566685281810351 ], [ 711981.409620043123141, 959795.640426023281179 ], [ 711983.617038146359846, 959813.981074072071351 ] ] } },
{ "type": "Feature", "properties": { "osmid": "1306276365", "name": "nan", "highway": "residential", "oneway": "False" }, "geometry": { "type": "LineString", "coordinates": [ [ 711943.610100514953956, 959598.382231232011691 ], [ 711912.091336728422903, 959621.06499263108708 ], [ 711831.503836461575702, 959645.622782334801741 ] ] } },
{ "type": "Feature", "properties": { "osmid": "1306276366", "name": "nan", "highway": "unclassified", "oneway": "False" }, "geometry": { "type": "LineString", "coordinates": [ [ 711983.617038146359846, 959813.981074072071351 ], [ 712013.435901938006282, 959807.406841226154938 ], [ 712038.83127624145709, 959872.103656124789268 ], [ 712064.492969625978731, 959884.33559584536124 ], [ 712090.263913011876866, 959875.052846275735646 ], [ 712114.776696496759541, 959846.925417717080563 ], [ 712152.848484250251204, 959814.840360996196978 ] ] } },
{ "type": "Feature", "properties": { "osmid": "1306276366", "name": "nan", "highway": "unclassified", "oneway": "False" }, "geometry": { "type": "LineString", "coordinates": [ [ 711983.617038146359846, 959813.981074072071351 ], [ 711959.939481658278964, 959818.528993678977713 ], [ 711935.875364532810636, 959832.012916566804051 ], [ 711919.458993909647688, 959848.113059786846861 ], [ 711907.931526266154833, 959874.724619250860997 ], [ 711894.60542484454345, 959891.371414403198287 ], [ 711866.01654586486984, 959924.555628889938816 ], [ 711845.850499474443495, 959944.265040283207782 ], [ 711826.798925474868156, 959952.586439294973388 ], [ 711791.503218175144866, 959966.942639545421116 ], [ 711749.748239074484445, 959978.755078282905743 ], [ 711730.751335216453299, 959993.669630115153268 ], [ 711707.77245297213085, 960027.61243576684501 ] ] } },
{ "type": "Feature", "properties": { "osmid": "1378573159", "name": "nan", "highway": "residential", "oneway": "False" }, "geometry": { "type": "LineString", "coordinates": [ [ 711983.617038146359846, 959813.981074072071351 ], [ 711981.409620043123141, 959795.640426023281179 ], [ 711976.860525909927674, 959774.566685281810351 ], [ 711973.788627079688013, 959768.234793160809204 ], [ 711958.247131410520524, 959746.408376796520315 ], [ 711938.788949899375439, 959726.376235448289663 ], [ 711906.906877060420811, 959718.714563386281952 ], [ 711874.619682700838894, 959712.798630611621775 ], [ 711852.972379571408965, 959707.688891022349708 ], [ 711843.652138279983774, 959696.270073850173503 ], [ 711838.347415174124762, 959676.586323876748793 ] ] } },
{ "type": "Feature", "properties": { "osmid": "1306276366", "name": "nan", "highway": "unclassified", "oneway": "False" }, "geometry": { "type": "LineString", "coordinates": [ [ 712152.848484250251204, 959814.840360996196978 ], [ 712114.776696496759541, 959846.925417717080563 ], [ 712090.263913011876866, 959875.052846275735646 ], [ 712064.492969625978731, 959884.33559584536124 ], [ 712038.83127624145709, 959872.103656124789268 ], [ 712013.435901938006282, 959807.406841226154938 ], [ 711983.617038146359846, 959813.981074072071351 ] ] } },
{ "type": "Feature", "properties": { "osmid": "1378573157", "name": "nan", "highway": "residential", "oneway": "False" }, "geometry": { "type": "LineString", "coordinates": [ [ 712007.397864405298606, 959995.07327507447917 ], [ 712015.697311511030421, 960023.245642349007539 ] ] } },
{ "type": "Feature", "properties": { "osmid": "1306276367", "name": "nan", "highway": "residential", "oneway": "False" }, "geometry": { "type": "LineString", "coordinates": [ [ 712007.397864405298606, 959995.07327507447917 ], [ 712018.523846767609939, 959995.516928261145949 ], [ 712034.773026612470858, 959992.833977143862285 ], [ 712044.20334166334942, 959986.886351122055203 ] ] } },
{ "type": "Feature", "properties": { "osmid": "1306276367", "name": "nan", "highway": "residential", "oneway": "False" }, "geometry": { "type": "LineString", "coordinates": [ [ 712007.397864405298606, 959995.07327507447917 ], [ 711994.832172435941175, 960005.031494968920015 ], [ 711918.825722147128545, 960042.311196727096103 ], [ 711889.754376015858725, 960042.606135846232064 ], [ 711830.819149318849668, 960043.203115594922565 ], [ 711769.889403750188649, 960044.243596762651578 ], [ 711729.8831967090955, 960047.657929677283391 ], [ 711707.77245297213085, 960027.61243576684501 ] ] } },
{ "type": "Feature", "properties": { "osmid": "1343674823", "name": "nan", "highway": "living_street", "oneway": "False" }, "geometry": { "type": "LineString", "coordinates": [ [ 709751.357772336341441, 962101.741292503545992 ], [ 709722.491106120753102, 962087.967959168250673 ], [ 709699.669684324297123, 962078.030300701153465 ] ] } },
{ "type": "Feature", "properties": { "osmid": "285067930", "name": "MC Road(SH-1)", "highway": "primary", "oneway": "False" }, "geometry": { "type": "LineString", "coordinates": [ [ 709699.669684324297123, 962078.030300701153465 ], [ 709704.725618656026199, 962066.308218349702656 ], [ 709710.610060333739966, 962049.612539413850754 ], [ 709713.575044127530418, 962037.835686373175122 ], [ 709718.126960724475794, 962021.288164379191585 ], [ 709719.996665827464312, 962001.884284603409469 ], [ 709719.495005710516125, 961963.785252467729151 ], [ 709718.950225083855912, 961899.259595312178135 ] ] } },
{ "type": "Feature", "properties": { "osmid": "285067930", "name": "MC Road(SH-1)", "highway": "primary", "oneway": "False" }, "geometry": { "type": "LineString", "coordinates": [ [ 709699.669684324297123, 962078.030300701153465 ], [ 709698.22189995739609, 962081.396833507460542 ], [ 709684.056637287023477, 962114.189860465587117 ], [ 709678.378282111836597, 962129.30475309677422 ], [ 709672.176254236721434, 962143.498889006208628 ], [ 709666.581318250158802, 962161.72253957146313 ], [ 709661.353095853002742, 962179.251148295472376 ], [ 709655.32359007850755, 962205.094123584334739 ], [ 709649.144908812362701, 962236.522506637033075 ], [ 709640.571235415758565, 962282.385417097131722 ], [ 709632.166479376377538, 962323.116547316662036 ], [ 709627.422156716231257, 962340.725021258112974 ], [ 709618.581209304509684, 962360.967686575371772 ], [ 709596.221469138283283, 962416.794177318923175 ], [ 709592.769178212038241, 962431.367185144918039 ], [ 709589.674285035114735, 962449.28262431116309 ], [ 709588.209189606597647, 962458.279474178794771 ], [ 709586.242929585743695, 962475.005929247010499 ], [ 709585.967168366536498, 962505.745001913397573 ], [ 709585.830243374453858, 962530.765875385841355 ], [ 709580.114914366509765, 962555.426823903806508 ], [ 709575.334674078272656, 962577.99075524113141 ], [ 709561.06374414509628, 962620.882571693393402 ] ] } },
{ "type": "Feature", "properties": { "osmid": "1343674823", "name": "nan", "highway": "living_street", "oneway": "False" }, "geometry": { "type": "LineString", "coordinates": [ [ 709699.669684324297123, 962078.030300701153465 ], [ 709722.491106120753102, 962087.967959168250673 ], [ 709751.357772336341441, 962101.741292503545992 ] ] } },
{ "type": "Feature", "properties": { "osmid": [ 1306062971, 175020701 ], "name": "nan", "highway": "residential", "oneway": "False" }, "geometry": { "type": "LineString", "coordinates": [ [ 710532.788312688469887, 960893.668887359090149 ], [ 710524.922147544799373, 960868.939376037335023 ], [ 710519.059908949071541, 960859.341384968371131 ], [ 710507.892695097951218, 960854.04176914691925 ], [ 710486.200230837450363, 960836.189284210209735 ], [ 710474.381699187797494, 960818.176452588173561 ], [ 710463.163634780561551, 960796.770701320027001 ], [ 710453.352741064038128, 960753.879092762130313 ], [ 710448.464943787781522, 960740.934327285387553 ], [ 710420.439593220828101, 960710.74930319422856 ], [ 710388.144313203636557, 960686.958584895008244 ], [ 710376.534062993247062, 960684.377971614012495 ], [ 710364.245926523115486, 960687.446490614092909 ], [ 710352.609329776256345, 960698.825659403461032 ], [ 710342.844683014322072, 960714.417725322768092 ], [ 710330.518320563365705, 960720.705023243324831 ], [ 710320.66379161097575, 960714.825816595228389 ], [ 710262.329840582679026, 960653.183475661324337 ], [ 710221.488659445894882, 960610.611294061294757 ], [ 710202.022684855735861, 960587.726083927438594 ], [ 710178.623155291075818, 960554.721723976894282 ], [ 710127.334337366046384, 960499.409270725795068 ], [ 710082.737841869122349, 960474.660934570012614 ], [ 710074.350559617974795, 960468.103366458206438 ], [ 710072.658924905234016, 960454.300892082392238 ] ] } },
{ "type": "Feature", "properties": { "osmid": "175021132", "name": "nan", "highway": "tertiary", "oneway": "False" }, "geometry": { "type": "LineString", "coordinates": [ [ 709530.501456529018469, 960936.818558304337785 ], [ 709542.285716097801924, 960931.037179255741648 ] ] } },
{ "type": "Feature", "properties": { "osmid": "1305865165", "name": "nan", "highway": "residential", "oneway": "False" }, "geometry": { "type": "LineString", "coordinates": [ [ 709530.501456529018469, 960936.818558304337785 ], [ 709530.312041058088653, 960948.23326764581725 ], [ 709525.808042394113727, 960964.017794967978261 ], [ 709512.995007024146616, 960983.975090445484966 ], [ 709488.225187623524107, 961004.624531230423599 ], [ 709479.668738514301367, 961009.846921826363541 ], [ 709468.528218393097632, 961014.569622991839424 ], [ 709410.91870516014751, 961036.547524475841783 ], [ 709395.448738812236115, 961044.224097839440219 ] ] } },
{ "type": "Feature", "properties": { "osmid": "285067930", "name": "MC Road(SH-1)", "highway": "primary", "oneway": "False" }, "geometry": { "type": "LineString", "coordinates": [ [ 709714.035697075305507, 961677.259684944641776 ], [ 709713.759335566894151, 961664.371412212378345 ] ] } },
{ "type": "Feature", "properties": { "osmid": "285067930", "name": "MC Road(SH-1)", "highway": "primary", "oneway": "False" }, "geometry": { "type": "LineString", "coordinates": [ [ 709714.035697075305507, 961677.259684944641776 ], [ 709714.578857570537366, 961702.748578418861143 ], [ 709716.36166256677825, 961737.801020173821598 ], [ 709717.094813110656105, 961771.465468900278211 ], [ 709718.293672880390659, 961837.25544639932923 ], [ 709718.950225083855912, 961899.259595312178135 ] ] } },
{ "type": "Feature", "properties": { "osmid": "1305865157", "name": "nan", "highway": "residential", "oneway": "False" }, "geometry": { "type": "LineString", "coordinates": [ [ 709714.035697075305507, 961677.259684944641776 ], [ 709692.692708683083765, 961677.506285011069849 ], [ 709691.708575922297314, 961669.658588705118746 ], [ 709687.321614966145717, 961649.039634700980969 ], [ 709680.712086243322119, 961630.455916935112327 ], [ 709669.277075752033852, 961608.407742267707363 ], [ 709644.2336417643819, 961567.508373296819627 ], [ 709633.157549968687817, 961552.873358648968861 ], [ 709626.468937321798876, 961550.007931029191241 ], [ 709617.148242599447258, 961551.819428903865628 ], [ 709603.996725939679891, 961558.113777332473546 ], [ 709533.323910598293878, 961573.333362806588411 ] ] } },
{ "type": "Feature", "properties": { "osmid": "175021115", "name": "Kavara Temple Road", "highway": "residential", "oneway": "False" }, "geometry": { "type": "LineString", "coordinates": [ [ 709686.26393633603584, 960063.74955520615913 ], [ 709688.969740899163298, 960059.747749711503275 ], [ 709761.46241926215589, 959980.75526641192846 ], [ 709806.754763305536471, 959998.593029731186107 ], [ 709839.879603822831996, 959958.229409751482308 ] ] } },
{ "type": "Feature", "properties": { "osmid": "1378573163", "name": "nan", "highway": "tertiary", "oneway": "False" }, "geometry": { "type": "LineString", "coordinates": [ [ 709686.26393633603584, 960063.74955520615913 ], [ 709765.674720529699698, 960099.7449623279972 ], [ 709772.849048936390318, 960104.570721360738389 ], [ 709776.700020352844149, 960113.627475756802596 ], [ 709785.308849894907326, 960139.643595480825752 ] ] } },
{ "type": "Feature", "properties": { "osmid": "1378573163", "name": "nan", "highway": "tertiary", "oneway": "False" }, "geometry": { "type": "LineString", "coordinates": [ [ 709686.26393633603584, 960063.74955520615913 ], [ 709670.732816665899009, 960057.22259674675297 ], [ 709658.591966787003912, 960046.287992446683347 ], [ 709639.294486513710581, 960018.227153524756432 ], [ 709633.535787055967376, 959994.51516881166026 ], [ 709628.886093734996393, 959971.339714858215302 ], [ 709621.207878758548759, 959959.443042369093746 ], [ 709615.356527365627699, 959951.991278614848852 ], [ 709525.825880733085796, 959949.705725108855404 ] ] } },
{ "type": "Feature", "properties": { "osmid": "175020718", "name": "Attingal - Nedumangad Road", "highway": "primary", "oneway": "False" }, "geometry": { "type": "LineString", "coordinates": [ [ 709864.129119687248021, 959824.416201042244211 ], [ 709844.644316381774843, 959824.871381309698336 ] ] } },
{ "type": "Feature", "properties": { "osmid": "175020718", "name": "Attingal - Nedumangad Road", "highway": "primary", "oneway": "False" }, "geometry": { "type": "LineString", "coordinates": [ [ 709864.129119687248021, 959824.416201042244211 ], [ 709881.70952751475852, 959823.995706318411976 ], [ 709953.513590315240435, 959825.208357825991698 ], [ 709986.027120835497044, 959825.48243454482872 ], [ 710011.139759443583898, 959822.201697718468495 ], [ 710033.135372922755778, 959817.135426103486679 ], [ 710058.339936688891612, 959808.711482100887224 ], [ 710070.628793424577452, 959801.162832281086594 ] ] } },
{ "type": "Feature", "properties": { "osmid": "175021115", "name": "Kavara Temple Road", "highway": "residential", "oneway": "False" }, "geometry": { "type": "LineString", "coordinates": [ [ 709864.129119687248021, 959824.416201042244211 ], [ 709865.410941988695413, 959895.704239869955927 ], [ 709864.015532481949776, 959919.302896694745868 ], [ 709856.395851214183494, 959935.193453851039521 ], [ 709839.879603822831996, 959958.229409751482308 ] ] } },
{ "type": "Feature", "properties": { "osmid": "1378563903", "name": "nan", "highway": "residential", "oneway": "False" }, "geometry": { "type": "LineString", "coordinates": [ [ 709528.591461473028176, 960050.049052245216444 ], [ 709482.16070107917767, 960044.119320524507202 ], [ 709401.944097758503631, 960052.433555980445817 ] ] } },
{ "type": "Feature", "properties": { "osmid": "1378563903", "name": "nan", "highway": "residential", "oneway": "False" }, "geometry": { "type": "LineString", "coordinates": [ [ 709528.591461473028176, 960050.049052245216444 ], [ 709500.764755935873836, 959969.081730260630138 ], [ 709498.908277605078183, 959955.17894693359267 ], [ 709502.857106390874833, 959951.327169940108433 ], [ 709513.059392757248133, 959949.376191230141558 ], [ 709525.825880733085796, 959949.705725108855404 ] ] } },
{ "type": "Feature", "properties": { "osmid": "1378563904", "name": "nan", "highway": "residential", "oneway": "False" }, "geometry": { "type": "LineString", "coordinates": [ [ 709528.591461473028176, 960050.049052245216444 ], [ 709554.293949875980616, 960054.204489782336168 ], [ 709559.138584997388534, 960056.087166711455211 ], [ 709561.850166659452952, 960061.89709805638995 ], [ 709532.283732185373083, 960196.015417465358041 ], [ 709517.165859609725885, 960256.292081786552444 ], [ 709507.015665414161049, 960289.547863887040876 ], [ 709503.170987497316673, 960294.583756778156385 ], [ 709499.089312018710189, 960296.399511132389307 ], [ 709483.695047490647994, 960293.324539801687934 ], [ 709475.909461558563635, 960294.059787819511257 ], [ 709470.36506316694431, 960302.217608784674667 ], [ 709450.798190451227129, 960358.567173004848883 ] ] } },
{ "type": "Feature", "properties": { "osmid": "886989532", "name": "nan", "highway": "residential", "oneway": "False" }, "geometry": { "type": "LineString", "coordinates": [ [ 709401.944097758503631, 960052.433555980445817 ], [ 709403.541636659880169, 960058.71353715530131 ], [ 709411.182942340616137, 960095.531929321936332 ], [ 709413.734385596704669, 960106.938251708867028 ], [ 709411.604167193640023, 960114.692863384960219 ], [ 709403.268861959921196, 960113.102423077914864 ], [ 709390.767234959290363, 960110.451292495825328 ], [ 709382.931737590814009, 960114.54906338523142 ], [ 709369.660163242486306, 960160.078725189436227 ] ] } },
{ "type": "Feature", "properties": { "osmid": "886989532", "name": "nan", "highway": "residential", "oneway": "False" }, "geometry": { "type": "LineString", "coordinates": [ [ 709401.944097758503631, 960052.433555980445817 ], [ 709395.359641946735792, 960026.549403289332986 ], [ 709387.687759052147157, 959998.016061034519225 ], [ 709382.639406276401132, 959964.319014776148833 ], [ 709380.435907530831173, 959955.956403444404714 ], [ 709376.493488734588027, 959940.970193678746 ], [ 709366.198630181956105, 959917.4788960411679 ] ] } },
{ "type": "Feature", "properties": { "osmid": "1378563903", "name": "nan", "highway": "residential", "oneway": "False" }, "geometry": { "type": "LineString", "coordinates": [ [ 709401.944097758503631, 960052.433555980445817 ], [ 709482.16070107917767, 960044.119320524507202 ], [ 709528.591461473028176, 960050.049052245216444 ] ] } },
{ "type": "Feature", "properties": { "osmid": "961375668", "name": "nan", "highway": "residential", "oneway": "False" }, "geometry": { "type": "LineString", "coordinates": [ [ 709450.798190451227129, 960358.567173004848883 ], [ 709535.623350691748783, 960388.085127561469562 ] ] } },
{ "type": "Feature", "properties": { "osmid": "1378563904", "name": "nan", "highway": "residential", "oneway": "False" }, "geometry": { "type": "LineString", "coordinates": [ [ 709450.798190451227129, 960358.567173004848883 ], [ 709470.36506316694431, 960302.217608784674667 ], [ 709475.909461558563635, 960294.059787819511257 ], [ 709483.695047490647994, 960293.324539801687934 ], [ 709499.089312018710189, 960296.399511132389307 ], [ 709503.170987497316673, 960294.583756778156385 ], [ 709507.015665414161049, 960289.547863887040876 ], [ 709517.165859609725885, 960256.292081786552444 ], [ 709532.283732185373083, 960196.015417465358041 ], [ 709561.850166659452952, 960061.89709805638995 ], [ 709559.138584997388534, 960056.087166711455211 ], [ 709554.293949875980616, 960054.204489782336168 ], [ 709528.591461473028176, 960050.049052245216444 ] ] } },
{ "type": "Feature", "properties": { "osmid": "1306062972", "name": "nan", "highway": "residential", "oneway": "False" }, "geometry": { "type": "LineString", "coordinates": [ [ 709856.599520623218268, 960739.778476260369644 ], [ 709872.761995936161838, 960771.717482788371854 ], [ 709883.515300700091757, 960767.413262462359853 ], [ 709894.523762052878737, 960762.712106557213701 ], [ 709932.785196417011321, 960753.623828558484092 ], [ 709987.353848333703354, 960747.703866587136872 ], [ 710043.462762975599617, 960744.114686520304531 ], [ 710076.607603620621376, 960765.332002655835822 ], [ 710107.138257321203128, 960785.463201259612106 ], [ 710140.521370058064349, 960809.624200931633823 ], [ 710156.875029373448342, 960825.41422007267829 ], [ 710173.989578572567552, 960845.289857804193161 ], [ 710186.239081567968242, 960858.614577579894103 ], [ 710145.302238472970203, 960944.324753182125278 ], [ 710133.480760788428597, 960970.581040423247032 ], [ 710166.842331069405191, 961038.303062472958118 ], [ 710176.960085696424358, 961098.961236876086332 ], [ 710187.685916751041077, 961152.520858187228441 ], [ 710193.995308413752355, 961204.432156149297953 ] ] } },
{ "type": "Feature", "properties": { "osmid": "1306062972", "name": "nan", "highway": "residential", "oneway": "False" }, "geometry": { "type": "LineString", "coordinates": [ [ 709856.599520623218268, 960739.778476260369644 ], [ 709806.914681059191935, 960755.103487949352711 ], [ 709792.66580998734571, 960758.494152700528502 ] ] } },
{ "type": "Feature", "properties": { "osmid": "1378563907", "name": "nan", "highway": "residential", "oneway": "False" }, "geometry": { "type": "LineString", "coordinates": [ [ 709856.599520623218268, 960739.778476260369644 ], [ 709879.518932222388685, 960730.39175216818694 ], [ 709909.472895347862504, 960718.584727770648897 ], [ 709941.515982550336048, 960702.839202082250267 ], [ 709955.793906546430662, 960691.49535768723581 ], [ 709966.293382824398577, 960685.143458634498529 ], [ 709978.251824066392146, 960681.962552798329853 ], [ 709999.425841937074438, 960684.779229573323391 ], [ 710031.57683191227261, 960691.345781605108641 ], [ 710051.810834195814095, 960688.483094876282848 ] ] } },
{ "type": "Feature", "properties": { "osmid": "285067930", "name": "MC Road(SH-1)", "highway": "primary", "oneway": "False" }, "geometry": { "type": "LineString", "coordinates": [ [ 709792.66580998734571, 960758.494152700528502 ], [ 709795.906070243567228, 960737.946742670843378 ], [ 709796.997404769062996, 960731.049728456302546 ], [ 709797.74725237430539, 960726.396522540948354 ], [ 709805.18292737705633, 960696.733241701032966 ] ] } },
{ "type": "Feature", "properties": { "osmid": "285067930", "name": "MC Road(SH-1)", "highway": "primary", "oneway": "False" }, "geometry": { "type": "LineString", "coordinates": [ [ 709792.66580998734571, 960758.494152700528502 ], [ 709791.358343650354072, 960766.783854399574921 ], [ 709786.904751725960523, 960787.845063175424002 ], [ 709780.53773817687761, 960812.934171434957534 ], [ 709766.804084019851871, 960860.529984342283569 ], [ 709763.234440932632424, 960872.160006170393899 ], [ 709759.429763588821515, 960886.753381744143553 ] ] } },
{ "type": "Feature", "properties": { "osmid": "1306062972", "name": "nan", "highway": "residential", "oneway": "False" }, "geometry": { "type": "LineString", "coordinates": [ [ 709792.66580998734571, 960758.494152700528502 ], [ 709806.914681059191935, 960755.103487949352711 ], [ 709856.599520623218268, 960739.778476260369644 ] ] } },
{ "type": "Feature", "properties": { "osmid": "1378563907", "name": "nan", "highway": "residential", "oneway": "False" }, "geometry": { "type": "LineString", "coordinates": [ [ 710051.810834195814095, 960688.483094876282848 ], [ 710031.57683191227261, 960691.345781605108641 ], [ 709999.425841937074438, 960684.779229573323391 ], [ 709978.251824066392146, 960681.962552798329853 ], [ 709966.293382824398577, 960685.143458634498529 ], [ 709955.793906546430662, 960691.49535768723581 ], [ 709941.515982550336048, 960702.839202082250267 ], [ 709909.472895347862504, 960718.584727770648897 ], [ 709879.518932222388685, 960730.39175216818694 ], [ 709856.599520623218268, 960739.778476260369644 ] ] } },
{ "type": "Feature", "properties": { "osmid": "285067930", "name": "MC Road(SH-1)", "highway": "primary", "oneway": "False" }, "geometry": { "type": "LineString", "coordinates": [ [ 709658.049729032558389, 961262.695365997729823 ], [ 709659.761691606487148, 961252.759508312214166 ], [ 709665.250874403282069, 961233.68355647881981 ], [ 709683.658429961884394, 961167.14044298324734 ] ] } },
{ "type": "Feature", "properties": { "osmid": "285067930", "name": "MC Road(SH-1)", "highway": "primary", "oneway": "False" }, "geometry": { "type": "LineString", "coordinates": [ [ 709658.049729032558389, 961262.695365997729823 ], [ 709657.017893252312206, 961268.707740961806849 ], [ 709652.415238081943244, 961284.403270535287447 ], [ 709651.759162848815322, 961296.678454420063645 ], [ 709650.747262784047052, 961311.861075343331322 ], [ 709651.956422133487649, 961329.687546892091632 ], [ 709653.817513509420678, 961347.00845871749334 ], [ 709657.529817605274729, 961372.668136753956787 ], [ 709666.826512893661857, 961415.03693700756412 ], [ 709667.708731865510345, 961419.078892937628552 ], [ 709676.958121484844014, 961453.339238319080323 ] ] } },
{ "type": "Feature", "properties": { "osmid": "1378563917", "name": "nan", "highway": "residential", "oneway": "False" }, "geometry": { "type": "LineString", "coordinates": [ [ 709658.049729032558389, 961262.695365997729823 ], [ 709728.313294139108621, 961274.254185185185634 ], [ 709762.96383815293666, 961276.143033266533166 ], [ 709817.828048609313555, 961276.961070546880364 ] ] } },
{ "type": "Feature", "properties": { "osmid": "1378563917", "name": "nan", "highway": "residential", "oneway": "False" }, "geometry": { "type": "LineString", "coordinates": [ [ 709817.828048609313555, 961276.961070546880364 ], [ 709762.96383815293666, 961276.143033266533166 ], [ 709728.313294139108621, 961274.254185185185634 ], [ 709658.049729032558389, 961262.695365997729823 ] ] } },
{ "type": "Feature", "properties": { "osmid": "285067930", "name": "MC Road(SH-1)", "highway": "primary", "oneway": "False" }, "geometry": { "type": "LineString", "coordinates": [ [ 709683.658429961884394, 961167.14044298324734 ], [ 709686.819914958905429, 961155.685358190909028 ], [ 709691.954238126054406, 961137.138582594692707 ] ] } },
{ "type": "Feature", "properties": { "osmid": "285067930", "name": "MC Road(SH-1)", "highway": "primary", "oneway": "False" }, "geometry": { "type": "LineString", "coordinates": [ [ 709683.658429961884394, 961167.14044298324734 ], [ 709665.250874403282069, 961233.68355647881981 ], [ 709659.761691606487148, 961252.759508312214166 ], [ 709658.049729032558389, 961262.695365997729823 ] ] } },
{ "type": "Feature", "properties": { "osmid": "1378563918", "name": "nan", "highway": "residential", "oneway": "False" }, "geometry": { "type": "LineString", "coordinates": [ [ 709683.658429961884394, 961167.14044298324734 ], [ 709726.582307626260445, 961161.028981959447265 ], [ 709788.115604219958186, 961164.258750125416555 ] ] } },
{ "type": "Feature", "properties": { "osmid": "1378563918", "name": "nan", "highway": "residential", "oneway": "False" }, "geometry": { "type": "LineString", "coordinates": [ [ 709788.115604219958186, 961164.258750125416555 ], [ 709726.582307626260445, 961161.028981959447265 ], [ 709683.658429961884394, 961167.14044298324734 ] ] } },
{ "type": "Feature", "properties": { "osmid": "843991668", "name": "nan", "highway": "residential", "oneway": "False" }, "geometry": { "type": "LineString", "coordinates": [ [ 709926.35982954967767, 961474.748685050522909 ], [ 709908.567862586351112, 961482.346993156475946 ], [ 709877.212509503820911, 961490.58497567451559 ], [ 709856.354724100208841, 961486.254408505279571 ], [ 709833.881012044497766, 961488.077090878621675 ], [ 709823.11058699095156, 961493.631169954547659 ], [ 709813.578705616644584, 961500.220222956966609 ], [ 709805.19792003033217, 961501.162538513774052 ], [ 709793.814714138861746, 961497.255781758343801 ], [ 709771.620294008636847, 961489.511527210241184 ], [ 709762.419915622333065, 961482.717597131500952 ], [ 709753.308290142682381, 961469.220724396058358 ], [ 709744.862179539748468, 961461.269115862785839 ], [ 709729.132005902938545, 961457.229895303142257 ], [ 709676.958121484844014, 961453.339238319080323 ] ] } },
{ "type": "Feature", "properties": { "osmid": "1378563919", "name": "nan", "highway": "residential", "oneway": "False" }, "geometry": { "type": "LineString", "coordinates": [ [ 710311.601836462621577, 960248.041498607373796 ], [ 710376.612043064786121, 960214.697147882427089 ], [ 710386.888033355819061, 960211.231301240273751 ], [ 710397.109853102825582, 960209.778419274603948 ], [ 710400.822550608194433, 960206.93214127374813 ], [ 710403.990877434262075, 960202.899514404940419 ], [ 710406.767231001867913, 960195.833996983012185 ] ] } },
{ "type": "Feature", "properties": { "osmid": "175021022", "name": "nan", "highway": "residential", "oneway": "False" }, "geometry": { "type": "LineString", "coordinates": [ [ 710332.045241922372952, 960164.34082957811188 ], [ 710295.206860637874343, 960190.150317058898509 ], [ 710278.007564395549707, 960211.080965486471541 ], [ 710265.753100262954831, 960224.923832781612873 ], [ 710255.020729339215904, 960229.405086442944594 ], [ 710247.709156709373929, 960245.286085315281525 ], [ 710246.767634985968471, 960266.132695290260017 ], [ 710251.807300995802507, 960277.363605307880789 ], [ 710250.667209791834466, 960317.965457601589151 ], [ 710253.646302978508174, 960351.497492272756062 ], [ 710261.277761830599047, 960398.846937475609593 ] ] } },
{ "type": "Feature", "properties": { "osmid": [ 904065650, 284622670 ], "name": "Panavoor-Venjaramood Road", "highway": "secondary", "oneway": "False" }, "geometry": { "type": "LineString", "coordinates": [ [ 710332.045241922372952, 960164.34082957811188 ], [ 710339.515190782141872, 960169.466858986765146 ], [ 710349.126434865756892, 960171.229850889765657 ], [ 710367.946272517670877, 960171.656528088729829 ], [ 710378.669779646326788, 960175.493675623438321 ], [ 710389.603107535163872, 960181.37830433389172 ], [ 710397.001321723684669, 960187.63228162296582 ], [ 710406.767231001867913, 960195.833996983012185 ] ] } },
{ "type": "Feature", "properties": { "osmid": "284622670", "name": "Panavoor-Venjaramood Road", "highway": "secondary", "oneway": "False" }, "geometry": { "type": "LineString", "coordinates": [ [ 710332.045241922372952, 960164.34082957811188 ], [ 710321.64501685986761, 960153.138212711666711 ], [ 710298.761026977095753, 960118.255929150269367 ], [ 710290.004447670653462, 960097.592765583889559 ], [ 710289.103017342160456, 960086.438005019328557 ] ] } },
{ "type": "Feature", "properties": { "osmid": "840850818", "name": "nan", "highway": "residential", "oneway": "False" }, "geometry": { "type": "LineString", "coordinates": [ [ 710666.740238681202754, 960802.366627493640408 ], [ 710624.817466833279468, 960764.832621530047618 ], [ 710614.550364737864584, 960757.834014529362321 ], [ 710603.446270886692218, 960755.289070872939192 ] ] } },
{ "type": "Feature", "properties": { "osmid": "957105652", "name": "nan", "highway": "residential", "oneway": "False" }, "geometry": { "type": "LineString", "coordinates": [ [ 711243.397597159957513, 961982.865217532264069 ], [ 711245.518872305285186, 961987.798469428555109 ], [ 711241.318905977415852, 962004.270311741624027 ], [ 711232.570958211552352, 962040.729881774750538 ], [ 711224.432549208053388, 962089.393698489759117 ], [ 711216.712716851732694, 962129.309757748269476 ], [ 711205.841427351580933, 962165.592633295920677 ], [ 711185.558673929888755, 962215.079824076616205 ], [ 711167.579916415852495, 962235.629988845670596 ], [ 711157.768109377939254, 962260.502466630423442 ], [ 711142.013145874021575, 962302.678643924882635 ], [ 711127.468193412641995, 962349.340978390187956 ], [ 711116.621324357576668, 962393.853945279959589 ], [ 711107.505517115583643, 962416.052996977698058 ], [ 711087.193260610220022, 962440.993934130761772 ] ] } },
{ "type": "Feature", "properties": { "osmid": "957105652", "name": "nan", "highway": "residential", "oneway": "False" }, "geometry": { "type": "LineString", "coordinates": [ [ 711243.397597159957513, 961982.865217532264069 ], [ 711238.023510477389209, 961970.404518781928346 ], [ 711231.769891660893336, 961953.404028158285655 ], [ 711231.480158498045057, 961934.564326834282838 ], [ 711233.877871699398383, 961915.362147014122456 ], [ 711249.290892508579418, 961879.876610805862583 ], [ 711260.793471198063344, 961858.032567629124969 ], [ 711267.629442292731255, 961838.321918571135029 ], [ 711266.689744942588732, 961815.253314616740681 ], [ 711269.718027406022884, 961795.423806966166012 ], [ 711273.956234239856713, 961784.438805775018409 ], [ 711302.295558303478174, 961748.078544987598434 ], [ 711320.205006218282506, 961723.877637311001308 ], [ 711330.437415921012871, 961700.74398921628017 ], [ 711330.305463034659624, 961685.52228756796103 ], [ 711326.656581747811288, 961671.444244524464011 ], [ 711320.830143833532929, 961661.359533362556249 ], [ 711318.770245102467015, 961650.829322495847009 ], [ 711316.657412120955996, 961635.542271451442502 ], [ 711316.89873719390016, 961616.163228547666222 ], [ 711317.287027220940217, 961582.990871611167677 ], [ 711317.276113395695575, 961565.601673682453111 ], [ 711327.371991081396118, 961530.321474364958704 ], [ 711352.079601786332205, 961441.786421671160497 ], [ 711362.582125535234809, 961367.548631350276992 ], [ 711358.743551188381389, 961295.339888730552047 ], [ 711356.050973269506358, 961251.101180265308358 ], [ 711360.424673662520945, 961206.876162661705166 ], [ 711363.303130339365453, 961171.006284390576184 ], [ 711367.445731912041083, 961157.1779103128938 ], [ 711381.176595108932815, 961143.088400516891852 ], [ 711410.434104313491844, 961129.785548258107156 ], [ 711449.688871218124405, 961113.712635669857264 ], [ 711476.652147311484441, 961103.539741419488564 ], [ 711498.708143777679652, 961093.021185215562582 ] ] } },
{ "type": "Feature", "properties": { "osmid": "958726808", "name": "nan", "highway": "residential", "oneway": "False" }, "geometry": { "type": "LineString", "coordinates": [ [ 711243.397597159957513, 961982.865217532264069 ], [ 711262.048023328883573, 961977.484180824365467 ], [ 711345.185539423488081, 961970.040820706402883 ], [ 711441.025173282250762, 961951.666635033441707 ], [ 711491.171137435012497, 961895.306774756754749 ], [ 711513.77377492771484, 961807.369490146054886 ], [ 711519.704002177575603, 961731.924866247689351 ], [ 711508.859498283360153, 961654.415058241342194 ] ] } },
{ "type": "Feature", "properties": { "osmid": "868432167", "name": "nan", "highway": "residential", "oneway": "False" }, "geometry": { "type": "LineString", "coordinates": [ [ 711087.193260610220022, 962440.993934130761772 ], [ 711099.222772585693747, 962460.64532895933371 ], [ 711123.34572332794778, 962485.158849134691991 ], [ 711133.116647881455719, 962490.053445506026037 ] ] } },
{ "type": "Feature", "properties": { "osmid": "868432167", "name": "nan", "highway": "residential", "oneway": "False" }, "geometry": { "type": "LineString", "coordinates": [ [ 711087.193260610220022, 962440.993934130761772 ], [ 711078.329348457278684, 962426.524442230002023 ], [ 711069.846509981434792, 962395.497391899698414 ], [ 711064.377235257881694, 962178.083486982388422 ], [ 711072.145830504829064, 962058.98743057413958 ], [ 711094.294649096205831, 961925.738760781940073 ], [ 711083.786634424352087, 961879.458339538541622 ], [ 711094.835055678151548, 961819.05059113970492 ], [ 711111.389671065495349, 961732.000767344492488 ], [ 711126.14823218609672, 961643.171956208301708 ], [ 711117.497228768537752, 961584.445377440541051 ], [ 711125.004558547865599, 961516.918020529090427 ], [ 711125.039468915201724, 961436.122929617064074 ], [ 711121.945479994174093, 961418.950437015038915 ], [ 711126.407960757380351, 961400.621534546487965 ], [ 711131.05158872960601, 961385.64526949019637 ], [ 711138.890032498864457, 961367.930797509266995 ], [ 711146.191349206143059, 961354.129477405804209 ], [ 711146.159282054752111, 961349.593983504106291 ], [ 711142.524739658809267, 961345.703954927856103 ], [ 711138.031356109888293, 961341.875948781264015 ], [ 711126.859364285832271, 961326.686861853930168 ], [ 711119.88663191604428, 961316.895066322176717 ], [ 711111.663775652064942, 961304.010706587112509 ], [ 711110.32385723059997, 961292.566040691221133 ], [ 711108.290106261381879, 961279.027185847866349 ], [ 711104.000079570920207, 961265.465847766492516 ], [ 711099.429175557917915, 961253.031390662305057 ], [ 711098.763620134443045, 961245.351145667140372 ], [ 711098.130540035432205, 961231.255232344730757 ], [ 711098.203808957594447, 961203.733893046504818 ], [ 711087.975140183814801, 961171.779945705784485 ], [ 711075.97646327293478, 961145.934210678562522 ], [ 711071.794164564809762, 961139.353409699280746 ], [ 711067.183708476019092, 961134.728377448162064 ], [ 711054.140584942535497, 961123.866077405982651 ], [ 711048.279711934388615, 961116.203793703811243 ], [ 711046.775012922007591, 961109.039210025803186 ], [ 711047.64679084229283, 961099.895531702786684 ], [ 711050.762724976055324, 961090.995506184641272 ], [ 711053.162376034539193, 961084.436952960095368 ], [ 711052.594162262161262, 961079.268227813299745 ], [ 711048.401964179123752, 961072.46614607819356 ], [ 711040.810016052564606, 961054.518716257414781 ], [ 711037.470577155938372, 961046.681144357658923 ] ] } },
{ "type": "Feature", "properties": { "osmid": "957105652", "name": "nan", "highway": "residential", "oneway": "False" }, "geometry": { "type": "LineString", "coordinates": [ [ 711087.193260610220022, 962440.993934130761772 ], [ 711107.505517115583643, 962416.052996977698058 ], [ 711116.621324357576668, 962393.853945279959589 ], [ 711127.468193412641995, 962349.340978390187956 ], [ 711142.013145874021575, 962302.678643924882635 ], [ 711157.768109377939254, 962260.502466630423442 ], [ 711167.579916415852495, 962235.629988845670596 ], [ 711185.558673929888755, 962215.079824076616205 ], [ 711205.841427351580933, 962165.592633295920677 ], [ 711216.712716851732694, 962129.309757748269476 ], [ 711224.432549208053388, 962089.393698489759117 ], [ 711232.570958211552352, 962040.729881774750538 ], [ 711241.318905977415852, 962004.270311741624027 ], [ 711245.518872305285186, 961987.798469428555109 ], [ 711243.397597159957513, 961982.865217532264069 ] ] } },
{ "type": "Feature", "properties": { "osmid": "868432167", "name": "nan", "highway": "residential", "oneway": "False" }, "geometry": { "type": "LineString", "coordinates": [ [ 711133.116647881455719, 962490.053445506026037 ], [ 711123.34572332794778, 962485.158849134691991 ], [ 711099.222772585693747, 962460.64532895933371 ], [ 711087.193260610220022, 962440.993934130761772 ] ] } },
{ "type": "Feature", "properties": { "osmid": "957105653", "name": "nan", "highway": "residential", "oneway": "False" }, "geometry": { "type": "LineString", "coordinates": [ [ 711133.116647881455719, 962490.053445506026037 ], [ 711126.903040120378137, 962504.258468932705 ], [ 711121.30498546268791, 962525.13687180459965 ], [ 711112.975953025510535, 962570.171438846969977 ], [ 711107.643425562069751, 962586.438420909689739 ], [ 711099.700678334804252, 962598.698865142185241 ], [ 711092.9001859202981, 962607.093474419903941 ], [ 711084.51894776627887, 962627.692284858319908 ], [ 711078.374169015092775, 962658.722635741345584 ], [ 711060.007754837861285, 962692.821520362049341 ] ] } },
{ "type": "Feature", "properties": { "osmid": "957105653", "name": "nan", "highway": "residential", "oneway": "False" }, "geometry": { "type": "LineString", "coordinates": [ [ 711133.116647881455719, 962490.053445506026037 ], [ 711149.562490548472852, 962480.933411405421793 ], [ 711172.87260194378905, 962472.556140757282265 ], [ 711187.939531837822869, 962470.563983249478042 ], [ 711203.071066473377869, 962473.195988270221278 ], [ 711220.952973282546736, 962489.093978031422012 ], [ 711230.794950633076951, 962499.508796375943348 ], [ 711239.505681795766577, 962505.105998986051418 ], [ 711249.081438493449241, 962505.07713719480671 ], [ 711256.937747764866799, 962501.190050148055889 ], [ 711264.9274463361362, 962488.365708495955914 ], [ 711275.021348765003495, 962475.153816877747886 ], [ 711284.681317685870454, 962467.205141124082729 ], [ 711307.488070864696056, 962462.597458204487339 ], [ 711336.599373634671792, 962467.092454207595438 ], [ 711347.124706829199567, 962466.471094058826566 ], [ 711357.971341925906017, 962458.926678430521861 ], [ 711364.341315261088312, 962444.291053881635889 ], [ 711373.103372582932934, 962413.749633754603565 ], [ 711393.877918613143265, 962378.003758188220672 ], [ 711417.876710229320452, 962353.236499914433807 ], [ 711437.775775537709706, 962342.530119309783913 ], [ 711483.787007940001786, 962330.894377748598345 ], [ 711493.743263076292351, 962329.639634032617323 ], [ 711501.662922121351585, 962324.126816422096454 ], [ 711505.289319704053923, 962310.085667991777882 ], [ 711501.910829221713357, 962270.965013970504515 ], [ 711497.894455112982541, 962259.927059428649954 ], [ 711497.898729157750495, 962246.077695006737486 ], [ 711501.346780692460015, 962230.309997734613717 ], [ 711515.895041019539349, 962209.10093709663488 ], [ 711544.040715449023992, 962187.042790192412212 ], [ 711564.228270614286885, 962162.897807333618402 ], [ 711574.385407234309241, 962145.936317705898546 ], [ 711593.469611932523549, 962124.495882834075019 ], [ 711611.687402582145296, 962113.283231816603802 ], [ 711632.5366449119756, 962108.400250390754081 ], [ 711660.361599183874205, 962114.835770210833289 ], [ 711676.464190631988458, 962117.008260960574262 ], [ 711697.417954469216056, 962111.052845037309453 ], [ 711718.95476571819745, 962096.494303353829309 ], [ 711823.58325086790137, 962077.037376743974164 ] ] } },
{ "type": "Feature", "properties": { "osmid": "175021142", "name": "Vamanapuram Aramthanam Road - Venjarammoodu Bypass", "highway": "secondary", "oneway": "False" }, "geometry": { "type": "LineString", "coordinates": [ [ 711823.58325086790137, 962077.037376743974164 ], [ 711840.61840906238649, 961991.040830658515915 ], [ 711853.315410422277637, 961920.508786437334493 ], [ 711844.047311710310169, 961890.296064271708019 ] ] } },
{ "type": "Feature", "properties": { "osmid": "175021142", "name": "Vamanapuram Aramthanam Road - Venjarammoodu Bypass", "highway": "secondary", "oneway": "False" }, "geometry": { "type": "LineString", "coordinates": [ [ 711823.58325086790137, 962077.037376743974164 ], [ 711822.144365480635315, 962119.750842802692205 ], [ 711826.025413880124688, 962144.405267172842287 ], [ 711838.361631380394101, 962177.299500355846249 ], [ 711865.043205009307712, 962211.605175650911406 ], [ 711867.587919455487281, 962299.902597729465924 ], [ 711874.182774500222877, 962325.48897386866156 ], [ 711877.8015022194013, 962367.077748936018907 ], [ 711867.483670067740604, 962393.971890486311167 ], [ 711837.691268233116716, 962417.337811129284091 ], [ 711812.951612268574536, 962451.381983653060161 ], [ 711799.044779368909076, 962480.625108008156531 ], [ 711775.935413975734264, 962505.76174589979928 ], [ 711712.81668757123407, 962552.719070324674249 ], [ 711694.149942043470219, 962582.98888236284256 ], [ 711673.339709231862798, 962647.362462002434768 ], [ 711632.862730886787176, 962685.419560498790815 ] ] } },
{ "type": "Feature", "properties": { "osmid": "957105653", "name": "nan", "highway": "residential", "oneway": "False" }, "geometry": { "type": "LineString", "coordinates": [ [ 711823.58325086790137, 962077.037376743974164 ], [ 711718.95476571819745, 962096.494303353829309 ], [ 711697.417954469216056, 962111.052845037309453 ], [ 711676.464190631988458, 962117.008260960574262 ], [ 711660.361599183874205, 962114.835770210833289 ], [ 711632.5366449119756, 962108.400250390754081 ], [ 711611.687402582145296, 962113.283231816603802 ], [ 711593.469611932523549, 962124.495882834075019 ], [ 711574.385407234309241, 962145.936317705898546 ], [ 711564.228270614286885, 962162.897807333618402 ], [ 711544.040715449023992, 962187.042790192412212 ], [ 711515.895041019539349, 962209.10093709663488 ], [ 711501.346780692460015, 962230.309997734613717 ], [ 711497.898729157750495, 962246.077695006737486 ], [ 711497.894455112982541, 962259.927059428649954 ], [ 711501.910829221713357, 962270.965013970504515 ], [ 711505.289319704053923, 962310.085667991777882 ], [ 711501.662922121351585, 962324.126816422096454 ], [ 711493.743263076292351, 962329.639634032617323 ], [ 711483.787007940001786, 962330.894377748598345 ], [ 711437.775775537709706, 962342.530119309783913 ], [ 711417.876710229320452, 962353.236499914433807 ], [ 711393.877918613143265, 962378.003758188220672 ], [ 711373.103372582932934, 962413.749633754603565 ], [ 711364.341315261088312, 962444.291053881635889 ], [ 711357.971341925906017, 962458.926678430521861 ], [ 711347.124706829199567, 962466.471094058826566 ], [ 711336.599373634671792, 962467.092454207595438 ], [ 711307.488070864696056, 962462.597458204487339 ], [ 711284.681317685870454, 962467.205141124082729 ], [ 711275.021348765003495, 962475.153816877747886 ], [ 711264.9274463361362, 962488.365708495955914 ], [ 711256.937747764866799, 962501.190050148055889 ], [ 711249.081438493449241, 962505.07713719480671 ], [ 711239.505681795766577, 962505.105998986051418 ], [ 711230.794950633076951, 962499.508796375943348 ], [ 711220.952973282546736, 962489.093978031422012 ], [ 711203.071066473377869, 962473.195988270221278 ], [ 711187.939531837822869, 962470.563983249478042 ], [ 711172.87260194378905, 962472.556140757282265 ], [ 711149.562490548472852, 962480.933411405421793 ], [ 711133.116647881455719, 962490.053445506026037 ] ] } },
{ "type": "Feature", "properties": { "osmid": "175020700", "name": "Venjarammoodu Bypass", "highway": "secondary", "oneway": "False" }, "geometry": { "type": "LineString", "coordinates": [ [ 711895.870003178017214, 961068.842601223383099 ], [ 711912.090188048197888, 961078.28331254015211 ], [ 711935.383010686025955, 961108.15798268886283 ], [ 711948.363632999360561, 961163.776456680265255 ], [ 711953.709711389034055, 961188.239210391999222 ], [ 711963.441622602520511, 961200.865973918931559 ] ] } },
{ "type": "Feature", "properties": { "osmid": "175020700", "name": "Venjarammoodu Bypass", "highway": "secondary", "oneway": "False" }, "geometry": { "type": "LineString", "coordinates": [ [ 711895.870003178017214, 961068.842601223383099 ], [ 711889.702398095512763, 961065.249360876972787 ], [ 711844.889233887428418, 961029.236732679069974 ], [ 711837.479583809152246, 961012.296635503997095 ], [ 711834.866619499283843, 960991.476076520862989 ], [ 711841.416952531319112, 960956.55398012092337 ], [ 711854.426100442418829, 960919.905852932366543 ] ] } },
{ "type": "Feature", "properties": { "osmid": "957105652", "name": "nan", "highway": "residential", "oneway": "False" }, "geometry": { "type": "LineString", "coordinates": [ [ 711895.870003178017214, 961068.842601223383099 ], [ 711870.815719558042474, 961084.533738780766726 ], [ 711860.634792856872082, 961088.785074158804491 ], [ 711829.967322067823261, 961093.58500822330825 ], [ 711792.142172251013108, 961094.687154120882042 ], [ 711758.66344758681953, 961093.875582267181017 ], [ 711728.299193633836694, 961095.325396321248263 ], [ 711709.451184934820049, 961100.506208369974047 ], [ 711680.127472729771398, 961111.640425318386406 ], [ 711669.606164501863532, 961115.735208548489027 ] ] } },
{ "type": "Feature", "properties": { "osmid": "957105652", "name": "nan", "highway": "residential", "oneway": "False" }, "geometry": { "type": "LineString", "coordinates": [ [ 711669.606164501863532, 961115.735208548489027 ], [ 711640.523668892215937, 961127.05872360651847 ], [ 711603.563634112826549, 961133.386596604017541 ], [ 711586.563743907841854, 961134.439716867054813 ], [ 711552.520701587083749, 961129.886550292605534 ], [ 711533.600810130010359, 961123.208812850760296 ], [ 711522.136218125699088, 961115.805629634764045 ], [ 711514.047480127192102, 961106.870917538646609 ], [ 711504.144620700390078, 961097.539845300838351 ], [ 711498.708143777679652, 961093.021185215562582 ] ] } },
{ "type": "Feature", "properties": { "osmid": "957105652", "name": "nan", "highway": "residential", "oneway": "False" }, "geometry": { "type": "LineString", "coordinates": [ [ 711669.606164501863532, 961115.735208548489027 ], [ 711680.127472729771398, 961111.640425318386406 ], [ 711709.451184934820049, 961100.506208369974047 ], [ 711728.299193633836694, 961095.325396321248263 ], [ 711758.66344758681953, 961093.875582267181017 ], [ 711792.142172251013108, 961094.687154120882042 ], [ 711829.967322067823261, 961093.58500822330825 ], [ 711860.634792856872082, 961088.785074158804491 ], [ 711870.815719558042474, 961084.533738780766726 ], [ 711895.870003178017214, 961068.842601223383099 ] ] } },
{ "type": "Feature", "properties": { "osmid": "958726808", "name": "nan", "highway": "residential", "oneway": "False" }, "geometry": { "type": "LineString", "coordinates": [ [ 711669.606164501863532, 961115.735208548489027 ], [ 711670.99021448858548, 961135.808363281772472 ], [ 711676.989526862394996, 961144.367470145807602 ], [ 711690.954599683638662, 961151.385170180583373 ], [ 711698.49713472451549, 961174.675391621422023 ], [ 711674.636070269043557, 961297.937761718523689 ], [ 711636.253554547089152, 961376.370312844286673 ], [ 711598.046755629358813, 961420.202415725216269 ], [ 711536.688119332538918, 961504.016118733910844 ], [ 711514.998479210305959, 961566.018119437736459 ], [ 711505.949371187831275, 961633.581971219740808 ], [ 711508.859498283360153, 961654.415058241342194 ] ] } },
{ "type": "Feature", "properties": { "osmid": "1306276367", "name": "nan", "highway": "residential", "oneway": "False" }, "geometry": { "type": "LineString", "coordinates": [ [ 712044.20334166334942, 959986.886351122055203 ], [ 712034.773026612470858, 959992.833977143862285 ], [ 712018.523846767609939, 959995.516928261145949 ], [ 712007.397864405298606, 959995.07327507447917 ] ] } },
{ "type": "Feature", "properties": { "osmid": "1378573157", "name": "nan", "highway": "residential", "oneway": "False" }, "geometry": { "type": "LineString", "coordinates": [ [ 712015.697311511030421, 960023.245642349007539 ], [ 712007.397864405298606, 959995.07327507447917 ] ] } },
{ "type": "Feature", "properties": { "osmid": "175021066", "name": "nan", "highway": "residential", "oneway": "False" }, "geometry": { "type": "LineString", "coordinates": [ [ 710428.716565553680994, 959918.184466234524734 ], [ 710414.901808386319317, 959900.880677078734152 ], [ 710400.945511941099539, 959887.635837781941518 ], [ 710382.60459851345513, 959879.512622043373995 ], [ 710357.113690917612985, 959877.028068422805518 ], [ 710346.631835576961748, 959875.459816011600196 ], [ 710340.282738304464146, 959870.693418092327192 ], [ 710330.607401693239808, 959861.972294336184859 ], [ 710320.363583428785205, 959854.664211973082274 ], [ 710305.821088929194957, 959848.529152779257856 ], [ 710272.124771498027258, 959838.315439587226138 ], [ 710181.931079659378156, 959812.386296812561341 ] ] } },
{ "type": "Feature", "properties": { "osmid": "284622669", "name": "Kottaraveedu Bhagavathy Tenple Road", "highway": "tertiary", "oneway": "False" }, "geometry": { "type": "LineString", "coordinates": [ [ 710490.857944878283888, 959694.143488061614335 ], [ 710496.64217794383876, 959664.659923106082715 ], [ 710501.392502961447462, 959654.684051087475382 ] ] } },
{ "type": "Feature", "properties": { "osmid": "284622669", "name": "Kottaraveedu Bhagavathy Tenple Road", "highway": "tertiary", "oneway": "False" }, "geometry": { "type": "LineString", "coordinates": [ [ 710490.857944878283888, 959694.143488061614335 ], [ 710489.97666721243877, 959698.652235549641773 ], [ 710481.701650804374367, 959700.36935285537038 ], [ 710423.102155235596001, 959697.684775908943266 ] ] } },
{ "type": "Feature", "properties": { "osmid": "1378573162", "name": "nan", "highway": "residential", "oneway": "False" }, "geometry": { "type": "LineString", "coordinates": [ [ 710490.857944878283888, 959694.143488061614335 ], [ 710524.328564772149548, 959712.03307160816621 ], [ 710542.7736380409915, 959725.709856849280186 ] ] } },
{ "type": "Feature", "properties": { "osmid": "1378573162", "name": "nan", "highway": "residential", "oneway": "False" }, "geometry": { "type": "LineString", "coordinates": [ [ 710542.7736380409915, 959725.709856849280186 ], [ 710524.328564772149548, 959712.03307160816621 ], [ 710490.857944878283888, 959694.143488061614335 ] ] } },
{ "type": "Feature", "properties": { "osmid": "843991666", "name": "nan", "highway": "residential", "oneway": "False" }, "geometry": { "type": "LineString", "coordinates": [ [ 709774.424971528584138, 960169.909019547980279 ], [ 709755.766552673303522, 960205.279069615993649 ], [ 709750.258607622701675, 960214.930379907367751 ], [ 709766.128207203233615, 960235.131341990199871 ], [ 709788.007770021096803, 960299.100470315199345 ], [ 709800.192394941579551, 960356.052026226068847 ], [ 709799.276710570091382, 960382.750366150983609 ], [ 709802.300184915889986, 960400.950997492298484 ], [ 709792.161824845825322, 960482.170343665056862 ], [ 709784.819888467201963, 960547.928426482947543 ], [ 709785.560528419213369, 960632.686893469188362 ], [ 709788.47303257510066, 960692.655951680615544 ] ] } },
{ "type": "Feature", "properties": { "osmid": "1378573163", "name": "nan", "highway": "tertiary", "oneway": "False" }, "geometry": { "type": "LineString", "coordinates": [ [ 709774.424971528584138, 960169.909019547980279 ], [ 709819.378662830800749, 960182.81162531953305 ], [ 709852.208079658332281, 960188.065012893290259 ], [ 709878.367386698839255, 960188.915522843250073 ] ] } },
{ "type": "Feature", "properties": { "osmid": "1378573163", "name": "nan", "highway": "tertiary", "oneway": "False" }, "geometry": { "type": "LineString", "coordinates": [ [ 709774.424971528584138, 960169.909019547980279 ], [ 709778.970174571382813, 960161.281610474106856 ], [ 709785.308849894907326, 960139.643595480825752 ] ] } },
{ "type": "Feature", "properties": { "osmid": "1378573163", "name": "nan", "highway": "tertiary", "oneway": "False" }, "geometry": { "type": "LineString", "coordinates": [ [ 709878.367386698839255, 960188.915522843250073 ], [ 709882.62050309125334, 960172.709385583526455 ], [ 709885.916912807733752, 960165.082320381188765 ], [ 709889.411714512738399, 960161.781378649757244 ], [ 709897.770309434854425, 960160.92740262800362 ], [ 709976.110892323544249, 960190.800786838168278 ], [ 710003.607703253510408, 960201.469840267905965 ], [ 710022.632548257242888, 960215.83515223255381 ] ] } },
{ "type": "Feature", "properties": { "osmid": "1378573163", "name": "nan", "highway": "tertiary", "oneway": "False" }, "geometry": { "type": "LineString", "coordinates": [ [ 709878.367386698839255, 960188.915522843250073 ], [ 709852.208079658332281, 960188.065012893290259 ], [ 709819.378662830800749, 960182.81162531953305 ], [ 709774.424971528584138, 960169.909019547980279 ] ] } },
{ "type": "Feature", "properties": { "osmid": "1378573164", "name": "nan", "highway": "residential", "oneway": "False" }, "geometry": { "type": "LineString", "coordinates": [ [ 709878.367386698839255, 960188.915522843250073 ], [ 709879.533084706170484, 960226.34312499652151 ], [ 709883.374007820733823, 960237.390953517053276 ], [ 709888.224540053401142, 960249.041190948104486 ] ] } },
{ "type": "Feature", "properties": { "osmid": "1378573164", "name": "nan", "highway": "residential", "oneway": "False" }, "geometry": { "type": "LineString", "coordinates": [ [ 709888.224540053401142, 960249.041190948104486 ], [ 709883.374007820733823, 960237.390953517053276 ], [ 709879.533084706170484, 960226.34312499652151 ], [ 709878.367386698839255, 960188.915522843250073 ] ] } },
{ "type": "Feature", "properties": { "osmid": "1378563903", "name": "nan", "highway": "residential", "oneway": "False" }, "geometry": { "type": "LineString", "coordinates": [ [ 709525.825880733085796, 959949.705725108855404 ], [ 709513.059392757248133, 959949.376191230141558 ], [ 709502.857106390874833, 959951.327169940108433 ], [ 709498.908277605078183, 959955.17894693359267 ], [ 709500.764755935873836, 959969.081730260630138 ], [ 709528.591461473028176, 960050.049052245216444 ] ] } },
{ "type": "Feature", "properties": { "osmid": "1378573163", "name": "nan", "highway": "tertiary", "oneway": "False" }, "geometry": { "type": "LineString", "coordinates": [ [ 709525.825880733085796, 959949.705725108855404 ], [ 709615.356527365627699, 959951.991278614848852 ], [ 709621.207878758548759, 959959.443042369093746 ], [ 709628.886093734996393, 959971.339714858215302 ], [ 709633.535787055967376, 959994.51516881166026 ], [ 709639.294486513710581, 960018.227153524756432 ], [ 709658.591966787003912, 960046.287992446683347 ], [ 709670.732816665899009, 960057.22259674675297 ], [ 709686.26393633603584, 960063.74955520615913 ] ] } },
{ "type": "Feature", "properties": { "osmid": "1378573163", "name": "nan", "highway": "tertiary", "oneway": "False" }, "geometry": { "type": "LineString", "coordinates": [ [ 709525.825880733085796, 959949.705725108855404 ], [ 709511.199752322398126, 959929.522207042551599 ], [ 709484.674497036030516, 959852.388795347884297 ] ] } },
{ "type": "Feature", "properties": { "osmid": "1524572704", "name": "nan", "highway": "residential", "oneway": "False" }, "geometry": { "type": "LineString", "coordinates": [ [ 709866.287573411595076, 960030.086189958732575 ], [ 709887.87704297923483, 960002.872299694805406 ], [ 709888.986124646966346, 959988.06625464418903 ], [ 709839.879603822831996, 959958.229409751482308 ] ] } },
{ "type": "Feature", "properties": { "osmid": "1524572704", "name": "nan", "highway": "residential", "oneway": "False" }, "geometry": { "type": "LineString", "coordinates": [ [ 709866.287573411595076, 960030.086189958732575 ], [ 709862.576743560493924, 960034.757700647227466 ], [ 709844.36898407083936, 960061.468692467664368 ], [ 709785.308849894907326, 960139.643595480825752 ] ] } },
{ "type": "Feature", "properties": { "osmid": "1524572705", "name": "nan", "highway": "living_street", "oneway": "False" }, "geometry": { "type": "LineString", "coordinates": [ [ 709866.287573411595076, 960030.086189958732575 ], [ 709903.221159584471025, 960053.16956286993809 ], [ 709943.585439669666812, 960068.184120340272784 ] ] } },
{ "type": "Feature", "properties": { "osmid": "1524572705", "name": "nan", "highway": "living_street", "oneway": "False" }, "geometry": { "type": "LineString", "coordinates": [ [ 709943.585439669666812, 960068.184120340272784 ], [ 709903.221159584471025, 960053.16956286993809 ], [ 709866.287573411595076, 960030.086189958732575 ] ] } }
]
}
