{"type": "FeatureCollection", "features": [{"type": "Feature", "properties": {"mode": "free", "vehicle": "ambulance", "city": "chandigarh", "length_m": 2139.2, "time_min": 3.87, "detour_m": 3756.9, "detour_pct": 175.6}, "geometry": {"type": "LineString", "coordinates": [[76.7850069, 30.731624200000002], [76.78502585315405, 30.731602062716195], [76.78504480629954, 30.731579925429884], [76.7850637594365, 30.73155778814107], [76.7850827125649, 30.731535650849757], [76.78510166568475, 30.73151351355593], [76.78512061879604, 30.73149137625961], [76.78513957189881, 30.731469238960784], [76.785158524993, 30.73144710165945], [76.78517747807865, 30.73142496435563], [76.78519643121285, 30.731402827085777], [76.78521538475198, 30.73138069007763], [76.78523433905237, 30.73135855355888], [76.78525329435617, 30.731336417684265], [76.785272250307, 30.73131428222605], [76.78529120654856, 30.73129214695655], [76.78531016278157, 30.73127001168455], [76.78532911900601, 30.731247876410052], [76.7853480752219, 30.731225741133063], [76.78536703142926, 30.731203605853544], [76.78538598762806, 30.731181470571528], [76.78540494381829, 30.731159335287014], [76.7854239, 30.731137199999992], [76.7854239, 30.731137199999992], [76.78544357505069, 30.731114208348156], [76.78546325009218, 30.73109121669364], [76.78548292512443, 30.73106822503641], [76.78550260014748, 30.731045233376477], [76.78552227516131, 30.731022241713866], [76.78554195016591, 30.73099925004854], [76.78556162516131, 30.73097625838053], [76.78558130014748, 30.730953266709815], [76.78560097512444, 30.730930275036414], [76.78562065009217, 30.7309072833603], [76.7856403250507, 30.73088429168151], [76.78566, 30.730861300000004], [76.78566, 30.730861300000004], [76.78568676747545, 30.730876598956282], [76.7857135349592, 30.730891897906655], [76.78574026455983, 30.73090724464561], [76.78576689182867, 30.730922720465756], [76.7857933523171, 30.730938406659796], [76.78581965735934, 30.73095428893145], [76.78584587140416, 30.730970285988178], [76.78587205890024, 30.73098631653736], [76.78589824640486, 30.731002347080906], [76.78592443391801, 30.731018377618767], [76.7859506214397, 30.731034408150972], [76.78597680896992, 30.731050438677517], [76.78600299650869, 30.731066469198385], [76.78602918405598, 30.731082499713587], [76.78605537161182, 30.73109853022313], [76.78608155917618, 30.731114560727008], [76.7861077467491, 30.73113059122523], [76.78613393433054, 30.731146621717787], [76.78616012192052, 30.731162652204674], [76.78618630951904, 30.731178682685883], [76.7862124971261, 30.73119471316145], [76.78623868474169, 30.73121074363134], [76.78626487236582, 30.73122677409557], [76.78629105999849, 30.73124280455414], [76.78631724763969, 30.73125883500703], [76.78634343528942, 30.731274865454274], [76.7863696229477, 30.73129089589584], [76.78639581061452, 30.731306926331758], [76.78642199828987, 30.731322956762], [76.78644818597375, 30.731338987186568], [76.78647437366618, 30.731355017605477], [76.78650056136713, 30.731371048018723], [76.78652674907664, 30.731387078426305], [76.78655293679468, 30.73140310882823], [76.78657912452124, 30.731419139224485], [76.78660531225636, 30.73143516961507], [76.7866315, 30.73145119999999], [76.7866315, 30.73145119999999], [76.78665736855423, 30.73146703554657], [76.78668323711679, 30.731482871087596], [76.7867091056877, 30.731498706623114], [76.78673497426693, 30.731514542153093], [76.78676084285449, 30.731530377677544], [76.78678671145038, 30.731546213196484], [76.7868125800546, 30.73156204870988], [76.78683844866714, 30.73157788421776], [76.78686431728802, 30.731593719720102], [76.78689018591724, 30.731609555216917], [76.78691605455477, 30.73162539070821], [76.78694192320064, 30.731641226193965], [76.78696779185485, 30.731657061674195], [76.78699366051738, 30.73167289714891], [76.78701952918823, 30.731688732618085], [76.78704539786743, 30.731704568081746], [76.78707126655495, 30.731720403539864], [76.7870971352508, 30.731736238992468], [76.78712300395499, 30.731752074439537], [76.7871488726675, 30.731767909881086], [76.78717474138834, 30.7317837453171], [76.78720061011751, 30.73179958074759], [76.78722647885502, 30.731815416172545], [76.78725234760086, 30.731831251591974], [76.78727821635502, 30.73184708700587], [76.78730408511751, 30.73186292241425], [76.78732995388836, 30.731878757817093], [76.7873558226675, 30.731894593214413], [76.78738169145498, 30.73191042860621], [76.78740756025081, 30.73192626399248], [76.78743342905496, 30.731942099373217], [76.78745929786743, 30.73195793474842], [76.78748516668824, 30.731973770118106], [76.78751103551738, 30.73198960548225], [76.78753690435484, 30.73200544084089], [76.78756277320065, 30.732021276193993], [76.78758864205479, 30.73203711154157], [76.78761451091724, 30.73205294688361], [76.78764037978803, 30.73206878222012], [76.78766624866715, 30.732084617551102], [76.7876921175546, 30.73210045287656], [76.78771798645039, 30.732116288196497], [76.78774385535449, 30.732132123510898], [76.78776972426694, 30.732147958819773], [76.78779559318771, 30.732163794123124], [76.78782146211681, 30.732179629420944], [76.78784733105425, 30.732195464713236], [76.78787320000002, 30.732211300000007], [76.78787320000002, 30.732211300000007], [76.78789927851643, 30.732227257179378], [76.78792535704132, 30.732243214353126], [76.78795143557467, 30.732259171521264], [76.78797751411648, 30.73227512868379], [76.78800359266674, 30.732291085840682], [76.78802967122549, 30.732307042991962], [76.78805574979268, 30.732323000137637], [76.78808182836835, 30.73233895727768], [76.78810790695246, 30.73235491441211], [76.78813398554504, 30.73237087154093], [76.7881600641461, 30.73238682866412], [76.78818614275559, 30.732402785781698], [76.78821222137357, 30.732418742893653], [76.7882383, 30.732434699999995], [76.7882383, 30.732434699999995], [76.78826509086441, 30.732451100029646], [76.78829188173778, 30.73246750005336], [76.78831867262006, 30.73248390007114], [76.78834546351128, 30.73250030008301], [76.78837225441143, 30.73251670008894], [76.78839904532053, 30.732533100088933], [76.78842583623855, 30.732549500083003], [76.78845262716551, 30.732565900071148], [76.78847941810142, 30.73258230005336], [76.78850620904625, 30.732598700029648], [76.788533, 30.732615099999997], [76.788533, 30.732615099999997], [76.7885654749728, 30.732623058379257], [76.78859794995053, 30.732631016750176], [76.7886304249332, 30.73263897511273], [76.78866289992084, 30.73264693346693], [76.7886953749134, 30.73265489181279], [76.78872784991094, 30.7326628501503], [76.78876032491341, 30.732670808479458], [76.78879279992083, 30.732678766800266], [76.78882527493319, 30.732686725112725], [76.78885774995052, 30.732694683416828], [76.78889022497279, 30.73270264171258], [76.7889227, 30.732710599999987], [76.7889227, 30.732710599999987], [76.78892961821603, 30.732682243407897], [76.78893653642844, 30.73265388681549], [76.78894345463719, 30.732625530222727], [76.78895037284231, 30.732597173629646], [76.78895729104379, 30.732568817036245], [76.7889647041723, 30.732540610747677], [76.78897310715799, 30.732512705068974], [76.7889825, 30.732485100000005], [76.7889825, 30.732485100000005], [76.78899786252805, 30.732459000005584], [76.78901322504807, 30.732432900009567], [76.7890285875601, 30.73240680001197], [76.7890439500641, 30.732380700012765], [76.7890593125601, 30.732354600011963], [76.78907467504807, 30.73232850000958], [76.78909003752804, 30.73230240000559], [76.7891054, 30.73227630000001], [76.7891054, 30.73227630000001], [76.78912265637618, 30.732252981281786], [76.78913991274422, 30.732229662561515], [76.78915716910413, 30.73220634383918], [76.78917442545588, 30.732183025114807], [76.78919168179952, 30.73215970638838], [76.78920893813499, 30.7321363876599], [76.78922619446233, 30.732113068929394], [76.78924345078153, 30.732089750196803], [76.7892607070926, 30.732066431462176], [76.78927796339549, 30.732043112725496], [76.78929521969027, 30.732019793986773], [76.78931247597691, 30.731996475246007], [76.7893297322554, 30.731973156503173], [76.78934698852575, 30.731949837758307], [76.78936424478796, 30.73192651901137], [76.78938150104203, 30.731903200262394], [76.78939875728797, 30.731879881511382], [76.78941601352575, 30.731856562758296], [76.78943326975539, 30.731833244003166], [76.7894505259769, 30.73180992524599], [76.78946778219027, 30.73178660648677], [76.7894850383955, 30.731763287725503], [76.78950229459258, 30.731739968962177], [76.78951955078153, 30.731716650196798], [76.78953680696232, 30.73169333142937], [76.78955406313499, 30.73167001265989], [76.7895713192995, 30.731646693888376], [76.78958857545588, 30.7316233751148], [76.78960583160412, 30.73160005633916], [76.78962308774422, 30.73157673756149], [76.78964034387619, 30.731553418781775], [76.7896576, 30.731530099999993], [76.7896576, 30.731530099999993], [76.7896749529448, 30.731506649415685], [76.78969230588137, 30.731483198829313], [76.78972268102262, 30.731451553181873], [76.78976415024773, 30.731414318086724], [76.78981478543834, 30.731374099156405], [76.7898466141118, 30.731349892148895], [76.78986177544256, 30.73133816173876], [76.78986368221416, 30.73133467254468], [76.78986812933474, 30.73132787055795], [76.78987663643734, 30.731318612232226], [76.78988623417114, 30.731310157094548], [76.78989748558675, 30.731303379270067], [76.78991677290534, 30.731295216994187], [76.7899556354254, 30.731279902493092], [76.79001266545278, 30.731257314939675], [76.79001266545278, 30.731257314939675], [76.79000215328546, 30.731158673621344], [76.78999686335358, 30.731098950576424], [76.78999988635555, 30.731076586918952], [76.79001207750322, 30.73107011425488], [76.7900322007314, 30.731059070274398], [76.79005798550071, 30.73104421046523], [76.79008123555529, 30.73103037475403], [76.79009488514183, 30.731022005656673], [76.79009811408332, 30.731019906574723], [76.79009811408332, 30.731019906574723], [76.79016958832136, 30.73100422974692], [76.79022740862709, 30.730997403941902], [76.79027030061543, 30.730995765907203], [76.79030422436186, 30.73099787273546], [76.7903363159275, 30.7309981930755], [76.7903363159275, 30.7309981930755], [76.79037030718844, 30.730994624091114], [76.79040231002425, 30.730986736512655], [76.7904305060552, 30.73097435475505], [76.79045762519382, 30.7309593630251], [76.79048286851143, 30.73094483873706], [76.79050748133628, 30.73093048469839], [76.79052858002433, 30.73091606118567], [76.79055788619588, 30.730902257149285], [76.7905932278625, 30.73089071269479], [76.7906350615422, 30.73088122019482], [76.79066224305916, 30.7308697320543], [76.79067974706393, 30.730853518719872], [76.79069059469988, 30.730832498982103], [76.79070591826064, 30.730809623397338], [76.79072351783832, 30.730786471236083], [76.79074158159482, 30.73076354264666], [76.79075964458909, 30.73074061314023], [76.7907776861927, 30.73071767103414], [76.79079573621777, 30.73069473384702], [76.79081180012321, 30.73067435665156], [76.79082385126294, 30.730659075601285], [76.7908298767504, 30.730651435015687], [76.79083188070985, 30.73064888547932], [76.79083188070985, 30.73064888547932], [76.79089104469051, 30.730637421864394], [76.79095432985754, 30.73062108151505], [76.79100476235318, 30.730600434513345], [76.79104028158224, 30.730577919229457], [76.79105882695707, 30.730555974030835], [76.79107737232363, 30.73053402882983], [76.79109591768189, 30.730512083626426], [76.79111446303186, 30.73049013842062], [76.79113300837355, 30.73046819321244], [76.79115155370694, 30.730446248001847], [76.79117009903206, 30.730424302788883], [76.79118864434889, 30.730402357573514], [76.79120718965743, 30.730380412355757], [76.79122573495766, 30.73035846713559], [76.79124428024963, 30.73033652191306], [76.79126282553331, 30.73031457668811], [76.7912813708087, 30.730292631460795], [76.79129991607579, 30.730270686231066], [76.79131846133461, 30.73024874099895], [76.79133700658514, 30.730226795764445], [76.79135555182738, 30.73020485052755], [76.79137409706132, 30.73018290528825], [76.791392642287, 30.730160960046568], [76.79141118750437, 30.730139014802486], [76.79142973271345, 30.73011706955603], [76.79144827791426, 30.730095124307162], [76.79146682310676, 30.730073179055914], [76.79148536829099, 30.730051233802264], [76.79150391346694, 30.73002928854622], [76.79152245863459, 30.73000734328778], [76.79154100379395, 30.72998539802697], [76.79155954894503, 30.729963452763737], [76.79157809408781, 30.729941507498133], [76.79159663922233, 30.729919562230126], [76.79161518434854, 30.72989761695975], [76.79163372946647, 30.72987567168696], [76.79165227457611, 30.729853726411783], [76.79167081967746, 30.72983178113421], [76.79168936477053, 30.729809835854255], [76.79170790985532, 30.729787890571895], [76.7917264549318, 30.729765945287145], [76.791745, 30.729743999999997], [76.791745, 30.729743999999997], [76.79176423199976, 30.729722592983197], [76.79178346399111, 30.729701185963812], [76.79180269597404, 30.729679778941854], [76.79182192794858, 30.72965837191729], [76.79184084971398, 30.729636781921183], [76.79185911083415, 30.729614802252176], [76.7918763608732, 30.72959222620912], [76.79189286979661, 30.729569213028704], [76.79190898804079, 30.72954596941252], [76.7919250660419, 30.72952270206204], [76.79194114403548, 30.729499434709798], [76.79195722202151, 30.72947616735578], [76.7919733, 30.72945289999999], [76.7919733, 30.72945289999999], [76.7920209, 30.729437800000007], [76.7920209, 30.729437800000007], [76.79204647880236, 30.72941455056074], [76.79206967880212, 30.72938958389367], [76.7920905, 30.729362899999998], [76.7920905, 30.729362899999998], [76.79208965607546, 30.72932758538663], [76.79208498940746, 30.72929265205347], [76.7920765, 30.7292581], [76.7920765, 30.7292581], [76.79209750008634, 30.729237010029518], [76.7921185001636, 30.729215920055914], [76.79213950023176, 30.729194830079205], [76.79216050029083, 30.729173740099405], [76.7921815003408, 30.72915265011648], [76.7922025003817, 30.72913156013045], [76.79222350041351, 30.729110470141325], [76.79224450043624, 30.729089380149087], [76.79226550044987, 30.729068290153762], [76.79228650045441, 30.72904720015531], [76.79230750044987, 30.729026110153754], [76.79232850043624, 30.72900502014909], [76.79234950041352, 30.728983930141318], [76.79237050038171, 30.728962840130457], [76.79239150034081, 30.72894175011649], [76.79241250029084, 30.7289206600994], [76.79243350023177, 30.728899570079207], [76.79245450016359, 30.728878480055908], [76.79247550008634, 30.7288573900295], [76.79249650000001, 30.728836299999994], [76.79249650000001, 30.728836299999994], [76.79251711136781, 30.728815593478902], [76.79253772272688, 30.72879488695482], [76.79255833407717, 30.72877418042774], [76.79257894541873, 30.72875347389767], [76.79259955675151, 30.72873276736462], [76.79262016807553, 30.72871206082856], [76.79264077939081, 30.728691354289516], [76.79266139069732, 30.72867064774749], [76.79268200199508, 30.728649941202455], [76.79270261328408, 30.72862923465443], [76.79272322456433, 30.728608528103422], [76.79274383583581, 30.72858782154941], [76.79276453614241, 30.728567189460986], [76.79278562295978, 30.728546880620854], [76.79280739376347, 30.728527143811554], [76.79282996794129, 30.72850807887831], [76.79285304801758, 30.728489437038117], [76.79287633651668, 30.728470969508187], [76.79289962500687, 30.728452501974363], [76.79292291348813, 30.728434034436667], [76.79294620196046, 30.728415566895077], [76.7929694904239, 30.728397099349607], [76.7929927788784, 30.72837863180025], [76.79301606732399, 30.728360164247025], [76.79303935576064, 30.728341696689906], [76.79306264418838, 30.728323229128897], [76.7930859326072, 30.72830476156402], [76.7931092210171, 30.72828629399524], [76.79313250941809, 30.72826782642261], [76.79315579781013, 30.728249358846075], [76.79317908619326, 30.728230891265657], [76.79320237456749, 30.72821242368137], [76.79322566293278, 30.728193956093193], [76.79324895128916, 30.72817548850112], [76.79327223963661, 30.728157020905194], [76.79329552797513, 30.72813855330536], [76.79331881630475, 30.728120085701654], [76.79334210462544, 30.728101618094055], [76.79336539293722, 30.72808315048259], [76.79338868124006, 30.728064682867235], [76.79341196953399, 30.728046215248], [76.793435257819, 30.728027747624886], [76.79345854609508, 30.728009279997885], [76.79348183436225, 30.727990812367004], [76.79350503314623, 30.72797226436277], [76.7935280291971, 30.727953534259473], [76.79355070926492, 30.727934520331523], [76.79357313904829, 30.727915281592217], [76.79359543179713, 30.727895919767384], [76.79361770076137, 30.72787653658273], [76.79363996971671, 30.727857153394556], [76.79366223866312, 30.727837770202854], [76.79368450760063, 30.727818387007616], [76.7937067765292, 30.72779900380886], [76.79372904544888, 30.727779620606583], [76.79375131430056, 30.72776023735009], [76.79377358287707, 30.72774085386182], [76.79379585097126, 30.72772146996418], [76.79381811849416, 30.72770208558086], [76.79384038565293, 30.727682700889474], [76.79386265265472, 30.727663316067613], [76.79388491964761, 30.727643931242223], [76.79390718663156, 30.72762454641332], [76.79392945360662, 30.727605161580886], [76.79395172057275, 30.72758577674492], [76.79397398752997, 30.727566391905427], [76.79399625447827, 30.72754700706241], [76.79401852141766, 30.727527622215852], [76.79404078834813, 30.72750823736578], [76.79406305526969, 30.72748885251218], [76.79408532218233, 30.727469467655055], [76.79410758908605, 30.727450082794395], [76.79412985598087, 30.727430697930203], [76.79415212286678, 30.7274113130625], [76.79417438974376, 30.727391928191253], [76.79419665661182, 30.72737254331649], [76.79421892347096, 30.7273531584382], [76.7942411903212, 30.727333773556378], [76.79426345716253, 30.72731438867104], [76.79428572399493, 30.727295003782157], [76.79430799081842, 30.727275618889752], [76.794330257633, 30.727256233993835], [76.79435252443868, 30.72723684909437], [76.79437479123541, 30.727217464191394], [76.79439705802325, 30.72719807928487], [76.7944193108353, 30.727178682886606], [76.79444144454571, 30.72715918852704], [76.79446335402872, 30.727139509736723], [76.79448496209228, 30.72711958302273], [76.79450637386226, 30.72709949485468], [76.79452769446445, 30.727079331702146], [76.79454901505783, 30.7270591685464], [76.79457033564233, 30.72703900538744], [76.79459165621799, 30.727018842225256], [76.79461297678482, 30.726998679059864], [76.7946342973428, 30.72697851589125], [76.79465561789192, 30.726958352719436], [76.7946769384322, 30.726938189544402], [76.79469825896365, 30.72691802636615], [76.79471957948624, 30.72689786318467], [76.7947409, 30.726877699999992], [76.7947409, 30.726877699999992], [76.79477157807695, 30.726888310665615], [76.79480297281181, 30.726895960786273], [76.79483518289278, 30.726898699410764], [76.79486766636427, 30.72689652461112], [76.7949001, 30.7268912], [76.7949001, 30.7268912], [76.79492870117791, 30.72686735494081], [76.79495453451096, 30.72684155494027], [76.7949776, 30.726813799999984], [76.7949776, 30.726813799999984], [76.79497896668343, 30.72678646458825], [76.79497740001598, 30.72675946458831], [76.7949729, 30.726732799999997], [76.7949729, 30.726732799999997], [76.79499554116407, 30.726713228389304], [76.795018182319, 30.726693656774955], [76.79504082346476, 30.726674085156972], [76.79506346460137, 30.726654513535333], [76.79508610572881, 30.726634941910056], [76.79510874684712, 30.726615370281127], [76.79513138795626, 30.72659579864854], [76.79515402905625, 30.726576227012313], [76.79517558731426, 30.726556148858315], [76.79519428001153, 30.72653473028896], [76.79520832443046, 30.726511137407467], [76.79521810351967, 30.726485549344936], [76.7952254, 30.7264588], [76.7952254, 30.7264588], [76.79524904814782, 30.726438170814117], [76.79527269628555, 30.726417541624254], [76.79529634441323, 30.726396912430392], [76.7953199925308, 30.72637628323257], [76.79534364063834, 30.726355654030773], [76.79536728873578, 30.726335024824994], [76.79539091960613, 30.726314381251044], [76.79541446576219, 30.726293667004093], [76.79543785971664, 30.726272825779386], [76.79546272486505, 30.7262370558796], [76.79549078512618, 30.72617163948774], [76.79552210795805, 30.72607663290693], [76.79552210795805, 30.72607663290693], [76.79552798557623, 30.726077107761245], [76.79553151214716, 30.726077392673705], [76.7955326876708, 30.726077487644503], [76.79553467814311, 30.72607500631716], [76.7955398730682, 30.72606832575022], [76.7955500182233, 30.726054830219088], [76.79556346903887, 30.726035999095345], [76.79557958098005, 30.726012671520426], [76.79561163416943, 30.725995237483424], [76.79565900325495, 30.72598557999108], [76.7957213922971, 30.72598457225935], [76.79576752950904, 30.725970208152415], [76.79579616319735, 30.725935135495284], [76.79580701986308, 30.72587935983717], [76.79580701986308, 30.72587935983717], [76.79585662930941, 30.725834352780236], [76.79588755900282, 30.72580753159055], [76.795900977105, 30.725799058298158], [76.79590915295834, 30.72580018685452], [76.79591802077074, 30.72579430082432], [76.79593261811652, 30.725775394795377], [76.79595562391341, 30.72573727666377], [76.795989861763, 30.72568737839035], [76.795989861763, 30.72568737839035], [76.79600029619121, 30.72568368750049], [76.79601808821532, 30.72567885827625], [76.79604323783346, 30.72567289071465], [76.79604323783346, 30.72567289071465], [76.79604801930918, 30.72569291652901], [76.79606049547868, 30.725721243583713], [76.79608375523264, 30.725757390744267], [76.7961113229651, 30.725786401506813], [76.7961495531951, 30.725797525405522], [76.7961949695479, 30.725791702965715], [76.79624899265683, 30.725776523022752], [76.79629258085028, 30.72577286552142], [76.7963261294935, 30.725780263379928], [76.79634998008177, 30.72579831623509], [76.79637383557305, 30.725816364319083], [76.79637383557305, 30.725816364319083], [76.79639764814955, 30.72583445496137], [76.79642147444149, 30.725852530963085], [76.79644541886324, 30.7258704847132], [76.79646961122816, 30.725888184515124], [76.79649410525845, 30.725905573608724], [76.7965188050402, 30.725922750391273], [76.79654269810206, 30.725939177174656], [76.79656572145218, 30.725954918390645], [76.79658788790059, 30.72596995976673], [76.796611051049, 30.725985546690602], [76.79663526515978, 30.72600161429147], [76.79665877684356, 30.726016767180795], [76.79668385220091, 30.726033420515826], [76.79670755720619, 30.726049884129125], [76.79673475743535, 30.72606877810931], [76.79675903508732, 30.726084033457827], [76.79678608149382, 30.72609921029092], [76.79681142021988, 30.72611322984056], [76.79683826690044, 30.72612913213582], [76.79686381817594, 30.726145100048065], [76.79688941891247, 30.72616100874602], [76.79691504549126, 30.726176886201007], [76.79694065580519, 30.726192783258785], [76.79696625468263, 30.72620869425036], [76.79699185542447, 30.726224603279785], [76.7970174617915, 30.726240505675037], [76.79704305121662, 30.72625642838437], [76.79706859736383, 30.726272402780904], [76.79709409685469, 30.726288432751772], [76.79711957894993, 30.726304483301607], [76.79714510249435, 30.726320483945262], [76.7971707074521, 30.7263363869123], [76.79719636375859, 30.726352228173305], [76.79722198772966, 30.726368108140626], [76.7972468078979, 30.726385686022926], [76.79726801109709, 30.726403156668802], [76.7972900120959, 30.72642194990713], [76.79731204401438, 30.72644000433613], [76.79733823264021, 30.726461800748968], [76.79735977426343, 30.726484440187686], [76.79738043078605, 30.726507171642584], [76.7974004382277, 30.726526391853778], [76.79742428850508, 30.72654345539125], [76.79744970163154, 30.7265595828994], [76.79747514885041, 30.7265756782625], [76.79750058161765, 30.726591791041965], [76.79752604673877, 30.72660786558106], [76.79755155790781, 30.726623885475934], [76.79757711848431, 30.72663984653741], [76.79760270998321, 30.72665577066314], [76.79762830104633, 30.72667169534214], [76.7976538661018, 30.726687651138683], [76.7976794105922, 30.72670363154205], [76.79770495246422, 30.726719615091085], [76.79773049828091, 30.72673559389685], [76.79775605140891, 30.726751563703612], [76.79778201301599, 30.72676669675186], [76.79780781569666, 30.726778702738162], [76.79783286193924, 30.726785342374793], [76.797861222472, 30.72679223773895], [76.79789185662098, 30.726804115128363], [76.79792360033787, 30.726825685140604], [76.79794743262471, 30.726849268962518], [76.79796717217198, 30.726872248089972], [76.79798690922796, 30.726891961542663], [76.79801086216402, 30.72691022491088], [76.79803682305136, 30.7269272175558], [76.79806150219879, 30.726942553646918], [76.7980852230757, 30.726957310768398], [76.79810797434641, 30.726971502474562], [76.79813165227607, 30.7269863110036], [76.79815626579118, 30.72700172567369], [76.79818183984034, 30.727017716613062], [76.79820743053855, 30.727033687622793], [76.79823302655498, 30.727049652261236], [76.79825859804428, 30.7270656461813], [76.7982841482454, 30.7270816655252], [76.7983096894517, 30.727097695590203], [76.79833525347723, 30.727113698460773], [76.79836083766016, 30.727129677313787], [76.79838641966636, 30.727145658752338], [76.79841195630654, 30.72716169390216], [76.7984346069296, 30.727176004888527], [76.79846088006725, 30.727191844276952], [76.79848798869264, 30.72720737095246], [76.79852107908084, 30.727226598119085], [76.79854719183746, 30.72724294353927], [76.79857196951596, 30.72726000057768], [76.79859362854634, 30.727275083708687], [76.79861862748486, 30.72729151378444], [76.79864415335079, 30.727307488267638], [76.79866969405863, 30.72732344554134], [76.79869525356625, 30.72733938061909], [76.79872080022734, 30.727355330985016], [76.79874629433864, 30.72737134345388], [76.7987717084533, 30.72738745030321], [76.79879709235867, 30.72740359229621], [76.79882251242526, 30.727419691130798], [76.79884801469642, 30.72743569268478], [76.79887354193303, 30.727451665349268], [76.7988990375244, 30.727467676242558], [76.7989244977392, 30.727483729518173], [76.79894996793635, 30.727499770975584], [76.7989754742885, 30.727515769434724], [76.79900098718105, 30.7275317599004], [76.79902458002826, 30.727546601624432], [76.79904341447133, 30.727558522111494], [76.79906277166509, 30.727571759362487], [76.79908586803143, 30.727587331558773], [76.79911747772884, 30.727608156679267], [76.79914710224192, 30.727625713228644], [76.79917404042679, 30.727641474371882], [76.79919728195212, 30.727654923892118], [76.79922208336501, 30.72767029876323], [76.79924783895419, 30.727686268645535], [76.7992736036651, 30.72770222785402], [76.79929934570305, 30.727718214433136], [76.79932505756604, 30.727734237390493], [76.79935072534762, 30.727750312876655], [76.79937634375815, 30.72776644685909], [76.79940190821337, 30.727782644679966], [76.79942748411011, 30.72779882852408], [76.7994531267387, 30.7278149327469], [76.79947885870675, 30.727830930556355], [76.79950461392777, 30.727846900943998], [76.799530288133, 30.72786296690266], [76.79955600581661, 30.72787895295636], [76.79958239157553, 30.727892910462785], [76.79960781850946, 30.727902593908592], [76.79963761156097, 30.727910644180444], [76.79966836474243, 30.727921053763804], [76.79970121952607, 30.727938284392973], [76.79972478702756, 30.72795906888141], [76.79974408859191, 30.72798118938112], [76.79976197598138, 30.728002182597994], [76.7997846954939, 30.728021452759403], [76.79980999110269, 30.72803919072748], [76.79983644917371, 30.728054933789984], [76.79986179041448, 30.728067589812493], [76.79988961997991, 30.72807923425034], [76.79991629333652, 30.72809075005324], [76.79994389865243, 30.728104633027012], [76.79996351330514, 30.728114041577285], [76.7999817367861, 30.728116076798816], [76.79999742199472, 30.728111451825733], [76.80001493035925, 30.72810560595353], [76.80003589393188, 30.728115463376174], [76.80006415410216, 30.728142084467024], [76.80011845808168, 30.72818850632797], [76.80018302868353, 30.728227408662857], [76.80025222004453, 30.72825526286239], [76.80029101875186, 30.728266535171144], [76.80031033199107, 30.728276229596037], [76.80031371756624, 30.728289068466164], [76.80031816257049, 30.728306858619383], [76.80032431096794, 30.728328183223024], [76.80033350198457, 30.728348965744505], [76.8003486721471, 30.728368932580857], [76.80036958896335, 30.728386811156664], [76.80039425010155, 30.728403635566576], [76.80042003398769, 30.728419602063543], [76.80044595298389, 30.72843540681121], [76.80047193149173, 30.728451138849987], [76.80049788868551, 30.72846689655716], [76.80052374644255, 30.728482774769283], [76.80054943619282, 30.728498854009104], [76.80057495282409, 30.728515137608614], [76.80060030601199, 30.72853161163556], [76.80062559960918, 30.728548154022846], [76.80065113429073, 30.72856437351181], [76.80067754610516, 30.728579145519156], [76.80070430954984, 30.728590862492126], [76.80073160146914, 30.72859829759776], [76.80075890919557, 30.72860171265127], [76.8007867267736, 30.728602752120278]]}}, {"type": "Feature", "properties": {"mode": "accessible", "vehicle": "ambulance", "city": "chandigarh", "length_m": 5896.1, "time_min": 11.22, "detour_m": 3756.9, "detour_pct": 175.6}, "geometry": {"type": "LineString", "coordinates": [[76.7850069, 30.731624200000002], [76.78498768705278, 30.73164654785439], [76.78496847409683, 30.731668895706207], [76.78494926113211, 30.731691243555456], [76.78493004815864, 30.731713591402116], [76.78491083517643, 30.731735939246217], [76.78489162218546, 30.731758287087732], [76.78487240918574, 30.731780634926682], [76.78485319617727, 30.731802982763067], [76.78483398316004, 30.731825330596877], [76.78481477013406, 30.7318476784281], [76.78479555709934, 30.731870026256768], [76.78477634405587, 30.73189237408285], [76.78475713100364, 30.731914721906364], [76.78473791794266, 30.731937069727305], [76.78471870487293, 30.731959417545674], [76.78469949179444, 30.73198176536147], [76.7846802787072, 30.732004113174682], [76.78466106561122, 30.732026460985338], [76.78464185250648, 30.732048808793426], [76.78462263939299, 30.732071156598927], [76.78460342627073, 30.73209350440186], [76.78458421313975, 30.732115852202217], [76.784565, 30.732138200000005], [76.784565, 30.732138200000005], [76.78453793903955, 30.732123117457416], [76.78451087808737, 30.732108034908805], [76.78448381714347, 30.73209295235418], [76.7844567562078, 30.73207786979357], [76.7844296952804, 30.732062787226926], [76.78440263436127, 30.7320477046543], [76.7843755734504, 30.73203262207565], [76.78434851254778, 30.732017539490986], [76.78432145165343, 30.73200245690031], [76.78429439076734, 30.731987374303646], [76.78426732988952, 30.73197229170095], [76.78424026901995, 30.73195720909226], [76.78421320815865, 30.73194212647754], [76.7841861473056, 30.731927043856835], [76.78415908646082, 30.731911961230114], [76.78413202562432, 30.731896878597386], [76.78410496479604, 30.731881795958646], [76.78407790397605, 30.731866713313885], [76.78405084316432, 30.73185163066313], [76.78402378236086, 30.73183654800637], [76.78399672156564, 30.731821465343586], [76.7839696607787, 30.73180638267481], [76.7839426, 30.731791300000005], [76.7839426, 30.731791300000005], [76.78392377501342, 30.731814675003708], [76.78390495001788, 30.731838050004917], [76.78388612501341, 30.731861425003697], [76.7838673, 30.7318848], [76.7838673, 30.7318848], [76.78383844997398, 30.731867066683865], [76.78380959995837, 30.73184933336084], [76.78378074995317, 30.731831600030937], [76.78375189995839, 30.731813866694175], [76.78372304997399, 30.731796133350517], [76.7836942, 30.731778399999996], [76.7836942, 30.731778399999996], [76.78366818381255, 30.731762398778937], [76.78364216763359, 30.7317463975523], [76.78361615146308, 30.73173039632005], [76.78359013530104, 30.731714395082218], [76.78356411914747, 30.73169839383879], [76.78353810300237, 30.73168239258977], [76.78351208686573, 30.731666391335168], [76.78348607073757, 30.731650390074964], [76.78346005469938, 30.731634388710297], [76.78343403896798, 30.731618386978077], [76.78340802376029, 30.731602384615258], [76.78338200913012, 30.73158638155648], [76.78335599486064, 30.731570378064816], [76.78332998073496, 30.73155437440334], [76.78330396661777, 30.731538370736295], [76.78327795250904, 30.731522367063654], [76.78325193840878, 30.73150636338541], [76.78322592431698, 30.731490359701592], [76.78319991023366, 30.731474356012175], [76.78317389615881, 30.731458352317173], [76.78314788209242, 30.73144234861658], [76.7831218680345, 30.731426344910385], [76.78309585398505, 30.731410341198607], [76.78306983994406, 30.731394337481234], [76.78304382591156, 30.73137833375827], [76.78301781188752, 30.731362330029718], [76.78299179787193, 30.731346326295576], [76.78296578386482, 30.731330322555834], [76.78293976986619, 30.731314318810515], [76.78291375587601, 30.73129831505959], [76.7828877418943, 30.731282311303083], [76.78286172792107, 30.731266307540984], [76.7828357139563, 30.731250303773287], [76.7828097, 30.731234300000004], [76.7828097, 30.731234300000004], [76.7827838389767, 30.731218391184314], [76.78275797796175, 30.73120248236309], [76.78273211695519, 30.731186573536345], [76.782706255957, 30.731170664704077], [76.78268073423258, 30.73115455662874], [76.78265757945888, 30.731137058534244], [76.78263881931251, 30.73111697964581], [76.78262580293817, 30.73109352766434], [76.78261650265728, 30.731067893367314], [76.78260889079205, 30.731041267531165], [76.78260127893138, 30.73101464169429], [76.78259366707525, 30.730988015856703], [76.78258605522367, 30.730961390018397], [76.78257844337664, 30.730934764179374], [76.78257083153414, 30.73090813833965], [76.7825632196962, 30.730881512499202], [76.78255560786282, 30.73085488665805], [76.78254763855183, 30.73082838780616], [76.78253834943548, 30.730802357795604], [76.78252677818683, 30.730777138478103], [76.78251267744346, 30.730752817725136], [76.7824970095343, 30.73072905368404], [76.7824806880629, 30.73070553622975], [76.78246371201202, 30.730682445009908], [76.78244547551884, 30.73066017453395], [76.78242547016997, 30.730639055856543], [76.78240430182866, 30.73061869446741], [76.78238257635799, 30.730598695856628], [76.78236085089632, 30.7305786972418], [76.78233912544366, 30.73055869862292], [76.7823174, 30.73053869999999], [76.7823174, 30.73053869999999], [76.78229828594736, 30.73056044692653], [76.78227917188623, 30.73058219385051], [76.78226005781661, 30.73060394077193], [76.78224094373853, 30.7306256876908], [76.78222182965196, 30.730647434607135], [76.78220271555692, 30.730669181520916], [76.78218360145338, 30.730690928432132], [76.78216448734138, 30.7307126753408], [76.78214536394526, 30.730734416119017], [76.78212621189923, 30.7307561379728], [76.78210701183737, 30.730777828108145], [76.78208776294505, 30.730799485986836], [76.78206848458811, 30.730821124402848], [76.78204919613239, 30.73084275615017], [76.78202990766817, 30.730864387894886], [76.78201061919543, 30.730886019637012], [76.78199133071416, 30.730907651376533], [76.78197204222438, 30.730929283113454], [76.78195275372609, 30.730950914847778], [76.78193346521927, 30.73097254657949], [76.78191417670392, 30.73099417830861], [76.78189488818006, 30.731015810035125], [76.78187559964769, 30.73103744175904], [76.7818563111068, 30.731059073480353], [76.78183702255738, 30.73108070519906], [76.78181773399945, 30.731102336915182], [76.78179844543298, 30.731123968628694], [76.78177915685802, 30.73114560033961], [76.78175986827452, 30.73116723204792], [76.7817405796825, 30.73118886375363], [76.78172129108198, 30.73121049545673], [76.78170200247294, 30.731232127157234], [76.78168271385536, 30.73125375885514], [76.78166342522928, 30.731275390550454], [76.78164413659468, 30.731297022243158], [76.78162484795155, 30.73131865393326], [76.78160555929989, 30.731340285620767], [76.78158627063974, 30.731361917305662], [76.78156698197105, 30.731383548987967], [76.78154769329386, 30.73140518066766], [76.78152840456116, 30.731426812313504], [76.78150911569976, 30.731448443876772], [76.78148982663643, 30.731470075308735], [76.7814705373919, 30.731491706623185], [76.78145124803936, 30.73151333786884], [76.78143195865205, 30.731534969094426], [76.78141266925623, 30.731556600317404], [76.78139337985188, 30.731578231537785], [76.781374090439, 30.731599862755555], [76.78135480101763, 30.73162149397073], [76.78133551158771, 30.731643125183304], [76.7813162221493, 30.731664756393272], [76.78129693270235, 30.73168638760064], [76.78127764324688, 30.731708018805417], [76.7812583537829, 30.73172965000759], [76.7812390643104, 30.731751281207156], [76.78121977482937, 30.731772912404136], [76.78120048533982, 30.731794543598504], [76.78118119584177, 30.731816174790254], [76.7811619063352, 30.731837805979428], [76.78114261682009, 30.731859437165983], [76.78112332729647, 30.731881068349946], [76.78110403776432, 30.731902699531304], [76.78108474822366, 30.731924330710065], [76.78106545867449, 30.731945961886236], [76.78104616911678, 30.73196759305978], [76.78102687955057, 30.731989224230727], [76.78100758997583, 30.732010855399086], [76.78098830039256, 30.732032486564833], [76.78096901080079, 30.73205411772798], [76.78094972120049, 30.73207574888853], [76.78093043159167, 30.732097380046483], [76.78091114197433, 30.73211901120182], [76.78089185234849, 30.732140642354565], [76.7808725627141, 30.732162273504716], [76.7808532730712, 30.732183904652263], [76.7808339834198, 30.732205535797195], [76.78081469375987, 30.73222716693954], [76.7807954040914, 30.73224879807927], [76.78077611441442, 30.732270429216406], [76.78075682472893, 30.732292060350936], [76.78073753503492, 30.732313691482876], [76.78071824533238, 30.732335322612204], [76.78069895562132, 30.732356953738936], [76.78067966590174, 30.73237858486307], [76.78066037617366, 30.732400215984587], [76.78064108643703, 30.732421847103524], [76.78062179669189, 30.73244347821984], [76.78060250693824, 30.732465109333575], [76.78058321717607, 30.732486740444685], [76.78056392740538, 30.7325083715532], [76.78054463762616, 30.732530002659118], [76.78052534783842, 30.732551633762434], [76.78050605804216, 30.73257326486316], [76.7804867682374, 30.732594895961274], [76.7804674784241, 30.73261652705678], [76.78044818860228, 30.73263815814968], [76.78042889877194, 30.73265978923999], [76.7804096089331, 30.732681420327697], [76.78039031908573, 30.732703051412813], [76.78037102922983, 30.732724682495324], [76.78035173936541, 30.73274631357522], [76.78033244949248, 30.732767944652522], [76.78031315961103, 30.73278957572722], [76.78029386972105, 30.732811206799315], [76.78027457982255, 30.73283283786881], [76.78025528991553, 30.732854468935713], [76.780236, 30.7328761], [76.780236, 30.7328761], [76.78021955335943, 30.732899733564018], [76.78020310671101, 30.732923367126187], [76.78018666005475, 30.73294700068652], [76.78017021339066, 30.732970634244985], [76.78015376671873, 30.7329942678016], [76.78013744875969, 30.73301796356741], [76.78012145243852, 30.733041814783594], [76.78010602295586, 30.733065937038084], [76.78009128791327, 30.733090374535074], [76.7800776792283, 30.73311525199602], [76.78006586637797, 30.733140717762094], [76.78005645044432, 30.733166892796422], [76.78004923126522, 30.733193643937373], [76.78004337673325, 30.733220723743756], [76.78003802944578, 30.733247904837793], [76.78003276472417, 30.733275102418997], [76.7800275, 30.7333023], [76.7800275, 30.7333023], [76.78001002266102, 30.73327715861293], [76.77999126513622, 30.733252869226803], [76.77997013101208, 30.733230258434457], [76.77994647730867, 30.73320957503407], [76.77992052424605, 30.733190977384563], [76.77989279589772, 30.73317454174982], [76.77986333961968, 30.733160633290723], [76.77983245665122, 30.733148975418324], [76.77980071933138, 30.73313866527411], [76.7797687, 30.733128799999996], [76.7797687, 30.733128799999996], [76.77979743588031, 30.733114858625672], [76.77982617175209, 30.733100917245302], [76.77985485157873, 30.733086894929965], [76.77988337266049, 30.733072643359534], [76.77991163229754, 30.733058014213945], [76.7799393582223, 30.733042718530115], [76.77996614482274, 30.733026358669086], [76.77999155416829, 30.733008512555084], [76.7800153383118, 30.7329890422921], [76.78003765598416, 30.732968229510124], [76.78005873055348, 30.73294640471327], [76.78007913827092, 30.732924075690548], [76.78009922871708, 30.732901506772144], [76.78011931915398, 30.732878937850913], [76.78013940958161, 30.732856368926868], [76.7801595, 30.732833799999998], [76.7801595, 30.732833799999998], [76.78017861253703, 30.732812317025818], [76.78019772506566, 30.73279083404908], [76.78021683758593, 30.732769351069788], [76.7802359500978, 30.732747868087937], [76.7802550626013, 30.732726385103533], [76.78027417509641, 30.7327049021166], [76.78029328758315, 30.7326834191271], [76.78031240006149, 30.73266193613503], [76.78033151253145, 30.732640453140416], [76.78035062499302, 30.732618970143246], [76.78036973744621, 30.73259748714353], [76.78038884989103, 30.732576004141265], [76.78040796232746, 30.73255452113643], [76.78042707475551, 30.732533038129038], [76.78044618717516, 30.732511555119117], [76.78046529958645, 30.732490072106636], [76.78048441198935, 30.732468589091592], [76.78050352438386, 30.732447106074], [76.78052263677, 30.73242562305385], [76.78054174914774, 30.732404140031147], [76.7805608615171, 30.732382657005896], [76.78057997387809, 30.73236117397809], [76.7805990862307, 30.73233969094773], [76.78061819857491, 30.73231820791481], [76.78063731091075, 30.732296724879344], [76.7806564232382, 30.73227524184133], [76.78067553555728, 30.73225375880075], [76.78069464786796, 30.732232275757614], [76.78071376017027, 30.73221079271194], [76.78073287246418, 30.732189309663703], [76.78075198474973, 30.732167826612915], [76.78077109702689, 30.73214634355957], [76.78079020929565, 30.732124860503685], [76.78080932155603, 30.732103377445238], [76.78082843380805, 30.732081894384223], [76.78084754605167, 30.732060411320667], [76.78086665828693, 30.732038928254568], [76.78088577051378, 30.7320174451859], [76.78090488273226, 30.73199596211469], [76.78092399494236, 30.731974479040925], [76.78094310714407, 30.731952995964598], [76.7809622193374, 30.731931512885726], [76.78098133152234, 30.73191002980429], [76.78100044369891, 30.731888546720327], [76.78101955586709, 30.73186706363378], [76.7810386680269, 30.731845580544697], [76.7810577801783, 30.731824097453057], [76.78107689232134, 30.73180261435886], [76.78109600445599, 30.731781131262114], [76.78111511658226, 30.7317596481628], [76.78113422870014, 30.731738165060953], [76.78115334080964, 30.731716681956552], [76.78117245291077, 30.731695198849597], [76.7811915650035, 30.731673715740083], [76.78121067708786, 30.731652232628004], [76.78122978916385, 30.731630749513375], [76.78124890123144, 30.731609266396216], [76.78126801329063, 30.731587783276485], [76.78128712534146, 30.731566300154213], [76.78130623738392, 30.731544817029373], [76.78132534941797, 30.73152333390199], [76.78134446144365, 30.731501850772045], [76.78136357346095, 30.731480367639556], [76.78138268546986, 30.731458884504516], [76.7814017974704, 30.731437401366914], [76.78142090946255, 30.731415918226766], [76.78144002144631, 30.731394435084056], [76.7814591334217, 30.7313729519388], [76.7814782453887, 30.731351468790983], [76.78149735734732, 30.73132998564063], [76.78151646929756, 30.731308502487707], [76.78153558123942, 30.731287019332246], [76.7815546931729, 30.731265536174217], [76.78157380509799, 30.731244053013643], [76.78159291701469, 30.731222569850505], [76.78161202892302, 30.731201086684834], [76.78163114082295, 30.731179603516594], [76.78165025271453, 30.73115812034581], [76.78166936459772, 30.73113663717247], [76.7816884764725, 30.731115153996576], [76.78170758833892, 30.73109367081813], [76.78172670019696, 30.73107218763712], [76.78174581204661, 30.73105070445357], [76.78176492388788, 30.73102922126747], [76.78178403572078, 30.731007738078798], [76.78180314754528, 30.730986254887593], [76.78182225936139, 30.73096477169382], [76.78184137116914, 30.73094328849751], [76.7818604829685, 30.73092180529864], [76.78187959475947, 30.730900322097217], [76.78189870654208, 30.730878838893233], [76.78191781831629, 30.730857355686712], [76.78193693008211, 30.730835872477627], [76.78195604183956, 30.730814389265984], [76.78197515358863, 30.7307929060518], [76.78199426532932, 30.730771422835055], [76.78201337157104, 30.730749935982335], [76.7820324637829, 30.73072843984822], [76.782051533434, 30.730706928787342], [76.7820705829746, 30.730685404421173], [76.78208962093562, 30.73066387239513], [76.78210865584795, 30.7306423383546], [76.7821276907519, 30.730620804311542], [76.78214672564751, 30.73059927026594], [76.78216576053474, 30.730577736217814], [76.7821847954136, 30.73055620216715], [76.7822038302841, 30.73053466811398], [76.78222286514622, 30.730513134058246], [76.7822419, 30.73049159999999], [76.7822419, 30.73049159999999], [76.7822170161446, 30.73047379780961], [76.78219213229829, 30.73045599561404], [76.78216724846104, 30.7304381934133], [76.78214236463286, 30.73042039120739], [76.78211748081375, 30.730402588996295], [76.78209259700374, 30.73038478678002], [76.78206771320279, 30.730366984558565], [76.78204282941091, 30.730349182331928], [76.7820180258199, 30.73033130495942], [76.78199356084679, 30.730313110301104], [76.78196969290869, 30.73029435621726], [76.78194652003921, 30.730274950849676], [76.78192378382136, 30.730255136338528], [76.7819012258381, 30.730235154823827], [76.78187866786416, 30.730215173304774], [76.78185610989955, 30.73019519178139], [76.78183355194427, 30.73017521025366], [76.78181089526016, 30.730155320259044], [76.78178790593003, 30.730135738655726], [76.78176435003668, 30.73011668230171], [76.78174019113914, 30.73009818498], [76.78171566315453, 30.730080029832187], [76.781691, 30.730062000000007], [76.781691, 30.730062000000007], [76.78166373332371, 30.73004466667282], [76.78163646665703, 30.730027333339493], [76.7816092, 30.730009999999996], [76.7816092, 30.730009999999996], [76.78158358743731, 30.729993968790698], [76.78155797488299, 30.72997793757596], [76.78153236233702, 30.7299619063558], [76.7815067497994, 30.729945875130234], [76.78148113727015, 30.72992984389922], [76.78145552474925, 30.729913812662787], [76.7814299122367, 30.729897781420924], [76.78140429973253, 30.729881750173632], [76.78137868723671, 30.72986571892092], [76.78135307474925, 30.729849687662778], [76.78132746227014, 30.729833656399208], [76.7813018497994, 30.729817625130224], [76.78127623733701, 30.729801593855804], [76.78125062488299, 30.72978556257596], [76.78122501243732, 30.729769531290692], [76.7811994, 30.7297535], [76.7811994, 30.7297535], [76.78117336243521, 30.72973720004205], [76.78114732487906, 30.729720900078505], [76.78112128733153, 30.729704600109343], [76.78109524979264, 30.729688300134587], [76.78106921226242, 30.729672000154217], [76.78104317474082, 30.729655700168244], [76.78101713722785, 30.72963940017665], [76.78099109972354, 30.72962310017946], [76.78096506222785, 30.729606800176654], [76.78093902474082, 30.729590500168246], [76.78091298726241, 30.729574200154207], [76.78088694979265, 30.729557900134594], [76.78086091233152, 30.72954160010935], [76.78083487487905, 30.729525300078517], [76.78080883743522, 30.72950900004206], [76.7807828, 30.7294927], [76.7807828, 30.7294927], [76.78080133187464, 30.72947051955996], [76.7808198637409, 30.729448339117557], [76.7808383955988, 30.72942615867275], [76.78085692744834, 30.729403978225555], [76.7808754592895, 30.729381797775964], [76.78089399112231, 30.729359617323986], [76.78091252294675, 30.729337436869628], [76.78093105476283, 30.729315256412875], [76.78094958657053, 30.729293075953738], [76.78096811836987, 30.72927089549221], [76.78098665016084, 30.729248715028284], [76.78100518194346, 30.729226534561985], [76.7810237137177, 30.729204354093287], [76.78104224548358, 30.729182173622192], [76.78106077724108, 30.729159993148723], [76.78107930899023, 30.729137812672853], [76.781097840731, 30.729115632194613], [76.78111637246342, 30.729093451713975], [76.78113490418747, 30.729071271230936], [76.78115343590315, 30.729049090745523], [76.78117196761046, 30.729026910257716], [76.78119049930942, 30.72900472976753], [76.781209031, 30.728982549274946], [76.78122756268222, 30.728960368779973], [76.78124609435608, 30.728938188282605], [76.78126462602157, 30.72891600778286], [76.78128315767869, 30.72889382728073], [76.78130168932744, 30.7288716467762], [76.78132022096783, 30.728849466269292], [76.78133875259985, 30.72882728575998], [76.78135728422352, 30.728805105248288], [76.7813758158388, 30.728782924734205], [76.78139434744574, 30.728760744217734], [76.7814128790443, 30.728738563698887], [76.7814314106345, 30.728716383177634], [76.78144994221633, 30.728694202654008], [76.78146847378979, 30.72867202212797], [76.78148700535489, 30.72864984159955], [76.78150553691162, 30.72862766106875], [76.78152406845999, 30.72860548053557], [76.7815426, 30.728583299999997], [76.7815426, 30.728583299999997], [76.78151713071989, 30.72856743849371], [76.78149166144803, 30.72855157698207], [76.78146619218437, 30.728535715465068], [76.78144072292893, 30.728519853942693], [76.78141525368171, 30.72850399241496], [76.78138978444274, 30.728488130881864], [76.78136431521197, 30.728472269343403], [76.78133884598942, 30.728456407799577], [76.78131337677509, 30.728440546250393], [76.78128790756898, 30.728424684695835], [76.7812624383711, 30.728408823135922], [76.78123696918145, 30.72839296157065], [76.7812115, 30.728377099999996], [76.7812115, 30.728377099999996], [76.78118553077724, 30.728360933447643], [76.78115956156302, 30.728344766889702], [76.78113359235734, 30.728328600326194], [76.78110762316021, 30.728312433757104], [76.78108165397161, 30.728296267182447], [76.78105568479157, 30.728280100602213], [76.78102971562006, 30.728263934016393], [76.7810037464571, 30.728247767425003], [76.7809777773027, 30.728231600828025], [76.78095180815683, 30.728215434225493], [76.78092583901949, 30.728199267617367], [76.7808998698907, 30.728183101003665], [76.78087390077046, 30.728166934384408], [76.78084793165877, 30.72815076775955], [76.78082196255562, 30.72813460112913], [76.78079599346101, 30.728118434493144], [76.78077002437495, 30.728102267851554], [76.78074405529743, 30.728086101204404], [76.78071808622845, 30.728069934551677], [76.780692117168, 30.72805376789337], [76.78066614811613, 30.728037601229495], [76.78064017907276, 30.72802143456004], [76.78061421003797, 30.728005267885013], [76.78058824101171, 30.727989101204408], [76.78056227199399, 30.72797293451822], [76.78053630298481, 30.72795676782646], [76.7805103339842, 30.727940601129124], [76.7804843649921, 30.7279244344262], [76.78045839600857, 30.727908267717726], [76.78043242703357, 30.727892101003654], [76.78040645806712, 30.72787593428403], [76.7803804891092, 30.727859767558808], [76.78035452015985, 30.72784360082801], [76.78032855121901, 30.72782743409165], [76.78030258228674, 30.72781126734971], [76.780276613363, 30.72779510060219], [76.7802506444478, 30.727778933849105], [76.78022467554116, 30.72776276709043], [76.78019870664306, 30.72774660032619], [76.7801727377535, 30.727730433556367], [76.78014676887248, 30.727714266780975], [76.7801208, 30.7276981], [76.7801208, 30.7276981], [76.78009511399735, 30.727682108759613], [76.78006942800305, 30.727666117513778], [76.7800437420171, 30.727650126262485], [76.78001805603951, 30.72763413500574], [76.77999237007029, 30.727618143743534], [76.77996668410941, 30.727602152475882], [76.77994099815692, 30.727586161202755], [76.77991531221275, 30.72757016992419], [76.77988962627697, 30.727554178640172], [76.77986394034953, 30.727538187350696], [76.77983825443046, 30.72752219605576], [76.77981256851973, 30.727506204755386], [76.77978688261739, 30.72749021344953], [76.7797611967234, 30.72747422213823], [76.77973551083774, 30.727458230821483], [76.77970982496046, 30.727442239499275], [76.77968413909156, 30.727426248171604], [76.77965845323098, 30.727410256838503], [76.77963276737879, 30.727394265499925], [76.77960708153493, 30.727378274155893], [76.77958139569945, 30.72736228280642], [76.77955570987231, 30.72734629145149], [76.77953002405354, 30.727330300091083], [76.77950433824314, 30.72731430872524], [76.77947865244109, 30.727298317353952], [76.7794529666474, 30.727282325977193], [76.77942728086205, 30.72726633459499], [76.77940159508508, 30.727250343207327], [76.77937590931647, 30.7272343518142], [76.77935022355621, 30.727218360415623], [76.77932453780431, 30.727202369011607], [76.77929885206078, 30.727186377602113], [76.7792731663256, 30.727170386187183], [76.77924748059877, 30.7271543947668], [76.7792217948803, 30.727138403340952], [76.7791961091702, 30.72712241190964], [76.77917042346844, 30.727106420472882], [76.77914473777506, 30.72709042903068], [76.77911905209002, 30.727074437583013], [76.77909336641335, 30.72705844612989], [76.77906768074504, 30.72704245467132], [76.7790419950851, 30.727026463207295], [76.7790163094335, 30.72701047173781], [76.77899062379026, 30.726994480262867], [76.77896493815538, 30.72697848878248], [76.77893925252886, 30.72696249729664], [76.7789135669107, 30.72694650580534], [76.7788878813009, 30.726930514308588], [76.77886219569946, 30.72691452280636], [76.77883651010637, 30.726898531298712], [76.77881082452166, 30.726882539785596], [76.77878513894528, 30.726866548267015], [76.77875945337726, 30.726850556742978], [76.77873376781763, 30.726834565213508], [76.77870808226633, 30.726818573678568], [76.7786823967234, 30.726802582138173], [76.77865671118883, 30.726786590592326], [76.77863102566262, 30.72677059904103], [76.77860534014475, 30.726754607484278], [76.77857965463527, 30.726738615922077], [76.77855396913412, 30.72672262435441], [76.77852828364134, 30.72670663278129], [76.77850259815692, 30.72669064120273], [76.77847691268086, 30.72667464961869], [76.77845122721314, 30.726658658029216], [76.7784255417538, 30.72664266643427], [76.77839985630281, 30.726626674833884], [76.77837417086018, 30.726610683228046], [76.77834848542591, 30.726594691616747], [76.7783228, 30.726578699999994], [76.7783228, 30.726578699999994], [76.77834143895973, 30.726556744465004], [76.77836007791113, 30.726534788927594], [76.77837871685419, 30.72651283338777], [76.77839735578891, 30.72649087784552], [76.7784159947153, 30.726468922300853], [76.77843463363337, 30.726446966753763], [76.7784532725431, 30.726425011204256], [76.77847191144448, 30.726403055652337], [76.77849055033755, 30.726381100097992], [76.77850918922226, 30.726359144541224], [76.77852782809866, 30.726337188982043], [76.7785464669667, 30.726315233420436], [76.77856510582643, 30.726293277856406], [76.77858374467782, 30.72627132228996], [76.77860238352086, 30.726249366721095], [76.77862102235557, 30.72622741114982], [76.77863966118196, 30.726205455576117], [76.7786583, 30.726183499999987], [76.7786583, 30.726183499999987], [76.77867720960934, 30.72616129526299], [76.77869611921012, 30.726139090523507], [76.77871502880235, 30.726116885781536], [76.77873393838603, 30.72609468103707], [76.77875284796116, 30.726072476290106], [76.77877175752774, 30.726050271540654], [76.77879066708574, 30.726028066788725], [76.77880957663521, 30.726005862034285], [76.77882848617614, 30.72598365727737], [76.77884739570848, 30.725961452517954], [76.7788663052323, 30.725939247756052], [76.77888521474756, 30.72591704299165], [76.77890412425425, 30.725894838224768], [76.77892303375242, 30.725872633455392], [76.778941943242, 30.725850428683525], [76.77896085272306, 30.72582822390917], [76.77897976219556, 30.725806019132314], [76.7789986716595, 30.72578381435297], [76.77901758111489, 30.725761609571144], [76.77903649056172, 30.72573940478682], [76.7790554, 30.725717200000002], [76.7790554, 30.725717200000002], [76.77902895899793, 30.725700740969778], [76.7790025180047, 30.725684281933773], [76.77897607702036, 30.725667822892], [76.77894963604484, 30.725651363844438], [76.77892319507819, 30.725634904791104], [76.7788967541204, 30.72561844573198], [76.77887031317145, 30.72560198666707], [76.77884387223138, 30.72558552759639], [76.77881743130014, 30.72556906851994], [76.77879099037776, 30.72555260943769], [76.77876454946424, 30.72553615034968], [76.7787381085596, 30.725519691255872], [76.77871166766379, 30.72550323215629], [76.77868522677683, 30.72548677305094], [76.77865878589873, 30.72547031393979], [76.7786323450295, 30.725453854822888], [76.7786059041691, 30.725437395700187], [76.77857946331757, 30.72542093657171], [76.77855302247491, 30.725404477437444], [76.77852658164107, 30.725388018297412], [76.77850014081612, 30.725371559151597], [76.7784737, 30.725355099999998], [76.7784737, 30.725355099999998], [76.77844044999298, 30.725334350004566], [76.7784072, 30.725313600000007], [76.7784072, 30.725313600000007], [76.77842568923602, 30.72529139839413], [76.77844417846372, 30.72526919678587], [76.77846266768303, 30.725246995175233], [76.77848115689399, 30.72522479356222], [76.77849964609662, 30.725202591946836], [76.77851813529088, 30.725180390329072], [76.7785366244768, 30.725158188708924], [76.77855511365435, 30.7251359870864], [76.77857360282357, 30.725113785461502], [76.77859209198442, 30.725091583834246], [76.77861058113695, 30.72506938220458], [76.7786290702811, 30.72504718057254], [76.77864755941688, 30.725024978938144], [76.77866604854435, 30.725002777301356], [76.77868453766344, 30.724980575662194], [76.77870302677418, 30.724958374020645], [76.77872151587658, 30.72493617237673], [76.77874000497062, 30.724913970730437], [76.77875849405632, 30.724891769081772], [76.77877698313365, 30.72486956743072], [76.77879547220265, 30.724847365777297], [76.77881396100199, 30.7248251639591], [76.7788324492083, 30.724802961775186], [76.77885093649822, 30.724780759024565], [76.77886942307093, 30.72475855583106], [76.77888790924983, 30.724736352395603], [76.77890639535829, 30.724714148919205], [76.77892488145842, 30.724691945440416], [76.77894336755018, 30.724669741959268], [76.77896185363359, 30.724647538475725], [76.77898033970867, 30.72462533498982], [76.77899882577537, 30.72460313150152], [76.77901731183374, 30.72458092801087], [76.77903579788375, 30.724558724517824], [76.77905428392542, 30.7245365210224], [76.77907276995872, 30.724514317524605], [76.77909125598367, 30.724492114024436], [76.77910974200029, 30.724469910521893], [76.77912822800855, 30.724447707016967], [76.77914671400845, 30.724425503509675], [76.7791652, 30.72440329999999], [76.7791652, 30.72440329999999], [76.7791777, 30.7243883], [76.7791777, 30.7243883], [76.77917750516383, 30.724360584670908], [76.77917731032818, 30.724332869341705], [76.77917594359032, 30.724305353557543], [76.77917209405298, 30.72427826053089], [76.77916445082028, 30.724251813473888], [76.77915404680124, 30.724225836508296], [76.77914219289515, 30.724200106421172], [76.7791302, 30.7241744], [76.7791302, 30.7241744], [76.77910299994704, 30.724157025033705], [76.77907579990371, 30.72413965006127], [76.77904859987002, 30.724122275082724], [76.77902139984596, 30.724104900098048], [76.77899419983152, 30.72408752510725], [76.7789669998267, 30.724070150110315], [76.77893979983152, 30.72405277510724], [76.77891259984595, 30.72403540009806], [76.77888539987002, 30.72401802508273], [76.77885819990372, 30.724000650061274], [76.77883099994705, 30.7239832750337], [76.7788038, 30.723965900000007], [76.7788038, 30.723965900000007], [76.77877833747046, 30.723949625018793], [76.77875287494935, 30.723933350032226], [76.77872741243668, 30.723917075040287], [76.77870194993245, 30.723900800042962], [76.77867648743668, 30.72388452504028], [76.77865102494934, 30.723868250032226], [76.77862556247045, 30.723851975018796], [76.7786001, 30.723835699999995], [76.7786001, 30.723835699999995], [76.7786191666756, 30.723812700002522], [76.77863823334226, 30.723789700002527], [76.7786573, 30.723766700000002], [76.7786573, 30.723766700000002], [76.77867698430693, 30.723743001526746], [76.77869666797442, 30.72371930266032], [76.77871635062257, 30.723695603165226], [76.7787360323715, 30.723671903115914], [76.77875571360109, 30.72364820274788], [76.7787753946913, 30.723624502296637], [76.77879507577202, 30.72360080184269], [76.77881475684325, 30.723577101386066], [76.77883443790498, 30.72355340092673], [76.77885411895724, 30.72352970046471], [76.7788738, 30.723506000000004], [76.7788738, 30.723506000000004], [76.77889282785316, 30.723483088910278], [76.77891185569744, 30.72346017781805], [76.77893088353287, 30.7234372667233], [76.77894991135942, 30.723414355626037], [76.7789689391771, 30.723391444526253], [76.77898796698592, 30.72336853342395], [76.77900699478587, 30.723345622319126], [76.77902602257694, 30.723322711211786], [76.77904505035916, 30.72329980010195], [76.7790640781325, 30.723276888989574], [76.77908310589699, 30.723253977874688], [76.77910213365259, 30.723231066757293], [76.77912116139933, 30.723208155637355], [76.7791401891372, 30.72318524451492], [76.7791592168662, 30.723162333389965], [76.77917824458633, 30.7231394222625], [76.77919727229761, 30.723116511132513], [76.7792163, 30.723093599999995], [76.7792163, 30.723093599999995], [76.77923503165687, 30.72307086844299], [76.77925376330509, 30.72304813688355], [76.77927249494464, 30.723025405321664], [76.77929122657554, 30.723002673757346], [76.77930995819779, 30.72297994219058], [76.77932868981136, 30.7229572106214], [76.77934742141628, 30.722934479049748], [76.77936615301255, 30.722911747475685], [76.77938488460016, 30.72288901589918], [76.7794036161791, 30.722866284320236], [76.77942234774939, 30.722843552738844], [76.77944107931103, 30.722820821155032], [76.77945981086398, 30.722798089568762], [76.7794785424083, 30.72277535798006], [76.77949727394396, 30.722752626388925], [76.77951600547097, 30.722729894795354], [76.7795347369893, 30.722707163199345], [76.77955346849899, 30.7226844316009], [76.7795722, 30.722661700000007], [76.7795722, 30.722661700000007], [76.77959224711289, 30.722640381963604], [76.77961229421703, 30.722619063924377], [76.77963234131242, 30.722597745882336], [76.77965238839907, 30.722576427837478], [76.77967243547698, 30.72255510978978], [76.77969248254615, 30.722533791739274], [76.77971252960657, 30.722512473685946], [76.77973257665823, 30.722491155629793], [76.77975262370117, 30.722469837570834], [76.77977267073534, 30.722448519509044], [76.77979271776078, 30.722427201444425], [76.77981276477747, 30.722405883377007], [76.77983281178543, 30.722384565306747], [76.77985285878464, 30.722363247233673], [76.77987290577511, 30.722341929157786], [76.77989295275682, 30.722320611079066], [76.77991299972979, 30.722299292997537], [76.77993304669401, 30.722277974913183], [76.77995332579857, 30.72225684545523], [76.77997420972524, 30.722236207440545], [76.77999607115575, 30.72221636368575], [76.78001881847375, 30.722197239748997], [76.78004207899735, 30.722178532813057], [76.78006548004471, 30.7221599400609], [76.78008888108305, 30.722141347304838], [76.78011228211237, 30.72212275454485], [76.78013568313266, 30.722104161780944], [76.78015914670961, 30.72208563001597], [76.78018275954737, 30.722067243788302], [76.78020660835014, 30.722049087636215], [76.7802306546908, 30.72203112409231], [76.78025481186513, 30.722013268618134], [76.78027899316902, 30.721995436675297], [76.78030317446392, 30.721977604728234], [76.78032735574988, 30.72195977277698], [76.78035153702685, 30.72194194082151], [76.78037571829485, 30.72192410886184], [76.78039989955387, 30.72190627689797], [76.78042408080391, 30.721888444929863], [76.78044826204501, 30.721870612957574], [76.78047244327712, 30.721852780981077], [76.78049693019487, 30.721835309411663], [76.78052203225911, 30.72181856310062], [76.78054805893088, 30.721802906899036], [76.78057470828196, 30.721787984835448], [76.78060167085172, 30.721773432058193], [76.78062863717935, 30.721758883715875], [76.78065560349867, 30.721744335368236], [76.78068256980974, 30.721729787015263], [76.7807095361125, 30.721715238656984], [76.780736502407, 30.721700690293375], [76.7807634686932, 30.721686141924444], [76.78079043497114, 30.721671593550205], [76.78081740124077, 30.721657045170637], [76.78084436750213, 30.72164249678574], [76.78087133375521, 30.721627948395522], [76.7808983, 30.721613399999992], [76.7808983, 30.721613399999992], [76.78092793858322, 30.72160454110079], [76.78095757716069, 30.72159568219499], [76.78098720606138, 30.721586801804328], [76.7810167295119, 30.721577687227047], [76.78104605173867, 30.721568125761532], [76.78107509630998, 30.721557947662873], [76.78110395899891, 30.721547365632905], [76.78113273557878, 30.721536592373425], [76.78116151215198, 30.721525819107793], [76.78119028871848, 30.72151504583601], [76.78121906527834, 30.721504272558075], [76.78124784183149, 30.721493499273993], [76.78127661837799, 30.721482725983748], [76.7813053949178, 30.721471952687377], [76.78133417145095, 30.72146117938483], [76.78136294797741, 30.721450406076155], [76.7813917244972, 30.721439632761303], [76.78142050101032, 30.721428859440323], [76.78144927751677, 30.721418086113186], [76.78147805401653, 30.721407312779895], [76.78150683050963, 30.721396539440452], [76.78153560699604, 30.721385766094865], [76.78156423020637, 30.72137474705251], [76.78159241807113, 30.721363030157033], [76.78161988852045, 30.72135016325231], [76.78164666606844, 30.721336185623073], [76.78167303315747, 30.72132154991882], [76.78169927223031, 30.721306708788813], [76.78172551237003, 30.721291869072612], [76.78175175320324, 30.721277030277395], [76.78177799435655, 30.721262191910395], [76.78180423550164, 30.72124735353837], [76.78183047663853, 30.721232515161315], [76.78185671776723, 30.72121767677924], [76.78188295888772, 30.72120283839213], [76.7819092, 30.721188000000005], [76.7819092, 30.721188000000005], [76.78193637105365, 30.7211713205066], [76.78196313130358, 30.7211541525287], [76.78198944605012, 30.721136454805055], [76.78201552069024, 30.721118471575387], [76.78204156062101, 30.721100447079326], [76.78206760054199, 30.721082422578338], [76.78209364045317, 30.72106439807246], [76.78211968035457, 30.7210463735617], [76.78214572024618, 30.721028349046026], [76.78217176012798, 30.721010324525455], [76.7821978, 30.720992299999995], [76.7821978, 30.720992299999995], [76.7822214885, 30.720973820202225], [76.78224517699091, 30.720955340400437], [76.78226886547274, 30.720936860594623], [76.78229255394551, 30.720918380784788], [76.78231624240917, 30.72089990097093], [76.78233993086374, 30.72088142115304], [76.78236361930924, 30.720862941331127], [76.78238730774565, 30.7208444615052], [76.78241099617298, 30.720825981675254], [76.78243468459122, 30.72080750184128], [76.78245789625419, 30.720788643495876], [76.78248014542208, 30.720769020991533], [76.78250094635523, 30.72074824868111], [76.7825207668063, 30.720726697932026], [76.78254009251528, 30.720704754392273], [76.78255940922195, 30.72068280370948], [76.78257872591998, 30.720660853024096], [76.78259804260935, 30.720638902336123], [76.78261735929007, 30.720616951645518], [76.78263667596215, 30.720595000952326], [76.78265599262558, 30.720573050256508], [76.78267530928036, 30.720551099558104], [76.78269462592651, 30.720529148857093], [76.78271394256399, 30.720507198153477], [76.78273325919282, 30.720485247447257], [76.782752575813, 30.720463296738426], [76.78277189242456, 30.720441346026995], [76.78279120902745, 30.720419395312955], [76.7828105256217, 30.720397444596312], [76.7828298422073, 30.72037549387707], [76.78284915878424, 30.720353543155206], [76.78286847535254, 30.720331592430746], [76.7828877919122, 30.720309641703686], [76.7829071084632, 30.72028769097401], [76.78292642500557, 30.720265740241746], [76.78294574153928, 30.720243789506874], [76.78296502047164, 30.720221814576878], [76.78298420590593, 30.720199779479834], [76.78300324194545, 30.720177648243865], [76.7830221478789, 30.720155433282052], [76.78304097960303, 30.720133170566427], [76.7830597930146, 30.720110896068892], [76.78307860641762, 30.72008862156891], [76.78309741981212, 30.72006634706645], [76.78311623319809, 30.72004407256153], [76.78313504657554, 30.720021798054148], [76.78315385994445, 30.719999523544306], [76.78317267330483, 30.719977249032006], [76.78319148665668, 30.719954974517222], [76.7832103, 30.7199327], [76.7832103, 30.7199327], [76.7832287200586, 30.71991034668315], [76.78324714010883, 30.71988799336396], [76.78326556015068, 30.719865640042418], [76.78328398018417, 30.719843286718508], [76.78330240020928, 30.719820933392242], [76.78332082022602, 30.71979858006362], [76.7833392402344, 30.719776226732648], [76.7833576602344, 30.719753873399306], [76.78337608022602, 30.71973152006362], [76.78339450020927, 30.719709166725572], [76.78341292018416, 30.719686813385184], [76.78343134015068, 30.719664460042424], [76.78344976010882, 30.7196421066973], [76.78346818005859, 30.719619753349832], [76.7834866, 30.719597399999998], [76.7834866, 30.719597399999998], [76.78350499488973, 30.71957531320141], [76.78352338977119, 30.719553226400457], [76.7835417846444, 30.719531139597155], [76.78356017950934, 30.719509052791505], [76.783578574366, 30.71948696598352], [76.78359696921441, 30.719464879173152], [76.78361536405455, 30.719442792360443], [76.78363375888644, 30.719420705545392], [76.78365215371007, 30.71939861872798], [76.78367054852541, 30.71937653190821], [76.78368894333249, 30.719354445086097], [76.78370733813132, 30.71933235826163], [76.78372573292187, 30.719310271434814], [76.78374412770417, 30.719288184605652], [76.7837625224782, 30.719266097774135], [76.78378091724396, 30.719244010940248], [76.78379931200146, 30.71922192410402], [76.78381770675071, 30.71919983726544], [76.78383610149167, 30.719177750424507], [76.78385449622438, 30.719155663581223], [76.78387289094883, 30.719133576735594], [76.78389128566502, 30.719111489887606], [76.78390968037293, 30.71908940303727], [76.78392807507258, 30.719067316184574], [76.78394646976398, 30.719045229329552], [76.7839648644471, 30.719023142472146], [76.78398325912195, 30.719001055612402], [76.78400165378856, 30.718978968750307], [76.78402004844689, 30.718956881885866], [76.78403844309696, 30.718934795019063], [76.78405683773877, 30.718912708149904], [76.7840752323723, 30.718890621278412], [76.78409362699757, 30.718868534404553], [76.78411202161459, 30.71884644752834], [76.78413041622335, 30.718824360649784], [76.78414881082382, 30.718802273768873], [76.78416720541604, 30.718780186885617], [76.7841856, 30.718758100000002], [76.7841856, 30.718758100000002], [76.78420397504534, 30.718736041679577], [76.78422235008244, 30.718713983356796], [76.7842407251113, 30.71869192503169], [76.78425910013192, 30.71866986670421], [76.78427747514428, 30.718647808374406], [76.78429585014841, 30.718625750042246], [76.78431422514429, 30.718603691707727], [76.78433260013192, 30.718581633370885], [76.78435097511131, 30.71855957503169], [76.78436935008244, 30.71853751669014], [76.78438772504533, 30.718515458346246], [76.7844061, 30.71849340000001], [76.7844061, 30.71849340000001], [76.78442950000668, 30.718465350001896], [76.7844529, 30.718437299999994], [76.7844529, 30.718437299999994], [76.78447172312865, 30.718414792322466], [76.78449054624866, 30.718392284642484], [76.78450936936007, 30.71836977696003], [76.78452819246284, 30.718347269275103], [76.78454701555701, 30.71832476158773], [76.78456583864255, 30.71830225389788], [76.78458466171946, 30.718279746205567], [76.78460348478777, 30.718257238510795], [76.78462230784746, 30.718234730813574], [76.78464113089852, 30.71821222311386], [76.78465995394097, 30.7181897154117], [76.7846787769748, 30.718167207707086], [76.7846976, 30.71814469999999], [76.7846976, 30.71814469999999], [76.78471579381582, 30.71812088126713], [76.78473398762289, 30.718097062531967], [76.78475218142115, 30.71807324379454], [76.78477037521064, 30.71804942505483], [76.78478856899137, 30.71802560631282], [76.78480676276331, 30.718001787568536], [76.78482495652648, 30.717977968821963], [76.78484315028086, 30.717954150073098], [76.78486134402647, 30.717930331321963], [76.7848795377633, 30.717906512568543], [76.78489773149137, 30.717882693812825], [76.78491592521064, 30.717858875054826], [76.78493411892114, 30.71783505629455], [76.78495231262288, 30.71781123753198], [76.78497050631583, 30.717787418767127], [76.7849887, 30.7177636], [76.7849887, 30.7177636], [76.78500724936902, 30.717741328741784], [76.78502579872965, 30.717719057481172], [76.78504434808187, 30.717696786218184], [76.78506289742569, 30.717674514952787], [76.7850814467611, 30.71765224368501], [76.78509999608812, 30.717629972414837], [76.78511854540673, 30.717607701142274], [76.78513709472507, 30.717585429872386], [76.78515564418116, 30.717563158690965], [76.785174193913, 30.717540887683825], [76.78519274404232, 30.71751861692665], [76.78521129443115, 30.717496346333647], [76.78522984494144, 30.717474075818995], [76.78524839544332, 30.71745180530195], [76.7852669459368, 30.717429534782507], [76.78528549642188, 30.717407264260686], [76.78530404689855, 30.71738499373647], [76.78532259736683, 30.71736272320986], [76.7853411478267, 30.71734045268087], [76.78535969827816, 30.71731818214948], [76.78537824872123, 30.717295911615697], [76.78539679915589, 30.71727364107952], [76.78541534958215, 30.717251370540954], [76.7854339, 30.717229099999997], [76.7854339, 30.717229099999997], [76.78545257799324, 30.717206815428458], [76.78547125597801, 30.71718453085448], [76.78548993395432, 30.717162246278093], [76.78550861192217, 30.71713996169928], [76.78552728988151, 30.71711767711804], [76.78554596783242, 30.717095392534375], [76.78556464577484, 30.717073107948277], [76.7855833237088, 30.717050823359756], [76.7856020016343, 30.7170285387688], [76.78562067955133, 30.717006254175438], [76.78563935745989, 30.716983969579633], [76.78565803535997, 30.71696168498141], [76.78567671325159, 30.716939400380767], [76.78569539113475, 30.716917115777694], [76.78571406900943, 30.716894831172205], [76.78573274687564, 30.71687254656428], [76.78575142473339, 30.716850261953923], [76.78577010258267, 30.716827977341154], [76.78578878042349, 30.71680569272596], [76.78580745825583, 30.71678340810833], [76.78582613607969, 30.716761123488283], [76.7858448138951, 30.7167388388658], [76.78586349170205, 30.716716554240904], [76.78588216950051, 30.716694269613562], [76.7859008472905, 30.716671984983805], [76.78591952507205, 30.71664970035163], [76.78593820284512, 30.71662741571702], [76.78595688060972, 30.716605131079998], [76.78597555836585, 30.71658284644054], [76.78599423611351, 30.716560561798666], [76.7860129138527, 30.71653827715436], [76.78603159158342, 30.716515992507617], [76.78605026930568, 30.716493707858465], [76.78606894701947, 30.71647142320689], [76.78608762622565, 30.71644913950439], [76.78610634285812, 30.71642687953256], [76.78612513285078, 30.71640466607294], [76.78614402913583, 30.716382520004014], [76.7861629957793, 30.71636041854421], [76.78618199684729, 30.71633833891194], [76.78620099790675, 30.716316259277143], [76.78621999895763, 30.716294179639835], [76.786239, 30.7162721], [76.786239, 30.7162721], [76.78626510518264, 30.716288921103477], [76.78629121037423, 30.7163057422013], [76.78631731557476, 30.716322563293474], [76.78634342078425, 30.71633938438], [76.78636952600266, 30.716356205460883], [76.78639563123004, 30.71637302653611], [76.78642173646635, 30.716389847605686], [76.78644784171162, 30.716406668669624], [76.78647394696584, 30.716423489727905], [76.78650005222899, 30.716440310780545], [76.78652615750109, 30.716457131827525], [76.78655226278215, 30.71647395286886], [76.78657836807214, 30.71649077390453], [76.78660447337109, 30.71650759493457], [76.78663057867898, 30.716524415958958], [76.7866566839958, 30.716541236977687], [76.78668278932159, 30.716558057990774], [76.78670889465633, 30.716574878998212], [76.786735, 30.71659170000001], [76.786735, 30.71659170000001], [76.78675976789705, 30.716608652061318], [76.7867845358027, 30.716625604117525], [76.78680930371691, 30.716642556168637], [76.78683407163969, 30.71665950821463], [76.78685883957105, 30.716676460255506], [76.786883607511, 30.716693412291278], [76.78690837545953, 30.716710364321937], [76.78693314341665, 30.716727316347487], [76.78695791138233, 30.716744268367936], [76.78698267935658, 30.716761220383262], [76.78700744733943, 30.716778172393486], [76.78703221533085, 30.716795124398594], [76.78705698333086, 30.716812076398607], [76.78708175133943, 30.71682902839349], [76.7871065193566, 30.716845980383262], [76.78713128738232, 30.71686293236793], [76.78715605541665, 30.716879884347488], [76.78718082345954, 30.71689683632195], [76.78720559151101, 30.716913788291283], [76.78723035957105, 30.71693074025551], [76.78725512763968, 30.716947692214628], [76.7872798957169, 30.716964644168634], [76.78730466380269, 30.71698159611754], [76.78732943189705, 30.716998548061316], [76.7873542, 30.717015499999995], [76.7873542, 30.717015499999995], [76.78738038413226, 30.7170318263668], [76.78740656827323, 30.717048152727955], [76.78743275242287, 30.717064479083433], [76.78745893658123, 30.717080805433234], [76.78748512074829, 30.71709713177738], [76.78751130492401, 30.71711345811585], [76.78753748910846, 30.71712978444864], [76.78756367330159, 30.71714611077578], [76.78758985750342, 30.71716243709724], [76.78761604171395, 30.717178763413028], [76.78764222593318, 30.71719508972315], [76.7876684101611, 30.717211416027595], [76.7876945943977, 30.71722774232638], [76.78772077864302, 30.71724406861948], [76.78774696289703, 30.717260394906933], [76.78777314715973, 30.717276721188696], [76.78779933143112, 30.717293047464796], [76.7878255157112, 30.717309373735237], [76.7878517, 30.717325699999996], [76.7878517, 30.717325699999996], [76.78787746937566, 30.71734177186269], [76.78790323875975, 30.7173578437199], [76.78792900815226, 30.717373915571617], [76.78795477755318, 30.717389987417835], [76.78798054696254, 30.71740605925857], [76.78800631638032, 30.717422131093794], [76.78803208580653, 30.717438202923542], [76.78805785524115, 30.717454274747794], [76.78808362468422, 30.717470346566564], [76.7881093941357, 30.71748641837984], [76.7881351635956, 30.71750249018761], [76.78816093306393, 30.717518561989902], [76.78818670254068, 30.7175346337867], [76.78821247202586, 30.717550705578002], [76.78823824151947, 30.717566777363807], [76.7882640110215, 30.717582849144122], [76.78828978053195, 30.71759892091895], [76.78831555005084, 30.717614992688294], [76.78834131957814, 30.717631064452142], [76.78836708911386, 30.7176471362105], [76.78839285865803, 30.717663207963355], [76.78841862821061, 30.717679279710733], [76.7884443977716, 30.717695351452594], [76.78847016734105, 30.717711423188995], [76.78849593691889, 30.717727494919885], [76.78852170650518, 30.717743566645286], [76.78854747609988, 30.717759638365198], [76.788573245703, 30.717775710079604], [76.78859901531456, 30.71779178178853], [76.78862478493453, 30.717807853491966], [76.78865055456293, 30.71782392518992], [76.78867632419977, 30.71783999688235], [76.78870209384503, 30.71785606856932], [76.7887278634987, 30.717872140250783], [76.78875363316081, 30.717888211926763], [76.78877940283134, 30.717904283597242], [76.7888051725103, 30.71792035526223], [76.78883094219768, 30.71793642692174], [76.78885671189347, 30.71795249857574], [76.78888248159771, 30.71796857022424], [76.78890825131036, 30.717984641867286], [76.78893402103144, 30.718000713504807], [76.78895979076094, 30.718016785136832], [76.78898556049887, 30.718032856763383], [76.78901133024523, 30.71804892838444], [76.7890371, 30.718064999999992], [76.7890371, 30.718064999999992], [76.7890627672867, 30.718081007764184], [76.78908843458173, 30.718097015522936], [76.78911410188513, 30.71811302327623], [76.7891397691969, 30.71812903102408], [76.78916543651701, 30.718145038766473], [76.7891911038455, 30.718161046503415], [76.78921677118232, 30.71817705423492], [76.78924243852751, 30.718193061960985], [76.78926810588108, 30.718209069681592], [76.78929377324297, 30.718225077396745], [76.78931944061324, 30.718241085106452], [76.78934510799186, 30.71825709281071], [76.78937077537886, 30.718273100509524], [76.7893964427742, 30.718289108202885], [76.7894221101779, 30.718305115890793], [76.78944777758996, 30.718321123573258], [76.78947344501037, 30.718337131250276], [76.78949911243915, 30.71835313892183], [76.78952477987629, 30.718369146587953], [76.78955044751153, 30.718385154021487], [76.78957611555055, 30.718401160976267], [76.789601784199, 30.718417167206088], [76.78962745328302, 30.71843317291907], [76.78965312259699, 30.71844917836139], [76.7896787919352, 30.718465183779216], [76.78970446128177, 30.718481189191596], [76.78973013063671, 30.71849719459852], [76.7897558, 30.718513199999997], [76.7897558, 30.718513199999997], [76.78978252218599, 30.718529866690286], [76.78980924438103, 30.71854653337468], [76.78983596658513, 30.718563200053158], [76.78986268879828, 30.718579866725733], [76.78988941102051, 30.718596533392397], [76.7899161332518, 30.71861320005316], [76.78994285549213, 30.71862986670801], [76.78996957774153, 30.718646533356967], [76.7899963, 30.71866319999999], [76.7899963, 30.71866319999999], [76.79002376822395, 30.7186765696334], [76.79005123645528, 30.71868993926064], [76.79007870469397, 30.718703308881754], [76.79010617294006, 30.718716678496722], [76.7901336411935, 30.71873004810555], [76.79016110945435, 30.718743417708232], [76.79018890555687, 30.718756056683333], [76.79021739094154, 30.718767159511973], [76.79024692704785, 30.718775920675], [76.79027721964692, 30.718782995896234], [76.79030790729705, 30.71878919069415], [76.79033862855746, 30.718795310587442], [76.79036937481975, 30.71880110374175], [76.79040021998199, 30.71880560429276], [76.79043123794102, 30.71880784637619], [76.79046245259629, 30.71880751759083], [76.79049379004789, 30.718805583800926], [76.79052517639713, 30.718803010870758], [76.79055643545227, 30.718800009076755], [76.79058729608185, 30.718795664958915], [76.79061748715324, 30.718789065057557], [76.7906469921176, 30.71878015362564], [76.79067608210495, 30.718769844123578], [76.790704993231, 30.71875899446188], [76.79073356409309, 30.718747604997095], [76.79076148944893, 30.718735191482313], [76.7907885340866, 30.718721380770152], [76.79081500324749, 30.718706657108203], [76.79084120217334, 30.718691504743806], [76.79086740109085, 30.71867635237441], [76.7908936, 30.718661199999996], [76.7908936, 30.718661199999996], [76.7909129625321, 30.718637912509106], [76.79093232505502, 30.71861462501563], [76.79095168756878, 30.71859133751952], [76.79097105007335, 30.718568050020828], [76.79099041256879, 30.71854476251952], [76.79100977505502, 30.718521475015606], [76.7910291375321, 30.7184981875091], [76.7910485, 30.718474899999993], [76.7910485, 30.718474899999993], [76.79106723115457, 30.718452382792734], [76.79108596230057, 30.71842986558304], [76.79110469343799, 30.718407348370903], [76.79112342456683, 30.718384831156328], [76.79114215568708, 30.718362313939316], [76.79116088679878, 30.71833979671987], [76.79117961790188, 30.718317279497995], [76.79119834899642, 30.71829476227366], [76.79121708008236, 30.718272245046915], [76.79123581115972, 30.71824972781772], [76.79125454222853, 30.718227210586083], [76.79127327328874, 30.71820469335201], [76.79129200434038, 30.71818217611551], [76.79131073538343, 30.718159658876566], [76.79132946641792, 30.718137141635186], [76.79134819744382, 30.718114624391383], [76.79136692846114, 30.718092107145118], [76.7913856594699, 30.718069589896423], [76.79140439047006, 30.718047072645298], [76.79142312146166, 30.718024555391743], [76.79144185244468, 30.718002038135733], [76.79146058341911, 30.71797952087731], [76.79147931438497, 30.717957003616423], [76.79149804534225, 30.71793448635311], [76.79151677629095, 30.717911969087368], [76.79153550723109, 30.717889451819183], [76.79155423816263, 30.71786693454856], [76.79157296908559, 30.717844417275515], [76.7915917, 30.717821900000008], [76.7915917, 30.717821900000008], [76.79161701022258, 30.71783792929134], [76.79164232045342, 30.717853958577365], [76.79166763069252, 30.71786998785807], [76.79169294093988, 30.717886017133488], [76.79171825119549, 30.717902046403598], [76.79174356145937, 30.717918075668393], [76.7917688717315, 30.717934104927902], [76.7917941820119, 30.71795013418209], [76.79181949230055, 30.71796616343098], [76.79184480259747, 30.71798219267457], [76.79187011290264, 30.717998221912854], [76.79189542321606, 30.718014251145828], [76.79192073353775, 30.718030280373505], [76.7919460438677, 30.71804630959586], [76.79197135420591, 30.71806233881293], [76.79199666455237, 30.718078368024692], [76.7920219749071, 30.71809439723114], [76.79204728527007, 30.7181104264323], [76.79207259564133, 30.718126455628138], [76.79209790602083, 30.71814248481867], [76.79212321640858, 30.71815851400391], [76.7921485268046, 30.718174543183835], [76.79217383720888, 30.718190572358463], [76.79219914762142, 30.718206601527775], [76.79222445804221, 30.718222630691802], [76.79224976847127, 30.71823865985051], [76.79227507890857, 30.718254689003906], [76.79230038935415, 30.71827071815201], [76.79232569980799, 30.718286747294815], [76.79235101027008, 30.71830277643231], [76.79237632074043, 30.718318805564486], [76.79240163121904, 30.71833483469137], [76.7924269417059, 30.71835086381295], [76.79245225220103, 30.71836689292921], [76.79247756270442, 30.71838292204018], [76.79250287321607, 30.71839895114585], [76.79252818373597, 30.718414980246195], [76.79255349426413, 30.718431009341252], [76.79257880480056, 30.718447038431], [76.79260411534523, 30.718463067515444], [76.79262942589817, 30.718479096594578], [76.79265473645937, 30.71849512566841], [76.79268004702884, 30.718511154736937], [76.79270535760655, 30.718527183800166], [76.79273066819253, 30.71854321285808], [76.79275597878676, 30.718559241910686], [76.79278128938925, 30.718575270958], [76.7928066, 30.718591299999986], [76.7928066, 30.718591299999986], [76.79283335449935, 30.718608236393266], [76.79286010900789, 30.718625172780616], [76.79288686352568, 30.718642109162033], [76.7929136180527, 30.718659045537514], [76.79294037258892, 30.718675981907086], [76.79296712713438, 30.718692918270733], [76.79299388168906, 30.718709854628433], [76.79302063625296, 30.718726790980213], [76.79304739082609, 30.718743727326064], [76.79307414540844, 30.718760663666], [76.79310090000001, 30.718777600000003], [76.79310090000001, 30.718777600000003], [76.79312656665817, 30.718793866672122], [76.79315223332485, 30.718810133338796], [76.7931779, 30.718826400000005], [76.7931779, 30.718826400000005], [76.79315724620815, 30.71884779232568], [76.79313659240724, 30.71886918464836], [76.7931159385973, 30.71889057696803], [76.79309528477829, 30.71891196928471], [76.79307463095023, 30.718933361598403], [76.79305397711313, 30.718954753909085], [76.79303332326697, 30.71897614621678], [76.79301266941177, 30.718997538521467], [76.79299201554751, 30.719018930823182], [76.79297136167422, 30.71904032312188], [76.79295070779185, 30.719061715417585], [76.79293005390045, 30.719083107710297], [76.7929094, 30.7191045], [76.7929094, 30.7191045], [76.79293493025378, 30.719122176855205], [76.7929604602414, 30.719139854001696], [76.79298598883275, 30.719157532657217], [76.79301151489767, 30.71917521403947], [76.7930370378568, 30.719192898772736], [76.79306255884032, 30.71921058563927], [76.79308807897829, 30.719228273421393], [76.79311359912552, 30.71924596119808], [76.79313911928195, 30.719263648969324], [76.79316463944761, 30.719281336735143], [76.79319015962251, 30.71929902449553], [76.79321567980664, 30.719316712250478], [76.7932412, 30.7193344], [76.7932412, 30.7193344], [76.79326577011626, 30.719351429820364], [76.79329034024111, 30.71936845963572], [76.7933149103745, 30.719385489446008], [76.79333948051644, 30.719402519251275], [76.79336405066694, 30.719419549051505], [76.793388620826, 30.71943657884669], [76.7934131909936, 30.71945360863685], [76.79343776116977, 30.719470638421978], [76.79346233135449, 30.71948766820207], [76.79348690154777, 30.71950469797713], [76.7935114717496, 30.719521727747136], [76.79353604195998, 30.71953875751212], [76.79356061217892, 30.719555787272064], [76.79358518240642, 30.71957281702697], [76.79360975264247, 30.71958984677684], [76.79363432288707, 30.719606876521684], [76.79365889314023, 30.71962390626149], [76.79368346340195, 30.71964093599625], [76.79370803367222, 30.71965796572598], [76.79373260395103, 30.719674995450692], [76.79375717423842, 30.71969202517034], [76.79378174453434, 30.719709054884955], [76.79380631483883, 30.719726084594537], [76.79383088515189, 30.719743114299103], [76.79385545547349, 30.71976014399861], [76.79388002580365, 30.71977717369309], [76.79390459614235, 30.719794203382538], [76.79392916648962, 30.719811233066945], [76.79395373684544, 30.719828262746308], [76.79397830720983, 30.71984529242065], [76.79400287758276, 30.71986232208995], [76.79402744796424, 30.719879351754216], [76.79405201835428, 30.719896381413445], [76.79407658875287, 30.719913411067637], [76.79410115916002, 30.71993044071679], [76.79412572957573, 30.719947470360914], [76.7941503, 30.71996449999999], [76.7941503, 30.71996449999999], [76.79417523491628, 30.719981785049264], [76.79420016984137, 30.71999907009336], [76.79422510477528, 30.72001635513226], [76.794250039718, 30.72003364016596], [76.79427497466953, 30.720050925194496], [76.79429990962988, 30.720068210217846], [76.79432484459903, 30.720085495235985], [76.794349779577, 30.720102780248954], [76.79437471456379, 30.720120065256733], [76.79439964955938, 30.720137350259332], [76.79442458456379, 30.720154635256737], [76.794449519577, 30.72017192024897], [76.79447445459904, 30.720189205235997], [76.79449938962988, 30.72020649021784], [76.79452432466954, 30.7202237751945], [76.79454925971801, 30.72024106016597], [76.7945741947753, 30.72025834513227], [76.79459912984139, 30.72027563009336], [76.79462406491629, 30.720292915049278], [76.794649, 30.720310200000004], [76.794649, 30.720310200000004], [76.7946741221462, 30.720327611155852], [76.79469924430136, 30.72034502230645], [76.79472436646546, 30.720362433451797], [76.79474948863849, 30.72037984459185], [76.79477461082045, 30.720397255726656], [76.79479973301139, 30.7204146668562], [76.79482485521125, 30.720432077980472], [76.79484997742004, 30.72044948909947], [76.7948750996378, 30.720466900213214], [76.7949002218645, 30.7204843113217], [76.79492534410014, 30.720501722424913], [76.7949504663447, 30.72051913352286], [76.79497558859823, 30.72053654461555], [76.7950007108607, 30.72055395570297], [76.79502583313212, 30.720571366785126], [76.79505095541246, 30.720588777862012], [76.79507607770176, 30.720606188933633], [76.7951012, 30.720623599999993], [76.7951012, 30.720623599999993], [76.79508210010444, 30.72064597203045], [76.79506300020016, 30.720668344058378], [76.79504390028717, 30.720690716083755], [76.7950248003655, 30.72071308810661], [76.79500570043511, 30.720735460126917], [76.79498660049603, 30.720757832144685], [76.79496750054822, 30.720780204159922], [76.79494840059175, 30.720802576172613], [76.79492930062655, 30.72082494818278], [76.79491020065267, 30.720847320190384], [76.79489110067006, 30.72086969219546], [76.79487200067877, 30.720892064198], [76.79485290067876, 30.72091443619801], [76.79483380067008, 30.720936808195468], [76.79481470065265, 30.720959180190388], [76.79479560062656, 30.720981552182774], [76.79477650059175, 30.721003924172617], [76.79475740054825, 30.721026296159934], [76.79473830049602, 30.721048668144693], [76.79471920043511, 30.721071040126937], [76.7947001003655, 30.721093412106626], [76.79468100028717, 30.72111578408377], [76.79466190020015, 30.721138156058387], [76.79464280010443, 30.72116052803047], [76.7946237, 30.72118290000001], [76.7946237, 30.72118290000001], [76.79460328001744, 30.721203720005867], [76.79458286002614, 30.721224540008794], [76.79456244002614, 30.7212453600088], [76.79454202001742, 30.72126618000587], [76.7945216, 30.721287000000004], [76.7945216, 30.721287000000004], [76.79451856187437, 30.721313999867814], [76.79451552374744, 30.721340999735514], [76.79451248561921, 30.72136799960308], [76.79450959972742, 30.7213949956774], [76.79450774077326, 30.721421966164513], [76.79450778345894, 30.721448889270427], [76.79451029801187, 30.7214757507874], [76.7945144097323, 30.72150257250922], [76.79451924391948, 30.721529376229793], [76.79452407810973, 30.721556179949975], [76.79452935780792, 30.7215828631584], [76.79453607061531, 30.721609158703806], [76.7945452041342, 30.7216347994347], [76.79455685495732, 30.721659759222078], [76.7945700354847, 30.72168430521671], [76.79458375811546, 30.721708704569654], [76.79459762797357, 30.72173302237606], [76.7946123354955, 30.72175687620561], [76.79462857111814, 30.72177988362765], [76.79464673083821, 30.72180182530069], [76.79466612421966, 30.721823083654478], [76.79468606082618, 30.721844041119112], [76.79470599744141, 30.7218649985803], [76.79472628270165, 30.72188563250394], [76.7947475480617, 30.721905356900415], [76.79477042497626, 30.721923585779766], [76.79479484762736, 30.72194038021994], [76.79482018455997, 30.721956326209906], [76.79484580431922, 30.72197200973906], [76.79487142408664, 30.72198769326277], [76.7948970440615, 30.722003376538062], [76.7949226646012, 30.722019059129046], [76.79494828606319, 30.72203474059988], [76.79497390840633, 30.722050421000684], [76.7949995312732, 30.722066100767332], [76.7950251543064, 30.72208178033568], [76.79505077734775, 30.72209745989862], [76.79507640039728, 30.72211313945614], [76.79510202345497, 30.722128819008216], [76.79512764652083, 30.72214449855487], [76.79515326959486, 30.72216017809612], [76.79517889267704, 30.722175857631925], [76.7952045157674, 30.722191537162324], [76.79523013886592, 30.72220721668728], [76.79525576197261, 30.72222289620683], [76.79528138508746, 30.722238575720947], [76.79530700821049, 30.722254255229647], [76.79533263134168, 30.722269934732918], [76.79535825448103, 30.722285614230756], [76.79538387762855, 30.72230129372318], [76.79540950078423, 30.722316973210194], [76.7954351239313, 30.722332652712225], [76.79546074689564, 30.722348332441673], [76.79548636950314, 30.72236401261086], [76.79551199161327, 30.722379693391176], [76.79553761340014, 30.72239537457029], [76.79556323503786, 30.72241105593585], [76.79558885668374, 30.722426737295994], [76.79561447833778, 30.722442418650704], [76.7956401, 30.7224581], [76.7956401, 30.7224581], [76.79566608726893, 30.722474007296285], [76.79569207454625, 30.72248991458701], [76.79571806183199, 30.722505821872122], [76.79574404912611, 30.72252172915168], [76.79577003642865, 30.722537636425656], [76.7957960237396, 30.72255354369404], [76.79582201105893, 30.722569450956858], [76.79584799838668, 30.72258535821409], [76.79587398572282, 30.722601265465745], [76.79589997306738, 30.72261717271181], [76.79592596042032, 30.722633079952328], [76.79595194778167, 30.722648987187238], [76.79597793515144, 30.72266489441657], [76.7960039225296, 30.72268080164033], [76.79602990991616, 30.722696708858514], [76.79605589731112, 30.722712616071117], [76.79608188471448, 30.72272852327814], [76.79610787212626, 30.722744430479565], [76.79613385954643, 30.722760337675446], [76.796159846975, 30.72277624486572], [76.79618583441199, 30.72279215205043], [76.79621182185737, 30.72280805922956], [76.79623780931117, 30.7228239664031], [76.79626379677333, 30.72283987357107], [76.79628978424392, 30.72285578073345], [76.79631577172292, 30.722871687890255], [76.79634175921032, 30.722887595041485], [76.79636774670611, 30.722903502187123], [76.79639373421031, 30.722919409327204], [76.79641972172291, 30.722935316461687], [76.79644570924393, 30.722951223590602], [76.79647169677334, 30.722967130713933], [76.79649768431115, 30.722983037831685], [76.79652367185737, 30.72299894494386], [76.79654965941198, 30.723014852050454], [76.796575646975, 30.723030759151463], [76.79660163454642, 30.7230466662469], [76.79662762212625, 30.723062573336755], [76.79665360971447, 30.723078480421023], [76.79667959731111, 30.723094387499717], [76.79670558491615, 30.723110294572834], [76.79673157252958, 30.723126201640373], [76.79675756015142, 30.723142108702323], [76.79678354778166, 30.723158015758706], [76.79680953542031, 30.723173922809494], [76.79683552306736, 30.723189829854718], [76.7968615107228, 30.723205736894347], [76.79688749838665, 30.7232216439284], [76.79691348605893, 30.72323755095688], [76.79693947373957, 30.723253457979776], [76.79696546142864, 30.723269364997112], [76.79699144912611, 30.72328527200885], [76.79701743683198, 30.723301179015003], [76.79704342454625, 30.72331708601559], [76.79706941226893, 30.723332993010587], [76.7970954, 30.723348900000012], [76.7970954, 30.723348900000012], [76.7971216189621, 30.72336494767585], [76.79714783793274, 30.72338099534601], [76.79717405691193, 30.723397043010497], [76.79720027589968, 30.723413090669293], [76.797226494896, 30.723429138322427], [76.79725271390085, 30.72344518596987], [76.79727893291425, 30.723461233611634], [76.79730515193621, 30.72347728124772], [76.79733137096673, 30.723493328878124], [76.79735759000579, 30.723509376502854], [76.79738380905341, 30.723525424121895], [76.79741002810958, 30.723541471735263], [76.7974362471743, 30.723557519342943], [76.79746246624758, 30.72357356694497], [76.79748868532941, 30.72358961454129], [76.7975149044198, 30.723605662131934], [76.79754112351874, 30.72362170971692], [76.79756734262622, 30.7236377572962], [76.79759356174226, 30.723653804869816], [76.79761978086685, 30.72366985243775], [76.797646, 30.723685900000007], [76.797646, 30.723685900000007], [76.79762635225278, 30.723707549425885], [76.79760692993399, 30.723729348418573], [76.7975877987351, 30.72375134056203], [76.7975688459376, 30.723773451071615], [76.79754995882301, 30.723795605162636], [76.7975310716999, 30.723817759251162], [76.79751218456825, 30.723839913337223], [76.79749329742809, 30.723862067420782], [76.79747441027939, 30.72388422150187], [76.7974555231222, 30.72390637558049], [76.79743663595647, 30.723928529656607], [76.79741774878222, 30.723950683730244], [76.79739886159945, 30.723972837801405], [76.79737997440816, 30.72399499187009], [76.79736108720833, 30.724017145936276], [76.7973422, 30.7240393], [76.7973422, 30.7240393], [76.79732458020243, 30.72406174316996], [76.79730696039685, 30.72408418633779], [76.79728934058323, 30.724106629503467], [76.7972717207616, 30.724129072666997], [76.79725410093194, 30.724151515828368], [76.79723648109427, 30.724173958987613], [76.79721886124857, 30.724196402144702], [76.79720124139486, 30.724218845299646], [76.79718362153312, 30.724241288452447], [76.79716600166336, 30.7242637316031], [76.79714838178558, 30.72428617475162], [76.79713076189978, 30.72430861789799], [76.79711314200595, 30.724331061042204], [76.79709552210412, 30.72435350418426], [76.79707790219425, 30.72437594732419], [76.79706028227636, 30.724398390461968], [76.79704266235045, 30.724420833597613], [76.79702504241652, 30.724443276731098], [76.79700742247456, 30.72446571986244], [76.7969898025246, 30.72448816299163], [76.79697218256662, 30.724510606118688], [76.7969545626006, 30.724533049243593], [76.79693694262657, 30.724555492366367], [76.79691932264451, 30.724577935486973], [76.79690170265442, 30.724600378605448], [76.79688408265633, 30.724622821721777], [76.79686646265021, 30.724645264835946], [76.79684884263607, 30.72466770794798], [76.79683122261392, 30.724690151057867], [76.79681360258373, 30.724712594165613], [76.79679598254552, 30.72473503727121], [76.7967783624993, 30.724757480374645], [76.79676074244506, 30.724779923475953], [76.79674312238278, 30.724802366575112], [76.79672550231248, 30.724824809672132], [76.79670788223417, 30.724847252766992], [76.79669026214783, 30.724869695859706], [76.7966726420535, 30.72489213895028], [76.79665502195112, 30.724914582038707], [76.79663738291347, 30.72493701385899], [76.79661968292953, 30.724959409405063], [76.7966018799882, 30.7249817436708], [76.79658396993294, 30.725004014182105], [76.79656599477474, 30.72502624594501], [76.79654799652462, 30.725048463965585], [76.79652999826637, 30.72507068198391], [76.796512, 30.725092899999996], [76.796512, 30.725092899999996], [76.79648460825506, 30.72510706492511], [76.79645721650189, 30.725121229844717], [76.79643033106981, 30.725135922636927], [76.79640463995867, 30.725151860582766], [76.79638083116805, 30.725169760963734], [76.79635858003918, 30.725189285305092], [76.79633719857203, 30.72520971632655], [76.79631599876663, 30.72523033674741], [76.79629479895225, 30.72525095716508], [76.79626162878836, 30.72527894784393], [76.79621884379563, 30.72531201761931], [76.79616943859143, 30.725348744419872], [76.79613970943412, 30.72537209657964], [76.79612759849783, 30.725385353478877], [76.79612976975443, 30.725390056303866], [76.79613189729801, 30.725395866461884], [76.79613189729801, 30.725395866461884], [76.79611855680774, 30.72541554780088], [76.79610186485294, 30.725435772018468], [76.79608122326741, 30.725456265559146], [76.79605958969422, 30.725475819633935], [76.79603756883799, 30.725495423034893], [76.7960164338411, 30.72551405270018], [76.79599428644349, 30.7255308227733], [76.7959749181032, 30.72554368696942], [76.79596055315255, 30.725553919303653], [76.7959523061281, 30.725562725219984], [76.7959523061281, 30.725562725219984], [76.79597048737665, 30.725599567525226], [76.7959954923175, 30.725636741375528], [76.79602070983721, 30.725661173009126], [76.79604323783346, 30.72567289071465], [76.79604323783346, 30.72567289071465], [76.79604801930918, 30.72569291652901], [76.79606049547868, 30.725721243583713], [76.79608375523264, 30.725757390744267], [76.7961113229651, 30.725786401506813], [76.7961495531951, 30.725797525405522], [76.7961949695479, 30.725791702965715], [76.79624899265683, 30.725776523022752], [76.79629258085028, 30.72577286552142], [76.7963261294935, 30.725780263379928], [76.79634998008177, 30.72579831623509], [76.79637383557305, 30.725816364319083], [76.79637383557305, 30.725816364319083], [76.79639764814955, 30.72583445496137], [76.79642147444149, 30.725852530963085], [76.79644541886324, 30.7258704847132], [76.79646961122816, 30.725888184515124], [76.79649410525845, 30.725905573608724], [76.7965188050402, 30.725922750391273], [76.79654269810206, 30.725939177174656], [76.79656572145218, 30.725954918390645], [76.79658788790059, 30.72596995976673], [76.796611051049, 30.725985546690602], [76.79663526515978, 30.72600161429147], [76.79665877684356, 30.726016767180795], [76.79668385220091, 30.726033420515826], [76.79670755720619, 30.726049884129125], [76.79673475743535, 30.72606877810931], [76.79675903508732, 30.726084033457827], [76.79678608149382, 30.72609921029092], [76.79681142021988, 30.72611322984056], [76.79683826690044, 30.72612913213582], [76.79686381817594, 30.726145100048065], [76.79688941891247, 30.72616100874602], [76.79691504549126, 30.726176886201007], [76.79694065580519, 30.726192783258785], [76.79696625468263, 30.72620869425036], [76.79699185542447, 30.726224603279785], [76.7970174617915, 30.726240505675037], [76.79704305121662, 30.72625642838437], [76.79706859736383, 30.726272402780904], [76.79709409685469, 30.726288432751772], [76.79711957894993, 30.726304483301607], [76.79714510249435, 30.726320483945262], [76.7971707074521, 30.7263363869123], [76.79719636375859, 30.726352228173305], [76.79722198772966, 30.726368108140626], [76.7972468078979, 30.726385686022926], [76.79726801109709, 30.726403156668802], [76.7972900120959, 30.72642194990713], [76.79731204401438, 30.72644000433613], [76.79733823264021, 30.726461800748968], [76.79735977426343, 30.726484440187686], [76.79738043078605, 30.726507171642584], [76.7974004382277, 30.726526391853778], [76.79742428850508, 30.72654345539125], [76.79744970163154, 30.7265595828994], [76.79747514885041, 30.7265756782625], [76.79750058161765, 30.726591791041965], [76.79752604673877, 30.72660786558106], [76.79755155790781, 30.726623885475934], [76.79757711848431, 30.72663984653741], [76.79760270998321, 30.72665577066314], [76.79762830104633, 30.72667169534214], [76.7976538661018, 30.726687651138683], [76.7976794105922, 30.72670363154205], [76.79770495246422, 30.726719615091085], [76.79773049828091, 30.72673559389685], [76.79775605140891, 30.726751563703612], [76.79778201301599, 30.72676669675186], [76.79780781569666, 30.726778702738162], [76.79783286193924, 30.726785342374793], [76.797861222472, 30.72679223773895], [76.79789185662098, 30.726804115128363], [76.79792360033787, 30.726825685140604], [76.79794743262471, 30.726849268962518], [76.79796717217198, 30.726872248089972], [76.79798690922796, 30.726891961542663], [76.79801086216402, 30.72691022491088], [76.79803682305136, 30.7269272175558], [76.79806150219879, 30.726942553646918], [76.7980852230757, 30.726957310768398], [76.79810797434641, 30.726971502474562], [76.79813165227607, 30.7269863110036], [76.79815626579118, 30.72700172567369], [76.79818183984034, 30.727017716613062], [76.79820743053855, 30.727033687622793], [76.79823302655498, 30.727049652261236], [76.79825859804428, 30.7270656461813], [76.7982841482454, 30.7270816655252], [76.7983096894517, 30.727097695590203], [76.79833525347723, 30.727113698460773], [76.79836083766016, 30.727129677313787], [76.79838641966636, 30.727145658752338], [76.79841195630654, 30.72716169390216], [76.7984346069296, 30.727176004888527], [76.79846088006725, 30.727191844276952], [76.79848798869264, 30.72720737095246], [76.79852107908084, 30.727226598119085], [76.79854719183746, 30.72724294353927], [76.79857196951596, 30.72726000057768], [76.79859362854634, 30.727275083708687], [76.79861862748486, 30.72729151378444], [76.79864415335079, 30.727307488267638], [76.79866969405863, 30.72732344554134], [76.79869525356625, 30.72733938061909], [76.79872080022734, 30.727355330985016], [76.79874629433864, 30.72737134345388], [76.7987717084533, 30.72738745030321], [76.79879709235867, 30.72740359229621], [76.79882251242526, 30.727419691130798], [76.79884801469642, 30.72743569268478], [76.79887354193303, 30.727451665349268], [76.7988990375244, 30.727467676242558], [76.7989244977392, 30.727483729518173], [76.79894996793635, 30.727499770975584], [76.7989754742885, 30.727515769434724], [76.79900098718105, 30.7275317599004], [76.79902458002826, 30.727546601624432], [76.79904341447133, 30.727558522111494], [76.79906277166509, 30.727571759362487], [76.79908586803143, 30.727587331558773], [76.79911747772884, 30.727608156679267], [76.79914710224192, 30.727625713228644], [76.79917404042679, 30.727641474371882], [76.79919728195212, 30.727654923892118], [76.79922208336501, 30.72767029876323], [76.79924783895419, 30.727686268645535], [76.7992736036651, 30.72770222785402], [76.79929934570305, 30.727718214433136], [76.79932505756604, 30.727734237390493], [76.79935072534762, 30.727750312876655], [76.79937634375815, 30.72776644685909], [76.79940190821337, 30.727782644679966], [76.79942748411011, 30.72779882852408], [76.7994531267387, 30.7278149327469], [76.79947885870675, 30.727830930556355], [76.79950461392777, 30.727846900943998], [76.799530288133, 30.72786296690266], [76.79955600581661, 30.72787895295636], [76.79958239157553, 30.727892910462785], [76.79960781850946, 30.727902593908592], [76.79963761156097, 30.727910644180444], [76.79966836474243, 30.727921053763804], [76.79970121952607, 30.727938284392973], [76.79972478702756, 30.72795906888141], [76.79974408859191, 30.72798118938112], [76.79976197598138, 30.728002182597994], [76.7997846954939, 30.728021452759403], [76.79980999110269, 30.72803919072748], [76.79983644917371, 30.728054933789984], [76.79986179041448, 30.728067589812493], [76.79988961997991, 30.72807923425034], [76.79991629333652, 30.72809075005324], [76.79994389865243, 30.728104633027012], [76.79996351330514, 30.728114041577285], [76.7999817367861, 30.728116076798816], [76.79999742199472, 30.728111451825733], [76.80001493035925, 30.72810560595353], [76.80003589393188, 30.728115463376174], [76.80006415410216, 30.728142084467024], [76.80011845808168, 30.72818850632797], [76.80018302868353, 30.728227408662857], [76.80025222004453, 30.72825526286239], [76.80029101875186, 30.728266535171144], [76.80031033199107, 30.728276229596037], [76.80031371756624, 30.728289068466164], [76.80031816257049, 30.728306858619383], [76.80032431096794, 30.728328183223024], [76.80033350198457, 30.728348965744505], [76.8003486721471, 30.728368932580857], [76.80036958896335, 30.728386811156664], [76.80039425010155, 30.728403635566576], [76.80042003398769, 30.728419602063543], [76.80044595298389, 30.72843540681121], [76.80047193149173, 30.728451138849987], [76.80049788868551, 30.72846689655716], [76.80052374644255, 30.728482774769283], [76.80054943619282, 30.728498854009104], [76.80057495282409, 30.728515137608614], [76.80060030601199, 30.72853161163556], [76.80062559960918, 30.728548154022846], [76.80065113429073, 30.72856437351181], [76.80067754610516, 30.728579145519156], [76.80070430954984, 30.728590862492126], [76.80073160146914, 30.72859829759776], [76.80075890919557, 30.72860171265127], [76.8007867267736, 30.728602752120278]]}}]}